id,company_id,branch_id,user_id,category,description,amount,expense_date,status,created_at,expense_date_year,expense_date_month,expense_date_quarter,expense_date_week,expense_date_dayofweek,expense_date_is_weekend,expense_date_is_month_end,category_enc,exp_cat_IT & Software,exp_cat_Insurance,exp_cat_Logistics,exp_cat_Maintenance,exp_cat_Marketing,exp_cat_Office Supplies,exp_cat_Rent,exp_cat_Salaries,exp_cat_Travel,exp_cat_Utilities,amount_log
21c9ba02-4850-4fab-a229-e531411d1586,00000000-0000-0000-0000-000000000001,51fd3682-4888-4a55-92f7-281307c67941,5a96b78c-2c6b-4aaa-88b5-7c7485705113,Rent,Monthly office rent - January 2022,137240.97,2022-01-01,approved,2022-01-01 16:40:06,2022,1,1,52,5,1,0,6,False,False,False,False,False,False,True,False,False,False,11.829500851284985
491f30c6-0cab-4970-9dc6-8a12540ea10b,00000000-0000-0000-0000-000000000001,51fd3682-4888-4a55-92f7-281307c67941,7760d86e-b342-473c-8c64-b55d64aa491a,Salaries,Staff salaries - January 2022,281546.48,2022-01-28,approved,2022-01-28 14:15:44,2022,1,1,4,4,0,0,7,False,False,False,False,False,False,False,True,False,False,12.548056380189859
9b31f29d-3732-471b-9d38-2ee9a0e95f6c,00000000-0000-0000-0000-000000000001,51fd3682-4888-4a55-92f7-281307c67941,163b0e08-1801-4ae5-af8c-f287fbcdff7c,Utilities,Electricity and water - January 2022,19467.35,2022-01-15,approved,2022-01-15 15:42:37,2022,1,1,2,5,1,0,9,False,False,False,False,False,False,False,False,False,True,9.876545349012408
7d295089-daea-4d82-b600-5076d75fa1e7,00000000-0000-0000-0000-000000000001,0eb66abb-0d5d-4e88-a3ff-16776e267d83,ea13a2c7-2a88-40f3-b073-4e507c524f18,Rent,Monthly office rent - January 2022,149688.98,2022-01-01,approved,2022-01-01 12:45:13,2022,1,1,52,5,1,0,6,False,False,False,False,False,False,True,False,False,False,11.916321634299813
a38ba346-0773-4b0c-8fff-05ad3c293986,00000000-0000-0000-0000-000000000001,0eb66abb-0d5d-4e88-a3ff-16776e267d83,f577e0e3-284e-4c71-8d16-74f51d0fe305,Salaries,Staff salaries - January 2022,345086.45,2022-01-28,approved,2022-01-28 15:03:10,2022,1,1,4,4,0,0,7,False,False,False,False,False,False,False,True,False,False,12.75155314215418
09c60469-091f-469f-b51f-ff6ca4adad70,00000000-0000-0000-0000-000000000001,0eb66abb-0d5d-4e88-a3ff-16776e267d83,ea13a2c7-2a88-40f3-b073-4e507c524f18,Utilities,Electricity and water - January 2022,16880.7,2022-01-15,approved,2022-01-15 10:22:21,2022,1,1,2,5,1,0,9,False,False,False,False,False,False,False,False,False,True,9.73398547397942
e58de5cc-2ba9-45fd-ac9a-e1b535919dfe,00000000-0000-0000-0000-000000000001,a01b7f2a-d4d0-48bf-bb89-c1040f55587a,163b0e08-1801-4ae5-af8c-f287fbcdff7c,Rent,Monthly office rent - January 2022,156920.39,2022-01-01,approved,2022-01-01 09:05:46,2022,1,1,52,5,1,0,6,False,False,False,False,False,False,True,False,False,False,11.963500258301082
296d9f05-021b-4fce-b31d-64a1299f0399,00000000-0000-0000-0000-000000000001,a01b7f2a-d4d0-48bf-bb89-c1040f55587a,ea13a2c7-2a88-40f3-b073-4e507c524f18,Salaries,Staff salaries - January 2022,737800.37,2022-01-28,approved,2022-01-28 17:46:43,2022,1,1,4,4,0,0,7,False,False,False,False,False,False,False,True,False,False,13.51142992101477
03869ff6-d1e6-491e-9fe4-e914b732b5c5,00000000-0000-0000-0000-000000000001,a01b7f2a-d4d0-48bf-bb89-c1040f55587a,9a16d7d2-dc18-4141-a14f-3394de4b98bc,Utilities,Electricity and water - January 2022,9031.88,2022-01-15,approved,2022-01-15 16:59:46,2022,1,1,2,5,1,0,9,False,False,False,False,False,False,False,False,False,True,9.108626532438553
cd99ae0f-be28-4e14-9d94-f32311934601,00000000-0000-0000-0000-000000000001,51fd3682-4888-4a55-92f7-281307c67941,eaefa70d-63c2-4537-b86d-2205b826bb2e,Rent,Monthly office rent - February 2022,100497.47,2022-02-01,approved,2022-02-01 18:07:34,2022,2,1,5,1,0,0,6,False,False,False,False,False,False,True,False,False,False,11.517897782484786
b800fe20-1b67-4666-a6d5-eebee5d8b01c,00000000-0000-0000-0000-000000000001,51fd3682-4888-4a55-92f7-281307c67941,eaefa70d-63c2-4537-b86d-2205b826bb2e,Salaries,Staff salaries - February 2022,758036.94,2022-02-28,approved,2022-02-28 18:22:29,2022,2,1,9,0,0,1,7,False,False,False,False,False,False,False,True,False,False,13.538488716142359
ec0570f7-2638-4494-83ba-6e3f54a20589,00000000-0000-0000-0000-000000000001,51fd3682-4888-4a55-92f7-281307c67941,f0e9f4da-9ca0-492d-a21e-3f8a819f9184,Utilities,Electricity and water - February 2022,5634.64,2022-02-15,approved,2022-02-15 08:36:01,2022,2,1,7,1,0,0,9,False,False,False,False,False,False,False,False,False,True,8.636865995889755
e9f222c0-c999-47e6-af2f-be322a47a039,00000000-0000-0000-0000-000000000001,0eb66abb-0d5d-4e88-a3ff-16776e267d83,f0e9f4da-9ca0-492d-a21e-3f8a819f9184,Rent,Monthly office rent - February 2022,83432.37,2022-02-01,approved,2022-02-01 16:08:41,2022,2,1,5,1,0,0,6,False,False,False,False,False,False,True,False,False,False,11.331803628224293
b6a6e695-66be-492c-8923-9563a9673be2,00000000-0000-0000-0000-000000000001,0eb66abb-0d5d-4e88-a3ff-16776e267d83,4736f247-39f8-400c-b9ea-519dfbb485f6,Salaries,Staff salaries - February 2022,282985.65,2022-02-28,approved,2022-02-28 13:56:46,2022,2,1,9,0,0,1,7,False,False,False,False,False,False,False,True,False,False,12.553155002367811
64fa2e8d-3f8a-4441-82c5-1918a0b220b5,00000000-0000-0000-0000-000000000001,0eb66abb-0d5d-4e88-a3ff-16776e267d83,5a96b78c-2c6b-4aaa-88b5-7c7485705113,Utilities,Electricity and water - February 2022,18361.71,2022-02-15,approved,2022-02-15 16:07:00,2022,2,1,7,1,0,0,9,False,False,False,False,False,False,False,False,False,True,9.818077256767998
9b1fbe18-85a6-4c35-bef1-d43091d7943b,00000000-0000-0000-0000-000000000001,a01b7f2a-d4d0-48bf-bb89-c1040f55587a,f0e9f4da-9ca0-492d-a21e-3f8a819f9184,Rent,Monthly office rent - February 2022,179105.48,2022-02-01,approved,2022-02-01 09:42:59,2022,2,1,5,1,0,0,6,False,False,False,False,False,False,True,False,False,False,12.095735768298812
ddf5f77a-ba84-4f8f-8699-8b0fc36c23d2,00000000-0000-0000-0000-000000000001,a01b7f2a-d4d0-48bf-bb89-c1040f55587a,4736f247-39f8-400c-b9ea-519dfbb485f6,Salaries,Staff salaries - February 2022,714966.3,2022-02-28,approved,2022-02-28 17:03:19,2022,2,1,9,0,0,1,7,False,False,False,False,False,False,False,True,False,False,13.479992086364566
c9250339-a5e2-41f4-97f0-0c87e3426ba5,00000000-0000-0000-0000-000000000001,a01b7f2a-d4d0-48bf-bb89-c1040f55587a,aadd1a3f-3f20-499a-b950-51966ac9090c,Utilities,Electricity and water - February 2022,7016.81,2022-02-15,approved,2022-02-15 18:26:55,2022,2,1,7,1,0,0,9,False,False,False,False,False,False,False,False,False,True,8.856206482536434
3991a727-b3c7-411f-9759-215468389275,00000000-0000-0000-0000-000000000001,51fd3682-4888-4a55-92f7-281307c67941,5a96b78c-2c6b-4aaa-88b5-7c7485705113,Rent,Monthly office rent - March 2022,59655.77,2022-03-01,approved,2022-03-01 09:14:45,2022,3,1,9,1,0,0,6,False,False,False,False,False,False,True,False,False,False,10.996362916475722
502e73e1-551f-485c-89a9-9812aaac92ab,00000000-0000-0000-0000-000000000001,51fd3682-4888-4a55-92f7-281307c67941,7760d86e-b342-473c-8c64-b55d64aa491a,Salaries,Staff salaries - March 2022,263198.79,2022-03-28,approved,2022-03-28 12:23:51,2022,3,1,13,0,0,0,7,False,False,False,False,False,False,False,True,False,False,12.48066868056064
a97b06d5-6962-4a97-85fc-731f3f603050,00000000-0000-0000-0000-000000000001,51fd3682-4888-4a55-92f7-281307c67941,3f0519f3-383c-48a1-8609-f4b51fd5ecd4,Utilities,Electricity and water - March 2022,21610.99,2022-03-15,approved,2022-03-15 13:09:47,2022,3,1,11,1,0,0,9,False,False,False,False,False,False,False,False,False,True,9.981003532257946
b56fa428-3c19-47ee-931d-970e3aee78da,00000000-0000-0000-0000-000000000001,0eb66abb-0d5d-4e88-a3ff-16776e267d83,f0e9f4da-9ca0-492d-a21e-3f8a819f9184,Rent,Monthly office rent - March 2022,158373.87,2022-03-01,approved,2022-03-01 14:37:40,2022,3,1,9,1,0,0,6,False,False,False,False,False,False,True,False,False,False,11.972720096786482
dd53d9de-24c5-4e86-83a0-7c0f9b3d1876,00000000-0000-0000-0000-000000000001,0eb66abb-0d5d-4e88-a3ff-16776e267d83,7760d86e-b342-473c-8c64-b55d64aa491a,Salaries,Staff salaries - March 2022,347623.91,2022-03-28,approved,2022-03-28 18:40:36,2022,3,1,13,0,0,0,7,False,False,False,False,False,False,False,True,False,False,12.758879332636557
48e55639-0303-47ab-812c-0f92a4b32573,00000000-0000-0000-0000-000000000001,0eb66abb-0d5d-4e88-a3ff-16776e267d83,eaefa70d-63c2-4537-b86d-2205b826bb2e,Utilities,Electricity and water - March 2022,16022.59,2022-03-15,approved,2022-03-15 16:05:02,2022,3,1,11,1,0,0,9,False,False,False,False,False,False,False,False,False,True,9.681817290398241
46e49c71-e8f4-460a-b9ff-5a13b8420e44,00000000-0000-0000-0000-000000000001,a01b7f2a-d4d0-48bf-bb89-c1040f55587a,f0e9f4da-9ca0-492d-a21e-3f8a819f9184,Rent,Monthly office rent - March 2022,117002.45,2022-03-01,approved,2022-03-01 13:45:39,2022,3,1,9,1,0,0,6,False,False,False,False,False,False,True,False,False,False,11.669958700524642
634dfaf2-3b95-46d8-acb5-de1315841a28,00000000-0000-0000-0000-000000000001,a01b7f2a-d4d0-48bf-bb89-c1040f55587a,3f0519f3-383c-48a1-8609-f4b51fd5ecd4,Salaries,Staff salaries - March 2022,608842.11,2022-03-28,approved,2022-03-28 13:11:05,2022,3,1,13,0,0,0,7,False,False,False,False,False,False,False,True,False,False,13.319315894454927
28f7553f-db43-4a72-a197-58a779769114,00000000-0000-0000-0000-000000000001,a01b7f2a-d4d0-48bf-bb89-c1040f55587a,ea13a2c7-2a88-40f3-b073-4e507c524f18,Utilities,Electricity and water - March 2022,17176.22,2022-03-15,approved,2022-03-15 11:51:37,2022,3,1,11,1,0,0,9,False,False,False,False,False,False,False,False,False,True,9.751339366379423
a1c1505a-478e-408c-8d1f-a75401185d9a,00000000-0000-0000-0000-000000000001,51fd3682-4888-4a55-92f7-281307c67941,ea13a2c7-2a88-40f3-b073-4e507c524f18,Rent,Monthly office rent - April 2022,193489.99,2022-04-01,approved,2022-04-01 13:44:48,2022,4,2,13,4,0,0,6,False,False,False,False,False,False,True,False,False,False,12.172986227060376
121eec76-3447-4117-8ab7-b573a6c6be41,00000000-0000-0000-0000-000000000001,51fd3682-4888-4a55-92f7-281307c67941,aadd1a3f-3f20-499a-b950-51966ac9090c,Salaries,Staff salaries - April 2022,521351.97,2022-04-28,approved,2022-04-28 15:39:40,2022,4,2,17,3,0,0,7,False,False,False,False,False,False,False,True,False,False,13.164182576950338
1ab725a7-3fd9-4e06-bff8-c9cc820fdaa0,00000000-0000-0000-0000-000000000001,51fd3682-4888-4a55-92f7-281307c67941,f17772cf-7a8e-4e04-aeef-8c148fe1a7e5,Utilities,Electricity and water - April 2022,14507.49,2022-04-15,approved,2022-04-15 09:28:59,2022,4,2,15,4,0,0,9,False,False,False,False,False,False,False,False,False,True,9.582489274301707
db3fc1f7-bd23-4110-8efb-d4d30303d925,00000000-0000-0000-0000-000000000001,0eb66abb-0d5d-4e88-a3ff-16776e267d83,9a16d7d2-dc18-4141-a14f-3394de4b98bc,Rent,Monthly office rent - April 2022,170104.65,2022-04-01,approved,2022-04-01 14:02:53,2022,4,2,13,4,0,0,6,False,False,False,False,False,False,True,False,False,False,12.04417499358776
7f63649f-a106-475d-9135-60e57e70f318,00000000-0000-0000-0000-000000000001,0eb66abb-0d5d-4e88-a3ff-16776e267d83,f0e9f4da-9ca0-492d-a21e-3f8a819f9184,Salaries,Staff salaries - April 2022,408809.86,2022-04-28,approved,2022-04-28 09:12:46,2022,4,2,17,3,0,0,7,False,False,False,False,False,False,False,True,False,False,12.921007883076504
a667d2f4-a55d-44bf-bf76-72335ec30f7f,00000000-0000-0000-0000-000000000001,0eb66abb-0d5d-4e88-a3ff-16776e267d83,aadd1a3f-3f20-499a-b950-51966ac9090c,Utilities,Electricity and water - April 2022,7672.6,2022-04-15,approved,2022-04-15 13:04:29,2022,4,2,15,4,0,0,9,False,False,False,False,False,False,False,False,False,True,8.94554114539314
024a1308-e484-4351-8734-f6a9aecefa09,00000000-0000-0000-0000-000000000001,a01b7f2a-d4d0-48bf-bb89-c1040f55587a,4736f247-39f8-400c-b9ea-519dfbb485f6,Rent,Monthly office rent - April 2022,122812.65,2022-04-01,approved,2022-04-01 16:31:22,2022,4,2,13,4,0,0,6,False,False,False,False,False,False,True,False,False,False,11.718423444869561
67bcf0f0-0c31-49b5-ba1d-d0c0060ae332,00000000-0000-0000-0000-000000000001,a01b7f2a-d4d0-48bf-bb89-c1040f55587a,4736f247-39f8-400c-b9ea-519dfbb485f6,Salaries,Staff salaries - April 2022,390496.52,2022-04-28,approved,2022-04-28 18:43:08,2022,4,2,17,3,0,0,7,False,False,False,False,False,False,False,True,False,False,12.875176897409444
a7746bc2-eb7c-47c8-b76e-08fd76e60b85,00000000-0000-0000-0000-000000000001,a01b7f2a-d4d0-48bf-bb89-c1040f55587a,f17772cf-7a8e-4e04-aeef-8c148fe1a7e5,Utilities,Electricity and water - April 2022,11313.12,2022-04-15,approved,2022-04-15 18:49:10,2022,4,2,15,4,0,0,9,False,False,False,False,False,False,False,False,False,True,9.333806782175296
294e9d76-a3ba-4b42-9bbd-b8565449b831,00000000-0000-0000-0000-000000000001,51fd3682-4888-4a55-92f7-281307c67941,f577e0e3-284e-4c71-8d16-74f51d0fe305,Rent,Monthly office rent - May 2022,105902.49,2022-05-01,approved,2022-05-01 15:26:09,2022,5,2,17,6,1,0,6,False,False,False,False,False,False,True,False,False,False,11.570283486664982
1256a1da-5ad3-4121-9357-82a009534d86,00000000-0000-0000-0000-000000000001,51fd3682-4888-4a55-92f7-281307c67941,aadd1a3f-3f20-499a-b950-51966ac9090c,Salaries,Staff salaries - May 2022,759887.49,2022-05-28,approved,2022-05-28 13:54:55,2022,5,2,21,5,1,0,7,False,False,False,False,False,False,False,True,False,False,13.54092697781333
ed24bf49-35e5-472b-9e85-4b3404cac138,00000000-0000-0000-0000-000000000001,51fd3682-4888-4a55-92f7-281307c67941,3f0519f3-383c-48a1-8609-f4b51fd5ecd4,Utilities,Electricity and water - May 2022,15217.87,2022-05-15,approved,2022-05-15 11:03:43,2022,5,2,19,6,1,0,9,False,False,False,False,False,False,False,False,False,True,9.630291384244181
0d63d7fd-9a78-46c6-bba8-11070c75840d,00000000-0000-0000-0000-000000000001,0eb66abb-0d5d-4e88-a3ff-16776e267d83,3f0519f3-383c-48a1-8609-f4b51fd5ecd4,Rent,Monthly office rent - May 2022,143456.5,2022-05-01,approved,2022-05-01 14:09:47,2022,5,2,17,6,1,0,6,False,False,False,False,False,False,True,False,False,False,11.873794103068246
8aa0872d-cbff-4dc0-b417-ee4c04f93971,00000000-0000-0000-0000-000000000001,0eb66abb-0d5d-4e88-a3ff-16776e267d83,f577e0e3-284e-4c71-8d16-74f51d0fe305,Salaries,Staff salaries - May 2022,373448.93,2022-05-28,approved,2022-05-28 09:20:22,2022,5,2,21,5,1,0,7,False,False,False,False,False,False,False,True,False,False,12.830539218343771
f3ac1de9-622c-4926-82e4-1218e043fcc4,00000000-0000-0000-0000-000000000001,0eb66abb-0d5d-4e88-a3ff-16776e267d83,3f0519f3-383c-48a1-8609-f4b51fd5ecd4,Utilities,Electricity and water - May 2022,6682.55,2022-05-15,approved,2022-05-15 10:27:58,2022,5,2,19,6,1,0,9,False,False,False,False,False,False,False,False,False,True,8.80740456249374
6ee2c8d3-f47d-4eb1-983a-6bef5d4e0415,00000000-0000-0000-0000-000000000001,a01b7f2a-d4d0-48bf-bb89-c1040f55587a,3f0519f3-383c-48a1-8609-f4b51fd5ecd4,Rent,Monthly office rent - May 2022,51191.91,2022-05-01,approved,2022-05-01 09:38:30,2022,5,2,17,6,1,0,6,False,False,False,False,False,False,True,False,False,False,10.843356324876336
360945fd-118c-45f5-a229-c2c46cfc46d5,00000000-0000-0000-0000-000000000001,a01b7f2a-d4d0-48bf-bb89-c1040f55587a,aadd1a3f-3f20-499a-b950-51966ac9090c,Salaries,Staff salaries - May 2022,513308.98,2022-05-28,approved,2022-05-28 17:57:43,2022,5,2,21,5,1,0,7,False,False,False,False,False,False,False,True,False,False,13.148635191180349
a1ffdd80-ca0b-4adb-975d-35be2c08b0b5,00000000-0000-0000-0000-000000000001,a01b7f2a-d4d0-48bf-bb89-c1040f55587a,ea13a2c7-2a88-40f3-b073-4e507c524f18,Utilities,Electricity and water - May 2022,9499.71,2022-05-15,approved,2022-05-15 08:33:33,2022,5,2,19,6,1,0,9,False,False,False,False,False,False,False,False,False,True,9.159121811638078
b593c7c5-29fc-4617-b4c7-6b9af323ed55,00000000-0000-0000-0000-000000000001,51fd3682-4888-4a55-92f7-281307c67941,f577e0e3-284e-4c71-8d16-74f51d0fe305,Rent,Monthly office rent - June 2022,109082.0,2022-06-01,approved,2022-06-01 08:51:33,2022,6,2,22,2,0,0,6,False,False,False,False,False,False,True,False,False,False,11.599864339331607
d775fca0-d83a-4c20-883d-8323cf3511b4,00000000-0000-0000-0000-000000000001,51fd3682-4888-4a55-92f7-281307c67941,ea13a2c7-2a88-40f3-b073-4e507c524f18,Salaries,Staff salaries - June 2022,709369.01,2022-06-28,approved,2022-06-28 08:16:18,2022,6,2,26,1,0,0,7,False,False,False,False,False,False,False,True,False,False,13.47213254526593
23228612-6213-493f-9086-89ea715d40b7,00000000-0000-0000-0000-000000000001,51fd3682-4888-4a55-92f7-281307c67941,ea13a2c7-2a88-40f3-b073-4e507c524f18,Utilities,Electricity and water - June 2022,15000.79,2022-06-15,approved,2022-06-15 09:23:43,2022,6,2,24,2,0,0,9,False,False,False,False,False,False,False,False,False,True,9.615924806298025
dde364a7-77ee-4c3f-b845-69a4917c0ed8,00000000-0000-0000-0000-000000000001,0eb66abb-0d5d-4e88-a3ff-16776e267d83,f0e9f4da-9ca0-492d-a21e-3f8a819f9184,Rent,Monthly office rent - June 2022,157582.36,2022-06-01,approved,2022-06-01 13:55:56,2022,6,2,22,2,0,0,6,False,False,False,False,False,False,True,False,False,False,11.967709867075213
804e895d-1d27-41f9-86ca-f6d0fa033f8e,00000000-0000-0000-0000-000000000001,0eb66abb-0d5d-4e88-a3ff-16776e267d83,163b0e08-1801-4ae5-af8c-f287fbcdff7c,Salaries,Staff salaries - June 2022,284716.45,2022-06-28,approved,2022-06-28 12:42:05,2022,6,2,26,1,0,0,7,False,False,False,False,False,False,False,True,False,False,12.559252563976505
d15a8c11-19b6-4f0f-b9dd-bd71c5ac9bf0,00000000-0000-0000-0000-000000000001,0eb66abb-0d5d-4e88-a3ff-16776e267d83,ea13a2c7-2a88-40f3-b073-4e507c524f18,Utilities,Electricity and water - June 2022,16861.58,2022-06-15,approved,2022-06-15 14:41:56,2022,6,2,24,2,0,0,9,False,False,False,False,False,False,False,False,False,True,9.732852244759762
f0c4a30e-d05c-45f7-88cc-4bcb446fe579,00000000-0000-0000-0000-000000000001,a01b7f2a-d4d0-48bf-bb89-c1040f55587a,f577e0e3-284e-4c71-8d16-74f51d0fe305,Rent,Monthly office rent - June 2022,179928.61,2022-06-01,approved,2022-06-01 14:37:29,2022,6,2,22,2,0,0,6,False,False,False,False,False,False,True,False,False,False,12.100320997834627
91905282-1c58-465f-bac0-a0df2c3fc3f9,00000000-0000-0000-0000-000000000001,a01b7f2a-d4d0-48bf-bb89-c1040f55587a,eaefa70d-63c2-4537-b86d-2205b826bb2e,Salaries,Staff salaries - June 2022,259667.77,2022-06-28,approved,2022-06-28 12:23:53,2022,6,2,26,1,0,0,7,False,False,False,False,False,False,False,True,False,False,12.46716213628034
a36ca216-f0ba-46a2-a71f-d459ab789af6,00000000-0000-0000-0000-000000000001,a01b7f2a-d4d0-48bf-bb89-c1040f55587a,4736f247-39f8-400c-b9ea-519dfbb485f6,Utilities,Electricity and water - June 2022,14917.22,2022-06-15,approved,2022-06-15 16:27:51,2022,6,2,24,2,0,0,9,False,False,False,False,False,False,False,False,False,True,9.610338563691528
b002317b-ffff-44e9-9828-8d21f3950c15,00000000-0000-0000-0000-000000000001,51fd3682-4888-4a55-92f7-281307c67941,f17772cf-7a8e-4e04-aeef-8c148fe1a7e5,Rent,Monthly office rent - July 2022,128286.04,2022-07-01,approved,2022-07-01 18:50:37,2022,7,3,26,4,0,0,6,False,False,False,False,False,False,True,False,False,False,11.76202553225135
035a8cc5-d2c3-4d2a-8542-ac65dfc5b629,00000000-0000-0000-0000-000000000001,51fd3682-4888-4a55-92f7-281307c67941,9a16d7d2-dc18-4141-a14f-3394de4b98bc,Salaries,Staff salaries - July 2022,516642.47,2022-07-28,approved,2022-07-28 12:51:35,2022,7,3,30,3,0,0,7,False,False,False,False,False,False,False,True,False,False,13.155108302445235
221595ae-306e-4c9e-8934-9c2040ecf5cb,00000000-0000-0000-0000-000000000001,51fd3682-4888-4a55-92f7-281307c67941,f0e9f4da-9ca0-492d-a21e-3f8a819f9184,Utilities,Electricity and water - July 2022,23014.19,2022-07-15,approved,2022-07-15 11:40:47,2022,7,3,28,4,0,0,9,False,False,False,False,False,False,False,False,False,True,10.043909711702819
aaf8eb55-6bc4-4f47-a50c-f4a9e438e97f,00000000-0000-0000-0000-000000000001,0eb66abb-0d5d-4e88-a3ff-16776e267d83,ea13a2c7-2a88-40f3-b073-4e507c524f18,Rent,Monthly office rent - July 2022,183783.0,2022-07-01,approved,2022-07-01 13:59:38,2022,7,3,26,4,0,0,6,False,False,False,False,False,False,True,False,False,False,12.121516433972007
62617209-bb38-4949-b2f9-d3a196b66271,00000000-0000-0000-0000-000000000001,0eb66abb-0d5d-4e88-a3ff-16776e267d83,7760d86e-b342-473c-8c64-b55d64aa491a,Salaries,Staff salaries - July 2022,493686.22,2022-07-28,approved,2022-07-28 11:48:06,2022,7,3,30,3,0,0,7,False,False,False,False,False,False,False,True,False,False,13.109657437746215
63a4d4b9-1ac0-41f7-a5d7-170a9ef8695c,00000000-0000-0000-0000-000000000001,0eb66abb-0d5d-4e88-a3ff-16776e267d83,3f0519f3-383c-48a1-8609-f4b51fd5ecd4,Utilities,Electricity and water - July 2022,27594.62,2022-07-15,approved,2022-07-15 16:51:03,2022,7,3,28,4,0,0,9,False,False,False,False,False,False,False,False,False,True,10.22541234345958
f4c0546d-9f3e-48c0-ae5d-c7eb709bfcb6,00000000-0000-0000-0000-000000000001,a01b7f2a-d4d0-48bf-bb89-c1040f55587a,f577e0e3-284e-4c71-8d16-74f51d0fe305,Rent,Monthly office rent - July 2022,138508.28,2022-07-01,approved,2022-07-01 13:36:27,2022,7,3,26,4,0,0,6,False,False,False,False,False,False,True,False,False,False,11.838692605974996
412add33-4c56-44d3-b4d4-453074b3349a,00000000-0000-0000-0000-000000000001,a01b7f2a-d4d0-48bf-bb89-c1040f55587a,f17772cf-7a8e-4e04-aeef-8c148fe1a7e5,Salaries,Staff salaries - July 2022,671975.98,2022-07-28,approved,2022-07-28 10:45:43,2022,7,3,30,3,0,0,7,False,False,False,False,False,False,False,True,False,False,13.417979362966157
d9e4f0ae-a39f-490f-aef4-f1f5704edbd8,00000000-0000-0000-0000-000000000001,a01b7f2a-d4d0-48bf-bb89-c1040f55587a,9a16d7d2-dc18-4141-a14f-3394de4b98bc,Utilities,Electricity and water - July 2022,23739.16,2022-07-15,approved,2022-07-15 17:27:35,2022,7,3,28,4,0,0,9,False,False,False,False,False,False,False,False,False,True,10.074923407820812
534e1980-8656-4d80-b8a3-2e137f028c66,00000000-0000-0000-0000-000000000001,51fd3682-4888-4a55-92f7-281307c67941,163b0e08-1801-4ae5-af8c-f287fbcdff7c,Rent,Monthly office rent - August 2022,136487.22,2022-08-01,approved,2022-08-01 12:42:47,2022,8,3,31,0,0,0,6,False,False,False,False,False,False,True,False,False,False,11.82399358951676
d2983bd1-29e6-4166-9b0c-41d81a226410,00000000-0000-0000-0000-000000000001,51fd3682-4888-4a55-92f7-281307c67941,aadd1a3f-3f20-499a-b950-51966ac9090c,Salaries,Staff salaries - August 2022,746561.54,2022-08-28,approved,2022-08-28 15:15:52,2022,8,3,34,6,1,0,7,False,False,False,False,False,False,False,True,False,False,13.523234670081168
7a2fcd00-b65c-4fc9-9829-ae0baeb07042,00000000-0000-0000-0000-000000000001,51fd3682-4888-4a55-92f7-281307c67941,5a96b78c-2c6b-4aaa-88b5-7c7485705113,Utilities,Electricity and water - August 2022,20731.29,2022-08-15,approved,2022-08-15 13:26:52,2022,8,3,33,0,0,0,9,False,False,False,False,False,False,False,False,False,True,9.939447667249581
cd708de5-c3e4-4bf9-b21c-f63e864f7498,00000000-0000-0000-0000-000000000001,0eb66abb-0d5d-4e88-a3ff-16776e267d83,f17772cf-7a8e-4e04-aeef-8c148fe1a7e5,Rent,Monthly office rent - August 2022,104638.59,2022-08-01,approved,2022-08-01 08:01:58,2022,8,3,31,0,0,0,6,False,False,False,False,False,False,True,False,False,False,11.55827724848763
24582c18-23c5-4f79-99c0-9f127c75acdf,00000000-0000-0000-0000-000000000001,0eb66abb-0d5d-4e88-a3ff-16776e267d83,f17772cf-7a8e-4e04-aeef-8c148fe1a7e5,Salaries,Staff salaries - August 2022,787815.0468500004,2022-08-28,approved,2022-08-28 16:55:47,2022,8,3,34,6,1,0,7,False,False,False,False,False,False,False,True,False,False,13.577019898504183
4d3dbde2-a9f9-4720-b151-b11bdebd4fcc,00000000-0000-0000-0000-000000000001,0eb66abb-0d5d-4e88-a3ff-16776e267d83,163b0e08-1801-4ae5-af8c-f287fbcdff7c,Utilities,Electricity and water - August 2022,23958.83,2022-08-15,approved,2022-08-15 08:54:57,2022,8,3,33,0,0,0,9,False,False,False,False,False,False,False,False,False,True,10.084133957045617
fc5d1e64-2dfa-4667-bcfb-90e5703730ab,00000000-0000-0000-0000-000000000001,a01b7f2a-d4d0-48bf-bb89-c1040f55587a,ea13a2c7-2a88-40f3-b073-4e507c524f18,Rent,Monthly office rent - August 2022,66439.78,2022-08-01,approved,2022-08-01 18:11:34,2022,8,3,31,0,0,0,6,False,False,False,False,False,False,True,False,False,False,11.104066303574033
bc3e46b7-88cf-449d-a4be-3a5caea25c67,00000000-0000-0000-0000-000000000001,a01b7f2a-d4d0-48bf-bb89-c1040f55587a,7760d86e-b342-473c-8c64-b55d64aa491a,Salaries,Staff salaries - August 2022,569465.64,2022-08-28,approved,2022-08-28 08:26:10,2022,8,3,34,6,1,0,7,False,False,False,False,False,False,False,True,False,False,13.252455482453897
31419c9a-6a9e-451f-bb7d-168663912956,00000000-0000-0000-0000-000000000001,a01b7f2a-d4d0-48bf-bb89-c1040f55587a,f577e0e3-284e-4c71-8d16-74f51d0fe305,Utilities,Electricity and water - August 2022,14835.11,2022-08-15,approved,2022-08-15 11:29:23,2022,8,3,33,0,0,0,9,False,False,False,False,False,False,False,False,False,True,9.604819352979407
9aa00e44-b905-4eb3-8ecf-b204f9e0b2d3,00000000-0000-0000-0000-000000000001,51fd3682-4888-4a55-92f7-281307c67941,f577e0e3-284e-4c71-8d16-74f51d0fe305,Rent,Monthly office rent - September 2022,130944.34,2022-09-01,approved,2022-09-01 18:20:01,2022,9,3,35,3,0,0,6,False,False,False,False,False,False,True,False,False,False,11.782535263201092
76850569-25c7-469d-a812-1a804026d12e,00000000-0000-0000-0000-000000000001,51fd3682-4888-4a55-92f7-281307c67941,f17772cf-7a8e-4e04-aeef-8c148fe1a7e5,Salaries,Staff salaries - September 2022,598849.44,2022-09-28,approved,2022-09-28 18:49:41,2022,9,3,39,2,0,0,7,False,False,False,False,False,False,False,True,False,False,13.302767163116972
5fab7ced-6ba7-4066-86b3-3874cccf63fb,00000000-0000-0000-0000-000000000001,51fd3682-4888-4a55-92f7-281307c67941,3f0519f3-383c-48a1-8609-f4b51fd5ecd4,Utilities,Electricity and water - September 2022,28199.66,2022-09-15,approved,2022-09-15 12:18:53,2022,9,3,37,3,0,0,9,False,False,False,False,False,False,False,False,False,True,10.247100660907648
d1ff712a-9f19-4dca-a950-81a86a2f1af0,00000000-0000-0000-0000-000000000001,0eb66abb-0d5d-4e88-a3ff-16776e267d83,3f0519f3-383c-48a1-8609-f4b51fd5ecd4,Rent,Monthly office rent - September 2022,157502.8,2022-09-01,approved,2022-09-01 15:32:04,2022,9,3,35,3,0,0,6,False,False,False,False,False,False,True,False,False,False,11.9672048639409
81f18d7e-1ba1-4882-bbed-84377ab8c82d,00000000-0000-0000-0000-000000000001,0eb66abb-0d5d-4e88-a3ff-16776e267d83,5a96b78c-2c6b-4aaa-88b5-7c7485705113,Salaries,Staff salaries - September 2022,488504.03,2022-09-28,approved,2022-09-28 14:10:14,2022,9,3,39,2,0,0,7,False,False,False,False,False,False,False,True,False,False,13.099105047238984
1954ea7b-96fe-4190-99f1-f9d5daedc61a,00000000-0000-0000-0000-000000000001,0eb66abb-0d5d-4e88-a3ff-16776e267d83,3f0519f3-383c-48a1-8609-f4b51fd5ecd4,Utilities,Electricity and water - September 2022,9257.29,2022-09-15,approved,2022-09-15 14:04:45,2022,9,3,37,3,0,0,9,False,False,False,False,False,False,False,False,False,True,9.133274645360721
f3021a7a-5378-4acf-acc7-6dcb0b807f85,00000000-0000-0000-0000-000000000001,a01b7f2a-d4d0-48bf-bb89-c1040f55587a,4736f247-39f8-400c-b9ea-519dfbb485f6,Rent,Monthly office rent - September 2022,139593.05,2022-09-01,approved,2022-09-01 10:05:53,2022,9,3,35,3,0,0,6,False,False,False,False,False,False,True,False,False,False,11.84649384662557
0af8bf15-511b-4595-b168-837227f538c6,00000000-0000-0000-0000-000000000001,a01b7f2a-d4d0-48bf-bb89-c1040f55587a,3f0519f3-383c-48a1-8609-f4b51fd5ecd4,Salaries,Staff salaries - September 2022,688565.51,2022-09-28,approved,2022-09-28 14:14:57,2022,9,3,39,2,0,0,7,False,False,False,False,False,False,False,True,False,False,13.44236719379243
e438be28-f4d6-46d4-8f57-63c3f307152e,00000000-0000-0000-0000-000000000001,a01b7f2a-d4d0-48bf-bb89-c1040f55587a,f0e9f4da-9ca0-492d-a21e-3f8a819f9184,Utilities,Electricity and water - September 2022,17369.67,2022-09-15,approved,2022-09-15 08:43:48,2022,9,3,37,3,0,0,9,False,False,False,False,False,False,False,False,False,True,9.762538430742268
9d52b901-d13e-45b4-9757-d48d9b50e30a,00000000-0000-0000-0000-000000000001,51fd3682-4888-4a55-92f7-281307c67941,5a96b78c-2c6b-4aaa-88b5-7c7485705113,Rent,Monthly office rent - October 2022,184009.95,2022-10-01,approved,2022-10-01 17:20:39,2022,10,4,39,5,1,0,6,False,False,False,False,False,False,True,False,False,False,12.122750545689986
9944c0bc-b196-47ae-98bb-2a98e7a2faac,00000000-0000-0000-0000-000000000001,51fd3682-4888-4a55-92f7-281307c67941,f577e0e3-284e-4c71-8d16-74f51d0fe305,Salaries,Staff salaries - October 2022,359130.85,2022-10-28,approved,2022-10-28 13:12:36,2022,10,4,43,4,0,0,7,False,False,False,False,False,False,False,True,False,False,12.791444870238212
9a022e9d-4a5e-418b-abd9-36f31afa759b,00000000-0000-0000-0000-000000000001,51fd3682-4888-4a55-92f7-281307c67941,eaefa70d-63c2-4537-b86d-2205b826bb2e,Utilities,Electricity and water - October 2022,15526.39,2022-10-15,approved,2022-10-15 17:54:30,2022,10,4,41,5,1,0,9,False,False,False,False,False,False,False,False,False,True,9.650360840202923
10e62c70-19ac-4284-a06e-e4ae679c5f9e,00000000-0000-0000-0000-000000000001,0eb66abb-0d5d-4e88-a3ff-16776e267d83,ea13a2c7-2a88-40f3-b073-4e507c524f18,Rent,Monthly office rent - October 2022,181700.82,2022-10-01,approved,2022-10-01 17:25:46,2022,10,4,39,5,1,0,6,False,False,False,False,False,False,True,False,False,False,12.11012227084483
5538396a-1c89-4967-a251-83df94bceb3f,00000000-0000-0000-0000-000000000001,0eb66abb-0d5d-4e88-a3ff-16776e267d83,f577e0e3-284e-4c71-8d16-74f51d0fe305,Salaries,Staff salaries - October 2022,577638.97,2022-10-28,approved,2022-10-28 16:40:07,2022,10,4,43,4,0,0,7,False,False,False,False,False,False,False,True,False,False,13.266706064305039
33602dca-7323-419c-97ba-590dee308d7a,00000000-0000-0000-0000-000000000001,0eb66abb-0d5d-4e88-a3ff-16776e267d83,9a16d7d2-dc18-4141-a14f-3394de4b98bc,Utilities,Electricity and water - October 2022,23304.95,2022-10-15,approved,2022-10-15 17:07:12,2022,10,4,41,5,1,0,9,False,False,False,False,False,False,False,False,False,True,10.056463971760616
51528148-4902-4860-ad5c-94744b6e2e75,00000000-0000-0000-0000-000000000001,a01b7f2a-d4d0-48bf-bb89-c1040f55587a,f17772cf-7a8e-4e04-aeef-8c148fe1a7e5,Rent,Monthly office rent - October 2022,125754.06,2022-10-01,approved,2022-10-01 18:52:08,2022,10,4,39,5,1,0,6,False,False,False,False,False,False,True,False,False,False,11.742091325721024
e1e86ebb-11d1-43c8-b2a8-61c76be6a0a0,00000000-0000-0000-0000-000000000001,a01b7f2a-d4d0-48bf-bb89-c1040f55587a,f0e9f4da-9ca0-492d-a21e-3f8a819f9184,Salaries,Staff salaries - October 2022,497254.96,2022-10-28,approved,2022-10-28 14:38:22,2022,10,4,43,4,0,0,7,False,False,False,False,False,False,False,True,False,False,13.116860182566962
56e031bc-fb0b-4a1a-978e-fc7609a975ae,00000000-0000-0000-0000-000000000001,a01b7f2a-d4d0-48bf-bb89-c1040f55587a,ea13a2c7-2a88-40f3-b073-4e507c524f18,Utilities,Electricity and water - October 2022,19999.99,2022-10-15,approved,2022-10-15 17:16:00,2022,10,4,41,5,1,0,9,False,False,False,False,False,False,False,False,False,True,9.903537051311044
0b2803c6-8254-4fdf-abb8-2bba2888bbdc,00000000-0000-0000-0000-000000000001,51fd3682-4888-4a55-92f7-281307c67941,ea13a2c7-2a88-40f3-b073-4e507c524f18,Rent,Monthly office rent - November 2022,52692.0,2022-11-01,approved,2022-11-01 10:33:42,2022,11,4,44,1,0,0,6,False,False,False,False,False,False,True,False,False,False,10.872237898382645
d5f85803-3ade-44f0-8d5d-317b0263683d,00000000-0000-0000-0000-000000000001,51fd3682-4888-4a55-92f7-281307c67941,163b0e08-1801-4ae5-af8c-f287fbcdff7c,Salaries,Staff salaries - November 2022,567790.77,2022-11-28,approved,2022-11-28 08:21:46,2022,11,4,48,0,0,0,7,False,False,False,False,False,False,False,True,False,False,13.24951002837563
70e80310-ff3c-4a14-98e3-de9265946a3f,00000000-0000-0000-0000-000000000001,51fd3682-4888-4a55-92f7-281307c67941,aadd1a3f-3f20-499a-b950-51966ac9090c,Utilities,Electricity and water - November 2022,17082.98,2022-11-15,approved,2022-11-15 10:27:10,2022,11,4,46,1,0,0,9,False,False,False,False,False,False,False,False,False,True,9.74589646127465
7aebc5b4-f6d8-44ab-83c8-a302dd83a3a1,00000000-0000-0000-0000-000000000001,0eb66abb-0d5d-4e88-a3ff-16776e267d83,f17772cf-7a8e-4e04-aeef-8c148fe1a7e5,Rent,Monthly office rent - November 2022,57319.23,2022-11-01,approved,2022-11-01 12:46:31,2022,11,4,44,1,0,0,6,False,False,False,False,False,False,True,False,False,False,10.95640889449512
25be1749-ba80-4805-8e77-72ffcce326d7,00000000-0000-0000-0000-000000000001,0eb66abb-0d5d-4e88-a3ff-16776e267d83,ea13a2c7-2a88-40f3-b073-4e507c524f18,Salaries,Staff salaries - November 2022,215957.47,2022-11-28,approved,2022-11-28 15:18:24,2022,11,4,48,0,0,0,7,False,False,False,False,False,False,False,True,False,False,12.282841399661823
39784e91-f1cf-4c3a-8887-fdbdf653e73b,00000000-0000-0000-0000-000000000001,0eb66abb-0d5d-4e88-a3ff-16776e267d83,ea13a2c7-2a88-40f3-b073-4e507c524f18,Utilities,Electricity and water - November 2022,22604.54,2022-11-15,approved,2022-11-15 17:30:13,2022,11,4,46,1,0,0,9,False,False,False,False,False,False,False,False,False,True,10.025950287963619
f2a830d7-353c-49f8-8bc5-f4d5397657bf,00000000-0000-0000-0000-000000000001,a01b7f2a-d4d0-48bf-bb89-c1040f55587a,5a96b78c-2c6b-4aaa-88b5-7c7485705113,Rent,Monthly office rent - November 2022,135731.66,2022-11-01,approved,2022-11-01 15:53:21,2022,11,4,44,1,0,0,6,False,False,False,False,False,False,True,False,False,False,11.818442494830768
2696d49c-71fc-4bd9-8c03-d5532736480d,00000000-0000-0000-0000-000000000001,a01b7f2a-d4d0-48bf-bb89-c1040f55587a,f17772cf-7a8e-4e04-aeef-8c148fe1a7e5,Salaries,Staff salaries - November 2022,649567.84,2022-11-28,approved,2022-11-28 18:30:26,2022,11,4,48,0,0,0,7,False,False,False,False,False,False,False,True,False,False,13.38406409869881
419931eb-3712-4d96-ac2d-508741dd9786,00000000-0000-0000-0000-000000000001,a01b7f2a-d4d0-48bf-bb89-c1040f55587a,3f0519f3-383c-48a1-8609-f4b51fd5ecd4,Utilities,Electricity and water - November 2022,17379.47,2022-11-15,approved,2022-11-15 13:39:06,2022,11,4,46,1,0,0,9,False,False,False,False,False,False,False,False,False,True,9.763102441031414
164e69a3-9acd-4b81-a09b-3645cbd5423b,00000000-0000-0000-0000-000000000001,51fd3682-4888-4a55-92f7-281307c67941,163b0e08-1801-4ae5-af8c-f287fbcdff7c,Rent,Monthly office rent - December 2022,193742.51,2022-12-01,approved,2022-12-01 11:54:13,2022,12,4,48,3,0,0,6,False,False,False,False,False,False,True,False,False,False,12.17429044988037
80d1693d-711d-40b7-bc28-770485ac5727,00000000-0000-0000-0000-000000000001,51fd3682-4888-4a55-92f7-281307c67941,9a16d7d2-dc18-4141-a14f-3394de4b98bc,Salaries,Staff salaries - December 2022,651969.94,2022-12-28,approved,2022-12-28 12:03:53,2022,12,4,52,2,0,0,7,False,False,False,False,False,False,False,True,False,False,13.387755269363346
f7535754-1b83-43a8-9a57-20d05aa9eca9,00000000-0000-0000-0000-000000000001,51fd3682-4888-4a55-92f7-281307c67941,f17772cf-7a8e-4e04-aeef-8c148fe1a7e5,Utilities,Electricity and water - December 2022,24331.05,2022-12-15,approved,2022-12-15 09:04:07,2022,12,4,50,3,0,0,9,False,False,False,False,False,False,False,False,False,True,10.099549690345603
06910af8-d68f-4de9-9733-71c793d6dd6c,00000000-0000-0000-0000-000000000001,0eb66abb-0d5d-4e88-a3ff-16776e267d83,f0e9f4da-9ca0-492d-a21e-3f8a819f9184,Rent,Monthly office rent - December 2022,79822.83,2022-12-01,approved,2022-12-01 18:42:15,2022,12,4,48,3,0,0,6,False,False,False,False,False,False,True,False,False,False,11.287577360413243
1dc5fadd-4aab-4238-bd95-75ee2ea53f06,00000000-0000-0000-0000-000000000001,0eb66abb-0d5d-4e88-a3ff-16776e267d83,f0e9f4da-9ca0-492d-a21e-3f8a819f9184,Salaries,Staff salaries - December 2022,496111.99,2022-12-28,approved,2022-12-28 17:10:32,2022,12,4,52,2,0,0,7,False,False,False,False,False,False,False,True,False,False,13.114558982183388
f5ec2388-833b-48a6-b988-7f7d18123d54,00000000-0000-0000-0000-000000000001,0eb66abb-0d5d-4e88-a3ff-16776e267d83,7760d86e-b342-473c-8c64-b55d64aa491a,Utilities,Electricity and water - December 2022,28117.19,2022-12-15,approved,2022-12-15 14:03:30,2022,12,4,50,3,0,0,9,False,False,False,False,False,False,False,False,False,True,10.24417197685438
74f3b117-e895-4d8d-8d2c-8668ad25c36e,00000000-0000-0000-0000-000000000001,a01b7f2a-d4d0-48bf-bb89-c1040f55587a,3f0519f3-383c-48a1-8609-f4b51fd5ecd4,Rent,Monthly office rent - December 2022,197054.23,2022-12-01,approved,2022-12-01 11:27:18,2022,12,4,48,3,0,0,6,False,False,False,False,False,False,True,False,False,False,12.191239323757863
0a0b1c7b-e206-48d1-9d17-0d8aa981705d,00000000-0000-0000-0000-000000000001,a01b7f2a-d4d0-48bf-bb89-c1040f55587a,9a16d7d2-dc18-4141-a14f-3394de4b98bc,Salaries,Staff salaries - December 2022,489713.43,2022-12-28,approved,2022-12-28 08:04:15,2022,12,4,52,2,0,0,7,False,False,False,False,False,False,False,True,False,False,13.10157770427689
467caa09-aff5-470f-a91a-1f4cb50a343c,00000000-0000-0000-0000-000000000001,a01b7f2a-d4d0-48bf-bb89-c1040f55587a,7760d86e-b342-473c-8c64-b55d64aa491a,Utilities,Electricity and water - December 2022,15934.41,2022-12-15,approved,2022-12-15 13:11:02,2022,12,4,50,3,0,0,9,False,False,False,False,False,False,False,False,False,True,9.676298956046638
d6efb7a1-6d1f-430d-8831-a1c557e89ddd,00000000-0000-0000-0000-000000000001,51fd3682-4888-4a55-92f7-281307c67941,f0e9f4da-9ca0-492d-a21e-3f8a819f9184,Rent,Monthly office rent - January 2023,116969.1,2023-01-01,approved,2023-01-01 13:00:40,2023,1,1,52,6,1,0,6,False,False,False,False,False,False,True,False,False,False,11.669673625564453
84f196de-5a74-4fea-a221-77a162913ba3,00000000-0000-0000-0000-000000000001,51fd3682-4888-4a55-92f7-281307c67941,aadd1a3f-3f20-499a-b950-51966ac9090c,Salaries,Staff salaries - January 2023,392300.43,2023-01-28,approved,2023-01-28 09:03:19,2023,1,1,4,5,1,0,7,False,False,False,False,False,False,False,True,False,False,12.879785777360514
4e88afc0-add7-445f-8992-9d2bd6a36145,00000000-0000-0000-0000-000000000001,51fd3682-4888-4a55-92f7-281307c67941,163b0e08-1801-4ae5-af8c-f287fbcdff7c,Utilities,Electricity and water - January 2023,24161.78,2023-01-15,approved,2023-01-15 09:45:17,2023,1,1,2,6,1,0,9,False,False,False,False,False,False,False,False,False,True,10.092568711654307
02d4b779-dd2d-44db-a74d-e4ce5f401abe,00000000-0000-0000-0000-000000000001,0eb66abb-0d5d-4e88-a3ff-16776e267d83,aadd1a3f-3f20-499a-b950-51966ac9090c,Rent,Monthly office rent - January 2023,111409.78,2023-01-01,approved,2023-01-01 10:14:43,2023,1,1,52,6,1,0,6,False,False,False,False,False,False,True,False,False,False,11.620979370195716
a65abc31-9573-46ea-a202-a3b2b08151b1,00000000-0000-0000-0000-000000000001,0eb66abb-0d5d-4e88-a3ff-16776e267d83,eaefa70d-63c2-4537-b86d-2205b826bb2e,Salaries,Staff salaries - January 2023,226430.07,2023-01-28,approved,2023-01-28 18:49:59,2023,1,1,4,5,1,0,7,False,False,False,False,False,False,False,True,False,False,12.330195850877638
4dacabb9-9e71-4338-a8b3-f6598fe60568,00000000-0000-0000-0000-000000000001,0eb66abb-0d5d-4e88-a3ff-16776e267d83,aadd1a3f-3f20-499a-b950-51966ac9090c,Utilities,Electricity and water - January 2023,24549.05,2023-01-15,approved,2023-01-15 14:59:14,2023,1,1,2,6,1,0,9,False,False,False,False,False,False,False,False,False,True,10.10846916988047
25a9b8f2-1706-46ef-b4ee-8cabcf30a37b,00000000-0000-0000-0000-000000000001,a01b7f2a-d4d0-48bf-bb89-c1040f55587a,9a16d7d2-dc18-4141-a14f-3394de4b98bc,Rent,Monthly office rent - January 2023,88733.0,2023-01-01,approved,2023-01-01 18:53:35,2023,1,1,52,6,1,0,6,False,False,False,False,False,False,True,False,False,False,11.393398409394823
a46300be-71e2-4aca-a530-da78970a9081,00000000-0000-0000-0000-000000000001,a01b7f2a-d4d0-48bf-bb89-c1040f55587a,aadd1a3f-3f20-499a-b950-51966ac9090c,Salaries,Staff salaries - January 2023,347055.2,2023-01-28,approved,2023-01-28 18:09:13,2023,1,1,4,5,1,0,7,False,False,False,False,False,False,False,True,False,False,12.757242005469125
c240a99c-7eb4-4293-906d-82471fbb384e,00000000-0000-0000-0000-000000000001,a01b7f2a-d4d0-48bf-bb89-c1040f55587a,3f0519f3-383c-48a1-8609-f4b51fd5ecd4,Utilities,Electricity and water - January 2023,9123.14,2023-01-15,approved,2023-01-15 17:39:53,2023,1,1,2,6,1,0,9,False,False,False,False,False,False,False,False,False,True,9.118678927433862
25486e14-c979-4f42-860b-baa23660aa75,00000000-0000-0000-0000-000000000001,51fd3682-4888-4a55-92f7-281307c67941,eaefa70d-63c2-4537-b86d-2205b826bb2e,Rent,Monthly office rent - February 2023,79199.12,2023-02-01,approved,2023-02-01 09:39:23,2023,2,1,5,2,0,0,6,False,False,False,False,False,False,True,False,False,False,11.279733092952885
923377ab-95ba-476e-bf80-46d20b960f91,00000000-0000-0000-0000-000000000001,51fd3682-4888-4a55-92f7-281307c67941,3f0519f3-383c-48a1-8609-f4b51fd5ecd4,Salaries,Staff salaries - February 2023,662941.57,2023-02-28,approved,2023-02-28 12:56:37,2023,2,1,9,1,0,1,7,False,False,False,False,False,False,False,True,False,False,13.40444364399835
baff6c0f-90d6-43f0-9809-0c9d32b7e220,00000000-0000-0000-0000-000000000001,51fd3682-4888-4a55-92f7-281307c67941,f17772cf-7a8e-4e04-aeef-8c148fe1a7e5,Utilities,Electricity and water - February 2023,9308.87,2023-02-15,approved,2023-02-15 11:39:49,2023,2,1,7,2,0,0,9,False,False,False,False,False,False,False,False,False,True,9.138830406693494
012ef050-65ac-4711-8443-3d2651643d46,00000000-0000-0000-0000-000000000001,0eb66abb-0d5d-4e88-a3ff-16776e267d83,f17772cf-7a8e-4e04-aeef-8c148fe1a7e5,Rent,Monthly office rent - February 2023,109947.87,2023-02-01,approved,2023-02-01 13:54:43,2023,2,1,5,2,0,0,6,False,False,False,False,False,False,True,False,False,False,11.607770718531278
54cdcd56-c4dd-4cde-aa7e-ab0092ee7c2d,00000000-0000-0000-0000-000000000001,0eb66abb-0d5d-4e88-a3ff-16776e267d83,f0e9f4da-9ca0-492d-a21e-3f8a819f9184,Salaries,Staff salaries - February 2023,325143.55,2023-02-28,approved,2023-02-28 15:13:47,2023,2,1,9,1,0,1,7,False,False,False,False,False,False,False,True,False,False,12.692025131662128
1828d508-47ff-47a0-bb33-29d76b867b2a,00000000-0000-0000-0000-000000000001,0eb66abb-0d5d-4e88-a3ff-16776e267d83,9a16d7d2-dc18-4141-a14f-3394de4b98bc,Utilities,Electricity and water - February 2023,25817.3,2023-02-15,approved,2023-02-15 13:45:51,2023,2,1,7,2,0,0,9,False,False,False,False,False,False,False,False,False,True,10.158838821799284
e6670efd-2695-4446-8f68-8c56f332ce35,00000000-0000-0000-0000-000000000001,a01b7f2a-d4d0-48bf-bb89-c1040f55587a,5a96b78c-2c6b-4aaa-88b5-7c7485705113,Rent,Monthly office rent - February 2023,86750.56,2023-02-01,approved,2023-02-01 16:25:39,2023,2,1,5,2,0,0,6,False,False,False,False,False,False,True,False,False,False,11.370803680356353
49af1f94-24c9-4a86-8a5d-1ee2918f848c,00000000-0000-0000-0000-000000000001,a01b7f2a-d4d0-48bf-bb89-c1040f55587a,f17772cf-7a8e-4e04-aeef-8c148fe1a7e5,Salaries,Staff salaries - February 2023,557753.92,2023-02-28,approved,2023-02-28 18:15:17,2023,2,1,9,1,0,1,7,False,False,False,False,False,False,False,True,False,False,13.231674933412306
8ff3cd4e-4ef0-4e77-8f4d-edaf32cde8b9,00000000-0000-0000-0000-000000000001,a01b7f2a-d4d0-48bf-bb89-c1040f55587a,4736f247-39f8-400c-b9ea-519dfbb485f6,Utilities,Electricity and water - February 2023,18563.64,2023-02-15,approved,2023-02-15 16:46:24,2023,2,1,7,2,0,0,9,False,False,False,False,False,False,False,False,False,True,9.8290139750954
6c4a91a0-f7aa-4a79-87aa-83e3fa82e4cf,00000000-0000-0000-0000-000000000001,51fd3682-4888-4a55-92f7-281307c67941,7760d86e-b342-473c-8c64-b55d64aa491a,Rent,Monthly office rent - March 2023,79336.77,2023-03-01,approved,2023-03-01 17:44:34,2023,3,1,9,2,0,0,6,False,False,False,False,False,False,True,False,False,False,11.281469586791541
e359198e-153d-4967-ab71-b8b0d5772cff,00000000-0000-0000-0000-000000000001,51fd3682-4888-4a55-92f7-281307c67941,3f0519f3-383c-48a1-8609-f4b51fd5ecd4,Salaries,Staff salaries - March 2023,787815.0468500004,2023-03-28,approved,2023-03-28 10:12:41,2023,3,1,13,1,0,0,7,False,False,False,False,False,False,False,True,False,False,13.577019898504183
7d73cb52-2507-4151-96e1-5879a58b2445,00000000-0000-0000-0000-000000000001,51fd3682-4888-4a55-92f7-281307c67941,3f0519f3-383c-48a1-8609-f4b51fd5ecd4,Utilities,Electricity and water - March 2023,20206.33,2023-03-15,approved,2023-03-15 09:32:27,2023,3,1,11,2,0,0,9,False,False,False,False,False,False,False,False,False,True,9.913800688854563
500837b0-beca-4808-9579-ef7c32adf943,00000000-0000-0000-0000-000000000001,0eb66abb-0d5d-4e88-a3ff-16776e267d83,4736f247-39f8-400c-b9ea-519dfbb485f6,Rent,Monthly office rent - March 2023,140259.17,2023-03-01,approved,2023-03-01 13:36:16,2023,3,1,9,2,0,0,6,False,False,False,False,False,False,True,False,False,False,11.85125433412496
ff4b4d69-704e-413d-aeda-5ba566b694aa,00000000-0000-0000-0000-000000000001,0eb66abb-0d5d-4e88-a3ff-16776e267d83,3f0519f3-383c-48a1-8609-f4b51fd5ecd4,Salaries,Staff salaries - March 2023,617611.4,2023-03-28,approved,2023-03-28 17:31:05,2023,3,1,13,1,0,0,7,False,False,False,False,False,False,False,True,False,False,13.333616355211356
defbd23c-efad-4103-8681-f3b9bc55d5db,00000000-0000-0000-0000-000000000001,0eb66abb-0d5d-4e88-a3ff-16776e267d83,9a16d7d2-dc18-4141-a14f-3394de4b98bc,Utilities,Electricity and water - March 2023,28684.54,2023-03-15,approved,2023-03-15 13:50:35,2023,3,1,11,2,0,0,9,False,False,False,False,False,False,False,False,False,True,10.264148442028729
317dd995-6d45-43a8-8075-a5b2dcfbcbfc,00000000-0000-0000-0000-000000000001,a01b7f2a-d4d0-48bf-bb89-c1040f55587a,f0e9f4da-9ca0-492d-a21e-3f8a819f9184,Rent,Monthly office rent - March 2023,140046.3,2023-03-01,approved,2023-03-01 13:45:30,2023,3,1,9,2,0,0,6,False,False,False,False,False,False,True,False,False,False,11.849735501673425
17ba399e-5e7b-49af-a760-7f9b7b158973,00000000-0000-0000-0000-000000000001,a01b7f2a-d4d0-48bf-bb89-c1040f55587a,f0e9f4da-9ca0-492d-a21e-3f8a819f9184,Salaries,Staff salaries - March 2023,240168.27,2023-03-28,approved,2023-03-28 08:11:43,2023,3,1,13,1,0,0,7,False,False,False,False,False,False,False,True,False,False,12.389099245389511
f260c3c6-c8a8-4c91-88cb-d9cbd8a59664,00000000-0000-0000-0000-000000000001,a01b7f2a-d4d0-48bf-bb89-c1040f55587a,9a16d7d2-dc18-4141-a14f-3394de4b98bc,Utilities,Electricity and water - March 2023,27036.83,2023-03-15,approved,2023-03-15 09:53:14,2023,3,1,11,2,0,0,9,False,False,False,False,False,False,False,False,False,True,10.204992275457288
3271f27c-1185-4c0e-b9c4-00608ac3f221,00000000-0000-0000-0000-000000000001,51fd3682-4888-4a55-92f7-281307c67941,7760d86e-b342-473c-8c64-b55d64aa491a,Rent,Monthly office rent - April 2023,56216.38,2023-04-01,approved,2023-04-01 18:48:39,2023,4,2,13,5,1,0,6,False,False,False,False,False,False,True,False,False,False,10.936981240742071
b5e7782d-a1f6-4c49-96bb-5a515d0043ed,00000000-0000-0000-0000-000000000001,51fd3682-4888-4a55-92f7-281307c67941,f0e9f4da-9ca0-492d-a21e-3f8a819f9184,Salaries,Staff salaries - April 2023,228511.56,2023-04-28,approved,2023-04-28 17:40:51,2023,4,2,17,4,0,0,7,False,False,False,False,False,False,False,True,False,False,12.339346454983
77cc5e34-18a1-4888-97e6-03d98f3356d4,00000000-0000-0000-0000-000000000001,51fd3682-4888-4a55-92f7-281307c67941,4736f247-39f8-400c-b9ea-519dfbb485f6,Utilities,Electricity and water - April 2023,12164.46,2023-04-15,approved,2023-04-15 15:49:53,2023,4,2,15,5,1,0,9,False,False,False,False,False,False,False,False,False,True,9.406356067901811
6571eac6-3244-4d78-9bce-cfd2b53cb89c,00000000-0000-0000-0000-000000000001,0eb66abb-0d5d-4e88-a3ff-16776e267d83,4736f247-39f8-400c-b9ea-519dfbb485f6,Rent,Monthly office rent - April 2023,70770.28,2023-04-01,approved,2023-04-01 12:26:34,2023,4,2,13,5,1,0,6,False,False,False,False,False,False,True,False,False,False,11.167208547666194
bd0de702-beb5-47d4-883a-23465274b46a,00000000-0000-0000-0000-000000000001,0eb66abb-0d5d-4e88-a3ff-16776e267d83,4736f247-39f8-400c-b9ea-519dfbb485f6,Salaries,Staff salaries - April 2023,364171.31,2023-04-28,approved,2023-04-28 13:05:23,2023,4,2,17,4,0,0,7,False,False,False,False,False,False,False,True,False,False,12.805382413731207
c01b4194-e8a8-4541-a679-97417ffef679,00000000-0000-0000-0000-000000000001,0eb66abb-0d5d-4e88-a3ff-16776e267d83,4736f247-39f8-400c-b9ea-519dfbb485f6,Utilities,Electricity and water - April 2023,10508.32,2023-04-15,approved,2023-04-15 16:04:56,2023,4,2,15,5,1,0,9,False,False,False,False,False,False,False,False,False,True,9.260017761492401
ef6070b3-ff3a-4dad-99e5-8ce17b73c654,00000000-0000-0000-0000-000000000001,a01b7f2a-d4d0-48bf-bb89-c1040f55587a,7760d86e-b342-473c-8c64-b55d64aa491a,Rent,Monthly office rent - April 2023,83333.99,2023-04-01,approved,2023-04-01 10:44:53,2023,4,2,13,5,1,0,6,False,False,False,False,False,False,True,False,False,False,11.33062378797867
d832030c-1005-44d1-b471-2840a00b60a6,00000000-0000-0000-0000-000000000001,a01b7f2a-d4d0-48bf-bb89-c1040f55587a,f17772cf-7a8e-4e04-aeef-8c148fe1a7e5,Salaries,Staff salaries - April 2023,433901.67,2023-04-28,approved,2023-04-28 11:07:01,2023,4,2,17,4,0,0,7,False,False,False,False,False,False,False,True,False,False,12.980575525259097
8f10715d-e038-4b0f-b7bb-4f3b9ced8d0a,00000000-0000-0000-0000-000000000001,a01b7f2a-d4d0-48bf-bb89-c1040f55587a,9a16d7d2-dc18-4141-a14f-3394de4b98bc,Utilities,Electricity and water - April 2023,28457.03,2023-04-15,approved,2023-04-15 11:25:26,2023,4,2,15,5,1,0,9,False,False,False,False,False,False,False,False,False,True,10.256185649290195
1c9797e1-22f2-45f2-a9cf-714c2cd6fcb9,00000000-0000-0000-0000-000000000001,51fd3682-4888-4a55-92f7-281307c67941,3f0519f3-383c-48a1-8609-f4b51fd5ecd4,Rent,Monthly office rent - May 2023,144557.03,2023-05-01,approved,2023-05-01 15:31:43,2023,5,2,18,0,0,0,6,False,False,False,False,False,False,True,False,False,False,11.881436297613764
3b821d5b-ed3e-4c4d-9f08-321ccb04c7fe,00000000-0000-0000-0000-000000000001,51fd3682-4888-4a55-92f7-281307c67941,ea13a2c7-2a88-40f3-b073-4e507c524f18,Salaries,Staff salaries - May 2023,247780.13,2023-05-28,approved,2023-05-28 09:42:22,2023,5,2,21,6,1,0,7,False,False,False,False,False,False,False,True,False,False,12.420301095156546
930ffee2-5745-49e7-87df-449c09dae5e0,00000000-0000-0000-0000-000000000001,51fd3682-4888-4a55-92f7-281307c67941,f0e9f4da-9ca0-492d-a21e-3f8a819f9184,Utilities,Electricity and water - May 2023,16891.15,2023-05-15,approved,2023-05-15 11:53:14,2023,5,2,20,0,0,0,9,False,False,False,False,False,False,False,False,False,True,9.734604295957576
73ea0bdd-0047-456c-a258-1aeac4d77f1f,00000000-0000-0000-0000-000000000001,0eb66abb-0d5d-4e88-a3ff-16776e267d83,f577e0e3-284e-4c71-8d16-74f51d0fe305,Rent,Monthly office rent - May 2023,158248.61,2023-05-01,approved,2023-05-01 13:01:15,2023,5,2,18,0,0,0,6,False,False,False,False,False,False,True,False,False,False,11.971928875548409
8d4737a8-7f4d-4f30-908c-9e40dea25b57,00000000-0000-0000-0000-000000000001,0eb66abb-0d5d-4e88-a3ff-16776e267d83,163b0e08-1801-4ae5-af8c-f287fbcdff7c,Salaries,Staff salaries - May 2023,654210.24,2023-05-28,approved,2023-05-28 17:52:31,2023,5,2,21,6,1,0,7,False,False,False,False,False,False,False,True,False,False,13.391185575228949
add7161d-03dc-4ed6-a5f4-e8f89e5e8e2f,00000000-0000-0000-0000-000000000001,0eb66abb-0d5d-4e88-a3ff-16776e267d83,eaefa70d-63c2-4537-b86d-2205b826bb2e,Utilities,Electricity and water - May 2023,6106.07,2023-05-15,approved,2023-05-15 15:05:08,2023,5,2,20,0,0,0,9,False,False,False,False,False,False,False,False,False,True,8.71720239541387
d8b4893f-401d-45e2-9a1e-6d9f2ec834cc,00000000-0000-0000-0000-000000000001,a01b7f2a-d4d0-48bf-bb89-c1040f55587a,3f0519f3-383c-48a1-8609-f4b51fd5ecd4,Rent,Monthly office rent - May 2023,123884.39,2023-05-01,approved,2023-05-01 14:42:28,2023,5,2,18,0,0,0,6,False,False,False,False,False,False,True,False,False,False,11.727112142988853
b042d2bd-5eea-4dec-b36b-b1312b18efd9,00000000-0000-0000-0000-000000000001,a01b7f2a-d4d0-48bf-bb89-c1040f55587a,eaefa70d-63c2-4537-b86d-2205b826bb2e,Salaries,Staff salaries - May 2023,605959.65,2023-05-28,approved,2023-05-28 16:08:20,2023,5,2,21,6,1,0,7,False,False,False,False,False,False,False,True,False,False,13.314570328949749
eceb6fe6-ce8e-4c35-b109-4ef8d4daad60,00000000-0000-0000-0000-000000000001,a01b7f2a-d4d0-48bf-bb89-c1040f55587a,3f0519f3-383c-48a1-8609-f4b51fd5ecd4,Utilities,Electricity and water - May 2023,6201.83,2023-05-15,approved,2023-05-15 14:24:02,2023,5,2,20,0,0,0,9,False,False,False,False,False,False,False,False,False,True,8.732760918503738
a8dab5e6-fc92-42fa-8f2d-1d06a405ec7c,00000000-0000-0000-0000-000000000001,51fd3682-4888-4a55-92f7-281307c67941,f577e0e3-284e-4c71-8d16-74f51d0fe305,Rent,Monthly office rent - June 2023,199158.93,2023-06-01,approved,2023-06-01 17:04:34,2023,6,2,22,3,0,0,6,False,False,False,False,False,False,True,False,False,False,12.201863449279857
e5148946-5a70-46a3-aa21-9887d9547026,00000000-0000-0000-0000-000000000001,51fd3682-4888-4a55-92f7-281307c67941,4736f247-39f8-400c-b9ea-519dfbb485f6,Salaries,Staff salaries - June 2023,478749.25,2023-06-28,approved,2023-06-28 15:09:07,2023,6,2,26,2,0,0,7,False,False,False,False,False,False,False,True,False,False,13.078934341670069
145cc9f3-b2ef-4955-bfbc-392b243b00d8,00000000-0000-0000-0000-000000000001,51fd3682-4888-4a55-92f7-281307c67941,aadd1a3f-3f20-499a-b950-51966ac9090c,Utilities,Electricity and water - June 2023,5797.84,2023-06-15,approved,2023-06-15 15:50:46,2023,6,2,24,3,0,0,9,False,False,False,False,False,False,False,False,False,True,8.665413176531844
e1b7a92e-7ade-4a8a-86f4-7d373eacab06,00000000-0000-0000-0000-000000000001,0eb66abb-0d5d-4e88-a3ff-16776e267d83,9a16d7d2-dc18-4141-a14f-3394de4b98bc,Rent,Monthly office rent - June 2023,198778.44,2023-06-01,approved,2023-06-01 17:22:23,2023,6,2,22,3,0,0,6,False,False,False,False,False,False,True,False,False,False,12.1999511473332
3a8b0151-42c7-425c-8634-e219cd568b44,00000000-0000-0000-0000-000000000001,0eb66abb-0d5d-4e88-a3ff-16776e267d83,ea13a2c7-2a88-40f3-b073-4e507c524f18,Salaries,Staff salaries - June 2023,324490.09,2023-06-28,approved,2023-06-28 14:56:50,2023,6,2,26,2,0,0,7,False,False,False,False,False,False,False,True,False,False,12.690013357122195
1c158349-2af7-4853-80d0-6ad45e305294,00000000-0000-0000-0000-000000000001,0eb66abb-0d5d-4e88-a3ff-16776e267d83,5a96b78c-2c6b-4aaa-88b5-7c7485705113,Utilities,Electricity and water - June 2023,20315.3,2023-06-15,approved,2023-06-15 15:59:24,2023,6,2,24,3,0,0,9,False,False,False,False,False,False,False,False,False,True,9.919178798498464
1799c62f-d247-401a-85e3-42ea1d5e9c8a,00000000-0000-0000-0000-000000000001,a01b7f2a-d4d0-48bf-bb89-c1040f55587a,f0e9f4da-9ca0-492d-a21e-3f8a819f9184,Rent,Monthly office rent - June 2023,91013.04,2023-06-01,approved,2023-06-01 14:27:47,2023,6,2,22,3,0,0,6,False,False,False,False,False,False,True,False,False,False,11.418769059312456
c836e79a-c044-4b8d-8494-59a9f733ec9b,00000000-0000-0000-0000-000000000001,a01b7f2a-d4d0-48bf-bb89-c1040f55587a,5a96b78c-2c6b-4aaa-88b5-7c7485705113,Salaries,Staff salaries - June 2023,465792.02,2023-06-28,approved,2023-06-28 13:53:55,2023,6,2,26,2,0,0,7,False,False,False,False,False,False,False,True,False,False,13.05149665134801
f11c8fb7-ab1c-4150-b7d3-14ca8a29b44c,00000000-0000-0000-0000-000000000001,a01b7f2a-d4d0-48bf-bb89-c1040f55587a,4736f247-39f8-400c-b9ea-519dfbb485f6,Utilities,Electricity and water - June 2023,18927.14,2023-06-15,approved,2023-06-15 17:35:28,2023,6,2,24,3,0,0,9,False,False,False,False,False,False,False,False,False,True,9.848404982640519
cfe7a180-f21e-459e-8645-a54b9d6949e6,00000000-0000-0000-0000-000000000001,51fd3682-4888-4a55-92f7-281307c67941,f17772cf-7a8e-4e04-aeef-8c148fe1a7e5,Rent,Monthly office rent - July 2023,164592.77,2023-07-01,approved,2023-07-01 10:43:40,2023,7,3,26,5,1,0,6,False,False,False,False,False,False,True,False,False,False,12.011235717177088
537a9735-feab-40e2-a959-8a894ab1cc76,00000000-0000-0000-0000-000000000001,51fd3682-4888-4a55-92f7-281307c67941,f0e9f4da-9ca0-492d-a21e-3f8a819f9184,Salaries,Staff salaries - July 2023,414836.58,2023-07-28,approved,2023-07-28 13:58:44,2023,7,3,30,4,0,0,7,False,False,False,False,False,False,False,True,False,False,12.935642349112266
9a5718e6-b9dd-4220-98ad-b3be4dd9bd33,00000000-0000-0000-0000-000000000001,51fd3682-4888-4a55-92f7-281307c67941,7760d86e-b342-473c-8c64-b55d64aa491a,Utilities,Electricity and water - July 2023,10140.52,2023-07-15,approved,2023-07-15 12:10:44,2023,7,3,28,5,1,0,9,False,False,False,False,False,False,False,False,False,True,9.224393167291755
b93c58c2-2949-4746-8ea9-eef59eb8eed0,00000000-0000-0000-0000-000000000001,0eb66abb-0d5d-4e88-a3ff-16776e267d83,163b0e08-1801-4ae5-af8c-f287fbcdff7c,Rent,Monthly office rent - July 2023,53685.58,2023-07-01,approved,2023-07-01 18:46:45,2023,7,3,26,5,1,0,6,False,False,False,False,False,False,True,False,False,False,10.890918342374896
0c07ad94-039c-4f03-bc22-40e9cc2b8357,00000000-0000-0000-0000-000000000001,0eb66abb-0d5d-4e88-a3ff-16776e267d83,aadd1a3f-3f20-499a-b950-51966ac9090c,Salaries,Staff salaries - July 2023,639541.63,2023-07-28,approved,2023-07-28 17:33:49,2023,7,3,30,4,0,0,7,False,False,False,False,False,False,False,True,False,False,13.36850855923352
8cf39435-d795-43fc-86da-129e38e4596c,00000000-0000-0000-0000-000000000001,0eb66abb-0d5d-4e88-a3ff-16776e267d83,f17772cf-7a8e-4e04-aeef-8c148fe1a7e5,Utilities,Electricity and water - July 2023,23812.87,2023-07-15,approved,2023-07-15 10:15:48,2023,7,3,28,5,1,0,9,False,False,False,False,False,False,False,False,False,True,10.078023463022507
7c72b353-130d-4995-a272-bdd3b46da387,00000000-0000-0000-0000-000000000001,a01b7f2a-d4d0-48bf-bb89-c1040f55587a,163b0e08-1801-4ae5-af8c-f287fbcdff7c,Rent,Monthly office rent - July 2023,52603.37,2023-07-01,approved,2023-07-01 08:25:24,2023,7,3,26,5,1,0,6,False,False,False,False,False,False,True,False,False,False,10.87055447512277
af2ab00a-0675-4851-95c4-58b4aa2c5e52,00000000-0000-0000-0000-000000000001,a01b7f2a-d4d0-48bf-bb89-c1040f55587a,4736f247-39f8-400c-b9ea-519dfbb485f6,Salaries,Staff salaries - July 2023,604468.7,2023-07-28,approved,2023-07-28 09:56:55,2023,7,3,30,4,0,0,7,False,False,False,False,False,False,False,True,False,False,13.312106823711252
87c06768-395a-4753-8b25-8be3c576909a,00000000-0000-0000-0000-000000000001,a01b7f2a-d4d0-48bf-bb89-c1040f55587a,3f0519f3-383c-48a1-8609-f4b51fd5ecd4,Utilities,Electricity and water - July 2023,7190.29,2023-07-15,approved,2023-07-15 13:29:57,2023,7,3,28,5,1,0,9,False,False,False,False,False,False,False,False,False,True,8.880625850477347
7fe4a2b8-267b-4fdf-8cd7-14b0f18c0fd1,00000000-0000-0000-0000-000000000001,51fd3682-4888-4a55-92f7-281307c67941,ea13a2c7-2a88-40f3-b073-4e507c524f18,Rent,Monthly office rent - August 2023,140165.44,2023-08-01,approved,2023-08-01 15:49:11,2023,8,3,31,1,0,0,6,False,False,False,False,False,False,True,False,False,False,11.850585852603249
9f72cbf2-3cbc-42bb-a4dc-ceb62aea265d,00000000-0000-0000-0000-000000000001,51fd3682-4888-4a55-92f7-281307c67941,3f0519f3-383c-48a1-8609-f4b51fd5ecd4,Salaries,Staff salaries - August 2023,769867.81,2023-08-28,approved,2023-08-28 16:44:04,2023,8,3,35,0,0,0,7,False,False,False,False,False,False,False,True,False,False,13.553975402690744
3e915df4-86dd-4839-812f-5b973adfed2d,00000000-0000-0000-0000-000000000001,51fd3682-4888-4a55-92f7-281307c67941,aadd1a3f-3f20-499a-b950-51966ac9090c,Utilities,Electricity and water - August 2023,6380.43,2023-08-15,approved,2023-08-15 13:06:51,2023,8,3,33,1,0,0,9,False,False,False,False,False,False,False,False,False,True,8.761147489154716
b1af90f5-4f29-460e-9438-1f75565d58a8,00000000-0000-0000-0000-000000000001,0eb66abb-0d5d-4e88-a3ff-16776e267d83,5a96b78c-2c6b-4aaa-88b5-7c7485705113,Rent,Monthly office rent - August 2023,78638.75,2023-08-01,approved,2023-08-01 18:20:56,2023,8,3,31,1,0,0,6,False,False,False,False,False,False,True,False,False,False,11.272632575772251
d7c91344-4691-49c4-ba6a-a2737b6795e4,00000000-0000-0000-0000-000000000001,0eb66abb-0d5d-4e88-a3ff-16776e267d83,5a96b78c-2c6b-4aaa-88b5-7c7485705113,Salaries,Staff salaries - August 2023,431578.48,2023-08-28,approved,2023-08-28 16:49:45,2023,8,3,35,0,0,0,7,False,False,False,False,False,False,False,True,False,False,12.975206967213621
8cc76da7-116b-4fe3-bb96-ae125586614b,00000000-0000-0000-0000-000000000001,0eb66abb-0d5d-4e88-a3ff-16776e267d83,aadd1a3f-3f20-499a-b950-51966ac9090c,Utilities,Electricity and water - August 2023,25572.41,2023-08-15,approved,2023-08-15 12:54:05,2023,8,3,33,1,0,0,9,False,False,False,False,False,False,False,False,False,True,10.14930841879921
4ab161a3-f202-4300-a6a0-47cae00ab706,00000000-0000-0000-0000-000000000001,a01b7f2a-d4d0-48bf-bb89-c1040f55587a,ea13a2c7-2a88-40f3-b073-4e507c524f18,Rent,Monthly office rent - August 2023,143550.25,2023-08-01,approved,2023-08-01 14:38:15,2023,8,3,31,1,0,0,6,False,False,False,False,False,False,True,False,False,False,11.874447393278626
362a4f70-27dc-436b-af07-fcedcce9b167,00000000-0000-0000-0000-000000000001,a01b7f2a-d4d0-48bf-bb89-c1040f55587a,f17772cf-7a8e-4e04-aeef-8c148fe1a7e5,Salaries,Staff salaries - August 2023,531316.63,2023-08-28,approved,2023-08-28 18:44:10,2023,8,3,35,0,0,0,7,False,False,False,False,False,False,False,True,False,False,13.183115294647768
39f02a76-5dd4-413a-b46e-3c4706864219,00000000-0000-0000-0000-000000000001,a01b7f2a-d4d0-48bf-bb89-c1040f55587a,3f0519f3-383c-48a1-8609-f4b51fd5ecd4,Utilities,Electricity and water - August 2023,27431.24,2023-08-15,approved,2023-08-15 16:15:58,2023,8,3,33,1,0,0,9,False,False,False,False,False,False,False,False,False,True,10.219474243010872
714703bc-0643-4872-9249-0960d6fcf10d,00000000-0000-0000-0000-000000000001,51fd3682-4888-4a55-92f7-281307c67941,ea13a2c7-2a88-40f3-b073-4e507c524f18,Rent,Monthly office rent - September 2023,153816.19,2023-09-01,approved,2023-09-01 16:10:44,2023,9,3,35,4,0,0,6,False,False,False,False,False,False,True,False,False,False,11.943520098338603
02c477ef-ca00-417f-a8d3-defb38da4ff7,00000000-0000-0000-0000-000000000001,51fd3682-4888-4a55-92f7-281307c67941,3f0519f3-383c-48a1-8609-f4b51fd5ecd4,Salaries,Staff salaries - September 2023,560690.95,2023-09-28,approved,2023-09-28 12:02:36,2023,9,3,39,3,0,0,7,False,False,False,False,False,False,False,True,False,False,13.236926924955018
d71bd234-0f8d-490c-ba7b-bc7f2ad94c19,00000000-0000-0000-0000-000000000001,51fd3682-4888-4a55-92f7-281307c67941,3f0519f3-383c-48a1-8609-f4b51fd5ecd4,Utilities,Electricity and water - September 2023,29037.03,2023-09-15,approved,2023-09-15 08:28:18,2023,9,3,37,4,0,0,9,False,False,False,False,False,False,False,False,False,True,10.276361629172102
df3cbc65-d1a0-4cea-8113-9445eb53834b,00000000-0000-0000-0000-000000000001,0eb66abb-0d5d-4e88-a3ff-16776e267d83,3f0519f3-383c-48a1-8609-f4b51fd5ecd4,Rent,Monthly office rent - September 2023,59720.71,2023-09-01,approved,2023-09-01 09:43:55,2023,9,3,35,4,0,0,6,False,False,False,False,False,False,True,False,False,False,10.997450884866769
71ae4490-1476-45ff-9ec3-b349d4b20c07,00000000-0000-0000-0000-000000000001,0eb66abb-0d5d-4e88-a3ff-16776e267d83,9a16d7d2-dc18-4141-a14f-3394de4b98bc,Salaries,Staff salaries - September 2023,751804.65,2023-09-28,approved,2023-09-28 11:07:00,2023,9,3,39,3,0,0,7,False,False,False,False,False,False,False,True,False,False,13.530233125380596
76ac9505-099a-4d91-922c-0517e428b73d,00000000-0000-0000-0000-000000000001,0eb66abb-0d5d-4e88-a3ff-16776e267d83,f0e9f4da-9ca0-492d-a21e-3f8a819f9184,Utilities,Electricity and water - September 2023,11772.89,2023-09-15,approved,2023-09-15 17:58:20,2023,9,3,37,4,0,0,9,False,False,False,False,False,False,False,False,False,True,9.373639646925234
06d65584-c19f-45fc-a508-cbf166d4bb7f,00000000-0000-0000-0000-000000000001,a01b7f2a-d4d0-48bf-bb89-c1040f55587a,f0e9f4da-9ca0-492d-a21e-3f8a819f9184,Rent,Monthly office rent - September 2023,70720.9,2023-09-01,approved,2023-09-01 16:27:41,2023,9,3,35,4,0,0,6,False,False,False,False,False,False,True,False,False,False,11.166510563466463
9d682ceb-4a20-45fd-a673-47b285a1703c,00000000-0000-0000-0000-000000000001,a01b7f2a-d4d0-48bf-bb89-c1040f55587a,ea13a2c7-2a88-40f3-b073-4e507c524f18,Salaries,Staff salaries - September 2023,457316.6,2023-09-28,approved,2023-09-28 09:49:02,2023,9,3,39,3,0,0,7,False,False,False,False,False,False,False,True,False,False,13.033133395675723
a16e147a-eee1-4b6b-9838-f03c27971329,00000000-0000-0000-0000-000000000001,a01b7f2a-d4d0-48bf-bb89-c1040f55587a,f17772cf-7a8e-4e04-aeef-8c148fe1a7e5,Utilities,Electricity and water - September 2023,27923.24,2023-09-15,approved,2023-09-15 12:24:49,2023,9,3,37,4,0,0,9,False,False,False,False,False,False,False,False,False,True,10.237250407810555
6b676f64-2b31-4ab3-a48c-9c93a97ed1ef,00000000-0000-0000-0000-000000000001,51fd3682-4888-4a55-92f7-281307c67941,3f0519f3-383c-48a1-8609-f4b51fd5ecd4,Rent,Monthly office rent - October 2023,63024.77,2023-10-01,approved,2023-10-01 17:36:03,2023,10,4,39,6,1,0,6,False,False,False,False,False,False,True,False,False,False,11.051298969355546
1f4d9aa5-4d9a-40c3-b22a-469b582a4cb2,00000000-0000-0000-0000-000000000001,51fd3682-4888-4a55-92f7-281307c67941,4736f247-39f8-400c-b9ea-519dfbb485f6,Salaries,Staff salaries - October 2023,455896.42,2023-10-28,approved,2023-10-28 11:39:56,2023,10,4,43,5,1,0,7,False,False,False,False,False,False,False,True,False,False,13.030023107049745
16145a95-68bd-4903-bfec-d610e5c6f3b4,00000000-0000-0000-0000-000000000001,51fd3682-4888-4a55-92f7-281307c67941,163b0e08-1801-4ae5-af8c-f287fbcdff7c,Utilities,Electricity and water - October 2023,19627.07,2023-10-15,approved,2023-10-15 08:20:34,2023,10,4,41,6,1,0,9,False,False,False,False,False,False,False,False,False,True,9.884715963537243
fe67407b-acdb-48e0-98a3-3f5445768be2,00000000-0000-0000-0000-000000000001,0eb66abb-0d5d-4e88-a3ff-16776e267d83,f577e0e3-284e-4c71-8d16-74f51d0fe305,Rent,Monthly office rent - October 2023,131184.57,2023-10-01,approved,2023-10-01 11:38:51,2023,10,4,39,6,1,0,6,False,False,False,False,False,False,True,False,False,False,11.784368164687262
a5d10b49-8f50-4b6d-9503-0c9339725450,00000000-0000-0000-0000-000000000001,0eb66abb-0d5d-4e88-a3ff-16776e267d83,f577e0e3-284e-4c71-8d16-74f51d0fe305,Salaries,Staff salaries - October 2023,719508.5,2023-10-28,approved,2023-10-28 11:02:24,2023,10,4,43,5,1,0,7,False,False,False,False,False,False,False,True,False,False,13.486325008836014
8f75c335-2f50-4600-88b1-a58874bd388d,00000000-0000-0000-0000-000000000001,0eb66abb-0d5d-4e88-a3ff-16776e267d83,163b0e08-1801-4ae5-af8c-f287fbcdff7c,Utilities,Electricity and water - October 2023,17480.29,2023-10-15,approved,2023-10-15 10:00:07,2023,10,4,41,6,1,0,9,False,False,False,False,False,False,False,False,False,True,9.768886445113544
bd9509cf-b2d7-45d0-a293-3e484e03e49e,00000000-0000-0000-0000-000000000001,a01b7f2a-d4d0-48bf-bb89-c1040f55587a,f0e9f4da-9ca0-492d-a21e-3f8a819f9184,Rent,Monthly office rent - October 2023,104133.62,2023-10-01,approved,2023-10-01 09:05:17,2023,10,4,39,6,1,0,6,False,False,False,False,False,False,True,False,False,False,11.55343976415713
f434c5ce-6a86-4013-8be7-1ab0a21268e4,00000000-0000-0000-0000-000000000001,a01b7f2a-d4d0-48bf-bb89-c1040f55587a,eaefa70d-63c2-4537-b86d-2205b826bb2e,Salaries,Staff salaries - October 2023,691537.31,2023-10-28,approved,2023-10-28 17:51:45,2023,10,4,43,5,1,0,7,False,False,False,False,False,False,False,True,False,False,13.446673829853873
635e342b-d2bc-41cc-9fce-01c0ea5ea685,00000000-0000-0000-0000-000000000001,a01b7f2a-d4d0-48bf-bb89-c1040f55587a,5a96b78c-2c6b-4aaa-88b5-7c7485705113,Utilities,Electricity and water - October 2023,28150.9,2023-10-15,approved,2023-10-15 10:42:11,2023,10,4,41,6,1,0,9,False,False,False,False,False,False,False,False,False,True,10.245370126849616
5b71bbcf-b780-4f11-8ec6-5ad0c685a2aa,00000000-0000-0000-0000-000000000001,51fd3682-4888-4a55-92f7-281307c67941,3f0519f3-383c-48a1-8609-f4b51fd5ecd4,Rent,Monthly office rent - November 2023,125908.67,2023-11-01,approved,2023-11-01 10:23:13,2023,11,4,44,2,0,0,6,False,False,False,False,False,False,True,False,False,False,11.743320024072608
8ffb61c9-76c2-441b-8009-4696842b25a8,00000000-0000-0000-0000-000000000001,51fd3682-4888-4a55-92f7-281307c67941,aadd1a3f-3f20-499a-b950-51966ac9090c,Salaries,Staff salaries - November 2023,246217.78,2023-11-28,approved,2023-11-28 09:33:42,2023,11,4,48,1,0,0,7,False,False,False,False,False,False,False,True,False,False,12.413975769270964
7b7011b0-45e0-415b-a3ca-1bf933ec9f4e,00000000-0000-0000-0000-000000000001,51fd3682-4888-4a55-92f7-281307c67941,f0e9f4da-9ca0-492d-a21e-3f8a819f9184,Utilities,Electricity and water - November 2023,29430.49,2023-11-15,approved,2023-11-15 13:58:42,2023,11,4,46,2,0,0,9,False,False,False,False,False,False,False,False,False,True,10.289820468556195
86864e76-fb4c-4d6c-8218-82507c497949,00000000-0000-0000-0000-000000000001,0eb66abb-0d5d-4e88-a3ff-16776e267d83,aadd1a3f-3f20-499a-b950-51966ac9090c,Rent,Monthly office rent - November 2023,159269.61,2023-11-01,approved,2023-11-01 10:58:59,2023,11,4,44,2,0,0,6,False,False,False,False,False,False,True,False,False,False,11.97835998421275
48159545-ab14-432b-9a47-e34e737afeef,00000000-0000-0000-0000-000000000001,0eb66abb-0d5d-4e88-a3ff-16776e267d83,f17772cf-7a8e-4e04-aeef-8c148fe1a7e5,Salaries,Staff salaries - November 2023,757242.05,2023-11-28,approved,2023-11-28 15:01:18,2023,11,4,48,1,0,0,7,False,False,False,False,False,False,False,True,False,False,13.53743955090085
bf0b2c73-ab40-4b68-baf0-5dee64026483,00000000-0000-0000-0000-000000000001,0eb66abb-0d5d-4e88-a3ff-16776e267d83,f17772cf-7a8e-4e04-aeef-8c148fe1a7e5,Utilities,Electricity and water - November 2023,21520.94,2023-11-15,approved,2023-11-15 17:08:18,2023,11,4,46,2,0,0,9,False,False,False,False,False,False,False,False,False,True,9.976828158911456
166e1081-cab0-45b7-859d-3ff3a4ccffff,00000000-0000-0000-0000-000000000001,a01b7f2a-d4d0-48bf-bb89-c1040f55587a,4736f247-39f8-400c-b9ea-519dfbb485f6,Rent,Monthly office rent - November 2023,69803.27,2023-11-01,approved,2023-11-01 15:47:34,2023,11,4,44,2,0,0,6,False,False,False,False,False,False,True,False,False,False,11.153450461664463
181418bf-6e50-48a2-8f8f-61dc6d6842b9,00000000-0000-0000-0000-000000000001,a01b7f2a-d4d0-48bf-bb89-c1040f55587a,3f0519f3-383c-48a1-8609-f4b51fd5ecd4,Salaries,Staff salaries - November 2023,785564.05,2023-11-28,approved,2023-11-28 10:03:20,2023,11,4,48,1,0,0,7,False,False,False,False,False,False,False,True,False,False,13.574158546743554
e478c95a-edfa-443e-82a3-7c9b34d7cb59,00000000-0000-0000-0000-000000000001,a01b7f2a-d4d0-48bf-bb89-c1040f55587a,7760d86e-b342-473c-8c64-b55d64aa491a,Utilities,Electricity and water - November 2023,17121.4,2023-11-15,approved,2023-11-15 16:12:06,2023,11,4,46,2,0,0,9,False,False,False,False,False,False,False,False,False,True,9.748142826786353
68f1e30c-f8f6-4163-9a34-d15e67fb8051,00000000-0000-0000-0000-000000000001,51fd3682-4888-4a55-92f7-281307c67941,f577e0e3-284e-4c71-8d16-74f51d0fe305,Rent,Monthly office rent - December 2023,70829.43,2023-12-01,approved,2023-12-01 08:00:33,2023,12,4,48,4,0,0,6,False,False,False,False,False,False,True,False,False,False,11.168043989603165
f085e47a-6416-48ba-8e42-398414450508,00000000-0000-0000-0000-000000000001,51fd3682-4888-4a55-92f7-281307c67941,5a96b78c-2c6b-4aaa-88b5-7c7485705113,Salaries,Staff salaries - December 2023,677934.18,2023-12-28,approved,2023-12-28 15:21:50,2023,12,4,52,3,0,0,7,False,False,False,False,False,False,False,True,False,False,13.426806957632346
1fb6eddb-58ee-4909-b538-d5befd7a07ec,00000000-0000-0000-0000-000000000001,51fd3682-4888-4a55-92f7-281307c67941,f577e0e3-284e-4c71-8d16-74f51d0fe305,Utilities,Electricity and water - December 2023,9979.6,2023-12-15,approved,2023-12-15 16:21:02,2023,12,4,50,4,0,0,9,False,False,False,False,False,False,False,False,False,True,9.208398487738842
10832fa1-8b2b-43fe-8f52-5eae148c599f,00000000-0000-0000-0000-000000000001,0eb66abb-0d5d-4e88-a3ff-16776e267d83,f17772cf-7a8e-4e04-aeef-8c148fe1a7e5,Rent,Monthly office rent - December 2023,110176.53,2023-12-01,approved,2023-12-01 10:01:49,2023,12,4,48,4,0,0,6,False,False,False,False,False,False,True,False,False,False,11.609848252913743
eea51863-a3f3-435f-8efc-ce90a876caab,00000000-0000-0000-0000-000000000001,0eb66abb-0d5d-4e88-a3ff-16776e267d83,f17772cf-7a8e-4e04-aeef-8c148fe1a7e5,Salaries,Staff salaries - December 2023,454500.23,2023-12-28,approved,2023-12-28 15:16:43,2023,12,4,52,3,0,0,7,False,False,False,False,False,False,False,True,False,False,13.026955898866635
d156694c-7185-4838-a1bc-54ad72839db1,00000000-0000-0000-0000-000000000001,0eb66abb-0d5d-4e88-a3ff-16776e267d83,9a16d7d2-dc18-4141-a14f-3394de4b98bc,Utilities,Electricity and water - December 2023,14493.3,2023-12-15,approved,2023-12-15 15:11:07,2023,12,4,50,4,0,0,9,False,False,False,False,False,False,False,False,False,True,9.581510747674974
d58f7876-2266-4500-b52b-3ac0e1bfd224,00000000-0000-0000-0000-000000000001,a01b7f2a-d4d0-48bf-bb89-c1040f55587a,4736f247-39f8-400c-b9ea-519dfbb485f6,Rent,Monthly office rent - December 2023,124491.44,2023-12-01,approved,2023-12-01 17:07:56,2023,12,4,48,4,0,0,6,False,False,False,False,False,False,True,False,False,False,11.732000270151623
59b97c15-64b0-4df4-9c5f-6219324f9b6a,00000000-0000-0000-0000-000000000001,a01b7f2a-d4d0-48bf-bb89-c1040f55587a,f577e0e3-284e-4c71-8d16-74f51d0fe305,Salaries,Staff salaries - December 2023,665972.84,2023-12-28,approved,2023-12-28 13:52:01,2023,12,4,52,3,0,0,7,False,False,False,False,False,False,False,True,False,False,13.409005669471796
6b9c5d24-8463-441f-9020-cb5690e20dfd,00000000-0000-0000-0000-000000000001,a01b7f2a-d4d0-48bf-bb89-c1040f55587a,f577e0e3-284e-4c71-8d16-74f51d0fe305,Utilities,Electricity and water - December 2023,28476.75,2023-12-15,approved,2023-12-15 16:31:23,2023,12,4,50,4,0,0,9,False,False,False,False,False,False,False,False,False,True,10.256878359596037
26f47c81-73e7-4854-9a0a-d48fad8325ed,00000000-0000-0000-0000-000000000001,51fd3682-4888-4a55-92f7-281307c67941,f577e0e3-284e-4c71-8d16-74f51d0fe305,Rent,Monthly office rent - January 2024,190936.09,2024-01-01,approved,2024-01-01 16:35:43,2024,1,1,1,0,0,0,6,False,False,False,False,False,False,True,False,False,False,12.159699281046237
2b42c556-f590-46e5-8935-08e95a13d018,00000000-0000-0000-0000-000000000001,51fd3682-4888-4a55-92f7-281307c67941,7760d86e-b342-473c-8c64-b55d64aa491a,Salaries,Staff salaries - January 2024,430661.28,2024-01-28,approved,2024-01-28 11:48:30,2024,1,1,4,6,1,0,7,False,False,False,False,False,False,False,True,False,False,12.973079488846185
da3251be-0090-4ca5-9eb7-22e0c3c8dbae,00000000-0000-0000-0000-000000000001,51fd3682-4888-4a55-92f7-281307c67941,7760d86e-b342-473c-8c64-b55d64aa491a,Utilities,Electricity and water - January 2024,6594.21,2024-01-15,approved,2024-01-15 16:31:22,2024,1,1,3,0,0,0,9,False,False,False,False,False,False,False,False,False,True,8.794098906949236
ddc107ea-cbd1-450f-839d-f245719422e0,00000000-0000-0000-0000-000000000001,0eb66abb-0d5d-4e88-a3ff-16776e267d83,163b0e08-1801-4ae5-af8c-f287fbcdff7c,Rent,Monthly office rent - January 2024,169943.64,2024-01-01,approved,2024-01-01 11:50:13,2024,1,1,1,0,0,0,6,False,False,False,False,False,False,True,False,False,False,12.043228015939057
4e3b1ff3-60af-4899-9efc-9fb64d7896e2,00000000-0000-0000-0000-000000000001,0eb66abb-0d5d-4e88-a3ff-16776e267d83,3f0519f3-383c-48a1-8609-f4b51fd5ecd4,Salaries,Staff salaries - January 2024,249585.59,2024-01-28,approved,2024-01-28 15:18:01,2024,1,1,4,6,1,0,7,False,False,False,False,False,False,False,True,False,False,12.42756118807258
bdb430ad-e9ad-49f3-bc30-d4f5f814aa31,00000000-0000-0000-0000-000000000001,0eb66abb-0d5d-4e88-a3ff-16776e267d83,eaefa70d-63c2-4537-b86d-2205b826bb2e,Utilities,Electricity and water - January 2024,24790.12,2024-01-15,approved,2024-01-15 10:39:17,2024,1,1,3,0,0,0,9,False,False,False,False,False,False,False,False,False,True,10.118240803516539
f97f4433-420a-4aa3-b975-5a747b8f7c94,00000000-0000-0000-0000-000000000001,a01b7f2a-d4d0-48bf-bb89-c1040f55587a,3f0519f3-383c-48a1-8609-f4b51fd5ecd4,Rent,Monthly office rent - January 2024,181360.2,2024-01-01,approved,2024-01-01 09:14:18,2024,1,1,1,0,0,0,6,False,False,False,False,False,False,True,False,False,False,12.10824590183354
78316b63-75b1-411e-957d-59c06a082884,00000000-0000-0000-0000-000000000001,a01b7f2a-d4d0-48bf-bb89-c1040f55587a,9a16d7d2-dc18-4141-a14f-3394de4b98bc,Salaries,Staff salaries - January 2024,626638.26,2024-01-28,approved,2024-01-28 15:02:55,2024,1,1,4,6,1,0,7,False,False,False,False,False,False,False,True,False,False,13.348126311139108
f82f9446-8e40-4100-b8fa-3e0054aff0be,00000000-0000-0000-0000-000000000001,a01b7f2a-d4d0-48bf-bb89-c1040f55587a,f17772cf-7a8e-4e04-aeef-8c148fe1a7e5,Utilities,Electricity and water - January 2024,8730.04,2024-01-15,approved,2024-01-15 10:54:31,2024,1,1,3,0,0,0,9,False,False,False,False,False,False,False,False,False,True,9.074639771177017
e84730f4-1e58-4b12-b16a-c6730ca7073c,00000000-0000-0000-0000-000000000001,51fd3682-4888-4a55-92f7-281307c67941,ea13a2c7-2a88-40f3-b073-4e507c524f18,Rent,Monthly office rent - February 2024,109793.51,2024-02-01,approved,2024-02-01 18:33:42,2024,2,1,5,3,0,0,6,False,False,False,False,False,False,True,False,False,False,11.606365806807526
4e05eb82-6650-46c8-9240-6b5e37326ecb,00000000-0000-0000-0000-000000000001,51fd3682-4888-4a55-92f7-281307c67941,eaefa70d-63c2-4537-b86d-2205b826bb2e,Salaries,Staff salaries - February 2024,493668.25,2024-02-28,approved,2024-02-28 14:28:13,2024,2,1,9,2,0,0,7,False,False,False,False,False,False,False,True,False,False,13.109621037518844
b645854f-bc50-421b-8581-69c50add145b,00000000-0000-0000-0000-000000000001,51fd3682-4888-4a55-92f7-281307c67941,7760d86e-b342-473c-8c64-b55d64aa491a,Utilities,Electricity and water - February 2024,23034.1,2024-02-15,approved,2024-02-15 15:13:54,2024,2,1,7,3,0,0,9,False,False,False,False,False,False,False,False,False,True,10.044774418580477
b5c27c42-8982-493f-8729-061354b6440a,00000000-0000-0000-0000-000000000001,0eb66abb-0d5d-4e88-a3ff-16776e267d83,3f0519f3-383c-48a1-8609-f4b51fd5ecd4,Rent,Monthly office rent - February 2024,177860.53,2024-02-01,approved,2024-02-01 18:40:53,2024,2,1,5,3,0,0,6,False,False,False,False,False,False,True,False,False,False,12.088760605188082
2f01bfb5-e912-4954-84fa-c1d4837cfbc5,00000000-0000-0000-0000-000000000001,0eb66abb-0d5d-4e88-a3ff-16776e267d83,eaefa70d-63c2-4537-b86d-2205b826bb2e,Salaries,Staff salaries - February 2024,752708.46,2024-02-28,approved,2024-02-28 15:56:51,2024,2,1,9,2,0,0,7,False,False,False,False,False,False,False,True,False,False,13.53143458903186
e24c52f7-6da5-45fe-bff2-ac7f7051e2f3,00000000-0000-0000-0000-000000000001,0eb66abb-0d5d-4e88-a3ff-16776e267d83,4736f247-39f8-400c-b9ea-519dfbb485f6,Utilities,Electricity and water - February 2024,28807.0,2024-02-15,approved,2024-02-15 15:52:29,2024,2,1,7,3,0,0,9,False,False,False,False,False,False,False,False,False,True,10.268408405328712
05cb87e6-31fc-4eff-a027-821637a3d0d7,00000000-0000-0000-0000-000000000001,a01b7f2a-d4d0-48bf-bb89-c1040f55587a,163b0e08-1801-4ae5-af8c-f287fbcdff7c,Rent,Monthly office rent - February 2024,59508.13,2024-02-01,approved,2024-02-01 11:25:18,2024,2,1,5,3,0,0,6,False,False,False,False,False,False,True,False,False,False,10.993885025140335
0d1cda9a-a957-4be1-90eb-b870fcd29593,00000000-0000-0000-0000-000000000001,a01b7f2a-d4d0-48bf-bb89-c1040f55587a,ea13a2c7-2a88-40f3-b073-4e507c524f18,Salaries,Staff salaries - February 2024,200745.34,2024-02-28,approved,2024-02-28 18:40:44,2024,2,1,9,2,0,0,7,False,False,False,False,False,False,False,True,False,False,12.209797400011428
5dfc3b6e-4fc4-440c-b7ba-2492e9a0627d,00000000-0000-0000-0000-000000000001,a01b7f2a-d4d0-48bf-bb89-c1040f55587a,7760d86e-b342-473c-8c64-b55d64aa491a,Utilities,Electricity and water - February 2024,15766.43,2024-02-15,approved,2024-02-15 14:35:00,2024,2,1,7,3,0,0,9,False,False,False,False,False,False,False,False,False,True,9.665701699016298
a5e456e1-cac8-4489-871e-affe2b4b2624,00000000-0000-0000-0000-000000000001,51fd3682-4888-4a55-92f7-281307c67941,7760d86e-b342-473c-8c64-b55d64aa491a,Rent,Monthly office rent - March 2024,139734.38,2024-03-01,approved,2024-03-01 15:55:55,2024,3,1,9,4,0,0,6,False,False,False,False,False,False,True,False,False,False,11.84750577016016
05f54ebe-700d-4233-8b53-d4fc6189ec78,00000000-0000-0000-0000-000000000001,51fd3682-4888-4a55-92f7-281307c67941,3f0519f3-383c-48a1-8609-f4b51fd5ecd4,Salaries,Staff salaries - March 2024,744464.6,2024-03-28,approved,2024-03-28 15:44:44,2024,3,1,13,3,0,0,7,False,False,False,False,False,False,False,True,False,False,13.520421924531641
10f66878-0123-4acb-a0f9-d213be06218f,00000000-0000-0000-0000-000000000001,51fd3682-4888-4a55-92f7-281307c67941,163b0e08-1801-4ae5-af8c-f287fbcdff7c,Utilities,Electricity and water - March 2024,29823.21,2024-03-15,approved,2024-03-15 18:30:40,2024,3,1,11,4,0,0,9,False,False,False,False,False,False,False,False,False,True,10.303075758769541
3262e8c0-99cb-43fc-accf-655bca4078cf,00000000-0000-0000-0000-000000000001,0eb66abb-0d5d-4e88-a3ff-16776e267d83,ea13a2c7-2a88-40f3-b073-4e507c524f18,Rent,Monthly office rent - March 2024,86967.82,2024-03-01,approved,2024-03-01 10:28:00,2024,3,1,9,4,0,0,6,False,False,False,False,False,False,True,False,False,False,11.37330494259479
e7c3fbca-2873-4d4b-8ad3-ba875f0ce938,00000000-0000-0000-0000-000000000001,0eb66abb-0d5d-4e88-a3ff-16776e267d83,ea13a2c7-2a88-40f3-b073-4e507c524f18,Salaries,Staff salaries - March 2024,410549.86,2024-03-28,approved,2024-03-28 10:07:09,2024,3,1,13,3,0,0,7,False,False,False,False,False,False,False,True,False,False,12.925255097885685
94eeb30a-e87b-42d2-9a78-ab06f4dfea61,00000000-0000-0000-0000-000000000001,0eb66abb-0d5d-4e88-a3ff-16776e267d83,5a96b78c-2c6b-4aaa-88b5-7c7485705113,Utilities,Electricity and water - March 2024,18679.82,2024-03-15,approved,2024-03-15 08:29:35,2024,3,1,11,4,0,0,9,False,False,False,False,False,False,False,False,False,True,9.835252608035653
7088d42e-ccfe-47f4-a9ac-3f942fcb3459,00000000-0000-0000-0000-000000000001,a01b7f2a-d4d0-48bf-bb89-c1040f55587a,9a16d7d2-dc18-4141-a14f-3394de4b98bc,Rent,Monthly office rent - March 2024,147039.65,2024-03-01,approved,2024-03-01 16:16:48,2024,3,1,9,4,0,0,6,False,False,False,False,False,False,True,False,False,False,11.898464358145576
9e549099-2bcd-4bf2-8309-a7126a09ada2,00000000-0000-0000-0000-000000000001,a01b7f2a-d4d0-48bf-bb89-c1040f55587a,f577e0e3-284e-4c71-8d16-74f51d0fe305,Salaries,Staff salaries - March 2024,273018.59,2024-03-28,approved,2024-03-28 16:52:37,2024,3,1,13,3,0,0,7,False,False,False,False,False,False,False,True,False,False,12.517298829834356
521316b0-ebbd-4974-b2d0-35c77133d6d8,00000000-0000-0000-0000-000000000001,a01b7f2a-d4d0-48bf-bb89-c1040f55587a,f577e0e3-284e-4c71-8d16-74f51d0fe305,Utilities,Electricity and water - March 2024,29363.83,2024-03-15,approved,2024-03-15 10:20:03,2024,3,1,11,4,0,0,9,False,False,False,False,False,False,False,False,False,True,10.287552978735027
2f955df6-05be-49b4-872e-13facd61db7d,00000000-0000-0000-0000-000000000001,51fd3682-4888-4a55-92f7-281307c67941,5a96b78c-2c6b-4aaa-88b5-7c7485705113,Rent,Monthly office rent - April 2024,154982.8,2024-04-01,approved,2024-04-01 15:14:03,2024,4,2,14,0,0,0,6,False,False,False,False,False,False,True,False,False,False,11.95107587431016
8ea6c26c-2cba-465b-8589-1bae3a97cbdf,00000000-0000-0000-0000-000000000001,51fd3682-4888-4a55-92f7-281307c67941,eaefa70d-63c2-4537-b86d-2205b826bb2e,Salaries,Staff salaries - April 2024,570598.62,2024-04-28,approved,2024-04-28 16:05:50,2024,4,2,17,6,1,0,7,False,False,False,False,False,False,False,True,False,False,13.254443051795665
fc273bcc-720e-427e-b616-8b49e1574407,00000000-0000-0000-0000-000000000001,51fd3682-4888-4a55-92f7-281307c67941,163b0e08-1801-4ae5-af8c-f287fbcdff7c,Utilities,Electricity and water - April 2024,21444.41,2024-04-15,approved,2024-04-15 16:06:40,2024,4,2,16,0,0,0,9,False,False,False,False,False,False,False,False,False,True,9.973265915443903
b88e1056-b7e6-4c93-b969-4ad6e9279bc4,00000000-0000-0000-0000-000000000001,0eb66abb-0d5d-4e88-a3ff-16776e267d83,9a16d7d2-dc18-4141-a14f-3394de4b98bc,Rent,Monthly office rent - April 2024,188196.11,2024-04-01,approved,2024-04-01 18:24:05,2024,4,2,14,0,0,0,6,False,False,False,False,False,False,True,False,False,False,12.145245150011261
8251c941-2c19-466d-9085-dbe305d1059d,00000000-0000-0000-0000-000000000001,0eb66abb-0d5d-4e88-a3ff-16776e267d83,aadd1a3f-3f20-499a-b950-51966ac9090c,Salaries,Staff salaries - April 2024,358877.06,2024-04-28,approved,2024-04-28 13:56:14,2024,4,2,17,6,1,0,7,False,False,False,False,False,False,False,True,False,False,12.79073794403278
87a5e8ad-3311-41a8-b10f-2e64a9991041,00000000-0000-0000-0000-000000000001,0eb66abb-0d5d-4e88-a3ff-16776e267d83,5a96b78c-2c6b-4aaa-88b5-7c7485705113,Utilities,Electricity and water - April 2024,8413.77,2024-04-15,approved,2024-04-15 14:14:22,2024,4,2,16,0,0,0,9,False,False,False,False,False,False,False,False,False,True,9.037743774106398
f32e1fd0-67e1-4f91-8548-9c50a0f0c758,00000000-0000-0000-0000-000000000001,a01b7f2a-d4d0-48bf-bb89-c1040f55587a,9a16d7d2-dc18-4141-a14f-3394de4b98bc,Rent,Monthly office rent - April 2024,122382.48,2024-04-01,approved,2024-04-01 13:17:18,2024,4,2,14,0,0,0,6,False,False,False,False,False,False,True,False,False,False,11.714914672631194
0824de7f-8ba1-4278-b0e5-119a9f47bf47,00000000-0000-0000-0000-000000000001,a01b7f2a-d4d0-48bf-bb89-c1040f55587a,eaefa70d-63c2-4537-b86d-2205b826bb2e,Salaries,Staff salaries - April 2024,666958.62,2024-04-28,approved,2024-04-28 11:04:06,2024,4,2,17,6,1,0,7,False,False,False,False,False,False,False,True,False,False,13.410484783335022
47d9e6b9-12d3-4b78-beda-aa031bc645be,00000000-0000-0000-0000-000000000001,a01b7f2a-d4d0-48bf-bb89-c1040f55587a,9a16d7d2-dc18-4141-a14f-3394de4b98bc,Utilities,Electricity and water - April 2024,13545.21,2024-04-15,approved,2024-04-15 09:40:51,2024,4,2,16,0,0,0,9,False,False,False,False,False,False,False,False,False,True,9.513862082386117
12b774cb-8527-492e-8a68-a6598af2cfbe,00000000-0000-0000-0000-000000000001,51fd3682-4888-4a55-92f7-281307c67941,f577e0e3-284e-4c71-8d16-74f51d0fe305,Rent,Monthly office rent - May 2024,91341.12,2024-05-01,approved,2024-05-01 18:03:42,2024,5,2,18,2,0,0,6,False,False,False,False,False,False,True,False,False,False,11.422367296454315
c3333643-f558-428a-9c51-c7d5bdc40ef8,00000000-0000-0000-0000-000000000001,51fd3682-4888-4a55-92f7-281307c67941,163b0e08-1801-4ae5-af8c-f287fbcdff7c,Salaries,Staff salaries - May 2024,736500.58,2024-05-28,approved,2024-05-28 10:45:04,2024,5,2,22,1,0,0,7,False,False,False,False,False,False,False,True,False,False,13.509666660164259
a49882ac-d853-43d8-9f07-c654b4e46459,00000000-0000-0000-0000-000000000001,51fd3682-4888-4a55-92f7-281307c67941,9a16d7d2-dc18-4141-a14f-3394de4b98bc,Utilities,Electricity and water - May 2024,12878.51,2024-05-15,approved,2024-05-15 11:04:04,2024,5,2,20,2,0,0,9,False,False,False,False,False,False,False,False,False,True,9.463392955456412
da5e043e-d648-43bc-8805-e46d8115a1fd,00000000-0000-0000-0000-000000000001,0eb66abb-0d5d-4e88-a3ff-16776e267d83,3f0519f3-383c-48a1-8609-f4b51fd5ecd4,Rent,Monthly office rent - May 2024,63384.53,2024-05-01,approved,2024-05-01 14:36:19,2024,5,2,18,2,0,0,6,False,False,False,False,False,False,True,False,False,False,11.056990880937617
bdb247a1-2afb-44cb-bc76-6f546ef03d46,00000000-0000-0000-0000-000000000001,0eb66abb-0d5d-4e88-a3ff-16776e267d83,3f0519f3-383c-48a1-8609-f4b51fd5ecd4,Salaries,Staff salaries - May 2024,548187.0,2024-05-28,approved,2024-05-28 15:28:36,2024,5,2,22,1,0,0,7,False,False,False,False,False,False,False,True,False,False,13.214373572790004
3070a40b-eea9-42a8-998b-2350b4d83191,00000000-0000-0000-0000-000000000001,0eb66abb-0d5d-4e88-a3ff-16776e267d83,163b0e08-1801-4ae5-af8c-f287fbcdff7c,Utilities,Electricity and water - May 2024,28878.61,2024-05-15,approved,2024-05-15 17:10:02,2024,5,2,20,2,0,0,9,False,False,False,False,False,False,False,False,False,True,10.270891088760456
0e7c62c8-c765-4060-a051-3f8595049da6,00000000-0000-0000-0000-000000000001,a01b7f2a-d4d0-48bf-bb89-c1040f55587a,163b0e08-1801-4ae5-af8c-f287fbcdff7c,Rent,Monthly office rent - May 2024,75233.02,2024-05-01,approved,2024-05-01 16:38:55,2024,5,2,18,2,0,0,6,False,False,False,False,False,False,True,False,False,False,11.228358801255812
48425ca3-080d-468c-b96f-8f385649f381,00000000-0000-0000-0000-000000000001,a01b7f2a-d4d0-48bf-bb89-c1040f55587a,9a16d7d2-dc18-4141-a14f-3394de4b98bc,Salaries,Staff salaries - May 2024,438302.16,2024-05-28,approved,2024-05-28 16:33:03,2024,5,2,22,1,0,0,7,False,False,False,False,False,False,False,True,False,False,12.99066609605465
8d811312-cd68-41db-a39e-23bd9d9503c3,00000000-0000-0000-0000-000000000001,a01b7f2a-d4d0-48bf-bb89-c1040f55587a,f0e9f4da-9ca0-492d-a21e-3f8a819f9184,Utilities,Electricity and water - May 2024,29678.22,2024-05-15,approved,2024-05-15 18:22:38,2024,5,2,20,2,0,0,9,False,False,False,False,False,False,False,False,False,True,10.298202416612533
18d9bbd0-66a1-41a8-8b5e-86eafaa8a367,00000000-0000-0000-0000-000000000001,51fd3682-4888-4a55-92f7-281307c67941,4736f247-39f8-400c-b9ea-519dfbb485f6,Rent,Monthly office rent - June 2024,76334.64,2024-06-01,approved,2024-06-01 11:13:25,2024,6,2,22,5,1,0,6,False,False,False,False,False,False,True,False,False,False,11.242895211752314
275951d7-dc32-4d50-8fba-66bcc6bd25a6,00000000-0000-0000-0000-000000000001,51fd3682-4888-4a55-92f7-281307c67941,3f0519f3-383c-48a1-8609-f4b51fd5ecd4,Salaries,Staff salaries - June 2024,494821.78,2024-06-28,approved,2024-06-28 13:11:50,2024,6,2,26,4,0,0,7,False,False,False,False,False,False,False,True,False,False,13.111954957244274
d3873bb1-8ce7-4fe9-8c7c-3f5f4d288328,00000000-0000-0000-0000-000000000001,51fd3682-4888-4a55-92f7-281307c67941,4736f247-39f8-400c-b9ea-519dfbb485f6,Utilities,Electricity and water - June 2024,9296.43,2024-06-15,approved,2024-06-15 12:28:31,2024,6,2,24,5,1,0,9,False,False,False,False,False,False,False,False,False,True,9.137493296865262
81f6f6d0-9d56-4eee-8ad2-e9bbbf9b9502,00000000-0000-0000-0000-000000000001,0eb66abb-0d5d-4e88-a3ff-16776e267d83,f17772cf-7a8e-4e04-aeef-8c148fe1a7e5,Rent,Monthly office rent - June 2024,145327.29,2024-06-01,approved,2024-06-01 16:46:58,2024,6,2,22,5,1,0,6,False,False,False,False,False,False,True,False,False,False,11.886750531226077
b62cc60c-6e3f-4e12-952f-711837af9351,00000000-0000-0000-0000-000000000001,0eb66abb-0d5d-4e88-a3ff-16776e267d83,eaefa70d-63c2-4537-b86d-2205b826bb2e,Salaries,Staff salaries - June 2024,405903.33,2024-06-28,approved,2024-06-28 16:45:34,2024,6,2,26,4,0,0,7,False,False,False,False,False,False,False,True,False,False,12.913872770422222
895c6cf3-df56-46b6-9503-a6ed872b9f20,00000000-0000-0000-0000-000000000001,0eb66abb-0d5d-4e88-a3ff-16776e267d83,aadd1a3f-3f20-499a-b950-51966ac9090c,Utilities,Electricity and water - June 2024,13931.57,2024-06-15,approved,2024-06-15 10:27:05,2024,6,2,24,5,1,0,9,False,False,False,False,False,False,False,False,False,True,9.541984543655007
6dd74fd4-ef83-48bd-8f83-2c90e4f53e63,00000000-0000-0000-0000-000000000001,a01b7f2a-d4d0-48bf-bb89-c1040f55587a,ea13a2c7-2a88-40f3-b073-4e507c524f18,Rent,Monthly office rent - June 2024,136474.95,2024-06-01,approved,2024-06-01 15:57:40,2024,6,2,22,5,1,0,6,False,False,False,False,False,False,True,False,False,False,11.823903687607595
cbda9be7-4f35-41d5-9ee8-395de85742fe,00000000-0000-0000-0000-000000000001,a01b7f2a-d4d0-48bf-bb89-c1040f55587a,f0e9f4da-9ca0-492d-a21e-3f8a819f9184,Salaries,Staff salaries - June 2024,408149.2,2024-06-28,approved,2024-06-28 18:28:15,2024,6,2,26,4,0,0,7,False,False,False,False,False,False,False,True,False,False,12.919390522895307
fd94b78d-235e-423d-aaa3-9c7e800ebca9,00000000-0000-0000-0000-000000000001,a01b7f2a-d4d0-48bf-bb89-c1040f55587a,f17772cf-7a8e-4e04-aeef-8c148fe1a7e5,Utilities,Electricity and water - June 2024,21925.42,2024-06-15,approved,2024-06-15 17:39:25,2024,6,2,24,5,1,0,9,False,False,False,False,False,False,False,False,False,True,9.995447581391716
e81e7d17-0b71-493c-96d4-62d014377327,00000000-0000-0000-0000-000000000001,51fd3682-4888-4a55-92f7-281307c67941,aadd1a3f-3f20-499a-b950-51966ac9090c,Rent,Monthly office rent - July 2024,66560.46,2024-07-01,approved,2024-07-01 14:37:54,2024,7,3,27,0,0,0,6,False,False,False,False,False,False,True,False,False,False,11.105881010350673
8d8ba0d8-fe16-4cfd-b82b-bb8d72e87d73,00000000-0000-0000-0000-000000000001,51fd3682-4888-4a55-92f7-281307c67941,3f0519f3-383c-48a1-8609-f4b51fd5ecd4,Salaries,Staff salaries - July 2024,248147.96,2024-07-28,approved,2024-07-28 12:09:50,2024,7,3,30,6,1,0,7,False,False,False,False,False,False,False,True,False,False,12.421784489993305
bb4cef2b-8df3-4c59-bafe-9b1cfdda97ae,00000000-0000-0000-0000-000000000001,51fd3682-4888-4a55-92f7-281307c67941,aadd1a3f-3f20-499a-b950-51966ac9090c,Utilities,Electricity and water - July 2024,13536.46,2024-07-15,approved,2024-07-15 09:47:36,2024,7,3,29,0,0,0,9,False,False,False,False,False,False,False,False,False,True,9.513215936549571
5f3687af-df5a-410d-8614-ba2eec53ccc8,00000000-0000-0000-0000-000000000001,0eb66abb-0d5d-4e88-a3ff-16776e267d83,4736f247-39f8-400c-b9ea-519dfbb485f6,Rent,Monthly office rent - July 2024,125436.32,2024-07-01,approved,2024-07-01 08:48:18,2024,7,3,27,0,0,0,6,False,False,False,False,False,False,True,False,False,False,11.739561470560085
08cd578a-a766-49d7-9f3b-4943c610c044,00000000-0000-0000-0000-000000000001,0eb66abb-0d5d-4e88-a3ff-16776e267d83,aadd1a3f-3f20-499a-b950-51966ac9090c,Salaries,Staff salaries - July 2024,762958.43,2024-07-28,approved,2024-07-28 17:42:40,2024,7,3,30,6,1,0,7,False,False,False,False,False,False,False,True,False,False,13.544960137162235
e8bdacd1-6126-402f-b408-e3e2eacc0283,00000000-0000-0000-0000-000000000001,0eb66abb-0d5d-4e88-a3ff-16776e267d83,7760d86e-b342-473c-8c64-b55d64aa491a,Utilities,Electricity and water - July 2024,5804.68,2024-07-15,approved,2024-07-15 12:03:36,2024,7,3,29,0,0,0,9,False,False,False,False,False,False,False,False,False,True,8.666592027667802
36e183ec-efef-44b6-890a-718d1a47e5d8,00000000-0000-0000-0000-000000000001,a01b7f2a-d4d0-48bf-bb89-c1040f55587a,f0e9f4da-9ca0-492d-a21e-3f8a819f9184,Rent,Monthly office rent - July 2024,118964.0,2024-07-01,approved,2024-07-01 13:08:52,2024,7,3,27,0,0,0,6,False,False,False,False,False,False,True,False,False,False,11.68658461118553
adda32f5-ffbd-46cc-b6fb-852841547424,00000000-0000-0000-0000-000000000001,a01b7f2a-d4d0-48bf-bb89-c1040f55587a,ea13a2c7-2a88-40f3-b073-4e507c524f18,Salaries,Staff salaries - July 2024,294638.96,2024-07-28,approved,2024-07-28 08:01:52,2024,7,3,30,6,1,0,7,False,False,False,False,False,False,False,True,False,False,12.593509415360046
3837b2fe-7e37-476d-aa1d-1de56dc54725,00000000-0000-0000-0000-000000000001,a01b7f2a-d4d0-48bf-bb89-c1040f55587a,f577e0e3-284e-4c71-8d16-74f51d0fe305,Utilities,Electricity and water - July 2024,26742.89,2024-07-15,approved,2024-07-15 16:03:26,2024,7,3,29,0,0,0,9,False,False,False,False,False,False,False,False,False,True,10.194061315019384
cccb5431-7a9a-4fb7-89aa-9b7382b47d21,00000000-0000-0000-0000-000000000001,51fd3682-4888-4a55-92f7-281307c67941,f17772cf-7a8e-4e04-aeef-8c148fe1a7e5,Rent,Monthly office rent - August 2024,58109.08,2024-08-01,approved,2024-08-01 18:12:55,2024,8,3,31,3,0,0,6,False,False,False,False,False,False,True,False,False,False,10.970094421767566
4caf919b-8c6e-4004-a55d-04b6986e34f2,00000000-0000-0000-0000-000000000001,51fd3682-4888-4a55-92f7-281307c67941,eaefa70d-63c2-4537-b86d-2205b826bb2e,Salaries,Staff salaries - August 2024,322234.27,2024-08-28,approved,2024-08-28 08:39:53,2024,8,3,35,2,0,0,7,False,False,False,False,False,False,False,True,False,False,12.683037209904107
32eeb5f4-ad29-43ee-96a3-579843171458,00000000-0000-0000-0000-000000000001,51fd3682-4888-4a55-92f7-281307c67941,3f0519f3-383c-48a1-8609-f4b51fd5ecd4,Utilities,Electricity and water - August 2024,20548.4,2024-08-15,approved,2024-08-15 13:50:40,2024,8,3,33,3,0,0,9,False,False,False,False,False,False,False,False,False,True,9.930587022417846
cf673ca1-138b-4108-acd5-06a4731f3ad0,00000000-0000-0000-0000-000000000001,0eb66abb-0d5d-4e88-a3ff-16776e267d83,7760d86e-b342-473c-8c64-b55d64aa491a,Rent,Monthly office rent - August 2024,77030.04,2024-08-01,approved,2024-08-01 10:16:30,2024,8,3,31,3,0,0,6,False,False,False,False,False,False,True,False,False,False,11.251963736489156
23519da5-9693-4a1f-a37e-8d2b57b1272a,00000000-0000-0000-0000-000000000001,0eb66abb-0d5d-4e88-a3ff-16776e267d83,eaefa70d-63c2-4537-b86d-2205b826bb2e,Salaries,Staff salaries - August 2024,492803.79,2024-08-28,approved,2024-08-28 18:38:14,2024,8,3,35,2,0,0,7,False,False,False,False,False,False,False,True,False,False,13.107868411121741
c34007f6-f719-4150-a57b-8409f38a3eeb,00000000-0000-0000-0000-000000000001,0eb66abb-0d5d-4e88-a3ff-16776e267d83,4736f247-39f8-400c-b9ea-519dfbb485f6,Utilities,Electricity and water - August 2024,29261.08,2024-08-15,approved,2024-08-15 18:18:49,2024,8,3,33,3,0,0,9,False,False,False,False,False,False,False,False,False,True,10.284047758855497
a8b9a4db-4e0a-4013-86f9-9231653f57c5,00000000-0000-0000-0000-000000000001,a01b7f2a-d4d0-48bf-bb89-c1040f55587a,f577e0e3-284e-4c71-8d16-74f51d0fe305,Rent,Monthly office rent - August 2024,132419.05,2024-08-01,approved,2024-08-01 18:55:14,2024,8,3,31,3,0,0,6,False,False,False,False,False,False,True,False,False,False,11.793734346065232
d8248b38-e2c0-4c62-bbfd-49b90db56eae,00000000-0000-0000-0000-000000000001,a01b7f2a-d4d0-48bf-bb89-c1040f55587a,5a96b78c-2c6b-4aaa-88b5-7c7485705113,Salaries,Staff salaries - August 2024,719558.56,2024-08-28,approved,2024-08-28 13:26:22,2024,8,3,35,2,0,0,7,False,False,False,False,False,False,False,True,False,False,13.48639458159164
a202ac1d-af93-4d07-ace2-fdd9ade9cc29,00000000-0000-0000-0000-000000000001,a01b7f2a-d4d0-48bf-bb89-c1040f55587a,3f0519f3-383c-48a1-8609-f4b51fd5ecd4,Utilities,Electricity and water - August 2024,23906.46,2024-08-15,approved,2024-08-15 15:01:35,2024,8,3,33,3,0,0,9,False,False,False,False,False,False,False,False,False,True,10.081945823107167
e775a1d4-3081-44b3-a716-8f65113e0fe9,00000000-0000-0000-0000-000000000001,51fd3682-4888-4a55-92f7-281307c67941,9a16d7d2-dc18-4141-a14f-3394de4b98bc,Rent,Monthly office rent - September 2024,165383.61,2024-09-01,approved,2024-09-01 12:51:16,2024,9,3,35,6,1,0,6,False,False,False,False,False,False,True,False,False,False,12.016029010084168
5a8660ac-4e8a-4fac-aa59-670a98ab4a3d,00000000-0000-0000-0000-000000000001,51fd3682-4888-4a55-92f7-281307c67941,7760d86e-b342-473c-8c64-b55d64aa491a,Salaries,Staff salaries - September 2024,562069.8,2024-09-28,approved,2024-09-28 13:53:21,2024,9,3,39,5,1,0,7,False,False,False,False,False,False,False,True,False,False,13.239383099588872
7c571217-625e-490a-9308-4e7574f6761b,00000000-0000-0000-0000-000000000001,51fd3682-4888-4a55-92f7-281307c67941,3f0519f3-383c-48a1-8609-f4b51fd5ecd4,Utilities,Electricity and water - September 2024,12697.98,2024-09-15,approved,2024-09-15 11:31:53,2024,9,3,37,6,1,0,9,False,False,False,False,False,False,False,False,False,True,9.449276954260634
8b517e22-253f-4bf8-8d13-c9afeec1d09c,00000000-0000-0000-0000-000000000001,0eb66abb-0d5d-4e88-a3ff-16776e267d83,ea13a2c7-2a88-40f3-b073-4e507c524f18,Rent,Monthly office rent - September 2024,87080.91,2024-09-01,approved,2024-09-01 08:08:47,2024,9,3,35,6,1,0,6,False,False,False,False,False,False,True,False,False,False,11.374604448961868
5c7acf71-e47a-44c9-8ed7-6807a116abbe,00000000-0000-0000-0000-000000000001,0eb66abb-0d5d-4e88-a3ff-16776e267d83,eaefa70d-63c2-4537-b86d-2205b826bb2e,Salaries,Staff salaries - September 2024,644993.28,2024-09-28,approved,2024-09-28 10:08:08,2024,9,3,39,5,1,0,7,False,False,False,False,False,False,False,True,False,False,13.376996727521533
8a200c73-b642-47a6-8b47-bfeb77d219b3,00000000-0000-0000-0000-000000000001,0eb66abb-0d5d-4e88-a3ff-16776e267d83,9a16d7d2-dc18-4141-a14f-3394de4b98bc,Utilities,Electricity and water - September 2024,6086.67,2024-09-15,approved,2024-09-15 10:42:46,2024,9,3,37,6,1,0,9,False,False,False,False,False,False,False,False,False,True,8.714020693078949
7b0611f1-aa1c-4176-80be-31288ad45d4d,00000000-0000-0000-0000-000000000001,a01b7f2a-d4d0-48bf-bb89-c1040f55587a,f0e9f4da-9ca0-492d-a21e-3f8a819f9184,Rent,Monthly office rent - September 2024,72455.05,2024-09-01,approved,2024-09-01 12:49:55,2024,9,3,35,6,1,0,6,False,False,False,False,False,False,True,False,False,False,11.190735450128523
21787c49-750d-447a-af67-4616df71eaba,00000000-0000-0000-0000-000000000001,a01b7f2a-d4d0-48bf-bb89-c1040f55587a,f17772cf-7a8e-4e04-aeef-8c148fe1a7e5,Salaries,Staff salaries - September 2024,202244.92,2024-09-28,approved,2024-09-28 16:55:15,2024,9,3,39,5,1,0,7,False,False,False,False,False,False,False,True,False,False,12.217239661664108
c61abe2a-09d2-41de-aca5-577d1aefdd94,00000000-0000-0000-0000-000000000001,a01b7f2a-d4d0-48bf-bb89-c1040f55587a,7760d86e-b342-473c-8c64-b55d64aa491a,Utilities,Electricity and water - September 2024,28370.76,2024-09-15,approved,2024-09-15 10:28:58,2024,9,3,37,6,1,0,9,False,False,False,False,False,False,False,False,False,True,10.253149563242072
18286039-59d9-44eb-9128-e379b1997dcb,00000000-0000-0000-0000-000000000001,51fd3682-4888-4a55-92f7-281307c67941,4736f247-39f8-400c-b9ea-519dfbb485f6,Rent,Monthly office rent - October 2024,135350.26,2024-10-01,approved,2024-10-01 08:06:53,2024,10,4,40,1,0,0,6,False,False,False,False,False,False,True,False,False,False,11.815628604197492
7f9ac6b5-b537-4a90-a66e-d34f2e73f5b7,00000000-0000-0000-0000-000000000001,51fd3682-4888-4a55-92f7-281307c67941,7760d86e-b342-473c-8c64-b55d64aa491a,Salaries,Staff salaries - October 2024,236657.51,2024-10-28,approved,2024-10-28 18:17:24,2024,10,4,44,0,0,0,7,False,False,False,False,False,False,False,True,False,False,12.374373494966731
f159a905-e36a-4d5b-9841-ac5a6cc53a96,00000000-0000-0000-0000-000000000001,51fd3682-4888-4a55-92f7-281307c67941,5a96b78c-2c6b-4aaa-88b5-7c7485705113,Utilities,Electricity and water - October 2024,19037.24,2024-10-15,approved,2024-10-15 09:46:21,2024,10,4,42,1,0,0,9,False,False,False,False,False,False,False,False,False,True,9.854204867098005
55caad35-1edf-4dcb-88ab-9688c52ff009,00000000-0000-0000-0000-000000000001,0eb66abb-0d5d-4e88-a3ff-16776e267d83,4736f247-39f8-400c-b9ea-519dfbb485f6,Rent,Monthly office rent - October 2024,99220.76,2024-10-01,approved,2024-10-01 09:28:06,2024,10,4,40,1,0,0,6,False,False,False,False,False,False,True,False,False,False,11.505112624056919
9dda62ab-5d91-47cb-ae96-545837586d9a,00000000-0000-0000-0000-000000000001,0eb66abb-0d5d-4e88-a3ff-16776e267d83,163b0e08-1801-4ae5-af8c-f287fbcdff7c,Salaries,Staff salaries - October 2024,728036.31,2024-10-28,approved,2024-10-28 17:30:34,2024,10,4,44,0,0,0,7,False,False,False,False,False,False,False,True,False,False,13.498107575865587
21e1d769-c66c-418a-9a57-c03e69a0ae5d,00000000-0000-0000-0000-000000000001,0eb66abb-0d5d-4e88-a3ff-16776e267d83,7760d86e-b342-473c-8c64-b55d64aa491a,Utilities,Electricity and water - October 2024,7866.26,2024-10-15,approved,2024-10-15 08:49:00,2024,10,4,42,1,0,0,9,False,False,False,False,False,False,False,False,False,True,8.970465123230179
a06537d6-0ed8-4ec1-9c45-1c8b86420493,00000000-0000-0000-0000-000000000001,a01b7f2a-d4d0-48bf-bb89-c1040f55587a,f0e9f4da-9ca0-492d-a21e-3f8a819f9184,Rent,Monthly office rent - October 2024,191795.57,2024-10-01,approved,2024-10-01 08:19:08,2024,10,4,40,1,0,0,6,False,False,False,False,False,False,True,False,False,False,12.16419055805989
eba6f74e-55b2-4f1b-bea0-c5cecdd541ff,00000000-0000-0000-0000-000000000001,a01b7f2a-d4d0-48bf-bb89-c1040f55587a,eaefa70d-63c2-4537-b86d-2205b826bb2e,Salaries,Staff salaries - October 2024,211046.63,2024-10-28,approved,2024-10-28 15:55:29,2024,10,4,44,0,0,0,7,False,False,False,False,False,False,False,True,False,False,12.25983912158114
ee7034b4-9805-4e3d-8e78-aedfbe08009e,00000000-0000-0000-0000-000000000001,a01b7f2a-d4d0-48bf-bb89-c1040f55587a,aadd1a3f-3f20-499a-b950-51966ac9090c,Utilities,Electricity and water - October 2024,14013.9,2024-10-15,approved,2024-10-15 15:52:08,2024,10,4,42,1,0,0,9,False,False,False,False,False,False,False,False,False,True,9.547876328361161
68f93750-b9f2-4c21-9a54-82e7a0ad93a7,00000000-0000-0000-0000-000000000001,51fd3682-4888-4a55-92f7-281307c67941,7760d86e-b342-473c-8c64-b55d64aa491a,Rent,Monthly office rent - November 2024,186588.42,2024-11-01,approved,2024-11-01 10:46:29,2024,11,4,44,4,0,0,6,False,False,False,False,False,False,True,False,False,False,12.136665866966935
99cdd11d-1c98-488e-ab51-b8afd233cceb,00000000-0000-0000-0000-000000000001,51fd3682-4888-4a55-92f7-281307c67941,163b0e08-1801-4ae5-af8c-f287fbcdff7c,Salaries,Staff salaries - November 2024,535223.6,2024-11-28,approved,2024-11-28 11:10:46,2024,11,4,48,3,0,0,7,False,False,False,False,False,False,False,True,False,False,13.190441750865398
5dba4965-cf75-43a0-a913-385538e30b46,00000000-0000-0000-0000-000000000001,51fd3682-4888-4a55-92f7-281307c67941,7760d86e-b342-473c-8c64-b55d64aa491a,Utilities,Electricity and water - November 2024,10041.27,2024-11-15,approved,2024-11-15 15:44:43,2024,11,4,46,4,0,0,9,False,False,False,False,False,False,False,False,False,True,9.214558463307489
ef7e9c09-f6ed-4c53-a35d-6d4371703bc4,00000000-0000-0000-0000-000000000001,0eb66abb-0d5d-4e88-a3ff-16776e267d83,f577e0e3-284e-4c71-8d16-74f51d0fe305,Rent,Monthly office rent - November 2024,91666.03,2024-11-01,approved,2024-11-01 13:43:41,2024,11,4,44,4,0,0,6,False,False,False,False,False,False,True,False,False,False,11.425918051609107
aaa32076-cb8f-4e33-8cb5-9100ffe9cb3f,00000000-0000-0000-0000-000000000001,0eb66abb-0d5d-4e88-a3ff-16776e267d83,eaefa70d-63c2-4537-b86d-2205b826bb2e,Salaries,Staff salaries - November 2024,339246.4,2024-11-28,approved,2024-11-28 13:56:03,2024,11,4,48,3,0,0,7,False,False,False,False,False,False,False,True,False,False,12.734484913703119
698ac999-0188-4628-8804-ccc56db5da51,00000000-0000-0000-0000-000000000001,0eb66abb-0d5d-4e88-a3ff-16776e267d83,7760d86e-b342-473c-8c64-b55d64aa491a,Utilities,Electricity and water - November 2024,13166.32,2024-11-15,approved,2024-11-15 08:17:54,2024,11,4,46,4,0,0,9,False,False,False,False,False,False,False,False,False,True,9.485493281243224
5e03ed9f-59dd-44cf-88ff-8f928aa1ad8a,00000000-0000-0000-0000-000000000001,a01b7f2a-d4d0-48bf-bb89-c1040f55587a,f0e9f4da-9ca0-492d-a21e-3f8a819f9184,Rent,Monthly office rent - November 2024,80400.2,2024-11-01,approved,2024-11-01 08:00:21,2024,11,4,44,4,0,0,6,False,False,False,False,False,False,True,False,False,False,11.29478438042881
ccdc8628-520b-4bc8-9620-1b441db93b4c,00000000-0000-0000-0000-000000000001,a01b7f2a-d4d0-48bf-bb89-c1040f55587a,7760d86e-b342-473c-8c64-b55d64aa491a,Salaries,Staff salaries - November 2024,455395.14,2024-11-28,approved,2024-11-28 09:17:58,2024,11,4,48,3,0,0,7,False,False,False,False,False,False,False,True,False,False,13.028922956510856
db49b7f3-f5d9-463f-a926-a94a9522f83e,00000000-0000-0000-0000-000000000001,a01b7f2a-d4d0-48bf-bb89-c1040f55587a,aadd1a3f-3f20-499a-b950-51966ac9090c,Utilities,Electricity and water - November 2024,19349.11,2024-11-15,approved,2024-11-15 16:18:03,2024,11,4,46,4,0,0,9,False,False,False,False,False,False,False,False,False,True,9.870453383196292
5f44b763-32bf-46a7-97ab-2b789657e3c5,00000000-0000-0000-0000-000000000001,51fd3682-4888-4a55-92f7-281307c67941,f17772cf-7a8e-4e04-aeef-8c148fe1a7e5,Rent,Monthly office rent - December 2024,90293.1,2024-12-01,approved,2024-12-01 17:44:15,2024,12,4,48,6,1,0,6,False,False,False,False,False,False,True,False,False,False,11.41082739950746
f0dc3d3d-2668-4acf-a272-a9b3078800a8,00000000-0000-0000-0000-000000000001,51fd3682-4888-4a55-92f7-281307c67941,9a16d7d2-dc18-4141-a14f-3394de4b98bc,Salaries,Staff salaries - December 2024,445332.27,2024-12-28,approved,2024-12-28 16:47:30,2024,12,4,52,5,1,0,7,False,False,False,False,False,False,False,True,False,False,13.006578202195039
0b75fde3-251a-4cbf-81c8-c51200bee09d,00000000-0000-0000-0000-000000000001,51fd3682-4888-4a55-92f7-281307c67941,aadd1a3f-3f20-499a-b950-51966ac9090c,Utilities,Electricity and water - December 2024,27252.69,2024-12-15,approved,2024-12-15 16:33:38,2024,12,4,50,6,1,0,9,False,False,False,False,False,False,False,False,False,True,10.212944203767934
d5bcdddd-cd68-4876-9797-15528dfd48fa,00000000-0000-0000-0000-000000000001,0eb66abb-0d5d-4e88-a3ff-16776e267d83,163b0e08-1801-4ae5-af8c-f287fbcdff7c,Rent,Monthly office rent - December 2024,191672.88,2024-12-01,approved,2024-12-01 12:44:38,2024,12,4,48,6,1,0,6,False,False,False,False,False,False,True,False,False,False,12.163550665185817
b9c63b6d-4b72-49ed-871f-962ddf155dcd,00000000-0000-0000-0000-000000000001,0eb66abb-0d5d-4e88-a3ff-16776e267d83,f577e0e3-284e-4c71-8d16-74f51d0fe305,Salaries,Staff salaries - December 2024,464164.89,2024-12-28,approved,2024-12-28 11:02:31,2024,12,4,52,5,1,0,7,False,False,False,False,False,False,False,True,False,False,13.047997288864515
69470a9b-a3f6-4797-8409-ed226a18b9e7,00000000-0000-0000-0000-000000000001,0eb66abb-0d5d-4e88-a3ff-16776e267d83,f17772cf-7a8e-4e04-aeef-8c148fe1a7e5,Utilities,Electricity and water - December 2024,5797.94,2024-12-15,approved,2024-12-15 15:21:17,2024,12,4,50,6,1,0,9,False,False,False,False,False,False,False,False,False,True,8.665430421211429
d9b75248-e121-4a49-ac78-43748339e6ab,00000000-0000-0000-0000-000000000001,a01b7f2a-d4d0-48bf-bb89-c1040f55587a,f577e0e3-284e-4c71-8d16-74f51d0fe305,Rent,Monthly office rent - December 2024,99849.74,2024-12-01,approved,2024-12-01 16:46:46,2024,12,4,48,6,1,0,6,False,False,False,False,False,False,True,False,False,False,11.511431749933173
1482d00f-9244-433a-b246-a67049efc613,00000000-0000-0000-0000-000000000001,a01b7f2a-d4d0-48bf-bb89-c1040f55587a,9a16d7d2-dc18-4141-a14f-3394de4b98bc,Salaries,Staff salaries - December 2024,492775.27,2024-12-28,approved,2024-12-28 18:44:08,2024,12,4,52,5,1,0,7,False,False,False,False,False,False,False,True,False,False,13.107810536632943
2ca7cb4e-e9c1-4703-9751-09530982fd04,00000000-0000-0000-0000-000000000001,a01b7f2a-d4d0-48bf-bb89-c1040f55587a,f17772cf-7a8e-4e04-aeef-8c148fe1a7e5,Utilities,Electricity and water - December 2024,17253.06,2024-12-15,approved,2024-12-15 12:59:17,2024,12,4,50,6,1,0,9,False,False,False,False,False,False,False,False,False,True,9.75580275708498
b1a294d2-6076-4c8f-89b8-e0f59c5eb4fa,00000000-0000-0000-0000-000000000002,5f6c98b4-4360-41ee-83a3-efc700651a04,81c496fc-1d35-4405-9a7d-ae0a15104d5b,Rent,Monthly office rent - January 2022,59897.54,2022-01-01,approved,2022-01-01 18:36:54,2022,1,1,52,5,1,0,6,False,False,False,False,False,False,True,False,False,False,11.000407409849897
157968ee-e430-4667-8e56-17b5122187d5,00000000-0000-0000-0000-000000000002,5f6c98b4-4360-41ee-83a3-efc700651a04,f72410dd-3260-4ece-a477-1ae69ac1e84e,Salaries,Staff salaries - January 2022,418683.79,2022-01-28,approved,2022-01-28 18:32:29,2022,1,1,4,4,0,0,7,False,False,False,False,False,False,False,True,False,False,12.944873624621824
d5a283c1-7c27-424f-869f-26d20d86b34a,00000000-0000-0000-0000-000000000002,5f6c98b4-4360-41ee-83a3-efc700651a04,07274486-6344-4009-ae28-b9027a51f93f,Utilities,Electricity and water - January 2022,28121.39,2022-01-15,approved,2022-01-15 15:16:28,2022,1,1,2,5,1,0,9,False,False,False,False,False,False,False,False,False,True,10.244321335200535
a04e3776-0237-4f30-a246-296a4ebfea83,00000000-0000-0000-0000-000000000002,587616fd-ba60-493e-ba92-b68a61b5cdce,e213801b-a706-48c3-9ba4-7db14d3912f3,Rent,Monthly office rent - January 2022,82168.96,2022-01-01,approved,2022-01-01 09:26:15,2022,1,1,52,5,1,0,6,False,False,False,False,False,False,True,False,False,False,11.316545064129448
df9b0b21-a994-440f-b03b-43a2859b3ea5,00000000-0000-0000-0000-000000000002,587616fd-ba60-493e-ba92-b68a61b5cdce,bcde24c7-84f3-4459-afee-eba83339896c,Salaries,Staff salaries - January 2022,523569.7,2022-01-28,approved,2022-01-28 11:10:36,2022,1,1,4,4,0,0,7,False,False,False,False,False,False,False,True,False,False,13.168427352704997
9063a8c5-7b09-4646-90e4-80efa7e36d9c,00000000-0000-0000-0000-000000000002,587616fd-ba60-493e-ba92-b68a61b5cdce,517d046e-f5e7-4244-8dab-e8995b9bfdc4,Utilities,Electricity and water - January 2022,10833.42,2022-01-15,approved,2022-01-15 09:28:12,2022,1,1,2,5,1,0,9,False,False,False,False,False,False,False,False,False,True,9.290483382311546
c6d7810d-620c-4e45-9d19-152226003beb,00000000-0000-0000-0000-000000000002,b961632b-814f-4481-946b-17a792487aa7,09cd08c0-c83a-42f5-96cc-b9c13c2aa7e4,Rent,Monthly office rent - January 2022,107569.34,2022-01-01,approved,2022-01-01 15:50:21,2022,1,1,52,5,1,0,6,False,False,False,False,False,False,True,False,False,False,11.585900238153602
82d3d5b7-cc08-4a78-8b80-716855fdef90,00000000-0000-0000-0000-000000000002,b961632b-814f-4481-946b-17a792487aa7,7f514159-0b19-4321-a308-daec53995d5a,Salaries,Staff salaries - January 2022,519865.77,2022-01-28,approved,2022-01-28 08:38:00,2022,1,1,4,4,0,0,7,False,False,False,False,False,False,False,True,False,False,13.161327846191366
bb107187-9b43-4e45-b88f-347496671d6a,00000000-0000-0000-0000-000000000002,b961632b-814f-4481-946b-17a792487aa7,517d046e-f5e7-4244-8dab-e8995b9bfdc4,Utilities,Electricity and water - January 2022,24332.95,2022-01-15,approved,2022-01-15 18:04:35,2022,1,1,2,5,1,0,9,False,False,False,False,False,False,False,False,False,True,10.099627773607057
d7a4a895-2588-4432-9e57-0b7e03450211,00000000-0000-0000-0000-000000000002,5f6c98b4-4360-41ee-83a3-efc700651a04,81c496fc-1d35-4405-9a7d-ae0a15104d5b,Rent,Monthly office rent - February 2022,72884.01,2022-02-01,approved,2022-02-01 14:48:10,2022,2,1,5,1,0,0,6,False,False,False,False,False,False,True,False,False,False,11.196638272710546
9633ede6-f940-4565-a366-d86b7f8253a6,00000000-0000-0000-0000-000000000002,5f6c98b4-4360-41ee-83a3-efc700651a04,09cd08c0-c83a-42f5-96cc-b9c13c2aa7e4,Salaries,Staff salaries - February 2022,202240.18,2022-02-28,approved,2022-02-28 11:51:24,2022,2,1,9,0,0,1,7,False,False,False,False,False,False,False,True,False,False,12.217216224575507
0bed9f28-64f2-4e5b-9c68-952be9e47e18,00000000-0000-0000-0000-000000000002,5f6c98b4-4360-41ee-83a3-efc700651a04,2afe7cda-5682-4c01-a59f-5f13090047f6,Utilities,Electricity and water - February 2022,15226.76,2022-02-15,approved,2022-02-15 17:08:38,2022,2,1,7,1,0,0,9,False,False,False,False,False,False,False,False,False,True,9.6308753569369
dc2fe504-19d2-4af2-9988-59be9ad30d52,00000000-0000-0000-0000-000000000002,587616fd-ba60-493e-ba92-b68a61b5cdce,7f514159-0b19-4321-a308-daec53995d5a,Rent,Monthly office rent - February 2022,114753.83,2022-02-01,approved,2022-02-01 18:07:39,2022,2,1,5,1,0,0,6,False,False,False,False,False,False,True,False,False,False,11.650553218540237
30446b72-f55f-44e5-a828-0a03d51e4e20,00000000-0000-0000-0000-000000000002,587616fd-ba60-493e-ba92-b68a61b5cdce,09cd08c0-c83a-42f5-96cc-b9c13c2aa7e4,Salaries,Staff salaries - February 2022,328033.59,2022-02-28,approved,2022-02-28 11:59:52,2022,2,1,9,0,0,1,7,False,False,False,False,False,False,False,True,False,False,12.700874339123121
4d977eec-0848-42d3-9da9-2ccb72982f5a,00000000-0000-0000-0000-000000000002,587616fd-ba60-493e-ba92-b68a61b5cdce,bcde24c7-84f3-4459-afee-eba83339896c,Utilities,Electricity and water - February 2022,13854.16,2022-02-15,approved,2022-02-15 18:38:44,2022,2,1,7,1,0,0,9,False,False,False,False,False,False,False,False,False,True,9.536413005407953
fa540282-0e22-4ddf-9417-511ef2bcfb04,00000000-0000-0000-0000-000000000002,b961632b-814f-4481-946b-17a792487aa7,2afe7cda-5682-4c01-a59f-5f13090047f6,Rent,Monthly office rent - February 2022,190727.5,2022-02-01,approved,2022-02-01 17:07:58,2022,2,1,5,1,0,0,6,False,False,False,False,False,False,True,False,False,False,12.15860622981902
c1429cad-63db-4310-9025-2c270c6e83c1,00000000-0000-0000-0000-000000000002,b961632b-814f-4481-946b-17a792487aa7,07274486-6344-4009-ae28-b9027a51f93f,Salaries,Staff salaries - February 2022,376082.13,2022-02-28,approved,2022-02-28 09:42:18,2022,2,1,9,0,0,1,7,False,False,False,False,False,False,False,True,False,False,12.837565488360678
3afeb4e3-49b5-434f-8372-bbaaf3a353cf,00000000-0000-0000-0000-000000000002,b961632b-814f-4481-946b-17a792487aa7,09cd08c0-c83a-42f5-96cc-b9c13c2aa7e4,Utilities,Electricity and water - February 2022,24548.19,2022-02-15,approved,2022-02-15 10:09:18,2022,2,1,7,1,0,0,9,False,False,False,False,False,False,False,False,False,True,10.108434138788336
e1fa2e56-e08c-4263-82b2-465132449cb9,00000000-0000-0000-0000-000000000002,5f6c98b4-4360-41ee-83a3-efc700651a04,bcde24c7-84f3-4459-afee-eba83339896c,Rent,Monthly office rent - March 2022,152926.58,2022-03-01,approved,2022-03-01 10:21:19,2022,3,1,9,1,0,0,6,False,False,False,False,False,False,True,False,False,False,11.937719754983656
92f4592c-aa07-4b4c-a9f4-d4d7c183ec99,00000000-0000-0000-0000-000000000002,5f6c98b4-4360-41ee-83a3-efc700651a04,f72410dd-3260-4ece-a477-1ae69ac1e84e,Salaries,Staff salaries - March 2022,427355.4,2022-03-28,approved,2022-03-28 18:59:19,2022,3,1,13,0,0,0,7,False,False,False,False,False,False,False,True,False,False,12.965373604497001
c74cf969-fa59-4517-89e9-e274936cf319,00000000-0000-0000-0000-000000000002,5f6c98b4-4360-41ee-83a3-efc700651a04,9d2a5f48-38f2-46be-b733-c1b9f1c891c4,Utilities,Electricity and water - March 2022,7190.44,2022-03-15,approved,2022-03-15 12:32:55,2022,3,1,11,1,0,0,9,False,False,False,False,False,False,False,False,False,True,8.880646708826214
a6a6e5df-a7b9-4808-93e2-a2a7a39368aa,00000000-0000-0000-0000-000000000002,587616fd-ba60-493e-ba92-b68a61b5cdce,81c496fc-1d35-4405-9a7d-ae0a15104d5b,Rent,Monthly office rent - March 2022,154617.3,2022-03-01,approved,2022-03-01 10:05:03,2022,3,1,9,1,0,0,6,False,False,False,False,False,False,True,False,False,False,11.948714778117347
fd2aa051-45a6-479b-8072-f33aea17c741,00000000-0000-0000-0000-000000000002,587616fd-ba60-493e-ba92-b68a61b5cdce,07274486-6344-4009-ae28-b9027a51f93f,Salaries,Staff salaries - March 2022,647935.87,2022-03-28,approved,2022-03-28 08:21:04,2022,3,1,13,0,0,0,7,False,False,False,False,False,False,False,True,False,False,13.381548547748993
b815047c-6b12-4a10-9d94-e09590d35731,00000000-0000-0000-0000-000000000002,587616fd-ba60-493e-ba92-b68a61b5cdce,e213801b-a706-48c3-9ba4-7db14d3912f3,Utilities,Electricity and water - March 2022,7728.8,2022-03-15,approved,2022-03-15 15:05:50,2022,3,1,11,1,0,0,9,False,False,False,False,False,False,False,False,False,True,8.952838268025534
f0a9dff7-bcbd-4569-baaf-582d3e893330,00000000-0000-0000-0000-000000000002,b961632b-814f-4481-946b-17a792487aa7,bcde24c7-84f3-4459-afee-eba83339896c,Rent,Monthly office rent - March 2022,111213.52,2022-03-01,approved,2022-03-01 13:31:14,2022,3,1,9,1,0,0,6,False,False,False,False,False,False,True,False,False,False,11.619216227813943
76912db7-34cf-4e49-b763-9134e57a0cf9,00000000-0000-0000-0000-000000000002,b961632b-814f-4481-946b-17a792487aa7,81c496fc-1d35-4405-9a7d-ae0a15104d5b,Salaries,Staff salaries - March 2022,454190.9,2022-03-28,approved,2022-03-28 12:00:24,2022,3,1,13,0,0,0,7,False,False,False,False,False,False,False,True,False,False,13.026275074941076
355baceb-31aa-470a-a1df-9e5f28104123,00000000-0000-0000-0000-000000000002,b961632b-814f-4481-946b-17a792487aa7,f72410dd-3260-4ece-a477-1ae69ac1e84e,Utilities,Electricity and water - March 2022,18036.99,2022-03-15,approved,2022-03-15 18:54:16,2022,3,1,11,1,0,0,9,False,False,False,False,False,False,False,False,False,True,9.800235368340314
7156838b-f36f-41ee-913b-3dcad1a778ba,00000000-0000-0000-0000-000000000002,5f6c98b4-4360-41ee-83a3-efc700651a04,e213801b-a706-48c3-9ba4-7db14d3912f3,Rent,Monthly office rent - April 2022,94319.82,2022-04-01,approved,2022-04-01 14:47:09,2022,4,2,13,4,0,0,6,False,False,False,False,False,False,True,False,False,False,11.454457228981774
74930116-927a-4190-b5ad-91e68a3549b3,00000000-0000-0000-0000-000000000002,5f6c98b4-4360-41ee-83a3-efc700651a04,517d046e-f5e7-4244-8dab-e8995b9bfdc4,Salaries,Staff salaries - April 2022,219735.12,2022-04-28,approved,2022-04-28 17:32:07,2022,4,2,17,3,0,0,7,False,False,False,False,False,False,False,True,False,False,12.300182650867708
20e4cef6-d2e0-490f-a3ff-4aaf6ce5b729,00000000-0000-0000-0000-000000000002,5f6c98b4-4360-41ee-83a3-efc700651a04,e213801b-a706-48c3-9ba4-7db14d3912f3,Utilities,Electricity and water - April 2022,9766.12,2022-04-15,approved,2022-04-15 10:55:03,2022,4,2,15,4,0,0,9,False,False,False,False,False,False,False,False,False,True,9.186776921642094
53b757be-b722-43a3-a786-e54cae963e5e,00000000-0000-0000-0000-000000000002,587616fd-ba60-493e-ba92-b68a61b5cdce,6708a3ae-03ac-432d-8065-25bbf8f3a753,Rent,Monthly office rent - April 2022,109228.42,2022-04-01,approved,2022-04-01 13:19:30,2022,4,2,13,4,0,0,6,False,False,False,False,False,False,True,False,False,False,11.601205719926943
93f9b198-d313-44ec-9d0b-f83394f87864,00000000-0000-0000-0000-000000000002,587616fd-ba60-493e-ba92-b68a61b5cdce,07274486-6344-4009-ae28-b9027a51f93f,Salaries,Staff salaries - April 2022,787815.0468500004,2022-04-28,approved,2022-04-28 14:39:33,2022,4,2,17,3,0,0,7,False,False,False,False,False,False,False,True,False,False,13.577019898504183
bdffcbf5-33d5-46ad-b994-9e2cd568b9fa,00000000-0000-0000-0000-000000000002,587616fd-ba60-493e-ba92-b68a61b5cdce,6708a3ae-03ac-432d-8065-25bbf8f3a753,Utilities,Electricity and water - April 2022,15285.03,2022-04-15,approved,2022-04-15 17:18:17,2022,4,2,15,4,0,0,9,False,False,False,False,False,False,False,False,False,True,9.634694618381042
42730114-60ec-4730-8b60-71ecd388b8c9,00000000-0000-0000-0000-000000000002,b961632b-814f-4481-946b-17a792487aa7,81c496fc-1d35-4405-9a7d-ae0a15104d5b,Rent,Monthly office rent - April 2022,147898.61,2022-04-01,approved,2022-04-01 13:00:56,2022,4,2,13,4,0,0,6,False,False,False,False,False,False,True,False,False,False,11.904289011778578
72493a3e-290f-49d3-98be-1a1de861b382,00000000-0000-0000-0000-000000000002,b961632b-814f-4481-946b-17a792487aa7,7f514159-0b19-4321-a308-daec53995d5a,Salaries,Staff salaries - April 2022,548947.99,2022-04-28,approved,2022-04-28 18:24:00,2022,4,2,17,3,0,0,7,False,False,False,False,False,False,False,True,False,False,13.21576080178506
d7f1d391-71b1-47ea-8f08-3cb7dab647f5,00000000-0000-0000-0000-000000000002,b961632b-814f-4481-946b-17a792487aa7,517d046e-f5e7-4244-8dab-e8995b9bfdc4,Utilities,Electricity and water - April 2022,11618.4,2022-04-15,approved,2022-04-15 16:20:58,2022,4,2,15,4,0,0,9,False,False,False,False,False,False,False,False,False,True,9.360431393960887
a9edf96e-9f3c-43ea-ba39-1c75b160766f,00000000-0000-0000-0000-000000000002,5f6c98b4-4360-41ee-83a3-efc700651a04,517d046e-f5e7-4244-8dab-e8995b9bfdc4,Rent,Monthly office rent - May 2022,82444.37,2022-05-01,approved,2022-05-01 09:27:10,2022,5,2,17,6,1,0,6,False,False,False,False,False,False,True,False,False,False,11.319891171165377
dbbd91ab-cf77-4085-9385-d78a67cec326,00000000-0000-0000-0000-000000000002,5f6c98b4-4360-41ee-83a3-efc700651a04,517d046e-f5e7-4244-8dab-e8995b9bfdc4,Salaries,Staff salaries - May 2022,238176.91,2022-05-28,approved,2022-05-28 18:05:44,2022,5,2,21,5,1,0,7,False,False,False,False,False,False,False,True,False,False,12.380773194407343
575a392a-1619-47f0-a465-314ba95224fe,00000000-0000-0000-0000-000000000002,5f6c98b4-4360-41ee-83a3-efc700651a04,9d2a5f48-38f2-46be-b733-c1b9f1c891c4,Utilities,Electricity and water - May 2022,14524.78,2022-05-15,approved,2022-05-15 11:17:01,2022,5,2,19,6,1,0,9,False,False,False,False,False,False,False,False,False,True,9.583680280794642
a6973fdb-8e90-4214-9999-aeec351ad296,00000000-0000-0000-0000-000000000002,587616fd-ba60-493e-ba92-b68a61b5cdce,c75c1d53-938d-4640-b118-e5ada06ce255,Rent,Monthly office rent - May 2022,120169.05,2022-05-01,approved,2022-05-01 17:09:03,2022,5,2,17,6,1,0,6,False,False,False,False,False,False,True,False,False,False,11.696663101982482
2799cc94-2b35-42b5-835c-c7bef3f7099e,00000000-0000-0000-0000-000000000002,587616fd-ba60-493e-ba92-b68a61b5cdce,07274486-6344-4009-ae28-b9027a51f93f,Salaries,Staff salaries - May 2022,391479.09,2022-05-28,approved,2022-05-28 15:08:32,2022,5,2,21,5,1,0,7,False,False,False,False,False,False,False,True,False,False,12.877689937436532
9e9307de-6aa9-47ae-b67d-dc61de17100c,00000000-0000-0000-0000-000000000002,587616fd-ba60-493e-ba92-b68a61b5cdce,81c496fc-1d35-4405-9a7d-ae0a15104d5b,Utilities,Electricity and water - May 2022,7798.86,2022-05-15,approved,2022-05-15 11:33:08,2022,5,2,19,6,1,0,9,False,False,False,False,False,False,False,False,False,True,8.961861063798654
d9f7db0e-4f80-4560-8c3e-692ad48499a9,00000000-0000-0000-0000-000000000002,b961632b-814f-4481-946b-17a792487aa7,7f514159-0b19-4321-a308-daec53995d5a,Rent,Monthly office rent - May 2022,97637.62,2022-05-01,approved,2022-05-01 12:47:55,2022,5,2,17,6,1,0,6,False,False,False,False,False,False,True,False,False,False,11.489028390855193
e8de9e80-9da9-420f-ad80-143a5de7d3b8,00000000-0000-0000-0000-000000000002,b961632b-814f-4481-946b-17a792487aa7,09cd08c0-c83a-42f5-96cc-b9c13c2aa7e4,Salaries,Staff salaries - May 2022,344633.35,2022-05-28,approved,2022-05-28 10:11:08,2022,5,2,21,5,1,0,7,False,False,False,False,False,False,False,True,False,False,12.750239278897487
3f5936a4-506d-488a-b8b8-18aa27750227,00000000-0000-0000-0000-000000000002,b961632b-814f-4481-946b-17a792487aa7,2afe7cda-5682-4c01-a59f-5f13090047f6,Utilities,Electricity and water - May 2022,5266.34,2022-05-15,approved,2022-05-15 18:59:30,2022,5,2,19,6,1,0,9,False,False,False,False,False,False,False,False,False,True,8.569280770276343
cacf2678-967b-4c0d-84ff-e5914637abc3,00000000-0000-0000-0000-000000000002,5f6c98b4-4360-41ee-83a3-efc700651a04,f72410dd-3260-4ece-a477-1ae69ac1e84e,Rent,Monthly office rent - June 2022,73833.52,2022-06-01,approved,2022-06-01 18:08:22,2022,6,2,22,2,0,0,6,False,False,False,False,False,False,True,False,False,False,11.209581651904823
a404a4c1-c59f-4f84-9c7a-6c4174ccd46a,00000000-0000-0000-0000-000000000002,5f6c98b4-4360-41ee-83a3-efc700651a04,9d2a5f48-38f2-46be-b733-c1b9f1c891c4,Salaries,Staff salaries - June 2022,605247.44,2022-06-28,approved,2022-06-28 18:38:08,2022,6,2,26,1,0,0,7,False,False,False,False,False,False,False,True,False,False,13.313394297349648
b8613fc5-ae4f-4cee-a019-988aeaabf61c,00000000-0000-0000-0000-000000000002,5f6c98b4-4360-41ee-83a3-efc700651a04,9d2a5f48-38f2-46be-b733-c1b9f1c891c4,Utilities,Electricity and water - June 2022,27969.5,2022-06-15,approved,2022-06-15 10:04:13,2022,6,2,24,2,0,0,9,False,False,False,False,False,False,False,False,False,True,10.238905662332257
e79971f9-6c4a-456f-9ecc-5bcb11f4e4d4,00000000-0000-0000-0000-000000000002,587616fd-ba60-493e-ba92-b68a61b5cdce,07274486-6344-4009-ae28-b9027a51f93f,Rent,Monthly office rent - June 2022,66950.2,2022-06-01,approved,2022-06-01 08:41:33,2022,6,2,22,2,0,0,6,False,False,False,False,False,False,True,False,False,False,11.111719274782438
04d0081c-fb37-47cd-9ab3-05a3f0afc311,00000000-0000-0000-0000-000000000002,587616fd-ba60-493e-ba92-b68a61b5cdce,e213801b-a706-48c3-9ba4-7db14d3912f3,Salaries,Staff salaries - June 2022,287206.54,2022-06-28,approved,2022-06-28 15:18:55,2022,6,2,26,1,0,0,7,False,False,False,False,False,False,False,True,False,False,12.567960369293484
69750c32-71c1-4701-922e-d56b48bdcd0a,00000000-0000-0000-0000-000000000002,587616fd-ba60-493e-ba92-b68a61b5cdce,e213801b-a706-48c3-9ba4-7db14d3912f3,Utilities,Electricity and water - June 2022,11510.83,2022-06-15,approved,2022-06-15 12:06:49,2022,6,2,24,2,0,0,9,False,False,False,False,False,False,False,False,False,True,9.351130481258723
4accf596-cef3-4f30-9cf7-cd7d70c35579,00000000-0000-0000-0000-000000000002,b961632b-814f-4481-946b-17a792487aa7,9d2a5f48-38f2-46be-b733-c1b9f1c891c4,Rent,Monthly office rent - June 2022,185841.97,2022-06-01,approved,2022-06-01 17:54:43,2022,6,2,22,2,0,0,6,False,False,False,False,False,False,True,False,False,False,12.132657348806042
5aa3dc0d-395e-4dfd-a345-d41712236868,00000000-0000-0000-0000-000000000002,b961632b-814f-4481-946b-17a792487aa7,517d046e-f5e7-4244-8dab-e8995b9bfdc4,Salaries,Staff salaries - June 2022,684770.43,2022-06-28,approved,2022-06-28 15:20:09,2022,6,2,26,1,0,0,7,False,False,False,False,False,False,False,True,False,False,13.436840382729077
967876bf-65a3-4081-a1c1-cc56a41ff451,00000000-0000-0000-0000-000000000002,b961632b-814f-4481-946b-17a792487aa7,2afe7cda-5682-4c01-a59f-5f13090047f6,Utilities,Electricity and water - June 2022,10299.13,2022-06-15,approved,2022-06-15 11:35:00,2022,6,2,24,2,0,0,9,False,False,False,False,False,False,False,False,False,True,9.239911795497301
cc081138-333d-4dd5-9cc8-83094564ae6d,00000000-0000-0000-0000-000000000002,5f6c98b4-4360-41ee-83a3-efc700651a04,09cd08c0-c83a-42f5-96cc-b9c13c2aa7e4,Rent,Monthly office rent - July 2022,168283.82,2022-07-01,approved,2022-07-01 09:04:40,2022,7,3,26,4,0,0,6,False,False,False,False,False,False,True,False,False,False,12.033413180032555
03fa0746-fa9b-4e39-81db-0bf6785e260c,00000000-0000-0000-0000-000000000002,5f6c98b4-4360-41ee-83a3-efc700651a04,07274486-6344-4009-ae28-b9027a51f93f,Salaries,Staff salaries - July 2022,322585.35,2022-07-28,approved,2022-07-28 15:49:15,2022,7,3,30,3,0,0,7,False,False,False,False,False,False,False,True,False,False,12.684126131316797
d2feb5fb-5a45-4445-97e3-0a068ba62003,00000000-0000-0000-0000-000000000002,5f6c98b4-4360-41ee-83a3-efc700651a04,7f514159-0b19-4321-a308-daec53995d5a,Utilities,Electricity and water - July 2022,26417.33,2022-07-15,approved,2022-07-15 10:11:23,2022,7,3,28,4,0,0,9,False,False,False,False,False,False,False,False,False,True,10.181813366388871
89132408-de5b-4480-8971-8cedc8c06ff4,00000000-0000-0000-0000-000000000002,587616fd-ba60-493e-ba92-b68a61b5cdce,517d046e-f5e7-4244-8dab-e8995b9bfdc4,Rent,Monthly office rent - July 2022,197135.07,2022-07-01,approved,2022-07-01 13:52:53,2022,7,3,26,4,0,0,6,False,False,False,False,False,False,True,False,False,False,12.1916494799492
76ed33e6-be83-4e2a-8c2a-8bca9626f61e,00000000-0000-0000-0000-000000000002,587616fd-ba60-493e-ba92-b68a61b5cdce,f72410dd-3260-4ece-a477-1ae69ac1e84e,Salaries,Staff salaries - July 2022,334301.48,2022-07-28,approved,2022-07-28 16:55:36,2022,7,3,30,3,0,0,7,False,False,False,False,False,False,False,True,False,False,12.719801490867063
bdf445a6-bfae-4642-be9a-a2e10f13cae5,00000000-0000-0000-0000-000000000002,587616fd-ba60-493e-ba92-b68a61b5cdce,bcde24c7-84f3-4459-afee-eba83339896c,Utilities,Electricity and water - July 2022,15157.1,2022-07-15,approved,2022-07-15 12:54:50,2022,7,3,28,4,0,0,9,False,False,False,False,False,False,False,False,False,True,9.626290321526621
e975ea8c-5b43-4813-8965-f60c4c4dc334,00000000-0000-0000-0000-000000000002,b961632b-814f-4481-946b-17a792487aa7,bcde24c7-84f3-4459-afee-eba83339896c,Rent,Monthly office rent - July 2022,52592.72,2022-07-01,approved,2022-07-01 11:40:06,2022,7,3,26,4,0,0,6,False,False,False,False,False,False,True,False,False,False,10.870351999963072
76ccc6be-431c-4e45-9509-98d43705158b,00000000-0000-0000-0000-000000000002,b961632b-814f-4481-946b-17a792487aa7,bcde24c7-84f3-4459-afee-eba83339896c,Salaries,Staff salaries - July 2022,317013.84,2022-07-28,approved,2022-07-28 14:11:07,2022,7,3,30,3,0,0,7,False,False,False,False,False,False,False,True,False,False,12.66670386564381
29f76543-f3a1-4ed7-bd54-19e981391502,00000000-0000-0000-0000-000000000002,b961632b-814f-4481-946b-17a792487aa7,81c496fc-1d35-4405-9a7d-ae0a15104d5b,Utilities,Electricity and water - July 2022,24797.87,2022-07-15,approved,2022-07-15 11:00:51,2022,7,3,28,4,0,0,9,False,False,False,False,False,False,False,False,False,True,10.118553366598851
9cb803d8-e64a-4e8f-b41f-8d5d6197b4b7,00000000-0000-0000-0000-000000000002,5f6c98b4-4360-41ee-83a3-efc700651a04,9d2a5f48-38f2-46be-b733-c1b9f1c891c4,Rent,Monthly office rent - August 2022,78615.17,2022-08-01,approved,2022-08-01 18:15:17,2022,8,3,31,0,0,0,6,False,False,False,False,False,False,True,False,False,False,11.272332682449612
bf24e73f-7678-4b04-994c-67527f38e2af,00000000-0000-0000-0000-000000000002,5f6c98b4-4360-41ee-83a3-efc700651a04,9d2a5f48-38f2-46be-b733-c1b9f1c891c4,Salaries,Staff salaries - August 2022,434868.02,2022-08-28,approved,2022-08-28 18:36:16,2022,8,3,34,6,1,0,7,False,False,False,False,False,False,False,True,False,False,12.9828001612818
aebc6821-4d0a-4465-b0ed-5dac57e282db,00000000-0000-0000-0000-000000000002,5f6c98b4-4360-41ee-83a3-efc700651a04,81c496fc-1d35-4405-9a7d-ae0a15104d5b,Utilities,Electricity and water - August 2022,17344.88,2022-08-15,approved,2022-08-15 15:28:31,2022,8,3,33,0,0,0,9,False,False,False,False,False,False,False,False,False,True,9.761110293199026
c06d18e1-4053-44df-921d-098bf4ec550a,00000000-0000-0000-0000-000000000002,587616fd-ba60-493e-ba92-b68a61b5cdce,81c496fc-1d35-4405-9a7d-ae0a15104d5b,Rent,Monthly office rent - August 2022,196603.76,2022-08-01,approved,2022-08-01 09:11:50,2022,8,3,31,0,0,0,6,False,False,False,False,False,False,True,False,False,False,12.188950697999259
eee85e32-0915-42fd-a482-fd22bdd73642,00000000-0000-0000-0000-000000000002,587616fd-ba60-493e-ba92-b68a61b5cdce,2afe7cda-5682-4c01-a59f-5f13090047f6,Salaries,Staff salaries - August 2022,350865.05,2022-08-28,approved,2022-08-28 16:49:39,2022,8,3,34,6,1,0,7,False,False,False,False,False,False,False,True,False,False,12.768159805679435
19bfc337-0059-4bfa-a2c6-1820ece46035,00000000-0000-0000-0000-000000000002,587616fd-ba60-493e-ba92-b68a61b5cdce,07274486-6344-4009-ae28-b9027a51f93f,Utilities,Electricity and water - August 2022,23905.44,2022-08-15,approved,2022-08-15 17:56:18,2022,8,3,33,0,0,0,9,False,False,False,False,False,False,False,False,False,True,10.081903157689782
df6f2c2d-7dc0-4b48-8ec0-a0e3b82926e3,00000000-0000-0000-0000-000000000002,b961632b-814f-4481-946b-17a792487aa7,c75c1d53-938d-4640-b118-e5ada06ce255,Rent,Monthly office rent - August 2022,123634.27,2022-08-01,approved,2022-08-01 18:18:56,2022,8,3,31,0,0,0,6,False,False,False,False,False,False,True,False,False,False,11.725091139286507
2f6ad6ba-f198-4451-bf04-1b11fcabd165,00000000-0000-0000-0000-000000000002,b961632b-814f-4481-946b-17a792487aa7,9d2a5f48-38f2-46be-b733-c1b9f1c891c4,Salaries,Staff salaries - August 2022,678446.98,2022-08-28,approved,2022-08-28 11:05:37,2022,8,3,34,6,1,0,7,False,False,False,False,False,False,False,True,False,False,13.427563086194768
0d38494a-a190-4085-aa5a-48548a747f59,00000000-0000-0000-0000-000000000002,b961632b-814f-4481-946b-17a792487aa7,bcde24c7-84f3-4459-afee-eba83339896c,Utilities,Electricity and water - August 2022,9881.65,2022-08-15,approved,2022-08-15 18:03:21,2022,8,3,33,0,0,0,9,False,False,False,False,False,False,False,False,False,True,9.198535973401212
23036d69-1234-423f-bee1-967b5599f3dc,00000000-0000-0000-0000-000000000002,5f6c98b4-4360-41ee-83a3-efc700651a04,09cd08c0-c83a-42f5-96cc-b9c13c2aa7e4,Rent,Monthly office rent - September 2022,157161.43,2022-09-01,approved,2022-09-01 16:36:42,2022,9,3,35,3,0,0,6,False,False,False,False,False,False,True,False,False,False,11.965035135502466
efc86f77-5af8-4095-9695-8681846d78bc,00000000-0000-0000-0000-000000000002,5f6c98b4-4360-41ee-83a3-efc700651a04,e213801b-a706-48c3-9ba4-7db14d3912f3,Salaries,Staff salaries - September 2022,661995.41,2022-09-28,approved,2022-09-28 11:59:17,2022,9,3,39,2,0,0,7,False,False,False,False,False,False,False,True,False,False,13.403015411943716
53958c58-2ec9-4d53-b214-be8bdb538142,00000000-0000-0000-0000-000000000002,5f6c98b4-4360-41ee-83a3-efc700651a04,6708a3ae-03ac-432d-8065-25bbf8f3a753,Utilities,Electricity and water - September 2022,23203.18,2022-09-15,approved,2022-09-15 14:28:44,2022,9,3,37,3,0,0,9,False,False,False,False,False,False,False,False,False,True,10.052087713839095
96526778-7875-4783-a94f-fa4f43e97389,00000000-0000-0000-0000-000000000002,587616fd-ba60-493e-ba92-b68a61b5cdce,81c496fc-1d35-4405-9a7d-ae0a15104d5b,Rent,Monthly office rent - September 2022,56357.43,2022-09-01,approved,2022-09-01 08:17:54,2022,9,3,35,3,0,0,6,False,False,False,False,False,False,True,False,False,False,10.9394871089887
59edd232-c795-4532-af62-78ec21a91ae9,00000000-0000-0000-0000-000000000002,587616fd-ba60-493e-ba92-b68a61b5cdce,2afe7cda-5682-4c01-a59f-5f13090047f6,Salaries,Staff salaries - September 2022,378347.93,2022-09-28,approved,2022-09-28 16:23:15,2022,9,3,39,2,0,0,7,False,False,False,False,False,False,False,True,False,False,12.843572144049421
36599bc0-2457-4031-a42e-e9f45fbcbdc2,00000000-0000-0000-0000-000000000002,587616fd-ba60-493e-ba92-b68a61b5cdce,81c496fc-1d35-4405-9a7d-ae0a15104d5b,Utilities,Electricity and water - September 2022,7633.26,2022-09-15,approved,2022-09-15 08:23:31,2022,9,3,37,3,0,0,9,False,False,False,False,False,False,False,False,False,True,8.940401290886069
13f56949-492c-424c-ba1b-c1d46f9066e2,00000000-0000-0000-0000-000000000002,b961632b-814f-4481-946b-17a792487aa7,81c496fc-1d35-4405-9a7d-ae0a15104d5b,Rent,Monthly office rent - September 2022,148625.73,2022-09-01,approved,2022-09-01 13:30:15,2022,9,3,35,3,0,0,6,False,False,False,False,False,False,True,False,False,False,11.90919327395898
5f85a739-5642-4e85-8e53-b36de5d5f77d,00000000-0000-0000-0000-000000000002,b961632b-814f-4481-946b-17a792487aa7,6708a3ae-03ac-432d-8065-25bbf8f3a753,Salaries,Staff salaries - September 2022,650098.44,2022-09-28,approved,2022-09-28 13:38:25,2022,9,3,39,2,0,0,7,False,False,False,False,False,False,False,True,False,False,13.384880614786251
3bb2d19f-2d73-4c62-b7b7-63303897b4bf,00000000-0000-0000-0000-000000000002,b961632b-814f-4481-946b-17a792487aa7,e213801b-a706-48c3-9ba4-7db14d3912f3,Utilities,Electricity and water - September 2022,10378.59,2022-09-15,approved,2022-09-15 11:13:21,2022,9,3,37,3,0,0,9,False,False,False,False,False,False,False,False,False,True,9.247596656903163
ae2b5a0a-66a6-4a8c-9b80-2579cfc0a071,00000000-0000-0000-0000-000000000002,5f6c98b4-4360-41ee-83a3-efc700651a04,07274486-6344-4009-ae28-b9027a51f93f,Rent,Monthly office rent - October 2022,90077.7,2022-10-01,approved,2022-10-01 18:36:54,2022,10,4,39,5,1,0,6,False,False,False,False,False,False,True,False,False,False,11.408439011653039
aea25ab8-625f-419a-bae7-ecbc5a3cb8d6,00000000-0000-0000-0000-000000000002,5f6c98b4-4360-41ee-83a3-efc700651a04,e213801b-a706-48c3-9ba4-7db14d3912f3,Salaries,Staff salaries - October 2022,677341.19,2022-10-28,approved,2022-10-28 18:53:49,2022,10,4,43,4,0,0,7,False,False,False,False,False,False,False,True,False,False,13.425931874714314
8f6b00b7-10cf-4989-8dd9-9d638820fbf5,00000000-0000-0000-0000-000000000002,5f6c98b4-4360-41ee-83a3-efc700651a04,6708a3ae-03ac-432d-8065-25bbf8f3a753,Utilities,Electricity and water - October 2022,8348.83,2022-10-15,approved,2022-10-15 09:45:04,2022,10,4,41,5,1,0,9,False,False,False,False,False,False,False,False,False,True,9.02999645835621
81b70659-51bb-4aaa-80b6-5fe9120b5500,00000000-0000-0000-0000-000000000002,587616fd-ba60-493e-ba92-b68a61b5cdce,517d046e-f5e7-4244-8dab-e8995b9bfdc4,Rent,Monthly office rent - October 2022,112601.44,2022-10-01,approved,2022-10-01 14:04:56,2022,10,4,39,5,1,0,6,False,False,False,False,False,False,True,False,False,False,11.631618664079943
d4b7330e-b6ce-4db5-a304-3e7c87142bfc,00000000-0000-0000-0000-000000000002,587616fd-ba60-493e-ba92-b68a61b5cdce,2afe7cda-5682-4c01-a59f-5f13090047f6,Salaries,Staff salaries - October 2022,223906.34,2022-10-28,approved,2022-10-28 14:01:00,2022,10,4,43,4,0,0,7,False,False,False,False,False,False,False,True,False,False,12.318987584541697
3fa1405c-5c47-4445-a8cd-31936725def0,00000000-0000-0000-0000-000000000002,587616fd-ba60-493e-ba92-b68a61b5cdce,09cd08c0-c83a-42f5-96cc-b9c13c2aa7e4,Utilities,Electricity and water - October 2022,8166.63,2022-10-15,approved,2022-10-15 10:02:47,2022,10,4,41,5,1,0,9,False,False,False,False,False,False,False,False,False,True,9.007934060091745
4748a68b-baa5-420b-a891-ab86e151e1a2,00000000-0000-0000-0000-000000000002,b961632b-814f-4481-946b-17a792487aa7,09cd08c0-c83a-42f5-96cc-b9c13c2aa7e4,Rent,Monthly office rent - October 2022,122592.57,2022-10-01,approved,2022-10-01 15:08:11,2022,10,4,39,5,1,0,6,False,False,False,False,False,False,True,False,False,False,11.716629854126802
12b98a73-fa52-4db3-9d5e-d54eeebbc3fd,00000000-0000-0000-0000-000000000002,b961632b-814f-4481-946b-17a792487aa7,517d046e-f5e7-4244-8dab-e8995b9bfdc4,Salaries,Staff salaries - October 2022,682453.91,2022-10-28,approved,2022-10-28 13:57:56,2022,10,4,43,4,0,0,7,False,False,False,False,False,False,False,True,False,False,13.433451737924736
c33d7310-97ad-4bee-a66a-7f184417bfa1,00000000-0000-0000-0000-000000000002,b961632b-814f-4481-946b-17a792487aa7,c75c1d53-938d-4640-b118-e5ada06ce255,Utilities,Electricity and water - October 2022,29636.49,2022-10-15,approved,2022-10-15 09:09:06,2022,10,4,41,5,1,0,9,False,False,False,False,False,False,False,False,False,True,10.29679539296323
80d10413-4f82-46fb-802c-1809e33a5b7c,00000000-0000-0000-0000-000000000002,5f6c98b4-4360-41ee-83a3-efc700651a04,81c496fc-1d35-4405-9a7d-ae0a15104d5b,Rent,Monthly office rent - November 2022,184246.37,2022-11-01,approved,2022-11-01 11:57:21,2022,11,4,44,1,0,0,6,False,False,False,False,False,False,True,False,False,False,12.124034535865583
274a6511-24f9-4a77-843c-f52d6003c2a7,00000000-0000-0000-0000-000000000002,5f6c98b4-4360-41ee-83a3-efc700651a04,7f514159-0b19-4321-a308-daec53995d5a,Salaries,Staff salaries - November 2022,224268.06,2022-11-28,approved,2022-11-28 08:48:09,2022,11,4,48,0,0,0,7,False,False,False,False,False,False,False,True,False,False,12.320601770735085
62de3e60-4930-4b87-bcf8-87b23868957a,00000000-0000-0000-0000-000000000002,5f6c98b4-4360-41ee-83a3-efc700651a04,c75c1d53-938d-4640-b118-e5ada06ce255,Utilities,Electricity and water - November 2022,9296.35,2022-11-15,approved,2022-11-15 14:40:16,2022,11,4,46,1,0,0,9,False,False,False,False,False,False,False,False,False,True,9.137484692299896
3d079f1d-75d0-4945-90e3-bc2317a0ea0e,00000000-0000-0000-0000-000000000002,587616fd-ba60-493e-ba92-b68a61b5cdce,c75c1d53-938d-4640-b118-e5ada06ce255,Rent,Monthly office rent - November 2022,186340.94,2022-11-01,approved,2022-11-01 11:27:33,2022,11,4,44,1,0,0,6,False,False,False,False,False,False,True,False,False,False,12.135338652026748
5628c1de-f776-47ad-a3fa-ece67afdbd62,00000000-0000-0000-0000-000000000002,587616fd-ba60-493e-ba92-b68a61b5cdce,9d2a5f48-38f2-46be-b733-c1b9f1c891c4,Salaries,Staff salaries - November 2022,407028.54,2022-11-28,approved,2022-11-28 16:40:58,2022,11,4,48,0,0,0,7,False,False,False,False,False,False,False,True,False,False,12.916641041643521
32aca804-5fec-41e3-8629-59aa15358e50,00000000-0000-0000-0000-000000000002,587616fd-ba60-493e-ba92-b68a61b5cdce,e213801b-a706-48c3-9ba4-7db14d3912f3,Utilities,Electricity and water - November 2022,6633.38,2022-11-15,approved,2022-11-15 08:30:01,2022,11,4,46,1,0,0,9,False,False,False,False,False,False,False,False,False,True,8.800020498541832
119a4c07-e22f-400f-a090-985337237608,00000000-0000-0000-0000-000000000002,b961632b-814f-4481-946b-17a792487aa7,2afe7cda-5682-4c01-a59f-5f13090047f6,Rent,Monthly office rent - November 2022,162102.91,2022-11-01,approved,2022-11-01 18:32:32,2022,11,4,44,1,0,0,6,False,False,False,False,False,False,True,False,False,False,11.99599282834588
242dd1d9-0c82-4f61-ad6a-19f36e6b588e,00000000-0000-0000-0000-000000000002,b961632b-814f-4481-946b-17a792487aa7,f72410dd-3260-4ece-a477-1ae69ac1e84e,Salaries,Staff salaries - November 2022,601105.31,2022-11-28,approved,2022-11-28 17:39:23,2022,11,4,48,0,0,0,7,False,False,False,False,False,False,False,True,False,False,13.30652708639355
1aacf15d-70fa-49eb-82fd-5304f2ff8e10,00000000-0000-0000-0000-000000000002,b961632b-814f-4481-946b-17a792487aa7,517d046e-f5e7-4244-8dab-e8995b9bfdc4,Utilities,Electricity and water - November 2022,13514.16,2022-11-15,approved,2022-11-15 08:53:54,2022,11,4,46,1,0,0,9,False,False,False,False,False,False,False,False,False,True,9.511567297338214
3eb280ef-1c83-4075-85f3-ba79208fe1c1,00000000-0000-0000-0000-000000000002,5f6c98b4-4360-41ee-83a3-efc700651a04,c75c1d53-938d-4640-b118-e5ada06ce255,Rent,Monthly office rent - December 2022,189868.4,2022-12-01,approved,2022-12-01 13:45:44,2022,12,4,48,3,0,0,6,False,False,False,False,False,False,True,False,False,False,12.154091746375586
ea1968ff-752f-434c-9c09-38920e96deba,00000000-0000-0000-0000-000000000002,5f6c98b4-4360-41ee-83a3-efc700651a04,e213801b-a706-48c3-9ba4-7db14d3912f3,Salaries,Staff salaries - December 2022,552291.82,2022-12-28,approved,2022-12-28 12:40:57,2022,12,4,52,2,0,0,7,False,False,False,False,False,False,False,True,False,False,13.221833655623715
cd4643e6-9844-40f4-ab83-f43e4c5646d1,00000000-0000-0000-0000-000000000002,5f6c98b4-4360-41ee-83a3-efc700651a04,f72410dd-3260-4ece-a477-1ae69ac1e84e,Utilities,Electricity and water - December 2022,24934.12,2022-12-15,approved,2022-12-15 13:00:03,2022,12,4,50,3,0,0,9,False,False,False,False,False,False,False,False,False,True,10.124032530481175
1ee54a4a-46e7-4032-9ad9-9e67ee7947a6,00000000-0000-0000-0000-000000000002,587616fd-ba60-493e-ba92-b68a61b5cdce,6708a3ae-03ac-432d-8065-25bbf8f3a753,Rent,Monthly office rent - December 2022,157418.93,2022-12-01,approved,2022-12-01 13:11:57,2022,12,4,48,3,0,0,6,False,False,False,False,False,False,True,False,False,False,11.966672227026034
51b26b6b-81c0-44c3-a3a9-7ef6f7b16d6c,00000000-0000-0000-0000-000000000002,587616fd-ba60-493e-ba92-b68a61b5cdce,bcde24c7-84f3-4459-afee-eba83339896c,Salaries,Staff salaries - December 2022,378248.76,2022-12-28,approved,2022-12-28 18:03:48,2022,12,4,52,2,0,0,7,False,False,False,False,False,False,False,True,False,False,12.84330999714941
1432735a-db17-4ebe-9b0c-0cbc93350b0d,00000000-0000-0000-0000-000000000002,587616fd-ba60-493e-ba92-b68a61b5cdce,bcde24c7-84f3-4459-afee-eba83339896c,Utilities,Electricity and water - December 2022,6535.12,2022-12-15,approved,2022-12-15 18:45:02,2022,12,4,50,3,0,0,9,False,False,False,False,False,False,False,False,False,True,8.78509899622442
d8d9adc3-0bce-4d05-b9b6-bd498e78531b,00000000-0000-0000-0000-000000000002,b961632b-814f-4481-946b-17a792487aa7,517d046e-f5e7-4244-8dab-e8995b9bfdc4,Rent,Monthly office rent - December 2022,149220.47,2022-12-01,approved,2022-12-01 14:33:01,2022,12,4,48,3,0,0,6,False,False,False,False,False,False,True,False,False,False,11.91318685720336
0d04ca68-eab8-4a4f-a885-fb2344784a97,00000000-0000-0000-0000-000000000002,b961632b-814f-4481-946b-17a792487aa7,c75c1d53-938d-4640-b118-e5ada06ce255,Salaries,Staff salaries - December 2022,580596.0,2022-12-28,approved,2022-12-28 15:43:27,2022,12,4,52,2,0,0,7,False,False,False,False,False,False,False,True,False,False,13.271812163490768
439811d7-1a3b-42d2-b18a-893a80b40621,00000000-0000-0000-0000-000000000002,b961632b-814f-4481-946b-17a792487aa7,09cd08c0-c83a-42f5-96cc-b9c13c2aa7e4,Utilities,Electricity and water - December 2022,14700.61,2022-12-15,approved,2022-12-15 18:29:10,2022,12,4,50,3,0,0,9,False,False,False,False,False,False,False,False,False,True,9.595712290579057
d5dec6a1-2866-4060-979b-4d06219a6c54,00000000-0000-0000-0000-000000000002,5f6c98b4-4360-41ee-83a3-efc700651a04,81c496fc-1d35-4405-9a7d-ae0a15104d5b,Rent,Monthly office rent - January 2023,144910.68,2023-01-01,approved,2023-01-01 09:25:14,2023,1,1,52,6,1,0,6,False,False,False,False,False,False,True,False,False,False,11.883879732375568
f12f6ceb-d8bd-4582-9e8c-c265d6f10096,00000000-0000-0000-0000-000000000002,5f6c98b4-4360-41ee-83a3-efc700651a04,f72410dd-3260-4ece-a477-1ae69ac1e84e,Salaries,Staff salaries - January 2023,733806.8,2023-01-28,approved,2023-01-28 14:17:22,2023,1,1,4,5,1,0,7,False,False,False,False,False,False,False,True,False,False,13.50600242044617
44f411ac-5fb0-484c-be0a-e79df93ca933,00000000-0000-0000-0000-000000000002,5f6c98b4-4360-41ee-83a3-efc700651a04,7f514159-0b19-4321-a308-daec53995d5a,Utilities,Electricity and water - January 2023,6888.57,2023-01-15,approved,2023-01-15 10:37:36,2023,1,1,2,6,1,0,9,False,False,False,False,False,False,False,False,False,True,8.83776395277134
6d4a83fb-22f1-4568-94f4-895de68c48a0,00000000-0000-0000-0000-000000000002,587616fd-ba60-493e-ba92-b68a61b5cdce,9d2a5f48-38f2-46be-b733-c1b9f1c891c4,Rent,Monthly office rent - January 2023,73137.89,2023-01-01,approved,2023-01-01 17:31:04,2023,1,1,52,6,1,0,6,False,False,False,False,False,False,True,False,False,False,11.200115515214133
c79a4dfd-c5ef-4ae5-a4d7-7d9b104f2602,00000000-0000-0000-0000-000000000002,587616fd-ba60-493e-ba92-b68a61b5cdce,e213801b-a706-48c3-9ba4-7db14d3912f3,Salaries,Staff salaries - January 2023,260620.97,2023-01-28,approved,2023-01-28 08:02:23,2023,1,1,4,5,1,0,7,False,False,False,False,False,False,False,True,False,False,12.470826245568341
caab9484-8dc8-4996-a1fb-c573f1153464,00000000-0000-0000-0000-000000000002,587616fd-ba60-493e-ba92-b68a61b5cdce,bcde24c7-84f3-4459-afee-eba83339896c,Utilities,Electricity and water - January 2023,26137.27,2023-01-15,approved,2023-01-15 09:15:37,2023,1,1,2,6,1,0,9,False,False,False,False,False,False,False,False,False,True,10.171155802891677
44afa3ad-a46f-40ee-b1c7-8b7b27189fc0,00000000-0000-0000-0000-000000000002,b961632b-814f-4481-946b-17a792487aa7,09cd08c0-c83a-42f5-96cc-b9c13c2aa7e4,Rent,Monthly office rent - January 2023,124120.65,2023-01-01,approved,2023-01-01 18:45:44,2023,1,1,52,6,1,0,6,False,False,False,False,False,False,True,False,False,False,11.72901741206081
2cde26d8-088a-45e1-a219-be2e4748e88d,00000000-0000-0000-0000-000000000002,b961632b-814f-4481-946b-17a792487aa7,6708a3ae-03ac-432d-8065-25bbf8f3a753,Salaries,Staff salaries - January 2023,588010.7,2023-01-28,approved,2023-01-28 16:34:01,2023,1,1,4,5,1,0,7,False,False,False,False,False,False,False,True,False,False,13.284502124641985
8779559c-8b39-48e9-a901-16da7155b637,00000000-0000-0000-0000-000000000002,b961632b-814f-4481-946b-17a792487aa7,f72410dd-3260-4ece-a477-1ae69ac1e84e,Utilities,Electricity and water - January 2023,20428.8,2023-01-15,approved,2023-01-15 12:23:41,2023,1,1,2,6,1,0,9,False,False,False,False,False,False,False,False,False,True,9.924749898238542
3109fa2f-c7a4-4c00-a43f-abd8964a435d,00000000-0000-0000-0000-000000000002,5f6c98b4-4360-41ee-83a3-efc700651a04,517d046e-f5e7-4244-8dab-e8995b9bfdc4,Rent,Monthly office rent - February 2023,92410.74,2023-02-01,approved,2023-02-01 12:44:03,2023,2,1,5,2,0,0,6,False,False,False,False,False,False,True,False,False,False,11.434009305835866
b88bcaac-987e-4f4d-a349-172e9e19dc39,00000000-0000-0000-0000-000000000002,5f6c98b4-4360-41ee-83a3-efc700651a04,c75c1d53-938d-4640-b118-e5ada06ce255,Salaries,Staff salaries - February 2023,371044.04,2023-02-28,approved,2023-02-28 13:00:42,2023,2,1,9,1,0,1,7,False,False,False,False,False,False,False,True,False,False,12.824078735838242
d593507b-59fb-45ba-84d9-53d3a45ca390,00000000-0000-0000-0000-000000000002,5f6c98b4-4360-41ee-83a3-efc700651a04,2afe7cda-5682-4c01-a59f-5f13090047f6,Utilities,Electricity and water - February 2023,5151.66,2023-02-15,approved,2023-02-15 08:38:10,2023,2,1,7,2,0,0,9,False,False,False,False,False,False,False,False,False,True,8.547268365169431
e4de1162-8da5-4fd5-9e08-195bcf63c601,00000000-0000-0000-0000-000000000002,587616fd-ba60-493e-ba92-b68a61b5cdce,517d046e-f5e7-4244-8dab-e8995b9bfdc4,Rent,Monthly office rent - February 2023,105775.77,2023-02-01,approved,2023-02-01 12:44:30,2023,2,1,5,2,0,0,6,False,False,False,False,False,False,True,False,False,False,11.569086209080973
4f58942f-f128-4e05-9800-6603a86f5d88,00000000-0000-0000-0000-000000000002,587616fd-ba60-493e-ba92-b68a61b5cdce,07274486-6344-4009-ae28-b9027a51f93f,Salaries,Staff salaries - February 2023,316383.96,2023-02-28,approved,2023-02-28 11:51:28,2023,2,1,9,1,0,1,7,False,False,False,False,False,False,False,True,False,False,12.664714978979704
28439478-e9a3-4287-aa07-15b87cc5259e,00000000-0000-0000-0000-000000000002,587616fd-ba60-493e-ba92-b68a61b5cdce,2afe7cda-5682-4c01-a59f-5f13090047f6,Utilities,Electricity and water - February 2023,20655.94,2023-02-15,approved,2023-02-15 13:04:53,2023,2,1,7,2,0,0,9,False,False,False,False,False,False,False,False,False,True,9.935806619409632
228786e6-cd16-4b67-9f55-f045993c463c,00000000-0000-0000-0000-000000000002,b961632b-814f-4481-946b-17a792487aa7,c75c1d53-938d-4640-b118-e5ada06ce255,Rent,Monthly office rent - February 2023,74268.86,2023-02-01,approved,2023-02-01 11:55:34,2023,2,1,5,2,0,0,6,False,False,False,False,False,False,True,False,False,False,11.215460495647427
7072508d-3d96-44ca-8ef5-bbca75ea88a4,00000000-0000-0000-0000-000000000002,b961632b-814f-4481-946b-17a792487aa7,bcde24c7-84f3-4459-afee-eba83339896c,Salaries,Staff salaries - February 2023,438119.08,2023-02-28,approved,2023-02-28 10:44:47,2023,2,1,9,1,0,1,7,False,False,False,False,False,False,False,True,False,False,12.99024830703604
1951bc67-8e72-48b7-9e78-c20d31f64400,00000000-0000-0000-0000-000000000002,b961632b-814f-4481-946b-17a792487aa7,2afe7cda-5682-4c01-a59f-5f13090047f6,Utilities,Electricity and water - February 2023,21856.73,2023-02-15,approved,2023-02-15 18:06:50,2023,2,1,7,2,0,0,9,False,False,False,False,False,False,False,False,False,True,9.99230991370356
9b224384-364b-468d-bfdd-75c8109dced5,00000000-0000-0000-0000-000000000002,5f6c98b4-4360-41ee-83a3-efc700651a04,517d046e-f5e7-4244-8dab-e8995b9bfdc4,Rent,Monthly office rent - March 2023,139777.63,2023-03-01,approved,2023-03-01 14:33:25,2023,3,1,9,2,0,0,6,False,False,False,False,False,False,True,False,False,False,11.84781523586705
82ed6db2-8375-430c-9f05-0764f08bae2b,00000000-0000-0000-0000-000000000002,5f6c98b4-4360-41ee-83a3-efc700651a04,6708a3ae-03ac-432d-8065-25bbf8f3a753,Salaries,Staff salaries - March 2023,513666.46,2023-03-28,approved,2023-03-28 11:24:50,2023,3,1,13,1,0,0,7,False,False,False,False,False,False,False,True,False,False,13.149331370084605
8befbe69-20bd-42fa-b887-eaa140d75103,00000000-0000-0000-0000-000000000002,5f6c98b4-4360-41ee-83a3-efc700651a04,81c496fc-1d35-4405-9a7d-ae0a15104d5b,Utilities,Electricity and water - March 2023,29417.02,2023-03-15,approved,2023-03-15 11:14:38,2023,3,1,11,2,0,0,9,False,False,False,False,False,False,False,False,False,True,10.289362690734928
2608e03a-8e97-4939-8fed-eed97a570dca,00000000-0000-0000-0000-000000000002,587616fd-ba60-493e-ba92-b68a61b5cdce,2afe7cda-5682-4c01-a59f-5f13090047f6,Rent,Monthly office rent - March 2023,139454.27,2023-03-01,approved,2023-03-01 18:32:45,2023,3,1,9,2,0,0,6,False,False,False,False,False,False,True,False,False,False,11.845499183664616
39f68ea5-372a-47dc-a8c0-9fc2087abc0b,00000000-0000-0000-0000-000000000002,587616fd-ba60-493e-ba92-b68a61b5cdce,7f514159-0b19-4321-a308-daec53995d5a,Salaries,Staff salaries - March 2023,222412.45,2023-03-28,approved,2023-03-28 15:06:59,2023,3,1,13,1,0,0,7,False,False,False,False,False,False,False,True,False,False,12.312293316148633
380db06d-b8ff-443d-bc88-5eea0bbd9feb,00000000-0000-0000-0000-000000000002,587616fd-ba60-493e-ba92-b68a61b5cdce,9d2a5f48-38f2-46be-b733-c1b9f1c891c4,Utilities,Electricity and water - March 2023,20423.5,2023-03-15,approved,2023-03-15 17:41:43,2023,3,1,11,2,0,0,9,False,False,False,False,False,False,False,False,False,True,9.924490439624407
feaf26f8-e199-421c-92af-4d1d44cc6a27,00000000-0000-0000-0000-000000000002,b961632b-814f-4481-946b-17a792487aa7,6708a3ae-03ac-432d-8065-25bbf8f3a753,Rent,Monthly office rent - March 2023,98742.45,2023-03-01,approved,2023-03-01 17:29:41,2023,3,1,9,2,0,0,6,False,False,False,False,False,False,True,False,False,False,11.500280351449572
a3fe60f6-6c55-404f-aabf-a5e1b4367713,00000000-0000-0000-0000-000000000002,b961632b-814f-4481-946b-17a792487aa7,bcde24c7-84f3-4459-afee-eba83339896c,Salaries,Staff salaries - March 2023,282342.72,2023-03-28,approved,2023-03-28 17:51:04,2023,3,1,13,1,0,0,7,False,False,False,False,False,False,False,True,False,False,12.550880472955274
c9c38a94-974b-4278-87fc-9be5cd9ae496,00000000-0000-0000-0000-000000000002,b961632b-814f-4481-946b-17a792487aa7,e213801b-a706-48c3-9ba4-7db14d3912f3,Utilities,Electricity and water - March 2023,27512.69,2023-03-15,approved,2023-03-15 12:31:12,2023,3,1,11,2,0,0,9,False,False,False,False,False,False,False,False,False,True,10.222438977966117
d3d24aaf-9e51-4afa-98fe-2557fd43e75b,00000000-0000-0000-0000-000000000002,5f6c98b4-4360-41ee-83a3-efc700651a04,e213801b-a706-48c3-9ba4-7db14d3912f3,Rent,Monthly office rent - April 2023,189992.73,2023-04-01,approved,2023-04-01 12:28:04,2023,4,2,13,5,1,0,6,False,False,False,False,False,False,True,False,False,False,12.154746350598112
18a395b5-fa8c-4546-9d84-11feaac40563,00000000-0000-0000-0000-000000000002,5f6c98b4-4360-41ee-83a3-efc700651a04,517d046e-f5e7-4244-8dab-e8995b9bfdc4,Salaries,Staff salaries - April 2023,557057.07,2023-04-28,approved,2023-04-28 13:15:09,2023,4,2,17,4,0,0,7,False,False,False,False,False,False,False,True,False,False,13.230424768412416
9a578492-4364-4d7d-b97c-ea3043aa715d,00000000-0000-0000-0000-000000000002,5f6c98b4-4360-41ee-83a3-efc700651a04,7f514159-0b19-4321-a308-daec53995d5a,Utilities,Electricity and water - April 2023,21162.28,2023-04-15,approved,2023-04-15 16:12:21,2023,4,2,15,5,1,0,9,False,False,False,False,False,False,False,False,False,True,9.960022883411307
d64b6fc2-0eff-4b7c-ae67-204107ec55f8,00000000-0000-0000-0000-000000000002,587616fd-ba60-493e-ba92-b68a61b5cdce,c75c1d53-938d-4640-b118-e5ada06ce255,Rent,Monthly office rent - April 2023,65343.79,2023-04-01,approved,2023-04-01 09:59:24,2023,4,2,13,5,1,0,6,False,False,False,False,False,False,True,False,False,False,11.087432991314135
847c7e62-4d16-463c-8321-074d685f4031,00000000-0000-0000-0000-000000000002,587616fd-ba60-493e-ba92-b68a61b5cdce,2afe7cda-5682-4c01-a59f-5f13090047f6,Salaries,Staff salaries - April 2023,443254.93,2023-04-28,approved,2023-04-28 09:45:48,2023,4,2,17,4,0,0,7,False,False,False,False,False,False,False,True,False,False,13.001902602301561
120b78ab-8e4d-4db0-98ee-e9f5431362be,00000000-0000-0000-0000-000000000002,587616fd-ba60-493e-ba92-b68a61b5cdce,9d2a5f48-38f2-46be-b733-c1b9f1c891c4,Utilities,Electricity and water - April 2023,14557.5,2023-04-15,approved,2023-04-15 18:23:17,2023,4,2,15,5,1,0,9,False,False,False,False,False,False,False,False,False,True,9.585930294465527
55b450c4-1417-42a2-9e0c-a1c9141a0e8d,00000000-0000-0000-0000-000000000002,b961632b-814f-4481-946b-17a792487aa7,e213801b-a706-48c3-9ba4-7db14d3912f3,Rent,Monthly office rent - April 2023,120769.38,2023-04-01,approved,2023-04-01 12:12:05,2023,4,2,13,5,1,0,6,False,False,False,False,False,False,True,False,False,False,11.701646335741245
79d78a51-d538-4834-85ca-b9dd9382256b,00000000-0000-0000-0000-000000000002,b961632b-814f-4481-946b-17a792487aa7,2afe7cda-5682-4c01-a59f-5f13090047f6,Salaries,Staff salaries - April 2023,618813.29,2023-04-28,approved,2023-04-28 15:19:33,2023,4,2,17,4,0,0,7,False,False,False,False,False,False,False,True,False,False,13.335560490497794
a12df5f9-f146-46e2-b36b-6e4b9c0db92f,00000000-0000-0000-0000-000000000002,b961632b-814f-4481-946b-17a792487aa7,6708a3ae-03ac-432d-8065-25bbf8f3a753,Utilities,Electricity and water - April 2023,12944.15,2023-04-15,approved,2023-04-15 13:56:07,2023,4,2,15,5,1,0,9,False,False,False,False,False,False,False,False,False,True,9.46847647960402
682803d9-0d89-415a-b313-837eea9a8bbd,00000000-0000-0000-0000-000000000002,5f6c98b4-4360-41ee-83a3-efc700651a04,f72410dd-3260-4ece-a477-1ae69ac1e84e,Rent,Monthly office rent - May 2023,135638.41,2023-05-01,approved,2023-05-01 12:38:48,2023,5,2,18,0,0,0,6,False,False,False,False,False,False,True,False,False,False,11.817755246480779
75a43e26-c8f8-45bd-b14d-7b708d76662a,00000000-0000-0000-0000-000000000002,5f6c98b4-4360-41ee-83a3-efc700651a04,09cd08c0-c83a-42f5-96cc-b9c13c2aa7e4,Salaries,Staff salaries - May 2023,731924.68,2023-05-28,approved,2023-05-28 13:50:47,2023,5,2,21,6,1,0,7,False,False,False,False,False,False,False,True,False,False,13.503434257734279
fc6834c8-11cd-4505-806a-d0de56fcebbf,00000000-0000-0000-0000-000000000002,5f6c98b4-4360-41ee-83a3-efc700651a04,2afe7cda-5682-4c01-a59f-5f13090047f6,Utilities,Electricity and water - May 2023,24943.32,2023-05-15,approved,2023-05-15 15:05:27,2023,5,2,20,0,0,0,9,False,False,False,False,False,False,False,False,False,True,10.12440141995164
5244ac80-c1e3-478a-8571-6ed1911ac13f,00000000-0000-0000-0000-000000000002,587616fd-ba60-493e-ba92-b68a61b5cdce,f72410dd-3260-4ece-a477-1ae69ac1e84e,Rent,Monthly office rent - May 2023,105171.37,2023-05-01,approved,2023-05-01 16:46:59,2023,5,2,18,0,0,0,6,False,False,False,False,False,False,True,False,False,False,11.563355902203591
58e9b1a6-ef1c-4676-af82-1217a4a187f5,00000000-0000-0000-0000-000000000002,587616fd-ba60-493e-ba92-b68a61b5cdce,517d046e-f5e7-4244-8dab-e8995b9bfdc4,Salaries,Staff salaries - May 2023,257163.44,2023-05-28,approved,2023-05-28 16:28:09,2023,5,2,21,6,1,0,7,False,False,False,False,False,False,False,True,False,False,12.457471003622208
a260b243-be25-49de-b081-86e476cd35a2,00000000-0000-0000-0000-000000000002,587616fd-ba60-493e-ba92-b68a61b5cdce,2afe7cda-5682-4c01-a59f-5f13090047f6,Utilities,Electricity and water - May 2023,10734.66,2023-05-15,approved,2023-05-15 17:05:31,2023,5,2,20,0,0,0,9,False,False,False,False,False,False,False,False,False,True,9.281326189559463
99e8bb8d-f40b-4c73-8722-33e445096ec8,00000000-0000-0000-0000-000000000002,b961632b-814f-4481-946b-17a792487aa7,f72410dd-3260-4ece-a477-1ae69ac1e84e,Rent,Monthly office rent - May 2023,169372.12,2023-05-01,approved,2023-05-01 16:53:43,2023,5,2,18,0,0,0,6,False,False,False,False,False,False,True,False,False,False,12.039859370923505
4849e228-27b8-4956-a717-4b828b9122b4,00000000-0000-0000-0000-000000000002,b961632b-814f-4481-946b-17a792487aa7,6708a3ae-03ac-432d-8065-25bbf8f3a753,Salaries,Staff salaries - May 2023,442055.68,2023-05-28,approved,2023-05-28 18:30:40,2023,5,2,21,6,1,0,7,False,False,False,False,False,False,False,True,False,False,12.999193388132511
c47f2430-77a3-45de-8a09-dba3dfc6398f,00000000-0000-0000-0000-000000000002,b961632b-814f-4481-946b-17a792487aa7,81c496fc-1d35-4405-9a7d-ae0a15104d5b,Utilities,Electricity and water - May 2023,15108.69,2023-05-15,approved,2023-05-15 10:41:32,2023,5,2,20,0,0,0,9,False,False,False,False,False,False,False,False,False,True,9.623091538841898
e4f8deb3-d517-4105-877f-a465225851ad,00000000-0000-0000-0000-000000000002,5f6c98b4-4360-41ee-83a3-efc700651a04,bcde24c7-84f3-4459-afee-eba83339896c,Rent,Monthly office rent - June 2023,161640.63,2023-06-01,approved,2023-06-01 08:21:24,2023,6,2,22,3,0,0,6,False,False,False,False,False,False,True,False,False,False,11.993137003279156
d6a3b153-87c3-45cf-bc6e-c6aca5f7252d,00000000-0000-0000-0000-000000000002,5f6c98b4-4360-41ee-83a3-efc700651a04,6708a3ae-03ac-432d-8065-25bbf8f3a753,Salaries,Staff salaries - June 2023,470466.2,2023-06-28,approved,2023-06-28 14:12:06,2023,6,2,26,2,0,0,7,False,False,False,False,False,False,False,True,False,False,13.061481522506302
a27abb2f-2cdc-4f3a-a33a-ad0f21f1f00d,00000000-0000-0000-0000-000000000002,5f6c98b4-4360-41ee-83a3-efc700651a04,e213801b-a706-48c3-9ba4-7db14d3912f3,Utilities,Electricity and water - June 2023,9742.04,2023-06-15,approved,2023-06-15 17:41:44,2023,6,2,24,3,0,0,9,False,False,False,False,False,False,False,False,False,True,9.184308462928563
554a856a-433f-44f6-906f-02cb8fb891e9,00000000-0000-0000-0000-000000000002,587616fd-ba60-493e-ba92-b68a61b5cdce,e213801b-a706-48c3-9ba4-7db14d3912f3,Rent,Monthly office rent - June 2023,106091.66,2023-06-01,approved,2023-06-01 13:39:58,2023,6,2,22,3,0,0,6,False,False,False,False,False,False,True,False,False,False,11.572068142190176
c6d7c9c9-af00-499f-9228-f4d82112dc47,00000000-0000-0000-0000-000000000002,587616fd-ba60-493e-ba92-b68a61b5cdce,517d046e-f5e7-4244-8dab-e8995b9bfdc4,Salaries,Staff salaries - June 2023,738559.05,2023-06-28,approved,2023-06-28 16:44:50,2023,6,2,26,2,0,0,7,False,False,False,False,False,False,False,True,False,False,13.512457691121067
f8626ac1-9057-4a66-b15b-e0448cdf6bcd,00000000-0000-0000-0000-000000000002,587616fd-ba60-493e-ba92-b68a61b5cdce,f72410dd-3260-4ece-a477-1ae69ac1e84e,Utilities,Electricity and water - June 2023,23299.57,2023-06-15,approved,2023-06-15 13:13:54,2023,6,2,24,3,0,0,9,False,False,False,False,False,False,False,False,False,True,10.056233102773879
cb5b7f06-589c-4889-8e4e-81fba31abff4,00000000-0000-0000-0000-000000000002,b961632b-814f-4481-946b-17a792487aa7,7f514159-0b19-4321-a308-daec53995d5a,Rent,Monthly office rent - June 2023,120741.48,2023-06-01,approved,2023-06-01 12:09:33,2023,6,2,22,3,0,0,6,False,False,False,False,False,False,True,False,False,False,11.701415292142787
d162c2ad-75dc-4af8-8c58-df738d751292,00000000-0000-0000-0000-000000000002,b961632b-814f-4481-946b-17a792487aa7,e213801b-a706-48c3-9ba4-7db14d3912f3,Salaries,Staff salaries - June 2023,743898.32,2023-06-28,approved,2023-06-28 16:38:27,2023,6,2,26,2,0,0,7,False,False,False,False,False,False,False,True,False,False,13.519660982077657
52024907-85c9-42ce-8dfa-0bec6d32ceea,00000000-0000-0000-0000-000000000002,b961632b-814f-4481-946b-17a792487aa7,9d2a5f48-38f2-46be-b733-c1b9f1c891c4,Utilities,Electricity and water - June 2023,13872.44,2023-06-15,approved,2023-06-15 15:08:50,2023,6,2,24,3,0,0,9,False,False,False,False,False,False,False,False,False,True,9.537731499861204
3cac0089-f277-4b14-bdf0-b8b511810a5d,00000000-0000-0000-0000-000000000002,5f6c98b4-4360-41ee-83a3-efc700651a04,6708a3ae-03ac-432d-8065-25bbf8f3a753,Rent,Monthly office rent - July 2023,100949.62,2023-07-01,approved,2023-07-01 15:26:41,2023,7,3,26,5,1,0,6,False,False,False,False,False,False,True,False,False,False,11.522386765376408
5997f734-829d-40f7-9e19-93ba355417d4,00000000-0000-0000-0000-000000000002,5f6c98b4-4360-41ee-83a3-efc700651a04,bcde24c7-84f3-4459-afee-eba83339896c,Salaries,Staff salaries - July 2023,678488.89,2023-07-28,approved,2023-07-28 16:11:19,2023,7,3,30,4,0,0,7,False,False,False,False,False,False,False,True,False,False,13.427624857630203
86629e91-300e-4be7-9913-8182c2e60861,00000000-0000-0000-0000-000000000002,5f6c98b4-4360-41ee-83a3-efc700651a04,6708a3ae-03ac-432d-8065-25bbf8f3a753,Utilities,Electricity and water - July 2023,7331.16,2023-07-15,approved,2023-07-15 16:25:43,2023,7,3,28,5,1,0,9,False,False,False,False,False,False,False,False,False,True,8.900025430870977
f3d37aa0-855b-4345-a9f2-801f28a5413b,00000000-0000-0000-0000-000000000002,587616fd-ba60-493e-ba92-b68a61b5cdce,517d046e-f5e7-4244-8dab-e8995b9bfdc4,Rent,Monthly office rent - July 2023,100832.4,2023-07-01,approved,2023-07-01 12:31:12,2023,7,3,26,5,1,0,6,False,False,False,False,False,False,True,False,False,False,11.521224928941729
5f9b96e4-b14f-4a76-bf5a-4cd16354861a,00000000-0000-0000-0000-000000000002,587616fd-ba60-493e-ba92-b68a61b5cdce,07274486-6344-4009-ae28-b9027a51f93f,Salaries,Staff salaries - July 2023,787792.93,2023-07-28,approved,2023-07-28 14:15:08,2023,7,3,30,4,0,0,7,False,False,False,False,False,False,False,True,False,False,13.57699182448799
1c9a0e28-38d2-4322-bf40-9e9b74d1c98d,00000000-0000-0000-0000-000000000002,587616fd-ba60-493e-ba92-b68a61b5cdce,517d046e-f5e7-4244-8dab-e8995b9bfdc4,Utilities,Electricity and water - July 2023,8535.02,2023-07-15,approved,2023-07-15 09:09:07,2023,7,3,28,5,1,0,9,False,False,False,False,False,False,False,False,False,True,9.052050135996652
509d2e88-5102-422c-94a3-9c92fef10dc8,00000000-0000-0000-0000-000000000002,b961632b-814f-4481-946b-17a792487aa7,81c496fc-1d35-4405-9a7d-ae0a15104d5b,Rent,Monthly office rent - July 2023,113759.57,2023-07-01,approved,2023-07-01 10:12:13,2023,7,3,26,5,1,0,6,False,False,False,False,False,False,True,False,False,False,11.64185125557304
fcbe5413-c844-4579-aec9-af8fb65619fa,00000000-0000-0000-0000-000000000002,b961632b-814f-4481-946b-17a792487aa7,bcde24c7-84f3-4459-afee-eba83339896c,Salaries,Staff salaries - July 2023,377968.79,2023-07-28,approved,2023-07-28 16:38:51,2023,7,3,30,4,0,0,7,False,False,False,False,False,False,False,True,False,False,12.84256955077298
0cef69cd-404c-42f7-b0f4-fb50143f3d13,00000000-0000-0000-0000-000000000002,b961632b-814f-4481-946b-17a792487aa7,c75c1d53-938d-4640-b118-e5ada06ce255,Utilities,Electricity and water - July 2023,15205.99,2023-07-15,approved,2023-07-15 09:13:12,2023,7,3,28,5,1,0,9,False,False,False,False,False,False,False,False,False,True,9.629510469548345
a1a4e220-bb55-43de-b353-afd44a266c61,00000000-0000-0000-0000-000000000002,5f6c98b4-4360-41ee-83a3-efc700651a04,c75c1d53-938d-4640-b118-e5ada06ce255,Rent,Monthly office rent - August 2023,157942.8,2023-08-01,approved,2023-08-01 10:27:49,2023,8,3,31,1,0,0,6,False,False,False,False,False,False,True,False,False,False,11.969994552531674
d59989b0-6a7c-4f5e-9583-59379face874,00000000-0000-0000-0000-000000000002,5f6c98b4-4360-41ee-83a3-efc700651a04,9d2a5f48-38f2-46be-b733-c1b9f1c891c4,Salaries,Staff salaries - August 2023,651090.31,2023-08-28,approved,2023-08-28 15:17:26,2023,8,3,35,0,0,0,7,False,False,False,False,False,False,False,True,False,False,13.386405172491745
cc28ea9f-8050-4cb6-816d-ec695efbed4e,00000000-0000-0000-0000-000000000002,5f6c98b4-4360-41ee-83a3-efc700651a04,c75c1d53-938d-4640-b118-e5ada06ce255,Utilities,Electricity and water - August 2023,12350.53,2023-08-15,approved,2023-08-15 11:54:03,2023,8,3,33,1,0,0,9,False,False,False,False,False,False,False,False,False,True,9.421535221022483
5563540f-9873-4ee8-8704-da5e7f4709cc,00000000-0000-0000-0000-000000000002,587616fd-ba60-493e-ba92-b68a61b5cdce,517d046e-f5e7-4244-8dab-e8995b9bfdc4,Rent,Monthly office rent - August 2023,166407.29,2023-08-01,approved,2023-08-01 13:16:37,2023,8,3,31,1,0,0,6,False,False,False,False,False,False,True,False,False,False,12.022199625839823
b25696b7-defa-4520-8d4c-386c319b559b,00000000-0000-0000-0000-000000000002,587616fd-ba60-493e-ba92-b68a61b5cdce,09cd08c0-c83a-42f5-96cc-b9c13c2aa7e4,Salaries,Staff salaries - August 2023,635438.77,2023-08-28,approved,2023-08-28 14:31:02,2023,8,3,35,0,0,0,7,False,False,False,False,False,False,False,True,False,False,13.362072589353026
568b4dd0-c9c5-45db-8303-835f0edfcdc8,00000000-0000-0000-0000-000000000002,587616fd-ba60-493e-ba92-b68a61b5cdce,07274486-6344-4009-ae28-b9027a51f93f,Utilities,Electricity and water - August 2023,19909.79,2023-08-15,approved,2023-08-15 11:57:48,2023,8,3,33,1,0,0,9,False,False,False,False,False,False,False,False,False,True,9.89901707482456
9b10849e-f603-41b9-b49b-c0816cb3a17b,00000000-0000-0000-0000-000000000002,b961632b-814f-4481-946b-17a792487aa7,c75c1d53-938d-4640-b118-e5ada06ce255,Rent,Monthly office rent - August 2023,122110.18,2023-08-01,approved,2023-08-01 18:41:30,2023,8,3,31,1,0,0,6,False,False,False,False,False,False,True,False,False,False,11.712687220198607
b5f1058b-a08b-4ca0-8cd2-ba2ce67f0a1b,00000000-0000-0000-0000-000000000002,b961632b-814f-4481-946b-17a792487aa7,c75c1d53-938d-4640-b118-e5ada06ce255,Salaries,Staff salaries - August 2023,508093.16,2023-08-28,approved,2023-08-28 12:06:02,2023,8,3,35,0,0,0,7,False,False,False,False,False,False,False,True,False,False,13.138422063715335
a6451dc7-25c4-4873-bb1e-628a9ed74d32,00000000-0000-0000-0000-000000000002,b961632b-814f-4481-946b-17a792487aa7,81c496fc-1d35-4405-9a7d-ae0a15104d5b,Utilities,Electricity and water - August 2023,21879.56,2023-08-15,approved,2023-08-15 12:16:42,2023,8,3,33,1,0,0,9,False,False,False,False,False,False,False,False,False,True,9.993353850358302
a501750b-d79b-4055-870c-b7ea35170e36,00000000-0000-0000-0000-000000000002,5f6c98b4-4360-41ee-83a3-efc700651a04,7f514159-0b19-4321-a308-daec53995d5a,Rent,Monthly office rent - September 2023,107333.15,2023-09-01,approved,2023-09-01 12:46:35,2023,9,3,35,4,0,0,6,False,False,False,False,False,False,True,False,False,False,11.583702144525143
fcdbcef5-541b-4551-a66e-4e4196261c9a,00000000-0000-0000-0000-000000000002,5f6c98b4-4360-41ee-83a3-efc700651a04,9d2a5f48-38f2-46be-b733-c1b9f1c891c4,Salaries,Staff salaries - September 2023,221204.22,2023-09-28,approved,2023-09-28 18:30:38,2023,9,3,39,3,0,0,7,False,False,False,False,False,False,False,True,False,False,12.30684614690522
06b7984a-a001-4af9-a0f5-43d1320824f8,00000000-0000-0000-0000-000000000002,5f6c98b4-4360-41ee-83a3-efc700651a04,09cd08c0-c83a-42f5-96cc-b9c13c2aa7e4,Utilities,Electricity and water - September 2023,17761.69,2023-09-15,approved,2023-09-15 10:24:58,2023,9,3,37,4,0,0,9,False,False,False,False,False,False,False,False,False,True,9.784855469040616
97bb0baf-be36-4c26-ae52-f3a956d103a1,00000000-0000-0000-0000-000000000002,587616fd-ba60-493e-ba92-b68a61b5cdce,e213801b-a706-48c3-9ba4-7db14d3912f3,Rent,Monthly office rent - September 2023,106493.86,2023-09-01,approved,2023-09-01 11:41:27,2023,9,3,35,4,0,0,6,False,False,False,False,False,False,True,False,False,False,11.575852000056127
cac21265-11f5-4a50-9778-7ba332fce607,00000000-0000-0000-0000-000000000002,587616fd-ba60-493e-ba92-b68a61b5cdce,81c496fc-1d35-4405-9a7d-ae0a15104d5b,Salaries,Staff salaries - September 2023,498649.2,2023-09-28,approved,2023-09-28 09:17:23,2023,9,3,39,3,0,0,7,False,False,False,False,False,False,False,True,False,False,13.119660126912857
3002b0fa-3863-4467-a3ae-2f1c1a9ba20f,00000000-0000-0000-0000-000000000002,587616fd-ba60-493e-ba92-b68a61b5cdce,2afe7cda-5682-4c01-a59f-5f13090047f6,Utilities,Electricity and water - September 2023,21708.94,2023-09-15,approved,2023-09-15 16:49:23,2023,9,3,37,4,0,0,9,False,False,False,False,False,False,False,False,False,True,9.985525499165156
d129cdfc-4ce4-48bc-b2d5-88290769dd94,00000000-0000-0000-0000-000000000002,b961632b-814f-4481-946b-17a792487aa7,517d046e-f5e7-4244-8dab-e8995b9bfdc4,Rent,Monthly office rent - September 2023,190479.69,2023-09-01,approved,2023-09-01 16:26:16,2023,9,3,35,4,0,0,6,False,False,False,False,False,False,True,False,False,False,12.157306103581735
3354a8ca-5752-462a-a327-097fc5371520,00000000-0000-0000-0000-000000000002,b961632b-814f-4481-946b-17a792487aa7,f72410dd-3260-4ece-a477-1ae69ac1e84e,Salaries,Staff salaries - September 2023,786766.21,2023-09-28,approved,2023-09-28 16:50:09,2023,9,3,39,3,0,0,7,False,False,False,False,False,False,False,True,False,False,13.5756876894888
958c5ab8-1838-4047-b339-ebce2f339085,00000000-0000-0000-0000-000000000002,b961632b-814f-4481-946b-17a792487aa7,09cd08c0-c83a-42f5-96cc-b9c13c2aa7e4,Utilities,Electricity and water - September 2023,14191.69,2023-09-15,approved,2023-09-15 15:55:24,2023,9,3,37,4,0,0,9,False,False,False,False,False,False,False,False,False,True,9.560482322307747
66937080-341e-4531-b12f-4655dfa6c48c,00000000-0000-0000-0000-000000000002,5f6c98b4-4360-41ee-83a3-efc700651a04,07274486-6344-4009-ae28-b9027a51f93f,Rent,Monthly office rent - October 2023,143292.99,2023-10-01,approved,2023-10-01 11:41:38,2023,10,4,39,6,1,0,6,False,False,False,False,False,False,True,False,False,False,11.872653672950713
13b3f1e8-fa66-4e83-9e63-bc97cddbf276,00000000-0000-0000-0000-000000000002,5f6c98b4-4360-41ee-83a3-efc700651a04,bcde24c7-84f3-4459-afee-eba83339896c,Salaries,Staff salaries - October 2023,393762.94,2023-10-28,approved,2023-10-28 16:01:03,2023,10,4,43,5,1,0,7,False,False,False,False,False,False,False,True,False,False,12.883506871669905
0061f9d2-5142-4a5a-9297-36b9d74d79cc,00000000-0000-0000-0000-000000000002,5f6c98b4-4360-41ee-83a3-efc700651a04,09cd08c0-c83a-42f5-96cc-b9c13c2aa7e4,Utilities,Electricity and water - October 2023,23846.59,2023-10-15,approved,2023-10-15 11:11:27,2023,10,4,41,6,1,0,9,False,False,False,False,False,False,False,False,False,True,10.079438442992743
7c91f739-24b1-441d-b2cb-0ee0f36a7155,00000000-0000-0000-0000-000000000002,587616fd-ba60-493e-ba92-b68a61b5cdce,81c496fc-1d35-4405-9a7d-ae0a15104d5b,Rent,Monthly office rent - October 2023,72004.85,2023-10-01,approved,2023-10-01 12:16:13,2023,10,4,39,6,1,0,6,False,False,False,False,False,False,True,False,False,False,11.18450264469759
c5fee8b2-8cca-476a-90c4-d7ef3ac90920,00000000-0000-0000-0000-000000000002,587616fd-ba60-493e-ba92-b68a61b5cdce,7f514159-0b19-4321-a308-daec53995d5a,Salaries,Staff salaries - October 2023,711898.09,2023-10-28,approved,2023-10-28 15:11:29,2023,10,4,43,5,1,0,7,False,False,False,False,False,False,False,True,False,False,13.475691452821728
e3eb103d-cd53-48e1-a55a-cd70925bcbe0,00000000-0000-0000-0000-000000000002,587616fd-ba60-493e-ba92-b68a61b5cdce,7f514159-0b19-4321-a308-daec53995d5a,Utilities,Electricity and water - October 2023,15246.11,2023-10-15,approved,2023-10-15 17:57:50,2023,10,4,41,6,1,0,9,False,False,False,False,False,False,False,False,False,True,9.63214525587989
34adbc35-7908-4b08-a995-ea66ff66548c,00000000-0000-0000-0000-000000000002,b961632b-814f-4481-946b-17a792487aa7,9d2a5f48-38f2-46be-b733-c1b9f1c891c4,Rent,Monthly office rent - October 2023,85473.79,2023-10-01,approved,2023-10-01 15:53:27,2023,10,4,39,6,1,0,6,False,False,False,False,False,False,True,False,False,False,11.355976757645752
16b8a3c0-7c3c-40fd-9731-387fa79b18fa,00000000-0000-0000-0000-000000000002,b961632b-814f-4481-946b-17a792487aa7,2afe7cda-5682-4c01-a59f-5f13090047f6,Salaries,Staff salaries - October 2023,307651.57,2023-10-28,approved,2023-10-28 08:51:26,2023,10,4,43,5,1,0,7,False,False,False,False,False,False,False,True,False,False,12.63672640578237
23d19c2e-cb28-401d-aa8d-91d04722834e,00000000-0000-0000-0000-000000000002,b961632b-814f-4481-946b-17a792487aa7,2afe7cda-5682-4c01-a59f-5f13090047f6,Utilities,Electricity and water - October 2023,13683.68,2023-10-15,approved,2023-10-15 13:39:21,2023,10,4,41,6,1,0,9,False,False,False,False,False,False,False,False,False,True,9.524032237935037
a732beca-5a4c-414d-8249-f6b3d42a22fc,00000000-0000-0000-0000-000000000002,5f6c98b4-4360-41ee-83a3-efc700651a04,09cd08c0-c83a-42f5-96cc-b9c13c2aa7e4,Rent,Monthly office rent - November 2023,65400.68,2023-11-01,approved,2023-11-01 13:08:12,2023,11,4,44,2,0,0,6,False,False,False,False,False,False,True,False,False,False,11.088303225188751
b267660a-b246-4697-b839-e06292a8d129,00000000-0000-0000-0000-000000000002,5f6c98b4-4360-41ee-83a3-efc700651a04,f72410dd-3260-4ece-a477-1ae69ac1e84e,Salaries,Staff salaries - November 2023,545362.14,2023-11-28,approved,2023-11-28 10:32:41,2023,11,4,48,1,0,0,7,False,False,False,False,False,False,False,True,False,False,13.209207163684754
8d2aaaf0-f858-4fbf-8f54-440d4eb133b4,00000000-0000-0000-0000-000000000002,5f6c98b4-4360-41ee-83a3-efc700651a04,2afe7cda-5682-4c01-a59f-5f13090047f6,Utilities,Electricity and water - November 2023,12368.38,2023-11-15,approved,2023-11-15 17:25:24,2023,11,4,46,2,0,0,9,False,False,False,False,False,False,False,False,False,True,9.422979342869306
26a36d5a-117f-4a67-a2ee-61a250771506,00000000-0000-0000-0000-000000000002,587616fd-ba60-493e-ba92-b68a61b5cdce,9d2a5f48-38f2-46be-b733-c1b9f1c891c4,Rent,Monthly office rent - November 2023,89502.14,2023-11-01,approved,2023-11-01 17:11:27,2023,11,4,44,2,0,0,6,False,False,False,False,False,False,True,False,False,False,11.402028987446407
6b4239e2-58c2-40c9-a984-7e697834afb4,00000000-0000-0000-0000-000000000002,587616fd-ba60-493e-ba92-b68a61b5cdce,09cd08c0-c83a-42f5-96cc-b9c13c2aa7e4,Salaries,Staff salaries - November 2023,360636.81,2023-11-28,approved,2023-11-28 09:33:56,2023,11,4,48,1,0,0,7,False,False,False,False,False,False,False,True,False,False,12.7956294372774
cb236428-bbb0-4218-afd2-36a77249f008,00000000-0000-0000-0000-000000000002,587616fd-ba60-493e-ba92-b68a61b5cdce,6708a3ae-03ac-432d-8065-25bbf8f3a753,Utilities,Electricity and water - November 2023,19406.22,2023-11-15,approved,2023-11-15 18:22:05,2023,11,4,46,2,0,0,9,False,False,False,False,False,False,False,False,False,True,9.873400440763676
995b2710-fe34-453d-b3ca-2f19e97edcc9,00000000-0000-0000-0000-000000000002,b961632b-814f-4481-946b-17a792487aa7,7f514159-0b19-4321-a308-daec53995d5a,Rent,Monthly office rent - November 2023,134293.88,2023-11-01,approved,2023-11-01 11:19:28,2023,11,4,44,2,0,0,6,False,False,False,False,False,False,True,False,False,False,11.807793258180734
d52d30f4-84f9-42a4-8d22-5e4a489f0eef,00000000-0000-0000-0000-000000000002,b961632b-814f-4481-946b-17a792487aa7,07274486-6344-4009-ae28-b9027a51f93f,Salaries,Staff salaries - November 2023,317402.36,2023-11-28,approved,2023-11-28 17:06:12,2023,11,4,48,1,0,0,7,False,False,False,False,False,False,False,True,False,False,12.667928673029756
55e9bc0f-7d80-4253-8cff-78246acab4a9,00000000-0000-0000-0000-000000000002,b961632b-814f-4481-946b-17a792487aa7,f72410dd-3260-4ece-a477-1ae69ac1e84e,Utilities,Electricity and water - November 2023,20497.05,2023-11-15,approved,2023-11-15 17:19:43,2023,11,4,46,2,0,0,9,False,False,False,False,False,False,False,False,False,True,9.9280850386509
2aef1042-916c-43b3-89d7-88e27eb2739e,00000000-0000-0000-0000-000000000002,5f6c98b4-4360-41ee-83a3-efc700651a04,2afe7cda-5682-4c01-a59f-5f13090047f6,Rent,Monthly office rent - December 2023,179934.7,2023-12-01,approved,2023-12-01 14:32:35,2023,12,4,48,4,0,0,6,False,False,False,False,False,False,True,False,False,False,12.100354843831068
0dad1ccc-974c-4958-a5a0-949b13d7f515,00000000-0000-0000-0000-000000000002,5f6c98b4-4360-41ee-83a3-efc700651a04,81c496fc-1d35-4405-9a7d-ae0a15104d5b,Salaries,Staff salaries - December 2023,383301.41,2023-12-28,approved,2023-12-28 11:01:44,2023,12,4,52,3,0,0,7,False,False,False,False,False,False,False,True,False,False,12.856579538852142
201dc5cf-3827-44f6-b633-a891501da48e,00000000-0000-0000-0000-000000000002,5f6c98b4-4360-41ee-83a3-efc700651a04,07274486-6344-4009-ae28-b9027a51f93f,Utilities,Electricity and water - December 2023,13224.78,2023-12-15,approved,2023-12-15 11:36:16,2023,12,4,50,4,0,0,9,False,False,False,False,False,False,False,False,False,True,9.489923234193345
90eacfac-5bf9-4082-92f2-49e404394e21,00000000-0000-0000-0000-000000000002,587616fd-ba60-493e-ba92-b68a61b5cdce,6708a3ae-03ac-432d-8065-25bbf8f3a753,Rent,Monthly office rent - December 2023,96362.11,2023-12-01,approved,2023-12-01 12:57:24,2023,12,4,48,4,0,0,6,False,False,False,False,False,False,True,False,False,False,11.47587873101081
ab211946-d83a-4a54-88a9-5ed05280d8f8,00000000-0000-0000-0000-000000000002,587616fd-ba60-493e-ba92-b68a61b5cdce,9d2a5f48-38f2-46be-b733-c1b9f1c891c4,Salaries,Staff salaries - December 2023,574774.94,2023-12-28,approved,2023-12-28 13:28:01,2023,12,4,52,3,0,0,7,False,False,False,False,False,False,False,True,False,False,13.261735574273356
35e0ae0f-affb-4e8a-971f-2065cae53cac,00000000-0000-0000-0000-000000000002,587616fd-ba60-493e-ba92-b68a61b5cdce,c75c1d53-938d-4640-b118-e5ada06ce255,Utilities,Electricity and water - December 2023,25214.43,2023-12-15,approved,2023-12-15 09:28:53,2023,12,4,50,4,0,0,9,False,False,False,False,False,False,False,False,False,True,10.135211387706685
22f6c5ad-3d61-4635-a23b-108742091bc2,00000000-0000-0000-0000-000000000002,b961632b-814f-4481-946b-17a792487aa7,bcde24c7-84f3-4459-afee-eba83339896c,Rent,Monthly office rent - December 2023,90134.9,2023-12-01,approved,2023-12-01 12:06:08,2023,12,4,48,4,0,0,6,False,False,False,False,False,False,True,False,False,False,11.409073810408755
04950526-14f1-41ca-b9ad-25438fdf9308,00000000-0000-0000-0000-000000000002,b961632b-814f-4481-946b-17a792487aa7,e213801b-a706-48c3-9ba4-7db14d3912f3,Salaries,Staff salaries - December 2023,684951.11,2023-12-28,approved,2023-12-28 14:05:01,2023,12,4,52,3,0,0,7,False,False,False,False,False,False,False,True,False,False,13.437104202391616
8f47edaf-9ca0-4f8c-b567-ae1c804ad169,00000000-0000-0000-0000-000000000002,b961632b-814f-4481-946b-17a792487aa7,e213801b-a706-48c3-9ba4-7db14d3912f3,Utilities,Electricity and water - December 2023,20406.58,2023-12-15,approved,2023-12-15 12:08:24,2023,12,4,50,4,0,0,9,False,False,False,False,False,False,False,False,False,True,9.923661679445232
aaf5e220-9b24-4c7f-a50f-22bbbb35a839,00000000-0000-0000-0000-000000000002,5f6c98b4-4360-41ee-83a3-efc700651a04,f72410dd-3260-4ece-a477-1ae69ac1e84e,Rent,Monthly office rent - January 2024,192249.11,2024-01-01,approved,2024-01-01 18:36:39,2024,1,1,1,0,0,0,6,False,False,False,False,False,False,True,False,False,False,12.166552459539378
d432b912-0071-4d07-bed3-66840887aa1a,00000000-0000-0000-0000-000000000002,5f6c98b4-4360-41ee-83a3-efc700651a04,6708a3ae-03ac-432d-8065-25bbf8f3a753,Salaries,Staff salaries - January 2024,368405.31,2024-01-28,approved,2024-01-28 09:52:02,2024,1,1,4,6,1,0,7,False,False,False,False,False,False,False,True,False,False,12.816941711338211
7b4e4704-fc61-47e6-a17d-95b7c577f400,00000000-0000-0000-0000-000000000002,5f6c98b4-4360-41ee-83a3-efc700651a04,f72410dd-3260-4ece-a477-1ae69ac1e84e,Utilities,Electricity and water - January 2024,15698.36,2024-01-15,approved,2024-01-15 16:01:39,2024,1,1,3,0,0,0,9,False,False,False,False,False,False,False,False,False,True,9.661375226174302
531571e8-7ddd-4d27-9443-0861f0c214b5,00000000-0000-0000-0000-000000000002,587616fd-ba60-493e-ba92-b68a61b5cdce,9d2a5f48-38f2-46be-b733-c1b9f1c891c4,Rent,Monthly office rent - January 2024,153147.8,2024-01-01,approved,2024-01-01 12:06:31,2024,1,1,1,0,0,0,6,False,False,False,False,False,False,True,False,False,False,11.939165276774789
943c2572-61c4-4540-82b0-c59f1242b039,00000000-0000-0000-0000-000000000002,587616fd-ba60-493e-ba92-b68a61b5cdce,e213801b-a706-48c3-9ba4-7db14d3912f3,Salaries,Staff salaries - January 2024,785559.69,2024-01-28,approved,2024-01-28 13:49:32,2024,1,1,4,6,1,0,7,False,False,False,False,False,False,False,True,False,False,13.574152996583068
9f77d6d8-91ad-4f72-898f-f97f7b47d02d,00000000-0000-0000-0000-000000000002,587616fd-ba60-493e-ba92-b68a61b5cdce,e213801b-a706-48c3-9ba4-7db14d3912f3,Utilities,Electricity and water - January 2024,25676.0,2024-01-15,approved,2024-01-15 13:54:23,2024,1,1,3,0,0,0,9,False,False,False,False,False,False,False,False,False,True,10.153350928549719
b979b942-b18a-4e18-85f6-4580660e9bd1,00000000-0000-0000-0000-000000000002,b961632b-814f-4481-946b-17a792487aa7,e213801b-a706-48c3-9ba4-7db14d3912f3,Rent,Monthly office rent - January 2024,152212.73,2024-01-01,approved,2024-01-01 08:09:23,2024,1,1,1,0,0,0,6,False,False,False,False,False,False,True,False,False,False,11.933040930590694
df8c3ea1-c941-434a-980d-02bbc2b580d1,00000000-0000-0000-0000-000000000002,b961632b-814f-4481-946b-17a792487aa7,9d2a5f48-38f2-46be-b733-c1b9f1c891c4,Salaries,Staff salaries - January 2024,204498.07,2024-01-28,approved,2024-01-28 16:57:19,2024,1,1,4,6,1,0,7,False,False,False,False,False,False,False,True,False,False,12.228318706777392
6579c527-6604-49d0-8ed5-a8f60f90ddff,00000000-0000-0000-0000-000000000002,b961632b-814f-4481-946b-17a792487aa7,09cd08c0-c83a-42f5-96cc-b9c13c2aa7e4,Utilities,Electricity and water - January 2024,14185.61,2024-01-15,approved,2024-01-15 11:08:13,2024,1,1,3,0,0,0,9,False,False,False,False,False,False,False,False,False,True,9.560053840978536
6754d71c-9c7b-4d0e-9805-beb785978b36,00000000-0000-0000-0000-000000000002,5f6c98b4-4360-41ee-83a3-efc700651a04,e213801b-a706-48c3-9ba4-7db14d3912f3,Rent,Monthly office rent - February 2024,75943.15,2024-02-01,approved,2024-02-01 16:11:21,2024,2,1,5,3,0,0,6,False,False,False,False,False,False,True,False,False,False,11.23775348069926
d5de0fe8-e50f-4d83-aa0f-3eda476e2adc,00000000-0000-0000-0000-000000000002,5f6c98b4-4360-41ee-83a3-efc700651a04,9d2a5f48-38f2-46be-b733-c1b9f1c891c4,Salaries,Staff salaries - February 2024,687442.27,2024-02-28,approved,2024-02-28 18:26:00,2024,2,1,9,2,0,0,7,False,False,False,False,False,False,False,True,False,False,13.440734588754564
6a7603b2-c450-4d0d-af9a-26d5ad457d83,00000000-0000-0000-0000-000000000002,5f6c98b4-4360-41ee-83a3-efc700651a04,6708a3ae-03ac-432d-8065-25bbf8f3a753,Utilities,Electricity and water - February 2024,26652.2,2024-02-15,approved,2024-02-15 14:12:21,2024,2,1,7,3,0,0,9,False,False,False,False,False,False,False,False,False,True,10.190664497432463
c1bc602c-1156-4a45-87cb-231327ebe2e7,00000000-0000-0000-0000-000000000002,587616fd-ba60-493e-ba92-b68a61b5cdce,07274486-6344-4009-ae28-b9027a51f93f,Rent,Monthly office rent - February 2024,132604.76,2024-02-01,approved,2024-02-01 15:52:34,2024,2,1,5,3,0,0,6,False,False,False,False,False,False,True,False,False,False,11.795135794704484
36f5e589-4a81-4ac9-b095-302f57f8d7b7,00000000-0000-0000-0000-000000000002,587616fd-ba60-493e-ba92-b68a61b5cdce,6708a3ae-03ac-432d-8065-25bbf8f3a753,Salaries,Staff salaries - February 2024,259934.55,2024-02-28,approved,2024-02-28 10:26:20,2024,2,1,9,2,0,0,7,False,False,False,False,False,False,False,True,False,False,12.468188994653811
7eff880c-f9bb-4181-b798-b98701f6aeb0,00000000-0000-0000-0000-000000000002,587616fd-ba60-493e-ba92-b68a61b5cdce,81c496fc-1d35-4405-9a7d-ae0a15104d5b,Utilities,Electricity and water - February 2024,6742.56,2024-02-15,approved,2024-02-15 13:29:01,2024,2,1,7,3,0,0,9,False,False,False,False,False,False,False,False,False,True,8.816343254374141
d2103c56-b18a-4449-928b-1ac8d68d6856,00000000-0000-0000-0000-000000000002,b961632b-814f-4481-946b-17a792487aa7,07274486-6344-4009-ae28-b9027a51f93f,Rent,Monthly office rent - February 2024,80683.73,2024-02-01,approved,2024-02-01 14:48:26,2024,2,1,5,3,0,0,6,False,False,False,False,False,False,True,False,False,False,11.298304617022948
b213abb6-ec36-48b6-ab65-9d264c41a35e,00000000-0000-0000-0000-000000000002,b961632b-814f-4481-946b-17a792487aa7,517d046e-f5e7-4244-8dab-e8995b9bfdc4,Salaries,Staff salaries - February 2024,446499.54,2024-02-28,approved,2024-02-28 12:46:47,2024,2,1,9,2,0,0,7,False,False,False,False,False,False,False,True,False,False,13.009195888704454
9ff002f1-d1b0-47c8-bfa0-7881e6cbfc9c,00000000-0000-0000-0000-000000000002,b961632b-814f-4481-946b-17a792487aa7,f72410dd-3260-4ece-a477-1ae69ac1e84e,Utilities,Electricity and water - February 2024,14508.66,2024-02-15,approved,2024-02-15 16:09:12,2024,2,1,7,3,0,0,9,False,False,False,False,False,False,False,False,False,True,9.582569913487916
1a73aef8-3f4e-485e-9555-2173385d8c05,00000000-0000-0000-0000-000000000002,5f6c98b4-4360-41ee-83a3-efc700651a04,6708a3ae-03ac-432d-8065-25bbf8f3a753,Rent,Monthly office rent - March 2024,131100.43,2024-03-01,approved,2024-03-01 13:33:16,2024,3,1,9,4,0,0,6,False,False,False,False,False,False,True,False,False,False,11.783726577396346
2a41bdc2-a4e7-4678-9a7a-04f518aea6c7,00000000-0000-0000-0000-000000000002,5f6c98b4-4360-41ee-83a3-efc700651a04,bcde24c7-84f3-4459-afee-eba83339896c,Salaries,Staff salaries - March 2024,510501.12,2024-03-28,approved,2024-03-28 14:36:28,2024,3,1,13,3,0,0,7,False,False,False,False,False,False,False,True,False,False,13.143150069369616
7b17161c-8462-4233-a73f-f1ac39f6fdac,00000000-0000-0000-0000-000000000002,5f6c98b4-4360-41ee-83a3-efc700651a04,c75c1d53-938d-4640-b118-e5ada06ce255,Utilities,Electricity and water - March 2024,25276.49,2024-03-15,approved,2024-03-15 15:52:18,2024,3,1,11,4,0,0,9,False,False,False,False,False,False,False,False,False,True,10.137669555356734
60a95af2-c009-4cc6-aaf0-e4fe15773a40,00000000-0000-0000-0000-000000000002,587616fd-ba60-493e-ba92-b68a61b5cdce,e213801b-a706-48c3-9ba4-7db14d3912f3,Rent,Monthly office rent - March 2024,86568.12,2024-03-01,approved,2024-03-01 08:11:03,2024,3,1,9,4,0,0,6,False,False,False,False,False,False,True,False,False,False,11.368698448973909
8c1e07ba-b90f-4ee8-b4d3-d4f9532e3525,00000000-0000-0000-0000-000000000002,587616fd-ba60-493e-ba92-b68a61b5cdce,81c496fc-1d35-4405-9a7d-ae0a15104d5b,Salaries,Staff salaries - March 2024,511853.07,2024-03-28,approved,2024-03-28 15:14:30,2024,3,1,13,3,0,0,7,False,False,False,False,False,False,False,True,False,False,13.145794843864609
c3adcd05-04a9-4073-b184-b355b35ea613,00000000-0000-0000-0000-000000000002,587616fd-ba60-493e-ba92-b68a61b5cdce,2afe7cda-5682-4c01-a59f-5f13090047f6,Utilities,Electricity and water - March 2024,15857.83,2024-03-15,approved,2024-03-15 11:57:03,2024,3,1,11,4,0,0,9,False,False,False,False,False,False,False,False,False,True,9.671481721975859
2120dbd0-8e07-4c62-a4d3-1552073628fe,00000000-0000-0000-0000-000000000002,b961632b-814f-4481-946b-17a792487aa7,6708a3ae-03ac-432d-8065-25bbf8f3a753,Rent,Monthly office rent - March 2024,113467.5,2024-03-01,approved,2024-03-01 18:26:45,2024,3,1,9,4,0,0,6,False,False,False,False,False,False,True,False,False,False,11.639280544344526
05209a56-74b0-4ca5-a33e-32f991ab65db,00000000-0000-0000-0000-000000000002,b961632b-814f-4481-946b-17a792487aa7,bcde24c7-84f3-4459-afee-eba83339896c,Salaries,Staff salaries - March 2024,325899.4,2024-03-28,approved,2024-03-28 12:14:59,2024,3,1,13,3,0,0,7,False,False,False,False,False,False,False,True,False,False,12.694347092195258
61a03ddb-4949-4f96-8df7-17217fddd323,00000000-0000-0000-0000-000000000002,b961632b-814f-4481-946b-17a792487aa7,81c496fc-1d35-4405-9a7d-ae0a15104d5b,Utilities,Electricity and water - March 2024,15503.3,2024-03-15,approved,2024-03-15 12:06:04,2024,3,1,11,4,0,0,9,False,False,False,False,False,False,False,False,False,True,9.648872683788543
e04e31c0-27d9-42da-80d1-b6c546e1c75d,00000000-0000-0000-0000-000000000002,5f6c98b4-4360-41ee-83a3-efc700651a04,f72410dd-3260-4ece-a477-1ae69ac1e84e,Rent,Monthly office rent - April 2024,124378.88,2024-04-01,approved,2024-04-01 13:18:01,2024,4,2,14,0,0,0,6,False,False,False,False,False,False,True,False,False,False,11.73109570987208
e9bd9c2f-f1af-4bdf-aa37-96dcb85bf9db,00000000-0000-0000-0000-000000000002,5f6c98b4-4360-41ee-83a3-efc700651a04,517d046e-f5e7-4244-8dab-e8995b9bfdc4,Salaries,Staff salaries - April 2024,574442.44,2024-04-28,approved,2024-04-28 15:59:33,2024,4,2,17,6,1,0,7,False,False,False,False,False,False,False,True,False,False,13.261156920597541
4a2d45df-e7a4-4196-965d-27243c32aecc,00000000-0000-0000-0000-000000000002,5f6c98b4-4360-41ee-83a3-efc700651a04,7f514159-0b19-4321-a308-daec53995d5a,Utilities,Electricity and water - April 2024,14840.89,2024-04-15,approved,2024-04-15 13:45:34,2024,4,2,16,0,0,0,9,False,False,False,False,False,False,False,False,False,True,9.605208867102533
20564694-ea03-4207-ad2b-2cc11a95bc75,00000000-0000-0000-0000-000000000002,587616fd-ba60-493e-ba92-b68a61b5cdce,f72410dd-3260-4ece-a477-1ae69ac1e84e,Rent,Monthly office rent - April 2024,198903.04,2024-04-01,approved,2024-04-01 08:06:54,2024,4,2,14,0,0,0,6,False,False,False,False,False,False,True,False,False,False,12.200577776350213
621321df-ef97-4f4a-bdb9-731554bb6d62,00000000-0000-0000-0000-000000000002,587616fd-ba60-493e-ba92-b68a61b5cdce,c75c1d53-938d-4640-b118-e5ada06ce255,Salaries,Staff salaries - April 2024,757487.16,2024-04-28,approved,2024-04-28 17:20:14,2024,4,2,17,6,1,0,7,False,False,False,False,False,False,False,True,False,False,13.53776318588047
edfab389-3fa4-40fb-bd0e-d3caf4266671,00000000-0000-0000-0000-000000000002,587616fd-ba60-493e-ba92-b68a61b5cdce,bcde24c7-84f3-4459-afee-eba83339896c,Utilities,Electricity and water - April 2024,26312.46,2024-04-15,approved,2024-04-15 17:38:35,2024,4,2,16,0,0,0,9,False,False,False,False,False,False,False,False,False,True,10.177835874319761
d52ffef5-4ea9-4d60-8c59-4825b2488f0d,00000000-0000-0000-0000-000000000002,b961632b-814f-4481-946b-17a792487aa7,9d2a5f48-38f2-46be-b733-c1b9f1c891c4,Rent,Monthly office rent - April 2024,165764.01,2024-04-01,approved,2024-04-01 08:21:16,2024,4,2,14,0,0,0,6,False,False,False,False,False,False,True,False,False,False,12.018326462017356
59a21920-d4e3-40f3-a0bb-90c1a54aae79,00000000-0000-0000-0000-000000000002,b961632b-814f-4481-946b-17a792487aa7,f72410dd-3260-4ece-a477-1ae69ac1e84e,Salaries,Staff salaries - April 2024,531823.43,2024-04-28,approved,2024-04-28 14:46:14,2024,4,2,17,6,1,0,7,False,False,False,False,False,False,False,True,False,False,13.184068695058603
8c2a5d87-b8bb-4342-bb88-9d7593db7f20,00000000-0000-0000-0000-000000000002,b961632b-814f-4481-946b-17a792487aa7,81c496fc-1d35-4405-9a7d-ae0a15104d5b,Utilities,Electricity and water - April 2024,29509.65,2024-04-15,approved,2024-04-15 10:17:17,2024,4,2,16,0,0,0,9,False,False,False,False,False,False,False,False,False,True,10.292506494126124
d207a1ab-d38e-4696-952e-1b99ef95bfba,00000000-0000-0000-0000-000000000002,5f6c98b4-4360-41ee-83a3-efc700651a04,2afe7cda-5682-4c01-a59f-5f13090047f6,Rent,Monthly office rent - May 2024,137666.45,2024-05-01,approved,2024-05-01 15:18:47,2024,5,2,18,2,0,0,6,False,False,False,False,False,False,True,False,False,False,11.83259627333151
0c2aaf66-c72b-4733-9940-ebf87397384c,00000000-0000-0000-0000-000000000002,5f6c98b4-4360-41ee-83a3-efc700651a04,c75c1d53-938d-4640-b118-e5ada06ce255,Salaries,Staff salaries - May 2024,404646.24,2024-05-28,approved,2024-05-28 16:11:58,2024,5,2,22,1,0,0,7,False,False,False,False,False,False,False,True,False,False,12.910770954191332
a0b7cfad-47fd-42c5-a18d-174ce3ec71bc,00000000-0000-0000-0000-000000000002,5f6c98b4-4360-41ee-83a3-efc700651a04,e213801b-a706-48c3-9ba4-7db14d3912f3,Utilities,Electricity and water - May 2024,7101.83,2024-05-15,approved,2024-05-15 18:59:22,2024,5,2,20,2,0,0,9,False,False,False,False,False,False,False,False,False,True,8.868248575162193
7e3c24ed-20d3-40ed-a2f5-3c5c5b880f39,00000000-0000-0000-0000-000000000002,587616fd-ba60-493e-ba92-b68a61b5cdce,81c496fc-1d35-4405-9a7d-ae0a15104d5b,Rent,Monthly office rent - May 2024,107587.67,2024-05-01,approved,2024-05-01 17:02:54,2024,5,2,18,2,0,0,6,False,False,False,False,False,False,True,False,False,False,11.586070623767892
da683b9a-f4e9-4f90-ae62-cdc5c067e489,00000000-0000-0000-0000-000000000002,587616fd-ba60-493e-ba92-b68a61b5cdce,f72410dd-3260-4ece-a477-1ae69ac1e84e,Salaries,Staff salaries - May 2024,731487.35,2024-05-28,approved,2024-05-28 16:44:18,2024,5,2,22,1,0,0,7,False,False,False,False,False,False,False,True,False,False,13.50283657313641
6712ca32-fddf-4edc-ac4a-f1c876383529,00000000-0000-0000-0000-000000000002,587616fd-ba60-493e-ba92-b68a61b5cdce,bcde24c7-84f3-4459-afee-eba83339896c,Utilities,Electricity and water - May 2024,18625.54,2024-05-15,approved,2024-05-15 15:14:28,2024,5,2,20,2,0,0,9,False,False,False,False,False,False,False,False,False,True,9.832342724393339
2be0204a-fe4e-4d30-a6b3-cb44ba9a192e,00000000-0000-0000-0000-000000000002,b961632b-814f-4481-946b-17a792487aa7,f72410dd-3260-4ece-a477-1ae69ac1e84e,Rent,Monthly office rent - May 2024,138661.92,2024-05-01,approved,2024-05-01 18:09:20,2024,5,2,18,2,0,0,6,False,False,False,False,False,False,True,False,False,False,11.839801230979495
1c38d9d0-b502-4b1c-85b3-a62876279241,00000000-0000-0000-0000-000000000002,b961632b-814f-4481-946b-17a792487aa7,09cd08c0-c83a-42f5-96cc-b9c13c2aa7e4,Salaries,Staff salaries - May 2024,519841.56,2024-05-28,approved,2024-05-28 09:08:05,2024,5,2,22,1,0,0,7,False,False,False,False,False,False,False,True,False,False,13.161281275482983
cc21efe1-8118-4ca9-983e-142be769377e,00000000-0000-0000-0000-000000000002,b961632b-814f-4481-946b-17a792487aa7,c75c1d53-938d-4640-b118-e5ada06ce255,Utilities,Electricity and water - May 2024,17911.45,2024-05-15,approved,2024-05-15 12:39:26,2024,5,2,20,2,0,0,9,False,False,False,False,False,False,False,False,False,True,9.793251280785707
c3521c16-280b-4669-9a64-c6d9d7c6ed43,00000000-0000-0000-0000-000000000002,5f6c98b4-4360-41ee-83a3-efc700651a04,2afe7cda-5682-4c01-a59f-5f13090047f6,Rent,Monthly office rent - June 2024,180664.55,2024-06-01,approved,2024-06-01 17:47:07,2024,6,2,22,5,1,0,6,False,False,False,False,False,False,True,False,False,False,12.104402810922764
edbde67c-cb7a-4f70-be0e-3547c2b6e125,00000000-0000-0000-0000-000000000002,5f6c98b4-4360-41ee-83a3-efc700651a04,bcde24c7-84f3-4459-afee-eba83339896c,Salaries,Staff salaries - June 2024,334469.94,2024-06-28,approved,2024-06-28 17:14:30,2024,6,2,26,4,0,0,7,False,False,False,False,False,False,False,True,False,False,12.720305278842257
3aee05b4-1919-4a83-af68-5ef3e8e4aecd,00000000-0000-0000-0000-000000000002,5f6c98b4-4360-41ee-83a3-efc700651a04,07274486-6344-4009-ae28-b9027a51f93f,Utilities,Electricity and water - June 2024,6818.68,2024-06-15,approved,2024-06-15 16:38:16,2024,6,2,24,5,1,0,9,False,False,False,False,False,False,False,False,False,True,8.827567828915578
370bf099-76bd-44f5-9b1a-c808d9286487,00000000-0000-0000-0000-000000000002,587616fd-ba60-493e-ba92-b68a61b5cdce,09cd08c0-c83a-42f5-96cc-b9c13c2aa7e4,Rent,Monthly office rent - June 2024,60668.28,2024-06-01,approved,2024-06-01 18:37:55,2024,6,2,22,5,1,0,6,False,False,False,False,False,False,True,False,False,False,11.013192753386116
2f818c2e-7b5d-4bae-92c4-00d680fe70b2,00000000-0000-0000-0000-000000000002,587616fd-ba60-493e-ba92-b68a61b5cdce,09cd08c0-c83a-42f5-96cc-b9c13c2aa7e4,Salaries,Staff salaries - June 2024,701307.81,2024-06-28,approved,2024-06-28 18:49:31,2024,6,2,26,4,0,0,7,False,False,False,False,False,False,False,True,False,False,13.460703596830239
b4d25f03-5170-4851-be43-687c1f3a7a98,00000000-0000-0000-0000-000000000002,587616fd-ba60-493e-ba92-b68a61b5cdce,09cd08c0-c83a-42f5-96cc-b9c13c2aa7e4,Utilities,Electricity and water - June 2024,12099.21,2024-06-15,approved,2024-06-15 14:36:05,2024,6,2,24,5,1,0,9,False,False,False,False,False,False,False,False,False,True,9.40097808680613
507c95f7-cf38-4851-b777-d0d889bc3b35,00000000-0000-0000-0000-000000000002,b961632b-814f-4481-946b-17a792487aa7,9d2a5f48-38f2-46be-b733-c1b9f1c891c4,Rent,Monthly office rent - June 2024,115686.4,2024-06-01,approved,2024-06-01 12:16:06,2024,6,2,22,5,1,0,6,False,False,False,False,False,False,True,False,False,False,11.658647004917857
025dc679-7b1c-474e-80c6-5f925700ddfb,00000000-0000-0000-0000-000000000002,b961632b-814f-4481-946b-17a792487aa7,2afe7cda-5682-4c01-a59f-5f13090047f6,Salaries,Staff salaries - June 2024,448258.25,2024-06-28,approved,2024-06-28 16:49:27,2024,6,2,26,4,0,0,7,False,False,False,False,False,False,False,True,False,False,13.013127027060376
77506a64-b039-471b-aa68-47a99634cb0e,00000000-0000-0000-0000-000000000002,b961632b-814f-4481-946b-17a792487aa7,f72410dd-3260-4ece-a477-1ae69ac1e84e,Utilities,Electricity and water - June 2024,17422.33,2024-06-15,approved,2024-06-15 13:19:55,2024,6,2,24,5,1,0,9,False,False,False,False,False,False,False,False,False,True,9.76556539172451
fa46f5ed-80d4-4d8e-baf0-b6ec6ea2d5ad,00000000-0000-0000-0000-000000000002,5f6c98b4-4360-41ee-83a3-efc700651a04,6708a3ae-03ac-432d-8065-25bbf8f3a753,Rent,Monthly office rent - July 2024,156671.0,2024-07-01,approved,2024-07-01 13:50:53,2024,7,3,27,0,0,0,6,False,False,False,False,False,False,True,False,False,False,11.96190972699189
bc62769c-54c2-4629-9e86-b14437ce713e,00000000-0000-0000-0000-000000000002,5f6c98b4-4360-41ee-83a3-efc700651a04,c75c1d53-938d-4640-b118-e5ada06ce255,Salaries,Staff salaries - July 2024,508031.04,2024-07-28,approved,2024-07-28 15:00:56,2024,7,3,30,6,1,0,7,False,False,False,False,False,False,False,True,False,False,13.138299795437877
b3296d6e-69a9-4068-88d3-e52ae4bea071,00000000-0000-0000-0000-000000000002,5f6c98b4-4360-41ee-83a3-efc700651a04,e213801b-a706-48c3-9ba4-7db14d3912f3,Utilities,Electricity and water - July 2024,25142.03,2024-07-15,approved,2024-07-15 18:37:32,2024,7,3,29,0,0,0,9,False,False,False,False,False,False,False,False,False,True,10.132335999941343
d406ba31-98ff-4129-a667-ef16f5714857,00000000-0000-0000-0000-000000000002,587616fd-ba60-493e-ba92-b68a61b5cdce,81c496fc-1d35-4405-9a7d-ae0a15104d5b,Rent,Monthly office rent - July 2024,58991.55,2024-07-01,approved,2024-07-01 09:24:41,2024,7,3,27,0,0,0,6,False,False,False,False,False,False,True,False,False,False,10.985166443728538
32184c67-38b9-4c5d-909e-30c61d41ab00,00000000-0000-0000-0000-000000000002,587616fd-ba60-493e-ba92-b68a61b5cdce,6708a3ae-03ac-432d-8065-25bbf8f3a753,Salaries,Staff salaries - July 2024,377645.95,2024-07-28,approved,2024-07-28 09:37:44,2024,7,3,30,6,1,0,7,False,False,False,False,False,False,False,True,False,False,12.841715043447893
5fd72cf9-cc18-4b5e-ac15-0307175d2c7d,00000000-0000-0000-0000-000000000002,587616fd-ba60-493e-ba92-b68a61b5cdce,2afe7cda-5682-4c01-a59f-5f13090047f6,Utilities,Electricity and water - July 2024,16039.09,2024-07-15,approved,2024-07-15 15:22:14,2024,7,3,29,0,0,0,9,False,False,False,False,False,False,False,False,False,True,9.682846492377333
0611535e-e15c-4c72-8261-84461cf4fbc4,00000000-0000-0000-0000-000000000002,b961632b-814f-4481-946b-17a792487aa7,81c496fc-1d35-4405-9a7d-ae0a15104d5b,Rent,Monthly office rent - July 2024,195215.59,2024-07-01,approved,2024-07-01 14:45:56,2024,7,3,27,0,0,0,6,False,False,False,False,False,False,True,False,False,False,12.181864939103804
c9eacb38-b74a-4275-b1cd-70fcd126627f,00000000-0000-0000-0000-000000000002,b961632b-814f-4481-946b-17a792487aa7,6708a3ae-03ac-432d-8065-25bbf8f3a753,Salaries,Staff salaries - July 2024,286793.89,2024-07-28,approved,2024-07-28 16:54:28,2024,7,3,30,6,1,0,7,False,False,False,False,False,False,False,True,False,False,12.566522570254591
009aa194-b3e9-4063-8c81-46af8af7c1f2,00000000-0000-0000-0000-000000000002,b961632b-814f-4481-946b-17a792487aa7,07274486-6344-4009-ae28-b9027a51f93f,Utilities,Electricity and water - July 2024,5161.44,2024-07-15,approved,2024-07-15 10:42:25,2024,7,3,29,0,0,0,9,False,False,False,False,False,False,False,False,False,True,8.54916461492572
e5ca12d0-7a0b-4224-a486-1871f1fc93d0,00000000-0000-0000-0000-000000000002,5f6c98b4-4360-41ee-83a3-efc700651a04,9d2a5f48-38f2-46be-b733-c1b9f1c891c4,Rent,Monthly office rent - August 2024,69216.57,2024-08-01,approved,2024-08-01 10:08:14,2024,8,3,31,3,0,0,6,False,False,False,False,False,False,True,False,False,False,11.145010011112275
4038aade-05b6-452d-b74f-df25c10482bd,00000000-0000-0000-0000-000000000002,5f6c98b4-4360-41ee-83a3-efc700651a04,517d046e-f5e7-4244-8dab-e8995b9bfdc4,Salaries,Staff salaries - August 2024,495291.59,2024-08-28,approved,2024-08-28 16:35:34,2024,8,3,35,2,0,0,7,False,False,False,False,False,False,False,True,False,False,13.112903957834497
5cdf94f1-c6c7-4379-b985-e412019b4ee8,00000000-0000-0000-0000-000000000002,5f6c98b4-4360-41ee-83a3-efc700651a04,bcde24c7-84f3-4459-afee-eba83339896c,Utilities,Electricity and water - August 2024,25064.13,2024-08-15,approved,2024-08-15 14:26:26,2024,8,3,33,3,0,0,9,False,False,False,False,False,False,False,False,False,True,10.129232916199214
1ab4c610-e01b-474f-bfbe-e36e2ac2ab9f,00000000-0000-0000-0000-000000000002,587616fd-ba60-493e-ba92-b68a61b5cdce,2afe7cda-5682-4c01-a59f-5f13090047f6,Rent,Monthly office rent - August 2024,143087.99,2024-08-01,approved,2024-08-01 10:03:31,2024,8,3,31,3,0,0,6,False,False,False,False,False,False,True,False,False,False,11.871222023381216
268340c8-bbcb-458b-8805-07561d27c1f9,00000000-0000-0000-0000-000000000002,587616fd-ba60-493e-ba92-b68a61b5cdce,6708a3ae-03ac-432d-8065-25bbf8f3a753,Salaries,Staff salaries - August 2024,379911.5,2024-08-28,approved,2024-08-28 10:51:57,2024,8,3,35,2,0,0,7,False,False,False,False,False,False,False,True,False,False,12.847696242030043
23c2cb1c-21b6-4a5a-b579-2659256fc392,00000000-0000-0000-0000-000000000002,587616fd-ba60-493e-ba92-b68a61b5cdce,6708a3ae-03ac-432d-8065-25bbf8f3a753,Utilities,Electricity and water - August 2024,23022.54,2024-08-15,approved,2024-08-15 08:58:09,2024,8,3,33,3,0,0,9,False,False,False,False,False,False,False,False,False,True,10.044272449775374
2b218513-4d56-4084-9c76-aba35bba976a,00000000-0000-0000-0000-000000000002,b961632b-814f-4481-946b-17a792487aa7,6708a3ae-03ac-432d-8065-25bbf8f3a753,Rent,Monthly office rent - August 2024,133565.01,2024-08-01,approved,2024-08-01 16:45:49,2024,8,3,31,3,0,0,6,False,False,False,False,False,False,True,False,False,False,11.802351091547735
cc5a511e-9efd-4b7c-97b8-d653b888bd66,00000000-0000-0000-0000-000000000002,b961632b-814f-4481-946b-17a792487aa7,7f514159-0b19-4321-a308-daec53995d5a,Salaries,Staff salaries - August 2024,593907.39,2024-08-28,approved,2024-08-28 13:34:40,2024,8,3,35,2,0,0,7,False,False,False,False,False,False,False,True,False,False,13.294480360861566
fb569886-17ef-4588-933f-8cc0f109352a,00000000-0000-0000-0000-000000000002,b961632b-814f-4481-946b-17a792487aa7,81c496fc-1d35-4405-9a7d-ae0a15104d5b,Utilities,Electricity and water - August 2024,10374.9,2024-08-15,approved,2024-08-15 17:36:50,2024,8,3,33,3,0,0,9,False,False,False,False,False,False,False,False,False,True,9.247241088324548
a96a4339-12db-4616-a5f8-e8fa1f52e061,00000000-0000-0000-0000-000000000002,5f6c98b4-4360-41ee-83a3-efc700651a04,517d046e-f5e7-4244-8dab-e8995b9bfdc4,Rent,Monthly office rent - September 2024,176914.28,2024-09-01,approved,2024-09-01 09:53:34,2024,9,3,35,6,1,0,6,False,False,False,False,False,False,True,False,False,False,12.083426252901532
d59806c2-ac7d-4192-ae94-86a17b38d96d,00000000-0000-0000-0000-000000000002,5f6c98b4-4360-41ee-83a3-efc700651a04,f72410dd-3260-4ece-a477-1ae69ac1e84e,Salaries,Staff salaries - September 2024,547628.45,2024-09-28,approved,2024-09-28 18:29:19,2024,9,3,39,5,1,0,7,False,False,False,False,False,False,False,True,False,False,13.213354151081814
36657422-5519-49b1-b198-682938b8ff5b,00000000-0000-0000-0000-000000000002,5f6c98b4-4360-41ee-83a3-efc700651a04,e213801b-a706-48c3-9ba4-7db14d3912f3,Utilities,Electricity and water - September 2024,11983.71,2024-09-15,approved,2024-09-15 09:56:20,2024,9,3,37,6,1,0,9,False,False,False,False,False,False,False,False,False,True,9.391386949662927
8d8f8120-5474-490b-b545-21039ffd9864,00000000-0000-0000-0000-000000000002,587616fd-ba60-493e-ba92-b68a61b5cdce,07274486-6344-4009-ae28-b9027a51f93f,Rent,Monthly office rent - September 2024,67354.06,2024-09-01,approved,2024-09-01 13:38:52,2024,9,3,35,6,1,0,6,False,False,False,False,False,False,True,False,False,False,11.117733308934737
174c1186-9173-45c2-9848-7a1f17cf74ca,00000000-0000-0000-0000-000000000002,587616fd-ba60-493e-ba92-b68a61b5cdce,c75c1d53-938d-4640-b118-e5ada06ce255,Salaries,Staff salaries - September 2024,680380.29,2024-09-28,approved,2024-09-28 15:02:33,2024,9,3,39,5,1,0,7,False,False,False,False,False,False,False,True,False,False,13.430408640595475
39b24e93-8ded-45ab-8aa7-f5ec2b3dc4ae,00000000-0000-0000-0000-000000000002,587616fd-ba60-493e-ba92-b68a61b5cdce,517d046e-f5e7-4244-8dab-e8995b9bfdc4,Utilities,Electricity and water - September 2024,10972.68,2024-09-15,approved,2024-09-15 17:50:26,2024,9,3,37,6,1,0,9,False,False,False,False,False,False,False,False,False,True,9.303254957361434
2812596c-56a1-4d7a-a443-02380bd10072,00000000-0000-0000-0000-000000000002,b961632b-814f-4481-946b-17a792487aa7,7f514159-0b19-4321-a308-daec53995d5a,Rent,Monthly office rent - September 2024,147576.74,2024-09-01,approved,2024-09-01 12:26:34,2024,9,3,35,6,1,0,6,False,False,False,False,False,False,True,False,False,False,11.902110366766953
3960bd88-4884-4c10-a2fb-b084f9b9f806,00000000-0000-0000-0000-000000000002,b961632b-814f-4481-946b-17a792487aa7,6708a3ae-03ac-432d-8065-25bbf8f3a753,Salaries,Staff salaries - September 2024,407805.62,2024-09-28,approved,2024-09-28 14:19:56,2024,9,3,39,5,1,0,7,False,False,False,False,False,False,False,True,False,False,12.918548370438499
7cd93a81-c9d6-4840-bc0c-63f7b79c0e6f,00000000-0000-0000-0000-000000000002,b961632b-814f-4481-946b-17a792487aa7,07274486-6344-4009-ae28-b9027a51f93f,Utilities,Electricity and water - September 2024,19404.47,2024-09-15,approved,2024-09-15 10:30:56,2024,9,3,37,6,1,0,9,False,False,False,False,False,False,False,False,False,True,9.873310264071405
102a740b-3768-470a-84e1-e809f7050016,00000000-0000-0000-0000-000000000002,5f6c98b4-4360-41ee-83a3-efc700651a04,c75c1d53-938d-4640-b118-e5ada06ce255,Rent,Monthly office rent - October 2024,122777.1,2024-10-01,approved,2024-10-01 17:57:48,2024,10,4,40,1,0,0,6,False,False,False,False,False,False,True,False,False,False,11.718133940028716
3fdf419b-0240-43c0-8ef4-c18b9c29439a,00000000-0000-0000-0000-000000000002,5f6c98b4-4360-41ee-83a3-efc700651a04,6708a3ae-03ac-432d-8065-25bbf8f3a753,Salaries,Staff salaries - October 2024,313045.24,2024-10-28,approved,2024-10-28 13:09:36,2024,10,4,44,0,0,0,7,False,False,False,False,False,False,False,True,False,False,12.65410619024044
878289c0-d1ef-49cd-9a38-ab10856c9071,00000000-0000-0000-0000-000000000002,5f6c98b4-4360-41ee-83a3-efc700651a04,bcde24c7-84f3-4459-afee-eba83339896c,Utilities,Electricity and water - October 2024,8573.66,2024-10-15,approved,2024-10-15 09:48:52,2024,10,4,42,1,0,0,9,False,False,False,False,False,False,False,False,False,True,9.05656662110228
7d077ca1-be64-4230-a647-51f496e90939,00000000-0000-0000-0000-000000000002,587616fd-ba60-493e-ba92-b68a61b5cdce,bcde24c7-84f3-4459-afee-eba83339896c,Rent,Monthly office rent - October 2024,196432.26,2024-10-01,approved,2024-10-01 15:43:55,2024,10,4,40,1,0,0,6,False,False,False,False,False,False,True,False,False,False,12.188078008833543
7f5a3ee4-a89a-4bae-8f72-c9646a91c49d,00000000-0000-0000-0000-000000000002,587616fd-ba60-493e-ba92-b68a61b5cdce,81c496fc-1d35-4405-9a7d-ae0a15104d5b,Salaries,Staff salaries - October 2024,616712.83,2024-10-28,approved,2024-10-28 15:26:49,2024,10,4,44,0,0,0,7,False,False,False,False,False,False,False,True,False,False,13.33216038654295
208aac4b-27d5-4645-bf1a-ad5c8daba930,00000000-0000-0000-0000-000000000002,587616fd-ba60-493e-ba92-b68a61b5cdce,6708a3ae-03ac-432d-8065-25bbf8f3a753,Utilities,Electricity and water - October 2024,15052.22,2024-10-15,approved,2024-10-15 12:16:08,2024,10,4,42,1,0,0,9,False,False,False,False,False,False,False,False,False,True,9.619347200780611
be560b17-c5f1-4084-ab80-84377df4949e,00000000-0000-0000-0000-000000000002,b961632b-814f-4481-946b-17a792487aa7,9d2a5f48-38f2-46be-b733-c1b9f1c891c4,Rent,Monthly office rent - October 2024,179955.77,2024-10-01,approved,2024-10-01 15:41:25,2024,10,4,40,1,0,0,6,False,False,False,False,False,False,True,False,False,False,12.100471934361048
548dd7a3-65be-43f9-a4b7-84acc6399d95,00000000-0000-0000-0000-000000000002,b961632b-814f-4481-946b-17a792487aa7,e213801b-a706-48c3-9ba4-7db14d3912f3,Salaries,Staff salaries - October 2024,204992.05,2024-10-28,approved,2024-10-28 18:01:08,2024,10,4,44,0,0,0,7,False,False,False,False,False,False,False,True,False,False,12.23073135510682
88f0956b-2761-4eae-818c-0a1742748435,00000000-0000-0000-0000-000000000002,b961632b-814f-4481-946b-17a792487aa7,c75c1d53-938d-4640-b118-e5ada06ce255,Utilities,Electricity and water - October 2024,13639.08,2024-10-15,approved,2024-10-15 08:40:03,2024,10,4,42,1,0,0,9,False,False,False,False,False,False,False,False,False,True,9.520767796482893
4b767502-55bb-497c-8e6f-e82e0fd20e74,00000000-0000-0000-0000-000000000002,5f6c98b4-4360-41ee-83a3-efc700651a04,f72410dd-3260-4ece-a477-1ae69ac1e84e,Rent,Monthly office rent - November 2024,102480.06,2024-11-01,approved,2024-11-01 10:48:01,2024,11,4,44,4,0,0,6,False,False,False,False,False,False,True,False,False,False,11.537433279998778
73975323-7adc-434e-b252-06ed0de76b1f,00000000-0000-0000-0000-000000000002,5f6c98b4-4360-41ee-83a3-efc700651a04,81c496fc-1d35-4405-9a7d-ae0a15104d5b,Salaries,Staff salaries - November 2024,765040.76,2024-11-28,approved,2024-11-28 08:35:52,2024,11,4,48,3,0,0,7,False,False,False,False,False,False,False,True,False,False,13.547685699554084
3812ab60-0299-4110-9ed4-d4d0017d8f61,00000000-0000-0000-0000-000000000002,5f6c98b4-4360-41ee-83a3-efc700651a04,2afe7cda-5682-4c01-a59f-5f13090047f6,Utilities,Electricity and water - November 2024,21940.08,2024-11-15,approved,2024-11-15 08:50:16,2024,11,4,46,4,0,0,9,False,False,False,False,False,False,False,False,False,True,9.99611595777723
c3c5cf42-0b87-4109-be54-93043fdea324,00000000-0000-0000-0000-000000000002,587616fd-ba60-493e-ba92-b68a61b5cdce,09cd08c0-c83a-42f5-96cc-b9c13c2aa7e4,Rent,Monthly office rent - November 2024,75652.93,2024-11-01,approved,2024-11-01 13:42:16,2024,11,4,44,4,0,0,6,False,False,False,False,False,False,True,False,False,False,11.233924667635831
9c1d15ee-573f-4b0e-860c-c1d376c1ca44,00000000-0000-0000-0000-000000000002,587616fd-ba60-493e-ba92-b68a61b5cdce,c75c1d53-938d-4640-b118-e5ada06ce255,Salaries,Staff salaries - November 2024,238378.58,2024-11-28,approved,2024-11-28 15:55:14,2024,11,4,48,3,0,0,7,False,False,False,False,False,False,False,True,False,False,12.381619556142372
a6d5fe33-54bd-4506-b364-0554989f3994,00000000-0000-0000-0000-000000000002,587616fd-ba60-493e-ba92-b68a61b5cdce,81c496fc-1d35-4405-9a7d-ae0a15104d5b,Utilities,Electricity and water - November 2024,27613.04,2024-11-15,approved,2024-11-15 12:12:24,2024,11,4,46,4,0,0,9,False,False,False,False,False,False,False,False,False,True,10.226079618015644
1d3b6dcb-206a-44cb-b48b-bec444408b30,00000000-0000-0000-0000-000000000002,b961632b-814f-4481-946b-17a792487aa7,7f514159-0b19-4321-a308-daec53995d5a,Rent,Monthly office rent - November 2024,73335.82,2024-11-01,approved,2024-11-01 17:26:21,2024,11,4,44,4,0,0,6,False,False,False,False,False,False,True,False,False,False,11.202818080990685
bc37c013-2e1e-49e7-99cc-c1f5f47d63ad,00000000-0000-0000-0000-000000000002,b961632b-814f-4481-946b-17a792487aa7,e213801b-a706-48c3-9ba4-7db14d3912f3,Salaries,Staff salaries - November 2024,458325.58,2024-11-28,approved,2024-11-28 14:11:07,2024,11,4,48,3,0,0,7,False,False,False,False,False,False,False,True,False,False,13.03533726576069
cced022d-4bab-48a3-8e9b-ffe1cd801c13,00000000-0000-0000-0000-000000000002,b961632b-814f-4481-946b-17a792487aa7,9d2a5f48-38f2-46be-b733-c1b9f1c891c4,Utilities,Electricity and water - November 2024,10544.83,2024-11-15,approved,2024-11-15 18:34:57,2024,11,4,46,4,0,0,9,False,False,False,False,False,False,False,False,False,True,9.26348580010462
2e39950b-1ee7-43ef-badc-afbf2816365b,00000000-0000-0000-0000-000000000002,5f6c98b4-4360-41ee-83a3-efc700651a04,07274486-6344-4009-ae28-b9027a51f93f,Rent,Monthly office rent - December 2024,185600.6,2024-12-01,approved,2024-12-01 18:11:57,2024,12,4,48,6,1,0,6,False,False,False,False,False,False,True,False,False,False,12.131357719986735
c8a8af98-f34e-4438-bf16-29ac58b53b6b,00000000-0000-0000-0000-000000000002,5f6c98b4-4360-41ee-83a3-efc700651a04,07274486-6344-4009-ae28-b9027a51f93f,Salaries,Staff salaries - December 2024,242850.42,2024-12-28,approved,2024-12-28 12:19:04,2024,12,4,52,5,1,0,7,False,False,False,False,False,False,False,True,False,False,12.400205094987596
5a0b75e3-9c62-461b-89c4-da41e257e4d7,00000000-0000-0000-0000-000000000002,5f6c98b4-4360-41ee-83a3-efc700651a04,e213801b-a706-48c3-9ba4-7db14d3912f3,Utilities,Electricity and water - December 2024,12835.75,2024-12-15,approved,2024-12-15 08:46:53,2024,12,4,50,6,1,0,9,False,False,False,False,False,False,False,False,False,True,9.460067429940079
82a50e82-6c77-432f-b037-a18a8e626b70,00000000-0000-0000-0000-000000000002,587616fd-ba60-493e-ba92-b68a61b5cdce,07274486-6344-4009-ae28-b9027a51f93f,Rent,Monthly office rent - December 2024,197089.48,2024-12-01,approved,2024-12-01 11:44:43,2024,12,4,48,6,1,0,6,False,False,False,False,False,False,True,False,False,False,12.191418191619162
27cff802-44c0-4763-ad37-cb0485640713,00000000-0000-0000-0000-000000000002,587616fd-ba60-493e-ba92-b68a61b5cdce,517d046e-f5e7-4244-8dab-e8995b9bfdc4,Salaries,Staff salaries - December 2024,647232.62,2024-12-28,approved,2024-12-28 10:37:00,2024,12,4,52,5,1,0,7,False,False,False,False,False,False,False,True,False,False,13.38046259022519
6ab7cba0-d0dd-4d2e-a6b8-c43cc73ece31,00000000-0000-0000-0000-000000000002,587616fd-ba60-493e-ba92-b68a61b5cdce,bcde24c7-84f3-4459-afee-eba83339896c,Utilities,Electricity and water - December 2024,23192.36,2024-12-15,approved,2024-12-15 18:52:02,2024,12,4,50,6,1,0,9,False,False,False,False,False,False,False,False,False,True,10.05162130979284
72d30bdd-e0dd-435e-95e9-6fa386168a94,00000000-0000-0000-0000-000000000002,b961632b-814f-4481-946b-17a792487aa7,f72410dd-3260-4ece-a477-1ae69ac1e84e,Rent,Monthly office rent - December 2024,186859.93,2024-12-01,approved,2024-12-01 09:10:24,2024,12,4,48,6,1,0,6,False,False,False,False,False,False,True,False,False,False,12.13811992932268
cd56a859-3cc6-4a15-bdb1-73e29a0df98f,00000000-0000-0000-0000-000000000002,b961632b-814f-4481-946b-17a792487aa7,bcde24c7-84f3-4459-afee-eba83339896c,Salaries,Staff salaries - December 2024,217645.33,2024-12-28,approved,2024-12-28 12:20:23,2024,12,4,52,5,1,0,7,False,False,False,False,False,False,False,True,False,False,12.290626684903982
763e8a9a-7526-4ed5-92fd-2747d19e77af,00000000-0000-0000-0000-000000000002,b961632b-814f-4481-946b-17a792487aa7,c75c1d53-938d-4640-b118-e5ada06ce255,Utilities,Electricity and water - December 2024,27858.77,2024-12-15,approved,2024-12-15 12:28:45,2024,12,4,50,6,1,0,9,False,False,False,False,False,False,False,False,False,True,10.234938991736188
fb3d24aa-1cd3-4ebe-bae3-bba3efafb400,00000000-0000-0000-0000-000000000003,470852ed-b70b-4f24-879a-6edb4193d8b6,355d120a-98dd-4393-a62e-df5f4b8a455b,Rent,Monthly office rent - January 2022,75943.31,2022-01-01,approved,2022-01-01 11:59:51,2022,1,1,52,5,1,0,6,False,False,False,False,False,False,True,False,False,False,11.237755587508428
e6a719dd-b1fb-4719-ac0d-b1c625758816,00000000-0000-0000-0000-000000000003,470852ed-b70b-4f24-879a-6edb4193d8b6,3b9ffffd-ca39-4330-b08f-59cdb916323f,Salaries,Staff salaries - January 2022,413517.09,2022-01-28,approved,2022-01-28 15:09:45,2022,1,1,4,4,0,0,7,False,False,False,False,False,False,False,True,False,False,12.932456540977459
0604cc40-f7d3-4b67-81a0-138d31da8e92,00000000-0000-0000-0000-000000000003,470852ed-b70b-4f24-879a-6edb4193d8b6,74245d66-8df4-4678-b1e9-76d5e231caff,Utilities,Electricity and water - January 2022,13245.45,2022-01-15,approved,2022-01-15 09:05:25,2022,1,1,2,5,1,0,9,False,False,False,False,False,False,False,False,False,True,9.491484870987877
954cb1b1-7ce7-4e46-b5cc-abd8b138a9de,00000000-0000-0000-0000-000000000003,9b1ac5ce-ad4f-40d1-8b7c-0005176b143d,3b9ffffd-ca39-4330-b08f-59cdb916323f,Rent,Monthly office rent - January 2022,151251.57,2022-01-01,approved,2022-01-01 08:53:18,2022,1,1,52,5,1,0,6,False,False,False,False,False,False,True,False,False,False,11.926706367484266
63f682ff-b64f-4390-9ba4-625e0b0a875f,00000000-0000-0000-0000-000000000003,9b1ac5ce-ad4f-40d1-8b7c-0005176b143d,9dd0c56d-a9cf-4c8d-a998-9df89eb48a85,Salaries,Staff salaries - January 2022,348169.93,2022-01-28,approved,2022-01-28 11:24:17,2022,1,1,4,4,0,0,7,False,False,False,False,False,False,False,True,False,False,12.760448816329024
4fd56128-0f06-4c75-b38b-77dddf598998,00000000-0000-0000-0000-000000000003,9b1ac5ce-ad4f-40d1-8b7c-0005176b143d,79c1732a-a6d1-4565-b515-c59de4dbdfe5,Utilities,Electricity and water - January 2022,7870.33,2022-01-15,approved,2022-01-15 18:00:06,2022,1,1,2,5,1,0,9,False,False,False,False,False,False,False,False,False,True,8.970982323321257
f4d83a82-4073-4d06-978a-41ee613636f0,00000000-0000-0000-0000-000000000003,7227b311-834f-4815-aa86-c5d464758be1,3b9ffffd-ca39-4330-b08f-59cdb916323f,Rent,Monthly office rent - January 2022,111448.2,2022-01-01,approved,2022-01-01 15:14:57,2022,1,1,52,5,1,0,6,False,False,False,False,False,False,True,False,False,False,11.621324160681478
596792f2-e56f-48fd-9ca0-549d5473490c,00000000-0000-0000-0000-000000000003,7227b311-834f-4815-aa86-c5d464758be1,9dd0c56d-a9cf-4c8d-a998-9df89eb48a85,Salaries,Staff salaries - January 2022,630279.2,2022-01-28,approved,2022-01-28 09:56:25,2022,1,1,4,4,0,0,7,False,False,False,False,False,False,False,True,False,False,13.353919761395218
0d23dafe-1ba3-417f-8652-46160d6eda99,00000000-0000-0000-0000-000000000003,7227b311-834f-4815-aa86-c5d464758be1,79c1732a-a6d1-4565-b515-c59de4dbdfe5,Utilities,Electricity and water - January 2022,29528.95,2022-01-15,approved,2022-01-15 15:49:22,2022,1,1,2,5,1,0,9,False,False,False,False,False,False,False,False,False,True,10.293160281543173
11a8e007-b76d-4ed0-8aef-d67243829819,00000000-0000-0000-0000-000000000003,470852ed-b70b-4f24-879a-6edb4193d8b6,1db94196-443a-440f-ad7e-c4422bb047e3,Rent,Monthly office rent - February 2022,171340.79,2022-02-01,approved,2022-02-01 10:22:42,2022,2,1,5,1,0,0,6,False,False,False,False,False,False,True,False,False,False,12.051415612527782
fa969d7f-3713-43ad-bd95-7ec293138997,00000000-0000-0000-0000-000000000003,470852ed-b70b-4f24-879a-6edb4193d8b6,74245d66-8df4-4678-b1e9-76d5e231caff,Salaries,Staff salaries - February 2022,321513.7,2022-02-28,approved,2022-02-28 15:41:16,2022,2,1,9,0,0,1,7,False,False,False,False,False,False,False,True,False,False,12.680798544787168
4dfc5a97-ed4e-485c-a106-1c54644c41bc,00000000-0000-0000-0000-000000000003,470852ed-b70b-4f24-879a-6edb4193d8b6,355d120a-98dd-4393-a62e-df5f4b8a455b,Utilities,Electricity and water - February 2022,16736.45,2022-02-15,approved,2022-02-15 15:29:43,2022,2,1,7,1,0,0,9,False,False,False,False,False,False,False,False,False,True,9.725404002691008
209b0dc2-fab2-4b95-a0b5-be77f5130527,00000000-0000-0000-0000-000000000003,9b1ac5ce-ad4f-40d1-8b7c-0005176b143d,33baaf1c-3618-44b5-b42a-4673992689f8,Rent,Monthly office rent - February 2022,172031.02,2022-02-01,approved,2022-02-01 16:10:55,2022,2,1,5,1,0,0,6,False,False,False,False,False,False,True,False,False,False,12.055435901260145
7f20a865-0791-4616-a40f-bbe24ce6b431,00000000-0000-0000-0000-000000000003,9b1ac5ce-ad4f-40d1-8b7c-0005176b143d,79c1732a-a6d1-4565-b515-c59de4dbdfe5,Salaries,Staff salaries - February 2022,321060.26,2022-02-28,approved,2022-02-28 17:34:49,2022,2,1,9,0,0,1,7,False,False,False,False,False,False,False,True,False,False,12.679387225025797
07c04534-6100-40ef-b0ad-28d2faf50dee,00000000-0000-0000-0000-000000000003,9b1ac5ce-ad4f-40d1-8b7c-0005176b143d,61d2418d-6936-4075-a481-1d994952d89b,Utilities,Electricity and water - February 2022,15319.66,2022-02-15,approved,2022-02-15 09:55:25,2022,2,1,7,1,0,0,9,False,False,False,False,False,False,False,False,False,True,9.636957523306574
fb186e88-bfea-4a6e-a9a5-3011a6df549e,00000000-0000-0000-0000-000000000003,7227b311-834f-4815-aa86-c5d464758be1,29998a31-9af5-4c58-9bfe-cde4f9a96969,Rent,Monthly office rent - February 2022,88816.23,2022-02-01,approved,2022-02-01 12:30:22,2022,2,1,5,1,0,0,6,False,False,False,False,False,False,True,False,False,False,11.39433594169011
c36f184c-47bc-4841-9b92-eae9a2a57a4e,00000000-0000-0000-0000-000000000003,7227b311-834f-4815-aa86-c5d464758be1,61d2418d-6936-4075-a481-1d994952d89b,Salaries,Staff salaries - February 2022,576425.04,2022-02-28,approved,2022-02-28 15:51:15,2022,2,1,9,0,0,1,7,False,False,False,False,False,False,False,True,False,False,13.2646023190475
2e5639e9-527b-4070-ae9f-9b23e453ea67,00000000-0000-0000-0000-000000000003,7227b311-834f-4815-aa86-c5d464758be1,79c1732a-a6d1-4565-b515-c59de4dbdfe5,Utilities,Electricity and water - February 2022,12002.6,2022-02-15,approved,2022-02-15 09:04:46,2022,2,1,7,1,0,0,9,False,False,False,False,False,False,False,False,False,True,9.392961883779135
8f88ae39-d11b-4f7d-8143-82094a878e3d,00000000-0000-0000-0000-000000000003,470852ed-b70b-4f24-879a-6edb4193d8b6,74245d66-8df4-4678-b1e9-76d5e231caff,Rent,Monthly office rent - March 2022,95028.52,2022-03-01,approved,2022-03-01 16:20:04,2022,3,1,9,1,0,0,6,False,False,False,False,False,False,True,False,False,False,11.461942859156089
b97fd841-878f-4791-90ef-29e9eb380fb9,00000000-0000-0000-0000-000000000003,470852ed-b70b-4f24-879a-6edb4193d8b6,8626b762-d8ef-4e32-8446-33cdac213522,Salaries,Staff salaries - March 2022,255864.52,2022-03-28,approved,2022-03-28 18:05:49,2022,3,1,13,0,0,0,7,False,False,False,False,False,False,False,True,False,False,12.452407272936748
696fb5e0-ba5b-408c-ab15-41f679f9389f,00000000-0000-0000-0000-000000000003,470852ed-b70b-4f24-879a-6edb4193d8b6,e452be79-f94b-4709-88bf-8f66053789c4,Utilities,Electricity and water - March 2022,12060.41,2022-03-15,approved,2022-03-15 16:05:06,2022,3,1,11,1,0,0,9,False,False,False,False,False,False,False,False,False,True,9.397766378869987
53f91285-6b8e-426f-9c51-2d9243315843,00000000-0000-0000-0000-000000000003,9b1ac5ce-ad4f-40d1-8b7c-0005176b143d,61d2418d-6936-4075-a481-1d994952d89b,Rent,Monthly office rent - March 2022,129446.21,2022-03-01,approved,2022-03-01 12:51:41,2022,3,1,9,1,0,0,6,False,False,False,False,False,False,True,False,False,False,11.77102843222436
6af3fd9e-7739-41ad-bd8f-2f1e9446880a,00000000-0000-0000-0000-000000000003,9b1ac5ce-ad4f-40d1-8b7c-0005176b143d,e452be79-f94b-4709-88bf-8f66053789c4,Salaries,Staff salaries - March 2022,760675.12,2022-03-28,approved,2022-03-28 09:53:38,2022,3,1,13,0,0,0,7,False,False,False,False,False,False,False,True,False,False,13.541962948353829
2cf9ba61-124f-4d0d-b9a1-195d2a591c00,00000000-0000-0000-0000-000000000003,9b1ac5ce-ad4f-40d1-8b7c-0005176b143d,79c1732a-a6d1-4565-b515-c59de4dbdfe5,Utilities,Electricity and water - March 2022,24052.5,2022-03-15,approved,2022-03-15 10:50:12,2022,3,1,11,1,0,0,9,False,False,False,False,False,False,False,False,False,True,10.088035795090953
48ebb923-62d6-436a-a493-ab49930b0e14,00000000-0000-0000-0000-000000000003,7227b311-834f-4815-aa86-c5d464758be1,74245d66-8df4-4678-b1e9-76d5e231caff,Rent,Monthly office rent - March 2022,147719.75,2022-03-01,approved,2022-03-01 16:25:01,2022,3,1,9,1,0,0,6,False,False,False,False,False,False,True,False,False,False,11.90307894612664
ac1f9f35-7bc8-4030-a168-6e898270f3cc,00000000-0000-0000-0000-000000000003,7227b311-834f-4815-aa86-c5d464758be1,74245d66-8df4-4678-b1e9-76d5e231caff,Salaries,Staff salaries - March 2022,508170.65,2022-03-28,approved,2022-03-28 17:19:05,2022,3,1,13,0,0,0,7,False,False,False,False,False,False,False,True,False,False,13.138574563188186
cfad1398-67b2-4063-9dce-81b723754136,00000000-0000-0000-0000-000000000003,7227b311-834f-4815-aa86-c5d464758be1,8626b762-d8ef-4e32-8446-33cdac213522,Utilities,Electricity and water - March 2022,24860.16,2022-03-15,approved,2022-03-15 11:13:58,2022,3,1,11,1,0,0,9,False,False,False,False,False,False,False,False,False,True,10.121062025279397
d4c460e4-3af6-4a84-85d0-db1ce0e9da00,00000000-0000-0000-0000-000000000003,470852ed-b70b-4f24-879a-6edb4193d8b6,9dd0c56d-a9cf-4c8d-a998-9df89eb48a85,Rent,Monthly office rent - April 2022,106534.63,2022-04-01,approved,2022-04-01 08:00:24,2022,4,2,13,4,0,0,6,False,False,False,False,False,False,True,False,False,False,11.57623476217152
9f923bd7-60d4-46cd-b6ab-5a90340cbc2d,00000000-0000-0000-0000-000000000003,470852ed-b70b-4f24-879a-6edb4193d8b6,74245d66-8df4-4678-b1e9-76d5e231caff,Salaries,Staff salaries - April 2022,785176.91,2022-04-28,approved,2022-04-28 13:55:56,2022,4,2,17,3,0,0,7,False,False,False,False,False,False,False,True,False,False,13.573665608028948
d7007464-2f8b-4a77-9825-3d8d181a5899,00000000-0000-0000-0000-000000000003,470852ed-b70b-4f24-879a-6edb4193d8b6,29998a31-9af5-4c58-9bfe-cde4f9a96969,Utilities,Electricity and water - April 2022,6349.52,2022-04-15,approved,2022-04-15 13:12:13,2022,4,2,15,4,0,0,9,False,False,False,False,False,False,False,False,False,True,8.756291978297734
2b446217-038f-4418-a80b-ecdf2528074f,00000000-0000-0000-0000-000000000003,9b1ac5ce-ad4f-40d1-8b7c-0005176b143d,e452be79-f94b-4709-88bf-8f66053789c4,Rent,Monthly office rent - April 2022,88278.94,2022-04-01,approved,2022-04-01 09:52:24,2022,4,2,13,4,0,0,6,False,False,False,False,False,False,True,False,False,False,11.388268180714801
6e5176da-6253-484e-b554-484afebfa88a,00000000-0000-0000-0000-000000000003,9b1ac5ce-ad4f-40d1-8b7c-0005176b143d,8626b762-d8ef-4e32-8446-33cdac213522,Salaries,Staff salaries - April 2022,525507.68,2022-04-28,approved,2022-04-28 12:02:15,2022,4,2,17,3,0,0,7,False,False,False,False,False,False,False,True,False,False,13.172121986765012
b476a3a3-7807-4deb-84a8-b0b1f6ace34f,00000000-0000-0000-0000-000000000003,9b1ac5ce-ad4f-40d1-8b7c-0005176b143d,045901bc-3a1a-4a0b-bd8b-876c218464f4,Utilities,Electricity and water - April 2022,25344.18,2022-04-15,approved,2022-04-15 08:20:30,2022,4,2,15,4,0,0,9,False,False,False,False,False,False,False,False,False,True,10.140343852873734
dd8cb33d-adc3-4ae7-8cbf-74126be41ee4,00000000-0000-0000-0000-000000000003,7227b311-834f-4815-aa86-c5d464758be1,74245d66-8df4-4678-b1e9-76d5e231caff,Rent,Monthly office rent - April 2022,67532.62,2022-04-01,approved,2022-04-01 16:51:00,2022,4,2,13,4,0,0,6,False,False,False,False,False,False,True,False,False,False,11.120380826936975
bc727e5f-959b-4e57-ada3-4a4192479cf9,00000000-0000-0000-0000-000000000003,7227b311-834f-4815-aa86-c5d464758be1,355d120a-98dd-4393-a62e-df5f4b8a455b,Salaries,Staff salaries - April 2022,409400.61,2022-04-28,approved,2022-04-28 08:18:01,2022,4,2,17,3,0,0,7,False,False,False,False,False,False,False,True,False,False,12.922451884785863
67381f94-62f8-4ea1-8165-28b5abc5e84a,00000000-0000-0000-0000-000000000003,7227b311-834f-4815-aa86-c5d464758be1,29998a31-9af5-4c58-9bfe-cde4f9a96969,Utilities,Electricity and water - April 2022,13813.47,2022-04-15,approved,2022-04-15 11:25:31,2022,4,2,15,4,0,0,9,False,False,False,False,False,False,False,False,False,True,9.5334718725246
519c577e-ea59-4bd4-8ffc-bc71d20d6851,00000000-0000-0000-0000-000000000003,470852ed-b70b-4f24-879a-6edb4193d8b6,045901bc-3a1a-4a0b-bd8b-876c218464f4,Rent,Monthly office rent - May 2022,61604.05,2022-05-01,approved,2022-05-01 18:40:31,2022,5,2,17,6,1,0,6,False,False,False,False,False,False,True,False,False,False,11.028499126680872
00e03562-3b33-45d4-a693-43e8f0333e35,00000000-0000-0000-0000-000000000003,470852ed-b70b-4f24-879a-6edb4193d8b6,33baaf1c-3618-44b5-b42a-4673992689f8,Salaries,Staff salaries - May 2022,680571.77,2022-05-28,approved,2022-05-28 14:58:21,2022,5,2,21,5,1,0,7,False,False,False,False,False,False,False,True,False,False,13.430690031432817
79927744-8841-4d81-8bd5-25711fd8f593,00000000-0000-0000-0000-000000000003,470852ed-b70b-4f24-879a-6edb4193d8b6,61d2418d-6936-4075-a481-1d994952d89b,Utilities,Electricity and water - May 2022,10205.82,2022-05-15,approved,2022-05-15 17:43:55,2022,5,2,19,6,1,0,9,False,False,False,False,False,False,False,False,False,True,9.230811403291598
10d6bed8-2197-4d7f-95ef-f15d2fb943c8,00000000-0000-0000-0000-000000000003,9b1ac5ce-ad4f-40d1-8b7c-0005176b143d,9dd0c56d-a9cf-4c8d-a998-9df89eb48a85,Rent,Monthly office rent - May 2022,74364.21,2022-05-01,approved,2022-05-01 08:59:34,2022,5,2,17,6,1,0,6,False,False,False,False,False,False,True,False,False,False,11.216743503931808
42138e0d-27da-43ca-a286-f7223110e08f,00000000-0000-0000-0000-000000000003,9b1ac5ce-ad4f-40d1-8b7c-0005176b143d,8626b762-d8ef-4e32-8446-33cdac213522,Salaries,Staff salaries - May 2022,341509.2,2022-05-28,approved,2022-05-28 08:40:37,2022,5,2,21,5,1,0,7,False,False,False,False,False,False,False,True,False,False,12.74113282577534
7da57989-6261-4b57-b07e-e9b2877b94bd,00000000-0000-0000-0000-000000000003,9b1ac5ce-ad4f-40d1-8b7c-0005176b143d,79c1732a-a6d1-4565-b515-c59de4dbdfe5,Utilities,Electricity and water - May 2022,21162.57,2022-05-15,approved,2022-05-15 16:09:05,2022,5,2,19,6,1,0,9,False,False,False,False,False,False,False,False,False,True,9.960036586297301
cd38b359-868d-4711-9a0c-4d1a5f900f1d,00000000-0000-0000-0000-000000000003,7227b311-834f-4815-aa86-c5d464758be1,e452be79-f94b-4709-88bf-8f66053789c4,Rent,Monthly office rent - May 2022,130274.99,2022-05-01,approved,2022-05-01 17:36:06,2022,5,2,17,6,1,0,6,False,False,False,False,False,False,True,False,False,False,11.777410479057695
4ac87dae-33ac-4a17-882f-908d26cd29b4,00000000-0000-0000-0000-000000000003,7227b311-834f-4815-aa86-c5d464758be1,3b9ffffd-ca39-4330-b08f-59cdb916323f,Salaries,Staff salaries - May 2022,433576.51,2022-05-28,approved,2022-05-28 13:38:07,2022,5,2,21,5,1,0,7,False,False,False,False,False,False,False,True,False,False,12.979825859681197
aaf439b6-1dc3-4cc2-b979-bdcfefc48cae,00000000-0000-0000-0000-000000000003,7227b311-834f-4815-aa86-c5d464758be1,e452be79-f94b-4709-88bf-8f66053789c4,Utilities,Electricity and water - May 2022,28728.46,2022-05-15,approved,2022-05-15 17:58:35,2022,5,2,19,6,1,0,9,False,False,False,False,False,False,False,False,False,True,10.26567835611274
43a888c0-2959-4a56-81c9-cd65828c7017,00000000-0000-0000-0000-000000000003,470852ed-b70b-4f24-879a-6edb4193d8b6,3b9ffffd-ca39-4330-b08f-59cdb916323f,Rent,Monthly office rent - June 2022,112286.58,2022-06-01,approved,2022-06-01 17:36:07,2022,6,2,22,2,0,0,6,False,False,False,False,False,False,True,False,False,False,11.628818537994071
53e582b7-5113-4c12-8254-56b485d3cbac,00000000-0000-0000-0000-000000000003,470852ed-b70b-4f24-879a-6edb4193d8b6,33baaf1c-3618-44b5-b42a-4673992689f8,Salaries,Staff salaries - June 2022,573783.27,2022-06-28,approved,2022-06-28 11:19:20,2022,6,2,26,1,0,0,7,False,False,False,False,False,False,False,True,False,False,13.26000876842063
1c15042d-b90e-4ff3-bc9d-58f19829e2e6,00000000-0000-0000-0000-000000000003,470852ed-b70b-4f24-879a-6edb4193d8b6,e452be79-f94b-4709-88bf-8f66053789c4,Utilities,Electricity and water - June 2022,22311.67,2022-06-15,approved,2022-06-15 14:43:14,2022,6,2,24,2,0,0,9,False,False,False,False,False,False,False,False,False,True,10.01290995754059
41088a01-0578-4bb0-bd5d-025d86767d79,00000000-0000-0000-0000-000000000003,9b1ac5ce-ad4f-40d1-8b7c-0005176b143d,045901bc-3a1a-4a0b-bd8b-876c218464f4,Rent,Monthly office rent - June 2022,99942.22,2022-06-01,approved,2022-06-01 15:52:01,2022,6,2,22,2,0,0,6,False,False,False,False,False,False,True,False,False,False,11.512357503710763
8f268226-e7fc-4510-8593-0323a6b43e4a,00000000-0000-0000-0000-000000000003,9b1ac5ce-ad4f-40d1-8b7c-0005176b143d,29998a31-9af5-4c58-9bfe-cde4f9a96969,Salaries,Staff salaries - June 2022,550661.23,2022-06-28,approved,2022-06-28 15:53:57,2022,6,2,26,1,0,0,7,False,False,False,False,False,False,False,True,False,False,13.218876887461768
71aa2b83-8b9d-4ba4-a67d-8c52baf6f69d,00000000-0000-0000-0000-000000000003,9b1ac5ce-ad4f-40d1-8b7c-0005176b143d,79c1732a-a6d1-4565-b515-c59de4dbdfe5,Utilities,Electricity and water - June 2022,15373.98,2022-06-15,approved,2022-06-15 15:15:51,2022,6,2,24,2,0,0,9,False,False,False,False,False,False,False,False,False,True,9.640496791860864
5824c102-1627-4da4-8a60-bed031dfd89f,00000000-0000-0000-0000-000000000003,7227b311-834f-4815-aa86-c5d464758be1,74245d66-8df4-4678-b1e9-76d5e231caff,Rent,Monthly office rent - June 2022,141637.96,2022-06-01,approved,2022-06-01 17:43:12,2022,6,2,22,2,0,0,6,False,False,False,False,False,False,True,False,False,False,11.861036563640283
0846c010-0764-4c8c-9783-335fbd387135,00000000-0000-0000-0000-000000000003,7227b311-834f-4815-aa86-c5d464758be1,79c1732a-a6d1-4565-b515-c59de4dbdfe5,Salaries,Staff salaries - June 2022,279133.84,2022-06-28,approved,2022-06-28 11:31:52,2022,6,2,26,1,0,0,7,False,False,False,False,False,False,False,True,False,False,12.539450241543925
b9b54ef2-945f-4037-b862-f1754d4963fc,00000000-0000-0000-0000-000000000003,7227b311-834f-4815-aa86-c5d464758be1,3b9ffffd-ca39-4330-b08f-59cdb916323f,Utilities,Electricity and water - June 2022,21131.3,2022-06-15,approved,2022-06-15 14:45:48,2022,6,2,24,2,0,0,9,False,False,False,False,False,False,False,False,False,True,9.95855795466271
a91ffccc-d291-4ef7-93e8-2eccd2c8e3db,00000000-0000-0000-0000-000000000003,470852ed-b70b-4f24-879a-6edb4193d8b6,29998a31-9af5-4c58-9bfe-cde4f9a96969,Rent,Monthly office rent - July 2022,160636.97,2022-07-01,approved,2022-07-01 09:42:34,2022,7,3,26,4,0,0,6,False,False,False,False,False,False,True,False,False,False,11.986908478453463
9cc7026b-1635-42b9-8312-75761e274ce6,00000000-0000-0000-0000-000000000003,470852ed-b70b-4f24-879a-6edb4193d8b6,355d120a-98dd-4393-a62e-df5f4b8a455b,Salaries,Staff salaries - July 2022,452431.78,2022-07-28,approved,2022-07-28 18:47:10,2022,7,3,30,3,0,0,7,False,False,False,False,False,False,False,True,False,False,13.022394478600917
1425d7f5-bfd0-4ae0-a77b-9fa54abe2b91,00000000-0000-0000-0000-000000000003,470852ed-b70b-4f24-879a-6edb4193d8b6,e452be79-f94b-4709-88bf-8f66053789c4,Utilities,Electricity and water - July 2022,8482.67,2022-07-15,approved,2022-07-15 12:45:25,2022,7,3,28,4,0,0,9,False,False,False,False,False,False,False,False,False,True,9.045898418181258
368347ff-4e21-4f39-a487-db535b72c70b,00000000-0000-0000-0000-000000000003,9b1ac5ce-ad4f-40d1-8b7c-0005176b143d,29998a31-9af5-4c58-9bfe-cde4f9a96969,Rent,Monthly office rent - July 2022,53507.95,2022-07-01,approved,2022-07-01 17:12:04,2022,7,3,26,4,0,0,6,False,False,False,False,False,False,True,False,False,False,10.887604208612359
475edb74-dab6-407c-bd6b-f23e02e3073a,00000000-0000-0000-0000-000000000003,9b1ac5ce-ad4f-40d1-8b7c-0005176b143d,045901bc-3a1a-4a0b-bd8b-876c218464f4,Salaries,Staff salaries - July 2022,675346.55,2022-07-28,approved,2022-07-28 11:02:12,2022,7,3,30,3,0,0,7,False,False,False,False,False,False,False,True,False,False,13.422982726233755
356971dd-3451-46a2-8337-d619fef57690,00000000-0000-0000-0000-000000000003,9b1ac5ce-ad4f-40d1-8b7c-0005176b143d,9dd0c56d-a9cf-4c8d-a998-9df89eb48a85,Utilities,Electricity and water - July 2022,6733.91,2022-07-15,approved,2022-07-15 13:25:23,2022,7,3,28,4,0,0,9,False,False,False,False,False,False,False,False,False,True,8.815059725726226
8264e603-11d1-4214-a79b-d5c7b4b1836d,00000000-0000-0000-0000-000000000003,7227b311-834f-4815-aa86-c5d464758be1,045901bc-3a1a-4a0b-bd8b-876c218464f4,Rent,Monthly office rent - July 2022,68423.25,2022-07-01,approved,2022-07-01 08:59:14,2022,7,3,26,4,0,0,6,False,False,False,False,False,False,True,False,False,False,11.133482572942707
c8a9d861-1e68-4dd9-b764-1968c495dba6,00000000-0000-0000-0000-000000000003,7227b311-834f-4815-aa86-c5d464758be1,74245d66-8df4-4678-b1e9-76d5e231caff,Salaries,Staff salaries - July 2022,336085.11,2022-07-28,approved,2022-07-28 18:21:57,2022,7,3,30,3,0,0,7,False,False,False,False,False,False,False,True,False,False,12.725122685873197
fb9e384e-b653-4114-bb23-37924a1b4205,00000000-0000-0000-0000-000000000003,7227b311-834f-4815-aa86-c5d464758be1,9dd0c56d-a9cf-4c8d-a998-9df89eb48a85,Utilities,Electricity and water - July 2022,6844.15,2022-07-15,approved,2022-07-15 15:15:20,2022,7,3,28,4,0,0,9,False,False,False,False,False,False,False,False,False,True,8.831295651288142
93eabd18-af1f-4ac2-b737-0b4daf46b246,00000000-0000-0000-0000-000000000003,470852ed-b70b-4f24-879a-6edb4193d8b6,8626b762-d8ef-4e32-8446-33cdac213522,Rent,Monthly office rent - August 2022,185414.69,2022-08-01,approved,2022-08-01 14:24:40,2022,8,3,31,0,0,0,6,False,False,False,False,False,False,True,False,False,False,12.130355556364874
ecb73877-80fd-4cb9-b1c0-c2c58089de06,00000000-0000-0000-0000-000000000003,470852ed-b70b-4f24-879a-6edb4193d8b6,74245d66-8df4-4678-b1e9-76d5e231caff,Salaries,Staff salaries - August 2022,712845.32,2022-08-28,approved,2022-08-28 12:38:59,2022,8,3,34,6,1,0,7,False,False,False,False,False,False,False,True,False,False,13.477021136192405
af587b30-9f33-47e5-a4e5-e3d24e519fa3,00000000-0000-0000-0000-000000000003,470852ed-b70b-4f24-879a-6edb4193d8b6,33baaf1c-3618-44b5-b42a-4673992689f8,Utilities,Electricity and water - August 2022,29517.45,2022-08-15,approved,2022-08-15 16:37:14,2022,8,3,33,0,0,0,9,False,False,False,False,False,False,False,False,False,True,10.292770770560812
efb34d1f-cfcd-4bd9-99b1-13c497bcd73d,00000000-0000-0000-0000-000000000003,9b1ac5ce-ad4f-40d1-8b7c-0005176b143d,1db94196-443a-440f-ad7e-c4422bb047e3,Rent,Monthly office rent - August 2022,155362.42,2022-08-01,approved,2022-08-01 13:59:04,2022,8,3,31,0,0,0,6,False,False,False,False,False,False,True,False,False,False,11.953522296671121
7cdce0c8-b0c7-4500-b89e-a8d2955f3ebf,00000000-0000-0000-0000-000000000003,9b1ac5ce-ad4f-40d1-8b7c-0005176b143d,61d2418d-6936-4075-a481-1d994952d89b,Salaries,Staff salaries - August 2022,244724.16,2022-08-28,approved,2022-08-28 15:14:35,2022,8,3,34,6,1,0,7,False,False,False,False,False,False,False,True,False,False,12.407891063924493
ca8f1cb5-d75c-46b5-8ba7-f54e97b6a218,00000000-0000-0000-0000-000000000003,9b1ac5ce-ad4f-40d1-8b7c-0005176b143d,045901bc-3a1a-4a0b-bd8b-876c218464f4,Utilities,Electricity and water - August 2022,5877.31,2022-08-15,approved,2022-08-15 15:28:26,2022,8,3,33,0,0,0,9,False,False,False,False,False,False,False,False,False,True,8.679024584615089
1d5d7565-51ea-4d71-8947-b72ba52a7a8d,00000000-0000-0000-0000-000000000003,7227b311-834f-4815-aa86-c5d464758be1,33baaf1c-3618-44b5-b42a-4673992689f8,Rent,Monthly office rent - August 2022,89390.5,2022-08-01,approved,2022-08-01 16:23:46,2022,8,3,31,0,0,0,6,False,False,False,False,False,False,True,False,False,False,11.400780878341601
1308658a-1b6f-4a4c-bf92-31962d97006c,00000000-0000-0000-0000-000000000003,7227b311-834f-4815-aa86-c5d464758be1,29998a31-9af5-4c58-9bfe-cde4f9a96969,Salaries,Staff salaries - August 2022,740280.55,2022-08-28,approved,2022-08-28 10:16:22,2022,8,3,34,6,1,0,7,False,False,False,False,False,False,False,True,False,False,13.514785865791838
11107fcf-1307-411f-8ce9-6551a9ad7114,00000000-0000-0000-0000-000000000003,7227b311-834f-4815-aa86-c5d464758be1,74245d66-8df4-4678-b1e9-76d5e231caff,Utilities,Electricity and water - August 2022,16251.75,2022-08-15,approved,2022-08-15 16:58:35,2022,8,3,33,0,0,0,9,False,False,False,False,False,False,False,False,False,True,9.696017404209202
57e5b7a7-7e9a-47f7-86b1-cc82b236560d,00000000-0000-0000-0000-000000000003,470852ed-b70b-4f24-879a-6edb4193d8b6,e452be79-f94b-4709-88bf-8f66053789c4,Rent,Monthly office rent - September 2022,144429.62,2022-09-01,approved,2022-09-01 18:36:13,2022,9,3,35,3,0,0,6,False,False,False,False,False,False,True,False,False,False,11.880554532822964
823e10ef-fa68-4ca0-818a-8895a1cefefc,00000000-0000-0000-0000-000000000003,470852ed-b70b-4f24-879a-6edb4193d8b6,045901bc-3a1a-4a0b-bd8b-876c218464f4,Salaries,Staff salaries - September 2022,545197.71,2022-09-28,approved,2022-09-28 11:16:44,2022,9,3,39,2,0,0,7,False,False,False,False,False,False,False,True,False,False,13.208905612697533
fb32dab5-51d4-496f-8494-384a4d29d7a3,00000000-0000-0000-0000-000000000003,470852ed-b70b-4f24-879a-6edb4193d8b6,8626b762-d8ef-4e32-8446-33cdac213522,Utilities,Electricity and water - September 2022,20430.55,2022-09-15,approved,2022-09-15 10:10:29,2022,9,3,37,3,0,0,9,False,False,False,False,False,False,False,False,False,True,9.924835553754136
b827291e-6f0c-4708-a886-2d52869b01fd,00000000-0000-0000-0000-000000000003,9b1ac5ce-ad4f-40d1-8b7c-0005176b143d,29998a31-9af5-4c58-9bfe-cde4f9a96969,Rent,Monthly office rent - September 2022,111471.07,2022-09-01,approved,2022-09-01 17:31:18,2022,9,3,35,3,0,0,6,False,False,False,False,False,False,True,False,False,False,11.621529345230087
3bddc43d-c183-45d5-95f0-10a90a90c5cc,00000000-0000-0000-0000-000000000003,9b1ac5ce-ad4f-40d1-8b7c-0005176b143d,79c1732a-a6d1-4565-b515-c59de4dbdfe5,Salaries,Staff salaries - September 2022,552472.82,2022-09-28,approved,2022-09-28 12:47:13,2022,9,3,39,2,0,0,7,False,False,False,False,False,False,False,True,False,False,13.222161326635973
598778cd-71c3-400b-ba9a-33844a1a27bf,00000000-0000-0000-0000-000000000003,9b1ac5ce-ad4f-40d1-8b7c-0005176b143d,045901bc-3a1a-4a0b-bd8b-876c218464f4,Utilities,Electricity and water - September 2022,20391.84,2022-09-15,approved,2022-09-15 08:44:38,2022,9,3,37,3,0,0,9,False,False,False,False,False,False,False,False,False,True,9.922939137832117
caf8aa4a-01c0-43ca-bb3a-46a0e65392be,00000000-0000-0000-0000-000000000003,7227b311-834f-4815-aa86-c5d464758be1,1db94196-443a-440f-ad7e-c4422bb047e3,Rent,Monthly office rent - September 2022,55374.39,2022-09-01,approved,2022-09-01 10:48:12,2022,9,3,35,3,0,0,6,False,False,False,False,False,False,True,False,False,False,10.921890550212026
c860d502-b7f6-4275-ba39-26cb28e0368c,00000000-0000-0000-0000-000000000003,7227b311-834f-4815-aa86-c5d464758be1,29998a31-9af5-4c58-9bfe-cde4f9a96969,Salaries,Staff salaries - September 2022,339635.5,2022-09-28,approved,2022-09-28 12:47:18,2022,9,3,39,2,0,0,7,False,False,False,False,False,False,False,True,False,False,12.735631207031348
a6215558-4fb4-4076-9e48-78ad29ab0915,00000000-0000-0000-0000-000000000003,7227b311-834f-4815-aa86-c5d464758be1,74245d66-8df4-4678-b1e9-76d5e231caff,Utilities,Electricity and water - September 2022,12479.22,2022-09-15,approved,2022-09-15 14:36:55,2022,9,3,37,3,0,0,9,False,False,False,False,False,False,False,False,False,True,9.431900269973172
4a127998-7303-4265-b49f-dd69755d779b,00000000-0000-0000-0000-000000000003,470852ed-b70b-4f24-879a-6edb4193d8b6,355d120a-98dd-4393-a62e-df5f4b8a455b,Rent,Monthly office rent - October 2022,159807.24,2022-10-01,approved,2022-10-01 09:32:09,2022,10,4,39,5,1,0,6,False,False,False,False,False,False,True,False,False,False,11.98172987544048
bb0ab186-80e3-43e0-86f0-44a62ac07f7b,00000000-0000-0000-0000-000000000003,470852ed-b70b-4f24-879a-6edb4193d8b6,8626b762-d8ef-4e32-8446-33cdac213522,Salaries,Staff salaries - October 2022,590075.95,2022-10-28,approved,2022-10-28 08:05:32,2022,10,4,43,4,0,0,7,False,False,False,False,False,False,False,True,False,False,13.28800823110628
8dc8b255-453b-4683-b6af-c9b5a07c5d32,00000000-0000-0000-0000-000000000003,470852ed-b70b-4f24-879a-6edb4193d8b6,9dd0c56d-a9cf-4c8d-a998-9df89eb48a85,Utilities,Electricity and water - October 2022,27596.87,2022-10-15,approved,2022-10-15 08:17:19,2022,10,4,41,5,1,0,9,False,False,False,False,False,False,False,False,False,True,10.225493874814138
274dfb25-9e1d-4e21-bb47-4a18abcc6d17,00000000-0000-0000-0000-000000000003,9b1ac5ce-ad4f-40d1-8b7c-0005176b143d,8626b762-d8ef-4e32-8446-33cdac213522,Rent,Monthly office rent - October 2022,185762.64,2022-10-01,approved,2022-10-01 13:46:39,2022,10,4,39,5,1,0,6,False,False,False,False,False,False,True,False,False,False,12.132230391916307
fb9e8fc2-74bf-40c4-af0b-b518d05f7cf4,00000000-0000-0000-0000-000000000003,9b1ac5ce-ad4f-40d1-8b7c-0005176b143d,61d2418d-6936-4075-a481-1d994952d89b,Salaries,Staff salaries - October 2022,674254.21,2022-10-28,approved,2022-10-28 10:19:31,2022,10,4,43,4,0,0,7,False,False,False,False,False,False,False,True,False,False,13.421363968076312
b2d4d3f8-5574-4b5d-9f42-b3fffc4f6ee1,00000000-0000-0000-0000-000000000003,9b1ac5ce-ad4f-40d1-8b7c-0005176b143d,79c1732a-a6d1-4565-b515-c59de4dbdfe5,Utilities,Electricity and water - October 2022,20652.95,2022-10-15,approved,2022-10-15 09:04:00,2022,10,4,41,5,1,0,9,False,False,False,False,False,False,False,False,False,True,9.935661863389841
ffb586cf-a4d9-4f7e-9d7c-b037b903ac2c,00000000-0000-0000-0000-000000000003,7227b311-834f-4815-aa86-c5d464758be1,29998a31-9af5-4c58-9bfe-cde4f9a96969,Rent,Monthly office rent - October 2022,93720.72,2022-10-01,approved,2022-10-01 09:39:31,2022,10,4,39,5,1,0,6,False,False,False,False,False,False,True,False,False,False,11.448085244992805
729fa1b1-773f-48a1-90fc-46e20174b245,00000000-0000-0000-0000-000000000003,7227b311-834f-4815-aa86-c5d464758be1,355d120a-98dd-4393-a62e-df5f4b8a455b,Salaries,Staff salaries - October 2022,412024.44,2022-10-28,approved,2022-10-28 15:20:49,2022,10,4,43,4,0,0,7,False,False,False,False,False,False,False,True,False,False,12.928840373998176
18e328fa-588f-4f6f-acfe-a50af5885cb6,00000000-0000-0000-0000-000000000003,7227b311-834f-4815-aa86-c5d464758be1,9dd0c56d-a9cf-4c8d-a998-9df89eb48a85,Utilities,Electricity and water - October 2022,9614.85,2022-10-15,approved,2022-10-15 11:00:28,2022,10,4,41,5,1,0,9,False,False,False,False,False,False,False,False,False,True,9.17116805765166
3a47c303-3b8e-4838-8ce5-85c266d6def6,00000000-0000-0000-0000-000000000003,470852ed-b70b-4f24-879a-6edb4193d8b6,29998a31-9af5-4c58-9bfe-cde4f9a96969,Rent,Monthly office rent - November 2022,103979.37,2022-11-01,approved,2022-11-01 14:31:01,2022,11,4,44,1,0,0,6,False,False,False,False,False,False,True,False,False,False,11.551957410307987
7b0a9dd9-cbc4-4754-8443-ed74b9a1642e,00000000-0000-0000-0000-000000000003,470852ed-b70b-4f24-879a-6edb4193d8b6,61d2418d-6936-4075-a481-1d994952d89b,Salaries,Staff salaries - November 2022,319626.06,2022-11-28,approved,2022-11-28 18:53:18,2022,11,4,48,0,0,0,7,False,False,False,False,False,False,False,True,False,False,12.674910157625515
2c745e4c-df45-4fda-b8ff-c2fe0672ac35,00000000-0000-0000-0000-000000000003,470852ed-b70b-4f24-879a-6edb4193d8b6,8626b762-d8ef-4e32-8446-33cdac213522,Utilities,Electricity and water - November 2022,18264.42,2022-11-15,approved,2022-11-15 17:22:38,2022,11,4,46,1,0,0,9,False,False,False,False,False,False,False,False,False,True,9.812764933763802
9ca7b8ca-d027-433a-b80e-0460ad33f62a,00000000-0000-0000-0000-000000000003,9b1ac5ce-ad4f-40d1-8b7c-0005176b143d,33baaf1c-3618-44b5-b42a-4673992689f8,Rent,Monthly office rent - November 2022,188914.54,2022-11-01,approved,2022-11-01 13:17:37,2022,11,4,44,1,0,0,6,False,False,False,False,False,False,True,False,False,False,12.149055315855033
d16a0ae2-24f9-4796-99bb-ad557731a7be,00000000-0000-0000-0000-000000000003,9b1ac5ce-ad4f-40d1-8b7c-0005176b143d,8626b762-d8ef-4e32-8446-33cdac213522,Salaries,Staff salaries - November 2022,441729.07,2022-11-28,approved,2022-11-28 09:36:43,2022,11,4,48,0,0,0,7,False,False,False,False,False,False,False,True,False,False,12.998454273148338
1e8efd2a-98b0-4d29-bc62-aec46f931abd,00000000-0000-0000-0000-000000000003,9b1ac5ce-ad4f-40d1-8b7c-0005176b143d,74245d66-8df4-4678-b1e9-76d5e231caff,Utilities,Electricity and water - November 2022,11487.99,2022-11-15,approved,2022-11-15 14:47:59,2022,11,4,46,1,0,0,9,False,False,False,False,False,False,False,False,False,True,9.349144464455215
d2b6452f-2a5c-4cc1-afc7-157bbfdf766f,00000000-0000-0000-0000-000000000003,7227b311-834f-4815-aa86-c5d464758be1,e452be79-f94b-4709-88bf-8f66053789c4,Rent,Monthly office rent - November 2022,169288.89,2022-11-01,approved,2022-11-01 08:52:48,2022,11,4,44,1,0,0,6,False,False,False,False,False,False,True,False,False,False,12.039367849858506
fb6718f9-09c7-449a-b6b3-57e66159cb4c,00000000-0000-0000-0000-000000000003,7227b311-834f-4815-aa86-c5d464758be1,3b9ffffd-ca39-4330-b08f-59cdb916323f,Salaries,Staff salaries - November 2022,360396.53,2022-11-28,approved,2022-11-28 11:27:11,2022,11,4,48,0,0,0,7,False,False,False,False,False,False,False,True,False,False,12.79496295119672
d1e0ddcc-2b98-4da0-afde-650564e6535d,00000000-0000-0000-0000-000000000003,7227b311-834f-4815-aa86-c5d464758be1,355d120a-98dd-4393-a62e-df5f4b8a455b,Utilities,Electricity and water - November 2022,9118.92,2022-11-15,approved,2022-11-15 16:27:51,2022,11,4,46,1,0,0,9,False,False,False,False,False,False,False,False,False,True,9.11821631110008
291b9472-a1a5-4212-bad8-a33859c80e0d,00000000-0000-0000-0000-000000000003,470852ed-b70b-4f24-879a-6edb4193d8b6,33baaf1c-3618-44b5-b42a-4673992689f8,Rent,Monthly office rent - December 2022,116138.29,2022-12-01,approved,2022-12-01 15:11:24,2022,12,4,48,3,0,0,6,False,False,False,False,False,False,True,False,False,False,11.662545525595833
d8d3a01e-b9c7-4681-a664-ac7d894a514c,00000000-0000-0000-0000-000000000003,470852ed-b70b-4f24-879a-6edb4193d8b6,29998a31-9af5-4c58-9bfe-cde4f9a96969,Salaries,Staff salaries - December 2022,266555.36,2022-12-28,approved,2022-12-28 17:41:33,2022,12,4,52,2,0,0,7,False,False,False,False,False,False,False,True,False,False,12.493340982405194
7fa44035-56bb-4c74-95b7-dc1712288a67,00000000-0000-0000-0000-000000000003,470852ed-b70b-4f24-879a-6edb4193d8b6,61d2418d-6936-4075-a481-1d994952d89b,Utilities,Electricity and water - December 2022,20137.21,2022-12-15,approved,2022-12-15 13:46:35,2022,12,4,50,3,0,0,9,False,False,False,False,False,False,False,False,False,True,9.910374284467668
c130ee18-7192-41ec-afc3-8cf604b9eedf,00000000-0000-0000-0000-000000000003,9b1ac5ce-ad4f-40d1-8b7c-0005176b143d,045901bc-3a1a-4a0b-bd8b-876c218464f4,Rent,Monthly office rent - December 2022,173531.48,2022-12-01,approved,2022-12-01 17:24:44,2022,12,4,48,3,0,0,6,False,False,False,False,False,False,True,False,False,False,12.064120065459406
84885dd6-6a8a-4ea6-a4e7-45cd6727c555,00000000-0000-0000-0000-000000000003,9b1ac5ce-ad4f-40d1-8b7c-0005176b143d,33baaf1c-3618-44b5-b42a-4673992689f8,Salaries,Staff salaries - December 2022,532124.78,2022-12-28,approved,2022-12-28 17:22:34,2022,12,4,52,2,0,0,7,False,False,False,False,False,False,False,True,False,False,13.18463516895038
295e56ac-b5b4-40de-ad05-b8924631fe05,00000000-0000-0000-0000-000000000003,9b1ac5ce-ad4f-40d1-8b7c-0005176b143d,1db94196-443a-440f-ad7e-c4422bb047e3,Utilities,Electricity and water - December 2022,22841.52,2022-12-15,approved,2022-12-15 08:10:00,2022,12,4,50,3,0,0,9,False,False,False,False,False,False,False,False,False,True,10.036378990433299
20dd6387-c05a-4546-aa4c-59409a93d5f2,00000000-0000-0000-0000-000000000003,7227b311-834f-4815-aa86-c5d464758be1,61d2418d-6936-4075-a481-1d994952d89b,Rent,Monthly office rent - December 2022,94643.27,2022-12-01,approved,2022-12-01 16:58:21,2022,12,4,48,3,0,0,6,False,False,False,False,False,False,True,False,False,False,11.457880615977661
e89adad1-dfe5-4ad9-93fa-e37602b77525,00000000-0000-0000-0000-000000000003,7227b311-834f-4815-aa86-c5d464758be1,79c1732a-a6d1-4565-b515-c59de4dbdfe5,Salaries,Staff salaries - December 2022,349193.08,2022-12-28,approved,2022-12-28 18:19:32,2022,12,4,52,2,0,0,7,False,False,False,False,False,False,False,True,False,False,12.76338314976837
18103829-67a7-4536-8839-f67eb50f47e9,00000000-0000-0000-0000-000000000003,7227b311-834f-4815-aa86-c5d464758be1,3b9ffffd-ca39-4330-b08f-59cdb916323f,Utilities,Electricity and water - December 2022,21045.32,2022-12-15,approved,2022-12-15 16:09:46,2022,12,4,50,3,0,0,9,False,False,False,False,False,False,False,False,False,True,9.954481001974674
8aed2ae0-1c4d-45fc-a04e-4d729a2081c4,00000000-0000-0000-0000-000000000003,470852ed-b70b-4f24-879a-6edb4193d8b6,1db94196-443a-440f-ad7e-c4422bb047e3,Rent,Monthly office rent - January 2023,176712.14,2023-01-01,approved,2023-01-01 09:38:58,2023,1,1,52,6,1,0,6,False,False,False,False,False,False,True,False,False,False,12.082283018870646
a54df719-1a0c-4368-991b-7e2d173f189b,00000000-0000-0000-0000-000000000003,470852ed-b70b-4f24-879a-6edb4193d8b6,3b9ffffd-ca39-4330-b08f-59cdb916323f,Salaries,Staff salaries - January 2023,314688.59,2023-01-28,approved,2023-01-28 17:18:16,2023,1,1,4,5,1,0,7,False,False,False,False,False,False,False,True,False,False,12.659342003382397
4256e37e-981e-4f23-86b9-92822340a77e,00000000-0000-0000-0000-000000000003,470852ed-b70b-4f24-879a-6edb4193d8b6,61d2418d-6936-4075-a481-1d994952d89b,Utilities,Electricity and water - January 2023,15118.41,2023-01-15,approved,2023-01-15 13:01:28,2023,1,1,2,6,1,0,9,False,False,False,False,False,False,False,False,False,True,9.623734627808158
ff02f89e-e30e-4586-8ec5-9c3afc4e4e70,00000000-0000-0000-0000-000000000003,9b1ac5ce-ad4f-40d1-8b7c-0005176b143d,1db94196-443a-440f-ad7e-c4422bb047e3,Rent,Monthly office rent - January 2023,108431.42,2023-01-01,approved,2023-01-01 11:32:24,2023,1,1,52,6,1,0,6,False,False,False,False,False,False,True,False,False,False,11.5938824007637
61341472-2178-4302-bf6c-ebd157b3aa3b,00000000-0000-0000-0000-000000000003,9b1ac5ce-ad4f-40d1-8b7c-0005176b143d,8626b762-d8ef-4e32-8446-33cdac213522,Salaries,Staff salaries - January 2023,476248.46,2023-01-28,approved,2023-01-28 14:27:43,2023,1,1,4,5,1,0,7,False,False,False,False,False,False,False,True,False,False,13.073697071564137
e728b406-42da-4285-9cae-9a6473aa68c6,00000000-0000-0000-0000-000000000003,9b1ac5ce-ad4f-40d1-8b7c-0005176b143d,33baaf1c-3618-44b5-b42a-4673992689f8,Utilities,Electricity and water - January 2023,8685.51,2023-01-15,approved,2023-01-15 08:57:58,2023,1,1,2,6,1,0,9,False,False,False,False,False,False,False,False,False,True,9.069526526544943
2145fd88-dd7c-4e4f-ae5b-73892590dbff,00000000-0000-0000-0000-000000000003,7227b311-834f-4815-aa86-c5d464758be1,79c1732a-a6d1-4565-b515-c59de4dbdfe5,Rent,Monthly office rent - January 2023,153876.59,2023-01-01,approved,2023-01-01 18:47:24,2023,1,1,52,6,1,0,6,False,False,False,False,False,False,True,False,False,False,11.94391269518913
7ab6c207-128b-4bf8-bd8d-3836fbcf9028,00000000-0000-0000-0000-000000000003,7227b311-834f-4815-aa86-c5d464758be1,33baaf1c-3618-44b5-b42a-4673992689f8,Salaries,Staff salaries - January 2023,209130.27,2023-01-28,approved,2023-01-28 08:56:44,2023,1,1,4,5,1,0,7,False,False,False,False,False,False,False,True,False,False,12.250717419907813
0d6abf0c-c07d-4eeb-9dc9-de35dce678a9,00000000-0000-0000-0000-000000000003,7227b311-834f-4815-aa86-c5d464758be1,61d2418d-6936-4075-a481-1d994952d89b,Utilities,Electricity and water - January 2023,18675.03,2023-01-15,approved,2023-01-15 11:25:27,2023,1,1,2,6,1,0,9,False,False,False,False,False,False,False,False,False,True,9.834996162429224
a5797144-2205-426f-84d6-c2be5b0c2d02,00000000-0000-0000-0000-000000000003,470852ed-b70b-4f24-879a-6edb4193d8b6,29998a31-9af5-4c58-9bfe-cde4f9a96969,Rent,Monthly office rent - February 2023,184623.58,2023-02-01,approved,2023-02-01 16:49:52,2023,2,1,5,2,0,0,6,False,False,False,False,False,False,True,False,False,False,12.126079744949577
7a8d6699-18de-47bf-868e-0a0d533e0fdd,00000000-0000-0000-0000-000000000003,470852ed-b70b-4f24-879a-6edb4193d8b6,8626b762-d8ef-4e32-8446-33cdac213522,Salaries,Staff salaries - February 2023,432568.7,2023-02-28,approved,2023-02-28 18:07:01,2023,2,1,9,1,0,1,7,False,False,False,False,False,False,False,True,False,False,12.97749874843919
ea2ba9b2-98f2-44a8-a9b4-d253cb456358,00000000-0000-0000-0000-000000000003,470852ed-b70b-4f24-879a-6edb4193d8b6,29998a31-9af5-4c58-9bfe-cde4f9a96969,Utilities,Electricity and water - February 2023,27744.89,2023-02-15,approved,2023-02-15 14:23:23,2023,2,1,7,2,0,0,9,False,False,False,False,False,False,False,False,False,True,10.230843000097384
8a6f92ba-11a5-4053-8688-2a822b0c9756,00000000-0000-0000-0000-000000000003,9b1ac5ce-ad4f-40d1-8b7c-0005176b143d,8626b762-d8ef-4e32-8446-33cdac213522,Rent,Monthly office rent - February 2023,70607.19,2023-02-01,approved,2023-02-01 09:23:39,2023,2,1,5,2,0,0,6,False,False,False,False,False,False,True,False,False,False,11.16490142241892
4cbb53c3-f8d5-40f3-aedc-5413b0d4e998,00000000-0000-0000-0000-000000000003,9b1ac5ce-ad4f-40d1-8b7c-0005176b143d,74245d66-8df4-4678-b1e9-76d5e231caff,Salaries,Staff salaries - February 2023,305581.43,2023-02-28,approved,2023-02-28 16:45:08,2023,2,1,9,1,0,1,7,False,False,False,False,False,False,False,True,False,False,12.629974841166193
cb29d871-dc6d-4abc-a96c-88e81a2e512a,00000000-0000-0000-0000-000000000003,9b1ac5ce-ad4f-40d1-8b7c-0005176b143d,33baaf1c-3618-44b5-b42a-4673992689f8,Utilities,Electricity and water - February 2023,21981.22,2023-02-15,approved,2023-02-15 14:49:06,2023,2,1,7,2,0,0,9,False,False,False,False,False,False,False,False,False,True,9.997989223767282
62dbc635-ba1a-4014-a53f-b6e43b722fd1,00000000-0000-0000-0000-000000000003,7227b311-834f-4815-aa86-c5d464758be1,3b9ffffd-ca39-4330-b08f-59cdb916323f,Rent,Monthly office rent - February 2023,85041.43,2023-02-01,approved,2023-02-01 09:19:23,2023,2,1,5,2,0,0,6,False,False,False,False,False,False,True,False,False,False,11.350905587395912
97e50a77-9add-49c3-8a7e-a4353cec4445,00000000-0000-0000-0000-000000000003,7227b311-834f-4815-aa86-c5d464758be1,045901bc-3a1a-4a0b-bd8b-876c218464f4,Salaries,Staff salaries - February 2023,567774.57,2023-02-28,approved,2023-02-28 12:49:55,2023,2,1,9,1,0,1,7,False,False,False,False,False,False,False,True,False,False,13.249481496382096
40a36b78-6fe7-46c9-9126-7548909f0199,00000000-0000-0000-0000-000000000003,7227b311-834f-4815-aa86-c5d464758be1,74245d66-8df4-4678-b1e9-76d5e231caff,Utilities,Electricity and water - February 2023,23546.97,2023-02-15,approved,2023-02-15 08:11:46,2023,2,1,7,2,0,0,9,False,False,False,False,False,False,False,False,False,True,10.066794896153795
258d61c5-8a77-4d8b-a6da-5f1b01c9ddb5,00000000-0000-0000-0000-000000000003,470852ed-b70b-4f24-879a-6edb4193d8b6,8626b762-d8ef-4e32-8446-33cdac213522,Rent,Monthly office rent - March 2023,67318.04,2023-03-01,approved,2023-03-01 18:42:51,2023,3,1,9,2,0,0,6,False,False,False,False,False,False,True,False,False,False,11.11719838795351
c6e1df27-97a5-48ed-89e2-5939b8b7c459,00000000-0000-0000-0000-000000000003,470852ed-b70b-4f24-879a-6edb4193d8b6,3b9ffffd-ca39-4330-b08f-59cdb916323f,Salaries,Staff salaries - March 2023,314595.02,2023-03-28,approved,2023-03-28 18:45:24,2023,3,1,13,1,0,0,7,False,False,False,False,False,False,False,True,False,False,12.659044618540912
0f3f8561-98c2-4a11-9e44-f329d2b83c63,00000000-0000-0000-0000-000000000003,470852ed-b70b-4f24-879a-6edb4193d8b6,e452be79-f94b-4709-88bf-8f66053789c4,Utilities,Electricity and water - March 2023,10811.15,2023-03-15,approved,2023-03-15 15:50:55,2023,3,1,11,2,0,0,9,False,False,False,False,False,False,False,False,False,True,9.28842578077402
843f2e68-1fc1-4ddd-af96-87db6b049a1c,00000000-0000-0000-0000-000000000003,9b1ac5ce-ad4f-40d1-8b7c-0005176b143d,33baaf1c-3618-44b5-b42a-4673992689f8,Rent,Monthly office rent - March 2023,188743.31,2023-03-01,approved,2023-03-01 18:23:41,2023,3,1,9,2,0,0,6,False,False,False,False,False,False,True,False,False,False,12.148148520961517
13942b54-8757-4478-9f53-f48cbc9de60e,00000000-0000-0000-0000-000000000003,9b1ac5ce-ad4f-40d1-8b7c-0005176b143d,e452be79-f94b-4709-88bf-8f66053789c4,Salaries,Staff salaries - March 2023,640584.85,2023-03-28,approved,2023-03-28 16:28:30,2023,3,1,13,1,0,0,7,False,False,False,False,False,False,False,True,False,False,13.370138427246362
d11b21f4-0edf-4c17-bf5f-533a87611732,00000000-0000-0000-0000-000000000003,9b1ac5ce-ad4f-40d1-8b7c-0005176b143d,61d2418d-6936-4075-a481-1d994952d89b,Utilities,Electricity and water - March 2023,20389.53,2023-03-15,approved,2023-03-15 12:28:01,2023,3,1,11,2,0,0,9,False,False,False,False,False,False,False,False,False,True,9.922825856364573
2203f9d2-cf33-4f3f-9218-30287ee200ec,00000000-0000-0000-0000-000000000003,7227b311-834f-4815-aa86-c5d464758be1,29998a31-9af5-4c58-9bfe-cde4f9a96969,Rent,Monthly office rent - March 2023,103414.8,2023-03-01,approved,2023-03-01 08:42:33,2023,3,1,9,2,0,0,6,False,False,False,False,False,False,True,False,False,False,11.546513034025192
c2d2859e-fe54-4548-8a08-0f88484bbdd3,00000000-0000-0000-0000-000000000003,7227b311-834f-4815-aa86-c5d464758be1,61d2418d-6936-4075-a481-1d994952d89b,Salaries,Staff salaries - March 2023,594425.8,2023-03-28,approved,2023-03-28 15:04:42,2023,3,1,13,1,0,0,7,False,False,False,False,False,False,False,True,False,False,13.295352858852453
92c05af9-27d4-43aa-a60d-52b8d3e8814c,00000000-0000-0000-0000-000000000003,7227b311-834f-4815-aa86-c5d464758be1,79c1732a-a6d1-4565-b515-c59de4dbdfe5,Utilities,Electricity and water - March 2023,15453.57,2023-03-15,approved,2023-03-15 12:43:26,2023,3,1,11,2,0,0,9,False,False,False,False,False,False,False,False,False,True,9.645660031468061
efb1005a-f576-4dd4-8f22-3bd6ee5581da,00000000-0000-0000-0000-000000000003,470852ed-b70b-4f24-879a-6edb4193d8b6,355d120a-98dd-4393-a62e-df5f4b8a455b,Rent,Monthly office rent - April 2023,137254.2,2023-04-01,approved,2023-04-01 13:35:44,2023,4,2,13,5,1,0,6,False,False,False,False,False,False,True,False,False,False,11.829597245721475
86e72360-5218-4077-8347-fd004173946b,00000000-0000-0000-0000-000000000003,470852ed-b70b-4f24-879a-6edb4193d8b6,9dd0c56d-a9cf-4c8d-a998-9df89eb48a85,Salaries,Staff salaries - April 2023,732448.48,2023-04-28,approved,2023-04-28 15:15:13,2023,4,2,17,4,0,0,7,False,False,False,False,False,False,False,True,False,False,13.504149648211593
ecba151a-eb11-4a76-af50-f283b53ab7fe,00000000-0000-0000-0000-000000000003,470852ed-b70b-4f24-879a-6edb4193d8b6,355d120a-98dd-4393-a62e-df5f4b8a455b,Utilities,Electricity and water - April 2023,25620.38,2023-04-15,approved,2023-04-15 13:54:20,2023,4,2,15,5,1,0,9,False,False,False,False,False,False,False,False,False,True,10.151182438168721
da6a63b1-d2d1-47b5-bcfb-2bfd60c17ae1,00000000-0000-0000-0000-000000000003,9b1ac5ce-ad4f-40d1-8b7c-0005176b143d,29998a31-9af5-4c58-9bfe-cde4f9a96969,Rent,Monthly office rent - April 2023,125411.6,2023-04-01,approved,2023-04-01 10:51:48,2023,4,2,13,5,1,0,6,False,False,False,False,False,False,True,False,False,False,11.739364380602234
a69317e7-86f1-4b6c-8278-89297e7acbbe,00000000-0000-0000-0000-000000000003,9b1ac5ce-ad4f-40d1-8b7c-0005176b143d,1db94196-443a-440f-ad7e-c4422bb047e3,Salaries,Staff salaries - April 2023,676322.13,2023-04-28,approved,2023-04-28 08:18:38,2023,4,2,17,4,0,0,7,False,False,False,False,False,False,False,True,False,False,13.42442624377666
eb689ce1-fcaf-447a-bd15-9cae996c786d,00000000-0000-0000-0000-000000000003,9b1ac5ce-ad4f-40d1-8b7c-0005176b143d,79c1732a-a6d1-4565-b515-c59de4dbdfe5,Utilities,Electricity and water - April 2023,6988.19,2023-04-15,approved,2023-04-15 15:53:00,2023,4,2,15,5,1,0,9,False,False,False,False,False,False,False,False,False,True,8.852119948684944
b58c1df6-2407-42b7-b3a2-f0441d3d0be3,00000000-0000-0000-0000-000000000003,7227b311-834f-4815-aa86-c5d464758be1,3b9ffffd-ca39-4330-b08f-59cdb916323f,Rent,Monthly office rent - April 2023,136877.62,2023-04-01,approved,2023-04-01 17:56:37,2023,4,2,13,5,1,0,6,False,False,False,False,False,False,True,False,False,False,11.826849826691758
a8947196-4cc1-4138-b769-c24d8ff9ed98,00000000-0000-0000-0000-000000000003,7227b311-834f-4815-aa86-c5d464758be1,045901bc-3a1a-4a0b-bd8b-876c218464f4,Salaries,Staff salaries - April 2023,294234.61,2023-04-28,approved,2023-04-28 12:19:36,2023,4,2,17,4,0,0,7,False,False,False,False,False,False,False,True,False,False,12.59213611993348
4b892de0-2d79-4d19-80f9-12319f28b4f9,00000000-0000-0000-0000-000000000003,7227b311-834f-4815-aa86-c5d464758be1,61d2418d-6936-4075-a481-1d994952d89b,Utilities,Electricity and water - April 2023,11256.5,2023-04-15,approved,2023-04-15 11:20:40,2023,4,2,15,5,1,0,9,False,False,False,False,False,False,False,False,False,True,9.328789852175726
300e6b42-2796-4f78-a5f1-d10277d20d77,00000000-0000-0000-0000-000000000003,470852ed-b70b-4f24-879a-6edb4193d8b6,29998a31-9af5-4c58-9bfe-cde4f9a96969,Rent,Monthly office rent - May 2023,188031.04,2023-05-01,approved,2023-05-01 11:47:16,2023,5,2,18,0,0,0,6,False,False,False,False,False,False,True,False,False,False,12.14436765282322
d98d5651-f86a-486d-9ab6-b13ccfd8131e,00000000-0000-0000-0000-000000000003,470852ed-b70b-4f24-879a-6edb4193d8b6,8626b762-d8ef-4e32-8446-33cdac213522,Salaries,Staff salaries - May 2023,248679.35,2023-05-28,approved,2023-05-28 15:49:44,2023,5,2,21,6,1,0,7,False,False,False,False,False,False,False,True,False,False,12.42392361581352
003fbe4b-96f0-41b2-9723-3f6e2382b285,00000000-0000-0000-0000-000000000003,470852ed-b70b-4f24-879a-6edb4193d8b6,61d2418d-6936-4075-a481-1d994952d89b,Utilities,Electricity and water - May 2023,28047.21,2023-05-15,approved,2023-05-15 17:35:24,2023,5,2,20,0,0,0,9,False,False,False,False,False,False,False,False,False,True,10.241680094297847
4dacef5d-d95d-4572-a493-ea82385c85d1,00000000-0000-0000-0000-000000000003,9b1ac5ce-ad4f-40d1-8b7c-0005176b143d,8626b762-d8ef-4e32-8446-33cdac213522,Rent,Monthly office rent - May 2023,72463.2,2023-05-01,approved,2023-05-01 10:15:33,2023,5,2,18,0,0,0,6,False,False,False,False,False,False,True,False,False,False,11.190847925783354
0ff85cea-5471-434b-894e-e316ce76eb89,00000000-0000-0000-0000-000000000003,9b1ac5ce-ad4f-40d1-8b7c-0005176b143d,3b9ffffd-ca39-4330-b08f-59cdb916323f,Salaries,Staff salaries - May 2023,226014.85,2023-05-28,approved,2023-05-28 08:22:14,2023,5,2,21,6,1,0,7,False,False,False,False,False,False,False,True,False,False,12.3283604085386
34f70354-cdc3-4bc0-96a1-cd85a68ffb27,00000000-0000-0000-0000-000000000003,9b1ac5ce-ad4f-40d1-8b7c-0005176b143d,61d2418d-6936-4075-a481-1d994952d89b,Utilities,Electricity and water - May 2023,20844.13,2023-05-15,approved,2023-05-15 15:15:34,2023,5,2,20,0,0,0,9,False,False,False,False,False,False,False,False,False,True,9.944875626803006
d688ee3b-4fa4-4315-8fc6-c43c5e3b89ff,00000000-0000-0000-0000-000000000003,7227b311-834f-4815-aa86-c5d464758be1,045901bc-3a1a-4a0b-bd8b-876c218464f4,Rent,Monthly office rent - May 2023,78988.0,2023-05-01,approved,2023-05-01 08:27:27,2023,5,2,18,0,0,0,6,False,False,False,False,False,False,True,False,False,False,11.27706388124797
71e249c0-a78c-47a4-9835-1fec4b4a727e,00000000-0000-0000-0000-000000000003,7227b311-834f-4815-aa86-c5d464758be1,33baaf1c-3618-44b5-b42a-4673992689f8,Salaries,Staff salaries - May 2023,517804.4,2023-05-28,approved,2023-05-28 18:23:58,2023,5,2,21,6,1,0,7,False,False,False,False,False,False,False,True,False,False,13.15735477498216
9d9c9d6d-bb42-4857-b9a6-d512afadaa8a,00000000-0000-0000-0000-000000000003,7227b311-834f-4815-aa86-c5d464758be1,79c1732a-a6d1-4565-b515-c59de4dbdfe5,Utilities,Electricity and water - May 2023,11283.34,2023-05-15,approved,2023-05-15 12:46:34,2023,5,2,20,0,0,0,9,False,False,False,False,False,False,False,False,False,True,9.331171202827116
a85dc2df-e190-4ad8-a593-f843aaa29459,00000000-0000-0000-0000-000000000003,470852ed-b70b-4f24-879a-6edb4193d8b6,8626b762-d8ef-4e32-8446-33cdac213522,Rent,Monthly office rent - June 2023,64765.29,2023-06-01,approved,2023-06-01 12:29:16,2023,6,2,22,3,0,0,6,False,False,False,False,False,False,True,False,False,False,11.078540530931669
0bea2b68-69aa-4767-97c7-b15d764afa49,00000000-0000-0000-0000-000000000003,470852ed-b70b-4f24-879a-6edb4193d8b6,61d2418d-6936-4075-a481-1d994952d89b,Salaries,Staff salaries - June 2023,386410.79,2023-06-28,approved,2023-06-28 13:25:47,2023,6,2,26,2,0,0,7,False,False,False,False,False,False,False,True,False,False,12.864658893277365
f5ad9d82-47a9-474a-b4fa-83705741f6e2,00000000-0000-0000-0000-000000000003,470852ed-b70b-4f24-879a-6edb4193d8b6,29998a31-9af5-4c58-9bfe-cde4f9a96969,Utilities,Electricity and water - June 2023,8609.89,2023-06-15,approved,2023-06-15 17:48:08,2023,6,2,24,3,0,0,9,False,False,False,False,False,False,False,False,False,True,9.060782960256194
bd5a4a28-4e8e-4a8f-a6c8-b46def41c5f0,00000000-0000-0000-0000-000000000003,9b1ac5ce-ad4f-40d1-8b7c-0005176b143d,74245d66-8df4-4678-b1e9-76d5e231caff,Rent,Monthly office rent - June 2023,193607.42,2023-06-01,approved,2023-06-01 12:25:22,2023,6,2,22,3,0,0,6,False,False,False,False,False,False,True,False,False,False,12.173592944614413
f4128cb0-2c57-4f9b-902e-05c20f747afe,00000000-0000-0000-0000-000000000003,9b1ac5ce-ad4f-40d1-8b7c-0005176b143d,29998a31-9af5-4c58-9bfe-cde4f9a96969,Salaries,Staff salaries - June 2023,208856.37,2023-06-28,approved,2023-06-28 14:03:19,2023,6,2,26,2,0,0,7,False,False,False,False,False,False,False,True,False,False,12.249406857787255
3ce998d2-f53f-42c0-b688-482492f66bad,00000000-0000-0000-0000-000000000003,9b1ac5ce-ad4f-40d1-8b7c-0005176b143d,1db94196-443a-440f-ad7e-c4422bb047e3,Utilities,Electricity and water - June 2023,13175.91,2023-06-15,approved,2023-06-15 17:54:22,2023,6,2,24,3,0,0,9,False,False,False,False,False,False,False,False,False,True,9.486221334439207
ffc8fa2b-d5ec-44cd-89b4-5b87656952de,00000000-0000-0000-0000-000000000003,7227b311-834f-4815-aa86-c5d464758be1,61d2418d-6936-4075-a481-1d994952d89b,Rent,Monthly office rent - June 2023,180771.99,2023-06-01,approved,2023-06-01 14:25:35,2023,6,2,22,3,0,0,6,False,False,False,False,False,False,True,False,False,False,12.104997324187257
4c0244d8-ee41-4b8d-9253-4c68b6294c07,00000000-0000-0000-0000-000000000003,7227b311-834f-4815-aa86-c5d464758be1,9dd0c56d-a9cf-4c8d-a998-9df89eb48a85,Salaries,Staff salaries - June 2023,632975.42,2023-06-28,approved,2023-06-28 12:47:44,2023,6,2,26,2,0,0,7,False,False,False,False,False,False,False,True,False,False,13.358188449247637
db486d5d-5202-468d-9266-d915591787c0,00000000-0000-0000-0000-000000000003,7227b311-834f-4815-aa86-c5d464758be1,33baaf1c-3618-44b5-b42a-4673992689f8,Utilities,Electricity and water - June 2023,21996.81,2023-06-15,approved,2023-06-15 12:04:58,2023,6,2,24,3,0,0,9,False,False,False,False,False,False,False,False,False,True,9.99869818193093
355d522d-3e80-4372-a4ab-9fee46478483,00000000-0000-0000-0000-000000000003,470852ed-b70b-4f24-879a-6edb4193d8b6,74245d66-8df4-4678-b1e9-76d5e231caff,Rent,Monthly office rent - July 2023,120225.19,2023-07-01,approved,2023-07-01 16:36:56,2023,7,3,26,5,1,0,6,False,False,False,False,False,False,True,False,False,False,11.697130164204593
0ffd3ba6-d977-4433-9653-0315ba00b35d,00000000-0000-0000-0000-000000000003,470852ed-b70b-4f24-879a-6edb4193d8b6,e452be79-f94b-4709-88bf-8f66053789c4,Salaries,Staff salaries - July 2023,389684.58,2023-07-28,approved,2023-07-28 18:08:16,2023,7,3,30,4,0,0,7,False,False,False,False,False,False,False,True,False,False,12.873095487819494
31163a86-0db7-4a6a-b933-076f078ec73e,00000000-0000-0000-0000-000000000003,470852ed-b70b-4f24-879a-6edb4193d8b6,8626b762-d8ef-4e32-8446-33cdac213522,Utilities,Electricity and water - July 2023,14144.86,2023-07-15,approved,2023-07-15 14:20:04,2023,7,3,28,5,1,0,9,False,False,False,False,False,False,False,False,False,True,9.557177280756349
a25de314-d5a7-4985-8ed0-bb1d48ac17a5,00000000-0000-0000-0000-000000000003,9b1ac5ce-ad4f-40d1-8b7c-0005176b143d,045901bc-3a1a-4a0b-bd8b-876c218464f4,Rent,Monthly office rent - July 2023,104124.67,2023-07-01,approved,2023-07-01 14:18:11,2023,7,3,26,5,1,0,6,False,False,False,False,False,False,True,False,False,False,11.553353814022271
feea1822-12db-4214-8d2e-ad4d3c4a7f55,00000000-0000-0000-0000-000000000003,9b1ac5ce-ad4f-40d1-8b7c-0005176b143d,79c1732a-a6d1-4565-b515-c59de4dbdfe5,Salaries,Staff salaries - July 2023,696516.96,2023-07-28,approved,2023-07-28 17:27:22,2023,7,3,30,4,0,0,7,False,False,False,False,False,False,False,True,False,False,13.453848857942766
3fe96ff9-9a9c-4887-ba97-bd020f7717f1,00000000-0000-0000-0000-000000000003,9b1ac5ce-ad4f-40d1-8b7c-0005176b143d,3b9ffffd-ca39-4330-b08f-59cdb916323f,Utilities,Electricity and water - July 2023,16581.57,2023-07-15,approved,2023-07-15 08:06:03,2023,7,3,28,5,1,0,9,False,False,False,False,False,False,False,False,False,True,9.716107422708456
d24e41c4-0903-4e96-95f6-19e88c3e4bf4,00000000-0000-0000-0000-000000000003,7227b311-834f-4815-aa86-c5d464758be1,9dd0c56d-a9cf-4c8d-a998-9df89eb48a85,Rent,Monthly office rent - July 2023,135693.44,2023-07-01,approved,2023-07-01 16:19:24,2023,7,3,26,5,1,0,6,False,False,False,False,False,False,True,False,False,False,11.818160872249583
4ecb7c8b-6f5e-4afa-80a3-3e7b7f9b7b49,00000000-0000-0000-0000-000000000003,7227b311-834f-4815-aa86-c5d464758be1,355d120a-98dd-4393-a62e-df5f4b8a455b,Salaries,Staff salaries - July 2023,267753.23,2023-07-28,approved,2023-07-28 08:45:04,2023,7,3,30,4,0,0,7,False,False,False,False,False,False,False,True,False,False,12.49782478650453
330e8100-8e96-4174-a885-ad443f757cad,00000000-0000-0000-0000-000000000003,7227b311-834f-4815-aa86-c5d464758be1,1db94196-443a-440f-ad7e-c4422bb047e3,Utilities,Electricity and water - July 2023,18771.9,2023-07-15,approved,2023-07-15 11:22:38,2023,7,3,28,5,1,0,9,False,False,False,False,False,False,False,False,False,True,9.840169619511048
ff674b95-14e2-4efb-ab69-fa714105d033,00000000-0000-0000-0000-000000000003,470852ed-b70b-4f24-879a-6edb4193d8b6,e452be79-f94b-4709-88bf-8f66053789c4,Rent,Monthly office rent - August 2023,89471.31,2023-08-01,approved,2023-08-01 12:45:29,2023,8,3,31,1,0,0,6,False,False,False,False,False,False,True,False,False,False,11.401684470918527
a4001aab-b591-45f3-9924-de61ea8e6093,00000000-0000-0000-0000-000000000003,470852ed-b70b-4f24-879a-6edb4193d8b6,8626b762-d8ef-4e32-8446-33cdac213522,Salaries,Staff salaries - August 2023,461217.63,2023-08-28,approved,2023-08-28 12:19:06,2023,8,3,35,0,0,0,7,False,False,False,False,False,False,False,True,False,False,13.041627461183923
972b6bd9-7893-4ddd-b3f6-8a1a5a23d990,00000000-0000-0000-0000-000000000003,470852ed-b70b-4f24-879a-6edb4193d8b6,29998a31-9af5-4c58-9bfe-cde4f9a96969,Utilities,Electricity and water - August 2023,21562.33,2023-08-15,approved,2023-08-15 16:46:46,2023,8,3,33,1,0,0,9,False,False,False,False,False,False,False,False,False,True,9.978749465786512
9cd4993a-22f2-4502-9050-3ec3683833ff,00000000-0000-0000-0000-000000000003,9b1ac5ce-ad4f-40d1-8b7c-0005176b143d,79c1732a-a6d1-4565-b515-c59de4dbdfe5,Rent,Monthly office rent - August 2023,194355.82,2023-08-01,approved,2023-08-01 16:57:38,2023,8,3,31,1,0,0,6,False,False,False,False,False,False,True,False,False,False,12.177451026994758
d6b9c023-51ed-49e4-a0eb-55b282c89b91,00000000-0000-0000-0000-000000000003,9b1ac5ce-ad4f-40d1-8b7c-0005176b143d,61d2418d-6936-4075-a481-1d994952d89b,Salaries,Staff salaries - August 2023,726394.88,2023-08-28,approved,2023-08-28 10:35:41,2023,8,3,35,0,0,0,7,False,False,False,False,False,False,False,True,False,False,13.495850434446968
15c02ad8-51b3-4eb9-91e1-3a94298a3654,00000000-0000-0000-0000-000000000003,9b1ac5ce-ad4f-40d1-8b7c-0005176b143d,74245d66-8df4-4678-b1e9-76d5e231caff,Utilities,Electricity and water - August 2023,11523.69,2023-08-15,approved,2023-08-15 17:08:13,2023,8,3,33,1,0,0,9,False,False,False,False,False,False,False,False,False,True,9.352246969455368
feb24a7c-2db6-442d-80dd-e32da516835b,00000000-0000-0000-0000-000000000003,7227b311-834f-4815-aa86-c5d464758be1,29998a31-9af5-4c58-9bfe-cde4f9a96969,Rent,Monthly office rent - August 2023,101956.02,2023-08-01,approved,2023-08-01 14:35:22,2023,8,3,31,1,0,0,6,False,False,False,False,False,False,True,False,False,False,11.532306630915029
69ac1b5b-7cec-45a7-97d1-655b2244fae3,00000000-0000-0000-0000-000000000003,7227b311-834f-4815-aa86-c5d464758be1,29998a31-9af5-4c58-9bfe-cde4f9a96969,Salaries,Staff salaries - August 2023,374681.29,2023-08-28,approved,2023-08-28 12:18:06,2023,8,3,35,0,0,0,7,False,False,False,False,False,False,False,True,False,False,12.83383371918653
e5092c75-2402-4685-81b3-6ed0e716c150,00000000-0000-0000-0000-000000000003,7227b311-834f-4815-aa86-c5d464758be1,74245d66-8df4-4678-b1e9-76d5e231caff,Utilities,Electricity and water - August 2023,24903.21,2023-08-15,approved,2023-08-15 09:39:02,2023,8,3,33,1,0,0,9,False,False,False,False,False,False,False,False,False,True,10.122792144466231
290a8b72-3067-45a7-9ea1-ab59ad919ba1,00000000-0000-0000-0000-000000000003,470852ed-b70b-4f24-879a-6edb4193d8b6,8626b762-d8ef-4e32-8446-33cdac213522,Rent,Monthly office rent - September 2023,179824.32,2023-09-01,approved,2023-09-01 12:57:39,2023,9,3,35,4,0,0,6,False,False,False,False,False,False,True,False,False,False,12.099741214241828
e168a1c6-99cc-4233-8931-1c53799ef8d4,00000000-0000-0000-0000-000000000003,470852ed-b70b-4f24-879a-6edb4193d8b6,79c1732a-a6d1-4565-b515-c59de4dbdfe5,Salaries,Staff salaries - September 2023,351491.18,2023-09-28,approved,2023-09-28 13:45:26,2023,9,3,39,3,0,0,7,False,False,False,False,False,False,False,True,False,False,12.769942742474708
a4f9f90d-6d0b-4d60-8ac7-7d22b9c2d0ba,00000000-0000-0000-0000-000000000003,470852ed-b70b-4f24-879a-6edb4193d8b6,33baaf1c-3618-44b5-b42a-4673992689f8,Utilities,Electricity and water - September 2023,7269.48,2023-09-15,approved,2023-09-15 09:48:13,2023,9,3,37,4,0,0,9,False,False,False,False,False,False,False,False,False,True,8.89157759310731
8db35723-98df-4a0a-b36f-5323a4a7f6b5,00000000-0000-0000-0000-000000000003,9b1ac5ce-ad4f-40d1-8b7c-0005176b143d,1db94196-443a-440f-ad7e-c4422bb047e3,Rent,Monthly office rent - September 2023,171102.22,2023-09-01,approved,2023-09-01 10:25:53,2023,9,3,35,4,0,0,6,False,False,False,False,False,False,True,False,False,False,12.05002227910706
10892a92-47af-4f9c-80b4-03f56859ba03,00000000-0000-0000-0000-000000000003,9b1ac5ce-ad4f-40d1-8b7c-0005176b143d,9dd0c56d-a9cf-4c8d-a998-9df89eb48a85,Salaries,Staff salaries - September 2023,248050.88,2023-09-28,approved,2023-09-28 10:37:33,2023,9,3,39,3,0,0,7,False,False,False,False,False,False,False,True,False,False,12.421393196817586
3be9ed33-41b4-4985-ab05-e06afc15cd4d,00000000-0000-0000-0000-000000000003,9b1ac5ce-ad4f-40d1-8b7c-0005176b143d,29998a31-9af5-4c58-9bfe-cde4f9a96969,Utilities,Electricity and water - September 2023,13766.52,2023-09-15,approved,2023-09-15 08:01:26,2023,9,3,37,4,0,0,9,False,False,False,False,False,False,False,False,False,True,9.53006747383215
0a702818-c7cc-4511-a6ce-b80ca0a7baed,00000000-0000-0000-0000-000000000003,7227b311-834f-4815-aa86-c5d464758be1,79c1732a-a6d1-4565-b515-c59de4dbdfe5,Rent,Monthly office rent - September 2023,176067.67,2023-09-01,approved,2023-09-01 10:06:59,2023,9,3,35,4,0,0,6,False,False,False,False,False,False,True,False,False,False,12.078629368378136
e4f34798-8f3a-4c28-abbc-35008c728191,00000000-0000-0000-0000-000000000003,7227b311-834f-4815-aa86-c5d464758be1,29998a31-9af5-4c58-9bfe-cde4f9a96969,Salaries,Staff salaries - September 2023,272818.59,2023-09-28,approved,2023-09-28 15:20:33,2023,9,3,39,3,0,0,7,False,False,False,False,False,False,False,True,False,False,12.516566013223608
179b6c93-ecc1-4623-9d11-6247b095a88e,00000000-0000-0000-0000-000000000003,7227b311-834f-4815-aa86-c5d464758be1,355d120a-98dd-4393-a62e-df5f4b8a455b,Utilities,Electricity and water - September 2023,18215.73,2023-09-15,approved,2023-09-15 09:36:36,2023,9,3,37,4,0,0,9,False,False,False,False,False,False,False,False,False,True,9.810095681600247
5b1b2d97-213e-4bee-87ce-5f582c61135e,00000000-0000-0000-0000-000000000003,470852ed-b70b-4f24-879a-6edb4193d8b6,33baaf1c-3618-44b5-b42a-4673992689f8,Rent,Monthly office rent - October 2023,121571.85,2023-10-01,approved,2023-10-01 18:58:31,2023,10,4,39,6,1,0,6,False,False,False,False,False,False,True,False,False,False,11.708268950558756
c4e073d1-e559-43ea-8684-bc8ce353decb,00000000-0000-0000-0000-000000000003,470852ed-b70b-4f24-879a-6edb4193d8b6,045901bc-3a1a-4a0b-bd8b-876c218464f4,Salaries,Staff salaries - October 2023,725147.05,2023-10-28,approved,2023-10-28 10:03:25,2023,10,4,43,5,1,0,7,False,False,False,False,False,False,False,True,False,False,13.494131119885973
f5e05c3b-e96a-4b0d-8bdf-4d0e5578cbd0,00000000-0000-0000-0000-000000000003,470852ed-b70b-4f24-879a-6edb4193d8b6,045901bc-3a1a-4a0b-bd8b-876c218464f4,Utilities,Electricity and water - October 2023,13231.68,2023-10-15,approved,2023-10-15 11:11:47,2023,10,4,41,6,1,0,9,False,False,False,False,False,False,False,False,False,True,9.490444806511341
8c423362-885d-46cb-9217-334fb9618e70,00000000-0000-0000-0000-000000000003,9b1ac5ce-ad4f-40d1-8b7c-0005176b143d,045901bc-3a1a-4a0b-bd8b-876c218464f4,Rent,Monthly office rent - October 2023,58354.03,2023-10-01,approved,2023-10-01 16:07:33,2023,10,4,39,6,1,0,6,False,False,False,False,False,False,True,False,False,False,10.974300837941087
f8f19a5f-47bf-47a0-acbd-cb3cdc92e220,00000000-0000-0000-0000-000000000003,9b1ac5ce-ad4f-40d1-8b7c-0005176b143d,8626b762-d8ef-4e32-8446-33cdac213522,Salaries,Staff salaries - October 2023,699998.42,2023-10-28,approved,2023-10-28 09:03:42,2023,10,4,43,5,1,0,7,False,False,False,False,False,False,False,True,False,False,13.458834785453769
a11b7916-f8bb-4296-9880-773b2dd3145c,00000000-0000-0000-0000-000000000003,9b1ac5ce-ad4f-40d1-8b7c-0005176b143d,045901bc-3a1a-4a0b-bd8b-876c218464f4,Utilities,Electricity and water - October 2023,11302.02,2023-10-15,approved,2023-10-15 10:44:25,2023,10,4,41,6,1,0,9,False,False,False,False,False,False,False,False,False,True,9.332825225630907
654b9ec0-e537-49c7-b543-6996b0106e1f,00000000-0000-0000-0000-000000000003,7227b311-834f-4815-aa86-c5d464758be1,79c1732a-a6d1-4565-b515-c59de4dbdfe5,Rent,Monthly office rent - October 2023,143814.24,2023-10-01,approved,2023-10-01 16:54:47,2023,10,4,39,6,1,0,6,False,False,False,False,False,False,True,False,False,False,11.876284699182056
9f88e264-0980-4fd6-939e-08b06b9d5cad,00000000-0000-0000-0000-000000000003,7227b311-834f-4815-aa86-c5d464758be1,33baaf1c-3618-44b5-b42a-4673992689f8,Salaries,Staff salaries - October 2023,714739.51,2023-10-28,approved,2023-10-28 09:08:02,2023,10,4,43,5,1,0,7,False,False,False,False,False,False,False,True,False,False,13.479674832726703
984b48f6-3625-4237-92f7-4126eb44f3e2,00000000-0000-0000-0000-000000000003,7227b311-834f-4815-aa86-c5d464758be1,61d2418d-6936-4075-a481-1d994952d89b,Utilities,Electricity and water - October 2023,8587.17,2023-10-15,approved,2023-10-15 14:55:37,2023,10,4,41,6,1,0,9,False,False,False,False,False,False,False,False,False,True,9.05814095386563
3b1455bd-99b6-48aa-be53-3c97a34ef178,00000000-0000-0000-0000-000000000003,470852ed-b70b-4f24-879a-6edb4193d8b6,29998a31-9af5-4c58-9bfe-cde4f9a96969,Rent,Monthly office rent - November 2023,107107.11,2023-11-01,approved,2023-11-01 12:31:27,2023,11,4,44,2,0,0,6,False,False,False,False,False,False,True,False,False,False,11.581593977191734
1aeb1eb4-5100-4b96-b4ec-04d4d6738643,00000000-0000-0000-0000-000000000003,470852ed-b70b-4f24-879a-6edb4193d8b6,8626b762-d8ef-4e32-8446-33cdac213522,Salaries,Staff salaries - November 2023,273492.24,2023-11-28,approved,2023-11-28 14:18:27,2023,11,4,48,1,0,0,7,False,False,False,False,False,False,False,True,False,False,12.519032183902514
0f2255e7-cd07-4c9e-a1f4-b5f2770e83e5,00000000-0000-0000-0000-000000000003,470852ed-b70b-4f24-879a-6edb4193d8b6,1db94196-443a-440f-ad7e-c4422bb047e3,Utilities,Electricity and water - November 2023,20597.81,2023-11-15,approved,2023-11-15 13:47:41,2023,11,4,46,2,0,0,9,False,False,False,False,False,False,False,False,False,True,9.932988586118805
05b8610a-ad87-4e49-808d-e24518140da8,00000000-0000-0000-0000-000000000003,9b1ac5ce-ad4f-40d1-8b7c-0005176b143d,355d120a-98dd-4393-a62e-df5f4b8a455b,Rent,Monthly office rent - November 2023,141458.8,2023-11-01,approved,2023-11-01 08:06:27,2023,11,4,44,2,0,0,6,False,False,False,False,False,False,True,False,False,False,11.85977085676175
3748d678-b281-4ef5-b6b8-d20b2f63ed5b,00000000-0000-0000-0000-000000000003,9b1ac5ce-ad4f-40d1-8b7c-0005176b143d,74245d66-8df4-4678-b1e9-76d5e231caff,Salaries,Staff salaries - November 2023,339028.52,2023-11-28,approved,2023-11-28 13:16:35,2023,11,4,48,1,0,0,7,False,False,False,False,False,False,False,True,False,False,12.733842462217392
690e5a16-ac14-448b-8718-9d274102db7f,00000000-0000-0000-0000-000000000003,9b1ac5ce-ad4f-40d1-8b7c-0005176b143d,e452be79-f94b-4709-88bf-8f66053789c4,Utilities,Electricity and water - November 2023,25620.54,2023-11-15,approved,2023-11-15 11:19:53,2023,11,4,46,2,0,0,9,False,False,False,False,False,False,False,False,False,True,10.151188682933851
198ee029-a86b-4eb7-b8e9-f797137aed93,00000000-0000-0000-0000-000000000003,7227b311-834f-4815-aa86-c5d464758be1,e452be79-f94b-4709-88bf-8f66053789c4,Rent,Monthly office rent - November 2023,155681.01,2023-11-01,approved,2023-11-01 15:42:56,2023,11,4,44,2,0,0,6,False,False,False,False,False,False,True,False,False,False,11.955570808436176
51bb7817-b88b-4f7d-9c1a-e92f8866a0ad,00000000-0000-0000-0000-000000000003,7227b311-834f-4815-aa86-c5d464758be1,29998a31-9af5-4c58-9bfe-cde4f9a96969,Salaries,Staff salaries - November 2023,646287.11,2023-11-28,approved,2023-11-28 14:55:55,2023,11,4,48,1,0,0,7,False,False,False,False,False,False,False,True,False,False,13.379000674052516
236449a9-dcfe-4e5c-ac3c-291c9d522295,00000000-0000-0000-0000-000000000003,7227b311-834f-4815-aa86-c5d464758be1,355d120a-98dd-4393-a62e-df5f4b8a455b,Utilities,Electricity and water - November 2023,13383.65,2023-11-15,approved,2023-11-15 08:34:41,2023,11,4,46,2,0,0,9,False,False,False,False,False,False,False,False,False,True,9.501863806938681
19afbe4f-1a38-4421-9cc1-3aa84376e720,00000000-0000-0000-0000-000000000003,470852ed-b70b-4f24-879a-6edb4193d8b6,3b9ffffd-ca39-4330-b08f-59cdb916323f,Rent,Monthly office rent - December 2023,130247.92,2023-12-01,approved,2023-12-01 18:20:49,2023,12,4,48,4,0,0,6,False,False,False,False,False,False,True,False,False,False,11.777202667834596
f5e4c9fa-3e04-48f1-bb0d-009af7024915,00000000-0000-0000-0000-000000000003,470852ed-b70b-4f24-879a-6edb4193d8b6,74245d66-8df4-4678-b1e9-76d5e231caff,Salaries,Staff salaries - December 2023,614723.96,2023-12-28,approved,2023-12-28 12:43:17,2023,12,4,52,3,0,0,7,False,False,False,False,False,False,False,True,False,False,13.328930227243989
5aff1e27-21de-4b62-b37b-10cf0d2c7ea0,00000000-0000-0000-0000-000000000003,470852ed-b70b-4f24-879a-6edb4193d8b6,33baaf1c-3618-44b5-b42a-4673992689f8,Utilities,Electricity and water - December 2023,11560.93,2023-12-15,approved,2023-12-15 16:30:52,2023,12,4,50,4,0,0,9,False,False,False,False,False,False,False,False,False,True,9.355473083308231
447c585a-2764-4ceb-bf5f-c1199babbd99,00000000-0000-0000-0000-000000000003,9b1ac5ce-ad4f-40d1-8b7c-0005176b143d,33baaf1c-3618-44b5-b42a-4673992689f8,Rent,Monthly office rent - December 2023,114157.94,2023-12-01,approved,2023-12-01 16:23:54,2023,12,4,48,4,0,0,6,False,False,False,False,False,False,True,False,False,False,11.645346966893875
52a21ca0-58ad-41a7-bf6c-c68d313e9330,00000000-0000-0000-0000-000000000003,9b1ac5ce-ad4f-40d1-8b7c-0005176b143d,8626b762-d8ef-4e32-8446-33cdac213522,Salaries,Staff salaries - December 2023,276801.61,2023-12-28,approved,2023-12-28 08:20:22,2023,12,4,52,3,0,0,7,False,False,False,False,False,False,False,True,False,False,12.531059931871948
34f280e4-2baa-4693-a219-5000bc5e13f3,00000000-0000-0000-0000-000000000003,9b1ac5ce-ad4f-40d1-8b7c-0005176b143d,74245d66-8df4-4678-b1e9-76d5e231caff,Utilities,Electricity and water - December 2023,22237.56,2023-12-15,approved,2023-12-15 18:38:09,2023,12,4,50,4,0,0,9,False,False,False,False,False,False,False,False,False,True,10.009582998066824
d5bb1fec-f40f-414f-b56c-add68952bb74,00000000-0000-0000-0000-000000000003,7227b311-834f-4815-aa86-c5d464758be1,61d2418d-6936-4075-a481-1d994952d89b,Rent,Monthly office rent - December 2023,173623.92,2023-12-01,approved,2023-12-01 18:06:10,2023,12,4,48,4,0,0,6,False,False,False,False,False,False,True,False,False,False,12.0646526192934
c6d62875-6eec-40a1-a23b-99c3ea8b333b,00000000-0000-0000-0000-000000000003,7227b311-834f-4815-aa86-c5d464758be1,74245d66-8df4-4678-b1e9-76d5e231caff,Salaries,Staff salaries - December 2023,650612.71,2023-12-28,approved,2023-12-28 17:19:20,2023,12,4,52,3,0,0,7,False,False,False,False,False,False,False,True,False,False,13.385671365655185
fda560f0-8e31-4d3d-9072-2fd2c09a208b,00000000-0000-0000-0000-000000000003,7227b311-834f-4815-aa86-c5d464758be1,61d2418d-6936-4075-a481-1d994952d89b,Utilities,Electricity and water - December 2023,8250.78,2023-12-15,approved,2023-12-15 18:01:31,2023,12,4,50,4,0,0,9,False,False,False,False,False,False,False,False,False,True,9.018184213632166
123c4ab9-69bc-45c5-8531-c53304217425,00000000-0000-0000-0000-000000000003,470852ed-b70b-4f24-879a-6edb4193d8b6,355d120a-98dd-4393-a62e-df5f4b8a455b,Rent,Monthly office rent - January 2024,107424.39,2024-01-01,approved,2024-01-01 17:09:30,2024,1,1,1,0,0,0,6,False,False,False,False,False,False,True,False,False,False,11.584551839076447
386342e6-02bc-46da-b754-c784302ce82f,00000000-0000-0000-0000-000000000003,470852ed-b70b-4f24-879a-6edb4193d8b6,3b9ffffd-ca39-4330-b08f-59cdb916323f,Salaries,Staff salaries - January 2024,334504.95,2024-01-28,approved,2024-01-28 15:33:54,2024,1,1,4,6,1,0,7,False,False,False,False,False,False,False,True,False,False,12.72040994613512
a659ec49-e88d-4db4-bc3e-f841690406c8,00000000-0000-0000-0000-000000000003,470852ed-b70b-4f24-879a-6edb4193d8b6,29998a31-9af5-4c58-9bfe-cde4f9a96969,Utilities,Electricity and water - January 2024,9511.57,2024-01-15,approved,2024-01-15 10:29:53,2024,1,1,3,0,0,0,9,False,False,False,False,False,False,False,False,False,True,9.160369360881369
d4f3566f-5f49-4dd3-aa88-3fe46dd35db9,00000000-0000-0000-0000-000000000003,9b1ac5ce-ad4f-40d1-8b7c-0005176b143d,045901bc-3a1a-4a0b-bd8b-876c218464f4,Rent,Monthly office rent - January 2024,104350.81,2024-01-01,approved,2024-01-01 16:11:28,2024,1,1,1,0,0,0,6,False,False,False,False,False,False,True,False,False,False,11.555523257826884
6daad252-669a-4d27-b402-ec00c60bcba7,00000000-0000-0000-0000-000000000003,9b1ac5ce-ad4f-40d1-8b7c-0005176b143d,61d2418d-6936-4075-a481-1d994952d89b,Salaries,Staff salaries - January 2024,700214.96,2024-01-28,approved,2024-01-28 13:24:06,2024,1,1,4,6,1,0,7,False,False,False,False,False,False,False,True,False,False,13.45914408073051
71083603-4baf-4bba-8ea3-264f6699e5c2,00000000-0000-0000-0000-000000000003,9b1ac5ce-ad4f-40d1-8b7c-0005176b143d,3b9ffffd-ca39-4330-b08f-59cdb916323f,Utilities,Electricity and water - January 2024,20872.16,2024-01-15,approved,2024-01-15 09:29:56,2024,1,1,3,0,0,0,9,False,False,False,False,False,False,False,False,False,True,9.946219402121596
e4cdb364-9740-4707-b993-f3845ef2ca47,00000000-0000-0000-0000-000000000003,7227b311-834f-4815-aa86-c5d464758be1,9dd0c56d-a9cf-4c8d-a998-9df89eb48a85,Rent,Monthly office rent - January 2024,126405.23,2024-01-01,approved,2024-01-01 09:58:35,2024,1,1,1,0,0,0,6,False,False,False,False,False,False,True,False,False,False,11.747256047454965
7b017b65-47f7-4f00-9013-8f6f5bef48d5,00000000-0000-0000-0000-000000000003,7227b311-834f-4815-aa86-c5d464758be1,79c1732a-a6d1-4565-b515-c59de4dbdfe5,Salaries,Staff salaries - January 2024,258973.87,2024-01-28,approved,2024-01-28 11:05:56,2024,1,1,4,6,1,0,7,False,False,False,False,False,False,False,True,False,False,12.46448630894722
29bc2d81-b075-4ed5-b47e-834a5ee76eb6,00000000-0000-0000-0000-000000000003,7227b311-834f-4815-aa86-c5d464758be1,9dd0c56d-a9cf-4c8d-a998-9df89eb48a85,Utilities,Electricity and water - January 2024,14064.54,2024-01-15,approved,2024-01-15 11:00:20,2024,1,1,3,0,0,0,9,False,False,False,False,False,False,False,False,False,True,9.551483113361504
08893bc3-d863-4e7b-a9b3-2d6d21f5a9ff,00000000-0000-0000-0000-000000000003,470852ed-b70b-4f24-879a-6edb4193d8b6,9dd0c56d-a9cf-4c8d-a998-9df89eb48a85,Rent,Monthly office rent - February 2024,191335.14,2024-02-01,approved,2024-02-01 14:42:22,2024,2,1,5,3,0,0,6,False,False,False,False,False,False,True,False,False,False,12.161787055515552
0f8006fc-db7f-4db8-adbb-341082395cf6,00000000-0000-0000-0000-000000000003,470852ed-b70b-4f24-879a-6edb4193d8b6,79c1732a-a6d1-4565-b515-c59de4dbdfe5,Salaries,Staff salaries - February 2024,422719.31,2024-02-28,approved,2024-02-28 12:11:38,2024,2,1,9,2,0,0,7,False,False,False,False,False,False,False,True,False,False,12.95446603366178
bcedc2d6-e599-4f01-8408-8343391b4b52,00000000-0000-0000-0000-000000000003,470852ed-b70b-4f24-879a-6edb4193d8b6,1db94196-443a-440f-ad7e-c4422bb047e3,Utilities,Electricity and water - February 2024,22548.95,2024-02-15,approved,2024-02-15 17:08:47,2024,2,1,7,3,0,0,9,False,False,False,False,False,False,False,False,False,True,10.023488127633467
c9a310e4-e9a5-4afa-8f66-7f30fc655f2a,00000000-0000-0000-0000-000000000003,9b1ac5ce-ad4f-40d1-8b7c-0005176b143d,045901bc-3a1a-4a0b-bd8b-876c218464f4,Rent,Monthly office rent - February 2024,146868.44,2024-02-01,approved,2024-02-01 14:18:22,2024,2,1,5,3,0,0,6,False,False,False,False,False,False,True,False,False,False,11.89729930784488
8850ffbf-4f08-463a-91e4-0c8a1f8adde1,00000000-0000-0000-0000-000000000003,9b1ac5ce-ad4f-40d1-8b7c-0005176b143d,e452be79-f94b-4709-88bf-8f66053789c4,Salaries,Staff salaries - February 2024,418079.96,2024-02-28,approved,2024-02-28 14:42:56,2024,2,1,9,2,0,0,7,False,False,False,False,False,False,False,True,False,False,12.943430376963054
d3137c81-fbb3-441a-995f-2c1e2ff4189d,00000000-0000-0000-0000-000000000003,9b1ac5ce-ad4f-40d1-8b7c-0005176b143d,3b9ffffd-ca39-4330-b08f-59cdb916323f,Utilities,Electricity and water - February 2024,14791.3,2024-02-15,approved,2024-02-15 13:33:42,2024,2,1,7,3,0,0,9,False,False,False,False,False,False,False,False,False,True,9.601862054094399
40c47f80-0520-459a-b2f5-3c6401be5b56,00000000-0000-0000-0000-000000000003,7227b311-834f-4815-aa86-c5d464758be1,79c1732a-a6d1-4565-b515-c59de4dbdfe5,Rent,Monthly office rent - February 2024,151836.57,2024-02-01,approved,2024-02-01 18:36:50,2024,2,1,5,3,0,0,6,False,False,False,False,False,False,True,False,False,False,11.930566610027602
603d1371-195f-4001-b8c9-fd4db608d7da,00000000-0000-0000-0000-000000000003,7227b311-834f-4815-aa86-c5d464758be1,045901bc-3a1a-4a0b-bd8b-876c218464f4,Salaries,Staff salaries - February 2024,739158.59,2024-02-28,approved,2024-02-28 17:19:11,2024,2,1,9,2,0,0,7,False,False,False,False,False,False,False,True,False,False,13.513269130607513
0e971db3-14c6-4af7-b15e-8d3cde720903,00000000-0000-0000-0000-000000000003,7227b311-834f-4815-aa86-c5d464758be1,355d120a-98dd-4393-a62e-df5f4b8a455b,Utilities,Electricity and water - February 2024,16751.28,2024-02-15,approved,2024-02-15 18:08:25,2024,2,1,7,3,0,0,9,False,False,False,False,False,False,False,False,False,True,9.726289647392791
f026136b-5653-45c5-9d6f-34797acdd50e,00000000-0000-0000-0000-000000000003,470852ed-b70b-4f24-879a-6edb4193d8b6,29998a31-9af5-4c58-9bfe-cde4f9a96969,Rent,Monthly office rent - March 2024,170953.38,2024-03-01,approved,2024-03-01 15:27:27,2024,3,1,9,4,0,0,6,False,False,False,False,False,False,True,False,False,False,12.049152016265984
a739edcb-6e29-4817-b871-eca48a9ea48a,00000000-0000-0000-0000-000000000003,470852ed-b70b-4f24-879a-6edb4193d8b6,79c1732a-a6d1-4565-b515-c59de4dbdfe5,Salaries,Staff salaries - March 2024,459463.6,2024-03-28,approved,2024-03-28 18:55:24,2024,3,1,13,3,0,0,7,False,False,False,False,False,False,False,True,False,False,13.037817177548972
faaaf117-87a7-4039-8626-891b5fdea23c,00000000-0000-0000-0000-000000000003,470852ed-b70b-4f24-879a-6edb4193d8b6,79c1732a-a6d1-4565-b515-c59de4dbdfe5,Utilities,Electricity and water - March 2024,25604.93,2024-03-15,approved,2024-03-15 17:53:06,2024,3,1,11,4,0,0,9,False,False,False,False,False,False,False,False,False,True,10.150579244268107
959ad85b-92d5-4aac-886e-14737944a382,00000000-0000-0000-0000-000000000003,9b1ac5ce-ad4f-40d1-8b7c-0005176b143d,355d120a-98dd-4393-a62e-df5f4b8a455b,Rent,Monthly office rent - March 2024,108111.53,2024-03-01,approved,2024-03-01 12:03:59,2024,3,1,9,4,0,0,6,False,False,False,False,False,False,True,False,False,False,11.590927908103456
9d472e75-081d-4b89-b949-135a4889c8f5,00000000-0000-0000-0000-000000000003,9b1ac5ce-ad4f-40d1-8b7c-0005176b143d,1db94196-443a-440f-ad7e-c4422bb047e3,Salaries,Staff salaries - March 2024,414641.49,2024-03-28,approved,2024-03-28 12:23:31,2024,3,1,13,3,0,0,7,False,False,False,False,False,False,False,True,False,False,12.935171958054895
f6805fae-130f-4c72-abe2-a8bf533aa953,00000000-0000-0000-0000-000000000003,9b1ac5ce-ad4f-40d1-8b7c-0005176b143d,33baaf1c-3618-44b5-b42a-4673992689f8,Utilities,Electricity and water - March 2024,21949.5,2024-03-15,approved,2024-03-15 18:43:03,2024,3,1,11,4,0,0,9,False,False,False,False,False,False,False,False,False,True,9.996545197287158
f1fcc081-3024-4e81-89a2-49f3d10c51ef,00000000-0000-0000-0000-000000000003,7227b311-834f-4815-aa86-c5d464758be1,74245d66-8df4-4678-b1e9-76d5e231caff,Rent,Monthly office rent - March 2024,95787.15,2024-03-01,approved,2024-03-01 17:31:05,2024,3,1,9,4,0,0,6,False,False,False,False,False,False,True,False,False,False,11.46989426110974
9e55b294-7972-4707-8fde-e15fada5e32b,00000000-0000-0000-0000-000000000003,7227b311-834f-4815-aa86-c5d464758be1,e452be79-f94b-4709-88bf-8f66053789c4,Salaries,Staff salaries - March 2024,723540.37,2024-03-28,approved,2024-03-28 08:02:15,2024,3,1,13,3,0,0,7,False,False,False,False,False,False,False,True,False,False,13.491913003792126
aef53524-f315-428f-b1a1-84d91b5e2cd5,00000000-0000-0000-0000-000000000003,7227b311-834f-4815-aa86-c5d464758be1,8626b762-d8ef-4e32-8446-33cdac213522,Utilities,Electricity and water - March 2024,22147.85,2024-03-15,approved,2024-03-15 11:37:27,2024,3,1,11,4,0,0,9,False,False,False,False,False,False,False,False,False,True,10.005540855389565
5643921a-8f91-4788-a08e-7c04904b7822,00000000-0000-0000-0000-000000000003,470852ed-b70b-4f24-879a-6edb4193d8b6,9dd0c56d-a9cf-4c8d-a998-9df89eb48a85,Rent,Monthly office rent - April 2024,99525.54,2024-04-01,approved,2024-04-01 08:43:08,2024,4,2,14,0,0,0,6,False,False,False,False,False,False,True,False,False,False,11.508179621247926
148ca177-9ac9-4d84-8d2c-46e2e1b22810,00000000-0000-0000-0000-000000000003,470852ed-b70b-4f24-879a-6edb4193d8b6,9dd0c56d-a9cf-4c8d-a998-9df89eb48a85,Salaries,Staff salaries - April 2024,544349.83,2024-04-28,approved,2024-04-28 18:04:40,2024,4,2,17,6,1,0,7,False,False,False,False,False,False,False,True,False,False,13.207349226062458
7ca0ebed-5051-42e9-86b1-8ec4ab76513e,00000000-0000-0000-0000-000000000003,470852ed-b70b-4f24-879a-6edb4193d8b6,9dd0c56d-a9cf-4c8d-a998-9df89eb48a85,Utilities,Electricity and water - April 2024,16468.29,2024-04-15,approved,2024-04-15 15:05:19,2024,4,2,16,0,0,0,9,False,False,False,False,False,False,False,False,False,True,9.709252713560026
88219c81-8409-4060-9d63-1d4823fd5905,00000000-0000-0000-0000-000000000003,9b1ac5ce-ad4f-40d1-8b7c-0005176b143d,355d120a-98dd-4393-a62e-df5f4b8a455b,Rent,Monthly office rent - April 2024,72034.3,2024-04-01,approved,2024-04-01 12:28:36,2024,4,2,14,0,0,0,6,False,False,False,False,False,False,True,False,False,False,11.184911555629089
eab49e2b-0926-410c-9687-9aad4370a4a9,00000000-0000-0000-0000-000000000003,9b1ac5ce-ad4f-40d1-8b7c-0005176b143d,e452be79-f94b-4709-88bf-8f66053789c4,Salaries,Staff salaries - April 2024,303502.66,2024-04-28,approved,2024-04-28 16:04:49,2024,4,2,17,6,1,0,7,False,False,False,False,False,False,False,True,False,False,12.62314894871705
c4eafdac-9aff-443c-b04d-49b23f1d26e0,00000000-0000-0000-0000-000000000003,9b1ac5ce-ad4f-40d1-8b7c-0005176b143d,33baaf1c-3618-44b5-b42a-4673992689f8,Utilities,Electricity and water - April 2024,15980.19,2024-04-15,approved,2024-04-15 14:25:55,2024,4,2,16,0,0,0,9,False,False,False,False,False,False,False,False,False,True,9.679167684632763
c3ec8198-3b62-4e71-8472-bdee3915b97a,00000000-0000-0000-0000-000000000003,7227b311-834f-4815-aa86-c5d464758be1,045901bc-3a1a-4a0b-bd8b-876c218464f4,Rent,Monthly office rent - April 2024,176988.04,2024-04-01,approved,2024-04-01 16:27:15,2024,4,2,14,0,0,0,6,False,False,False,False,False,False,True,False,False,False,12.083843088734833
3d958163-e63e-4207-bd8d-5f075f57872e,00000000-0000-0000-0000-000000000003,7227b311-834f-4815-aa86-c5d464758be1,61d2418d-6936-4075-a481-1d994952d89b,Salaries,Staff salaries - April 2024,754546.14,2024-04-28,approved,2024-04-28 18:22:54,2024,4,2,17,6,1,0,7,False,False,False,False,False,False,False,True,False,False,13.533873033700901
d1e01762-cf95-4593-b835-41ec577003c9,00000000-0000-0000-0000-000000000003,7227b311-834f-4815-aa86-c5d464758be1,045901bc-3a1a-4a0b-bd8b-876c218464f4,Utilities,Electricity and water - April 2024,22741.7,2024-04-15,approved,2024-04-15 11:38:35,2024,4,2,16,0,0,0,9,False,False,False,False,False,False,False,False,False,True,10.031999493765497
8932d53c-1583-4535-a6d3-063ef69d2c03,00000000-0000-0000-0000-000000000003,470852ed-b70b-4f24-879a-6edb4193d8b6,61d2418d-6936-4075-a481-1d994952d89b,Rent,Monthly office rent - May 2024,61267.6,2024-05-01,approved,2024-05-01 14:25:57,2024,5,2,18,2,0,0,6,False,False,False,False,False,False,True,False,False,False,11.023022755776905
15d652a0-e155-4358-9fa2-e412a49e865e,00000000-0000-0000-0000-000000000003,470852ed-b70b-4f24-879a-6edb4193d8b6,61d2418d-6936-4075-a481-1d994952d89b,Salaries,Staff salaries - May 2024,634798.68,2024-05-28,approved,2024-05-28 09:05:26,2024,5,2,22,1,0,0,7,False,False,False,False,False,False,False,True,False,False,13.361064763538486
3af6617e-00c8-4ba1-b055-f07965b38795,00000000-0000-0000-0000-000000000003,470852ed-b70b-4f24-879a-6edb4193d8b6,33baaf1c-3618-44b5-b42a-4673992689f8,Utilities,Electricity and water - May 2024,9071.59,2024-05-15,approved,2024-05-15 18:27:00,2024,5,2,20,2,0,0,9,False,False,False,False,False,False,False,False,False,True,9.1130130591262
b7147f86-cbd1-465a-902f-6020d2906dc0,00000000-0000-0000-0000-000000000003,9b1ac5ce-ad4f-40d1-8b7c-0005176b143d,3b9ffffd-ca39-4330-b08f-59cdb916323f,Rent,Monthly office rent - May 2024,162679.95,2024-05-01,approved,2024-05-01 10:57:09,2024,5,2,18,2,0,0,6,False,False,False,False,False,False,True,False,False,False,11.999546199689382
33651a47-37ea-4048-be3a-c01252cebd55,00000000-0000-0000-0000-000000000003,9b1ac5ce-ad4f-40d1-8b7c-0005176b143d,3b9ffffd-ca39-4330-b08f-59cdb916323f,Salaries,Staff salaries - May 2024,748642.81,2024-05-28,approved,2024-05-28 18:36:54,2024,5,2,22,1,0,0,7,False,False,False,False,False,False,False,True,False,False,13.526018595315561
2595ffc7-5f4b-43b5-8392-060fa113d019,00000000-0000-0000-0000-000000000003,9b1ac5ce-ad4f-40d1-8b7c-0005176b143d,3b9ffffd-ca39-4330-b08f-59cdb916323f,Utilities,Electricity and water - May 2024,14602.7,2024-05-15,approved,2024-05-15 11:16:08,2024,5,2,20,2,0,0,9,False,False,False,False,False,False,False,False,False,True,9.589030200247358
670945c0-1f5b-408c-bf36-e827be5e2c2c,00000000-0000-0000-0000-000000000003,7227b311-834f-4815-aa86-c5d464758be1,1db94196-443a-440f-ad7e-c4422bb047e3,Rent,Monthly office rent - May 2024,126379.45,2024-05-01,approved,2024-05-01 14:44:18,2024,5,2,18,2,0,0,6,False,False,False,False,False,False,True,False,False,False,11.74705208101109
11a3cc45-d0ec-48c8-aefd-514e0df1f40e,00000000-0000-0000-0000-000000000003,7227b311-834f-4815-aa86-c5d464758be1,79c1732a-a6d1-4565-b515-c59de4dbdfe5,Salaries,Staff salaries - May 2024,426228.07,2024-05-28,approved,2024-05-28 10:40:04,2024,5,2,22,1,0,0,7,False,False,False,False,False,False,False,True,False,False,12.962732203734994
7cd46732-e980-43ba-abee-d3a63d353d88,00000000-0000-0000-0000-000000000003,7227b311-834f-4815-aa86-c5d464758be1,3b9ffffd-ca39-4330-b08f-59cdb916323f,Utilities,Electricity and water - May 2024,18315.63,2024-05-15,approved,2024-05-15 14:28:09,2024,5,2,20,2,0,0,9,False,False,False,False,False,False,False,False,False,True,9.815564669341818
26bcbf60-36ca-4926-b4c8-991ac88c7c8f,00000000-0000-0000-0000-000000000003,470852ed-b70b-4f24-879a-6edb4193d8b6,9dd0c56d-a9cf-4c8d-a998-9df89eb48a85,Rent,Monthly office rent - June 2024,56012.32,2024-06-01,approved,2024-06-01 14:31:28,2024,6,2,22,5,1,0,6,False,False,False,False,False,False,True,False,False,False,10.933344798576618
e1edad65-62fb-428a-8ee8-765cdefb4eac,00000000-0000-0000-0000-000000000003,470852ed-b70b-4f24-879a-6edb4193d8b6,79c1732a-a6d1-4565-b515-c59de4dbdfe5,Salaries,Staff salaries - June 2024,205643.09,2024-06-28,approved,2024-06-28 18:58:23,2024,6,2,26,4,0,0,7,False,False,False,False,False,False,False,True,False,False,12.233902235098284
ad8cbeb9-3155-4ac5-8561-b3e02e704dca,00000000-0000-0000-0000-000000000003,470852ed-b70b-4f24-879a-6edb4193d8b6,045901bc-3a1a-4a0b-bd8b-876c218464f4,Utilities,Electricity and water - June 2024,15609.38,2024-06-15,approved,2024-06-15 14:27:22,2024,6,2,24,5,1,0,9,False,False,False,False,False,False,False,False,False,True,9.655691356582818
3695bae6-e2cd-4d33-b453-703188e1ac2c,00000000-0000-0000-0000-000000000003,9b1ac5ce-ad4f-40d1-8b7c-0005176b143d,61d2418d-6936-4075-a481-1d994952d89b,Rent,Monthly office rent - June 2024,81195.9,2024-06-01,approved,2024-06-01 12:43:36,2024,6,2,22,5,1,0,6,False,False,False,False,False,False,True,False,False,False,11.304632348081094
bf575643-9b68-4637-8cab-6d7bd2f0b0b8,00000000-0000-0000-0000-000000000003,9b1ac5ce-ad4f-40d1-8b7c-0005176b143d,045901bc-3a1a-4a0b-bd8b-876c218464f4,Salaries,Staff salaries - June 2024,479790.62,2024-06-28,approved,2024-06-28 09:19:17,2024,6,2,26,4,0,0,7,False,False,False,False,False,False,False,True,False,False,13.081107163624534
e0448b72-4b2b-4d2b-ad20-6bb1ea95e4c4,00000000-0000-0000-0000-000000000003,9b1ac5ce-ad4f-40d1-8b7c-0005176b143d,3b9ffffd-ca39-4330-b08f-59cdb916323f,Utilities,Electricity and water - June 2024,17741.34,2024-06-15,approved,2024-06-15 15:02:11,2024,6,2,24,5,1,0,9,False,False,False,False,False,False,False,False,False,True,9.783709152463592
4b89930d-3b34-456f-91d3-354d6cd6f484,00000000-0000-0000-0000-000000000003,7227b311-834f-4815-aa86-c5d464758be1,79c1732a-a6d1-4565-b515-c59de4dbdfe5,Rent,Monthly office rent - June 2024,171806.94,2024-06-01,approved,2024-06-01 11:25:30,2024,6,2,22,5,1,0,6,False,False,False,False,False,False,True,False,False,False,12.054132503995191
b1b5926d-b749-477f-b65b-8d55684064be,00000000-0000-0000-0000-000000000003,7227b311-834f-4815-aa86-c5d464758be1,355d120a-98dd-4393-a62e-df5f4b8a455b,Salaries,Staff salaries - June 2024,363224.09,2024-06-28,approved,2024-06-28 17:33:05,2024,6,2,26,4,0,0,7,False,False,False,False,False,False,False,True,False,False,12.80277800371981
f85e2eb7-d246-4eb8-9ba8-499174dc0eb1,00000000-0000-0000-0000-000000000003,7227b311-834f-4815-aa86-c5d464758be1,29998a31-9af5-4c58-9bfe-cde4f9a96969,Utilities,Electricity and water - June 2024,22520.43,2024-06-15,approved,2024-06-15 16:56:28,2024,6,2,24,5,1,0,9,False,False,False,False,False,False,False,False,False,True,10.022222579349544
e0d46c3e-bea6-4512-9b0e-dfae1118e479,00000000-0000-0000-0000-000000000003,470852ed-b70b-4f24-879a-6edb4193d8b6,9dd0c56d-a9cf-4c8d-a998-9df89eb48a85,Rent,Monthly office rent - July 2024,128909.66,2024-07-01,approved,2024-07-01 11:36:54,2024,7,3,27,0,0,0,6,False,False,False,False,False,False,True,False,False,False,11.766874885275103
5b170e8c-9150-41bc-85f8-66d0be82d6ff,00000000-0000-0000-0000-000000000003,470852ed-b70b-4f24-879a-6edb4193d8b6,74245d66-8df4-4678-b1e9-76d5e231caff,Salaries,Staff salaries - July 2024,433099.85,2024-07-28,approved,2024-07-28 08:11:38,2024,7,3,30,6,1,0,7,False,False,False,False,False,False,False,True,False,False,12.978725889796035
d178e2e2-1c17-4ce2-94d0-3629308be2b9,00000000-0000-0000-0000-000000000003,470852ed-b70b-4f24-879a-6edb4193d8b6,61d2418d-6936-4075-a481-1d994952d89b,Utilities,Electricity and water - July 2024,27555.25,2024-07-15,approved,2024-07-15 15:19:49,2024,7,3,29,0,0,0,9,False,False,False,False,False,False,False,False,False,True,10.223984649106248
f6f7c2fa-7f85-4505-bb14-106155e24027,00000000-0000-0000-0000-000000000003,9b1ac5ce-ad4f-40d1-8b7c-0005176b143d,29998a31-9af5-4c58-9bfe-cde4f9a96969,Rent,Monthly office rent - July 2024,82027.68,2024-07-01,approved,2024-07-01 16:22:39,2024,7,3,27,0,0,0,6,False,False,False,False,False,False,True,False,False,False,11.314824221193545
3e4be02c-05b4-4cd1-87e5-8ef0a6c85239,00000000-0000-0000-0000-000000000003,9b1ac5ce-ad4f-40d1-8b7c-0005176b143d,9dd0c56d-a9cf-4c8d-a998-9df89eb48a85,Salaries,Staff salaries - July 2024,200052.25,2024-07-28,approved,2024-07-28 09:35:36,2024,7,3,30,6,1,0,7,False,False,False,False,False,False,False,True,False,False,12.206338860091932
94ca7a31-aa1a-4c3a-906e-000c4020a94d,00000000-0000-0000-0000-000000000003,9b1ac5ce-ad4f-40d1-8b7c-0005176b143d,33baaf1c-3618-44b5-b42a-4673992689f8,Utilities,Electricity and water - July 2024,13581.76,2024-07-15,approved,2024-07-15 09:04:09,2024,7,3,29,0,0,0,9,False,False,False,False,False,False,False,False,False,True,9.516556620521134
3cc49b4f-8de3-48eb-959a-91306248ba18,00000000-0000-0000-0000-000000000003,7227b311-834f-4815-aa86-c5d464758be1,79c1732a-a6d1-4565-b515-c59de4dbdfe5,Rent,Monthly office rent - July 2024,74353.53,2024-07-01,approved,2024-07-01 18:22:57,2024,7,3,27,0,0,0,6,False,False,False,False,False,False,True,False,False,False,11.216599878075304
bda12b2f-d3f6-4231-b323-defafa618f94,00000000-0000-0000-0000-000000000003,7227b311-834f-4815-aa86-c5d464758be1,e452be79-f94b-4709-88bf-8f66053789c4,Salaries,Staff salaries - July 2024,574202.37,2024-07-28,approved,2024-07-28 11:28:14,2024,7,3,30,6,1,0,7,False,False,False,False,False,False,False,True,False,False,13.260738915687057
5561184b-9426-4d05-ad6f-981bf5ce8931,00000000-0000-0000-0000-000000000003,7227b311-834f-4815-aa86-c5d464758be1,74245d66-8df4-4678-b1e9-76d5e231caff,Utilities,Electricity and water - July 2024,27010.6,2024-07-15,approved,2024-07-15 12:00:45,2024,7,3,29,0,0,0,9,False,False,False,False,False,False,False,False,False,True,10.204021682351712
b2869439-8ed4-4c2a-bc21-089416e2104f,00000000-0000-0000-0000-000000000003,470852ed-b70b-4f24-879a-6edb4193d8b6,045901bc-3a1a-4a0b-bd8b-876c218464f4,Rent,Monthly office rent - August 2024,143320.92,2024-08-01,approved,2024-08-01 16:59:06,2024,8,3,31,3,0,0,6,False,False,False,False,False,False,True,False,False,False,11.872848567924189
14c87fb3-b301-4007-bdf4-6c2b8361d672,00000000-0000-0000-0000-000000000003,470852ed-b70b-4f24-879a-6edb4193d8b6,29998a31-9af5-4c58-9bfe-cde4f9a96969,Salaries,Staff salaries - August 2024,436749.89,2024-08-28,approved,2024-08-28 08:25:24,2024,8,3,35,2,0,0,7,False,False,False,False,False,False,False,True,False,False,12.987118265773276
e83e5bf0-6bf4-4b00-a893-e0e96386b354,00000000-0000-0000-0000-000000000003,470852ed-b70b-4f24-879a-6edb4193d8b6,045901bc-3a1a-4a0b-bd8b-876c218464f4,Utilities,Electricity and water - August 2024,11232.96,2024-08-15,approved,2024-08-15 18:30:10,2024,8,3,33,3,0,0,9,False,False,False,False,False,False,False,False,False,True,9.326696612466492
3cbb8483-c32e-4b1c-844d-0c1549deb6a5,00000000-0000-0000-0000-000000000003,9b1ac5ce-ad4f-40d1-8b7c-0005176b143d,33baaf1c-3618-44b5-b42a-4673992689f8,Rent,Monthly office rent - August 2024,138872.04,2024-08-01,approved,2024-08-01 11:50:44,2024,8,3,31,3,0,0,6,False,False,False,False,False,False,True,False,False,False,11.841315413430994
9c0ec518-371e-46b9-8443-1a34aae59afe,00000000-0000-0000-0000-000000000003,9b1ac5ce-ad4f-40d1-8b7c-0005176b143d,29998a31-9af5-4c58-9bfe-cde4f9a96969,Salaries,Staff salaries - August 2024,255179.82,2024-08-28,approved,2024-08-28 17:37:57,2024,8,3,35,2,0,0,7,False,False,False,False,False,False,False,True,False,False,12.449727670888551
0d436917-eb6c-4ad0-9bfb-3e4ba1382fd9,00000000-0000-0000-0000-000000000003,9b1ac5ce-ad4f-40d1-8b7c-0005176b143d,74245d66-8df4-4678-b1e9-76d5e231caff,Utilities,Electricity and water - August 2024,8353.36,2024-08-15,approved,2024-08-15 08:53:28,2024,8,3,33,3,0,0,9,False,False,False,False,False,False,False,False,False,True,9.030538837257678
78260bcc-44cf-43df-ae5d-186b2166f509,00000000-0000-0000-0000-000000000003,7227b311-834f-4815-aa86-c5d464758be1,045901bc-3a1a-4a0b-bd8b-876c218464f4,Rent,Monthly office rent - August 2024,181827.38,2024-08-01,approved,2024-08-01 17:25:34,2024,8,3,31,3,0,0,6,False,False,False,False,False,False,True,False,False,False,12.110818554152864
8c68870d-fd26-4a49-932f-bdf38fc8be40,00000000-0000-0000-0000-000000000003,7227b311-834f-4815-aa86-c5d464758be1,61d2418d-6936-4075-a481-1d994952d89b,Salaries,Staff salaries - August 2024,336787.04,2024-08-28,approved,2024-08-28 15:05:36,2024,8,3,35,2,0,0,7,False,False,False,False,False,False,False,True,False,False,12.727209050030954
c28d2212-4cbb-4ba9-b865-9f78fd479c9d,00000000-0000-0000-0000-000000000003,7227b311-834f-4815-aa86-c5d464758be1,61d2418d-6936-4075-a481-1d994952d89b,Utilities,Electricity and water - August 2024,7861.28,2024-08-15,approved,2024-08-15 14:18:11,2024,8,3,33,3,0,0,9,False,False,False,False,False,False,False,False,False,True,8.969831919695125
89cb46f2-0bf9-4cc0-b50f-9c4c39181f5b,00000000-0000-0000-0000-000000000003,470852ed-b70b-4f24-879a-6edb4193d8b6,355d120a-98dd-4393-a62e-df5f4b8a455b,Rent,Monthly office rent - September 2024,57588.32,2024-09-01,approved,2024-09-01 12:27:55,2024,9,3,35,6,1,0,6,False,False,False,False,False,False,True,False,False,False,10.96109241282552
bd2b26cb-a924-4d26-be66-da702f9026ab,00000000-0000-0000-0000-000000000003,470852ed-b70b-4f24-879a-6edb4193d8b6,61d2418d-6936-4075-a481-1d994952d89b,Salaries,Staff salaries - September 2024,443377.25,2024-09-28,approved,2024-09-28 12:49:45,2024,9,3,39,5,1,0,7,False,False,False,False,False,False,False,True,False,False,13.002178522187203
2cabfd65-9302-4e8c-82ce-8631840513c4,00000000-0000-0000-0000-000000000003,470852ed-b70b-4f24-879a-6edb4193d8b6,e452be79-f94b-4709-88bf-8f66053789c4,Utilities,Electricity and water - September 2024,11725.62,2024-09-15,approved,2024-09-15 09:16:41,2024,9,3,37,6,1,0,9,False,False,False,False,False,False,False,False,False,True,9.369616750081695
70c6e256-f2ec-4afe-9af1-427300d0e09a,00000000-0000-0000-0000-000000000003,9b1ac5ce-ad4f-40d1-8b7c-0005176b143d,29998a31-9af5-4c58-9bfe-cde4f9a96969,Rent,Monthly office rent - September 2024,125344.34,2024-09-01,approved,2024-09-01 16:56:06,2024,9,3,35,6,1,0,6,False,False,False,False,False,False,True,False,False,False,11.73882792698794
bab8a04d-8cad-4582-9061-97a01cc35f9a,00000000-0000-0000-0000-000000000003,9b1ac5ce-ad4f-40d1-8b7c-0005176b143d,045901bc-3a1a-4a0b-bd8b-876c218464f4,Salaries,Staff salaries - September 2024,589186.3,2024-09-28,approved,2024-09-28 16:45:24,2024,9,3,39,5,1,0,7,False,False,False,False,False,False,False,True,False,False,13.286499408687934
64a56909-00a3-45a3-882d-8fe38878dfaa,00000000-0000-0000-0000-000000000003,9b1ac5ce-ad4f-40d1-8b7c-0005176b143d,9dd0c56d-a9cf-4c8d-a998-9df89eb48a85,Utilities,Electricity and water - September 2024,24681.68,2024-09-15,approved,2024-09-15 13:11:54,2024,9,3,37,6,1,0,9,False,False,False,False,False,False,False,False,False,True,10.11385706207524
ee970971-1e06-4e24-b1d5-c883bd4924cb,00000000-0000-0000-0000-000000000003,7227b311-834f-4815-aa86-c5d464758be1,045901bc-3a1a-4a0b-bd8b-876c218464f4,Rent,Monthly office rent - September 2024,122132.62,2024-09-01,approved,2024-09-01 10:38:00,2024,9,3,35,6,1,0,6,False,False,False,False,False,False,True,False,False,False,11.71287097027282
6b6fcd44-f78c-44f9-ad8e-bf7a032cd0e9,00000000-0000-0000-0000-000000000003,7227b311-834f-4815-aa86-c5d464758be1,74245d66-8df4-4678-b1e9-76d5e231caff,Salaries,Staff salaries - September 2024,248798.07,2024-09-28,approved,2024-09-28 10:36:12,2024,9,3,39,5,1,0,7,False,False,False,False,False,False,False,True,False,False,12.424400901898053
1d35719b-69c3-42f5-99f8-7feec6453b0f,00000000-0000-0000-0000-000000000003,7227b311-834f-4815-aa86-c5d464758be1,3b9ffffd-ca39-4330-b08f-59cdb916323f,Utilities,Electricity and water - September 2024,24528.36,2024-09-15,approved,2024-09-15 18:01:44,2024,9,3,37,6,1,0,9,False,False,False,False,False,False,False,False,False,True,10.107626046410745
a72d8f5a-cde1-4ef5-862a-e30989d24dda,00000000-0000-0000-0000-000000000003,470852ed-b70b-4f24-879a-6edb4193d8b6,355d120a-98dd-4393-a62e-df5f4b8a455b,Rent,Monthly office rent - October 2024,188996.71,2024-10-01,approved,2024-10-01 11:42:39,2024,10,4,40,1,0,0,6,False,False,False,False,False,False,True,False,False,False,12.149490177566259
7a1b6e17-3aec-4322-9637-2a857532cd50,00000000-0000-0000-0000-000000000003,470852ed-b70b-4f24-879a-6edb4193d8b6,9dd0c56d-a9cf-4c8d-a998-9df89eb48a85,Salaries,Staff salaries - October 2024,778909.41,2024-10-28,approved,2024-10-28 16:05:17,2024,10,4,44,0,0,0,7,False,False,False,False,False,False,False,True,False,False,13.565651311820655
c4412fb5-9aa7-47d6-87cc-c5ee03ef8287,00000000-0000-0000-0000-000000000003,470852ed-b70b-4f24-879a-6edb4193d8b6,3b9ffffd-ca39-4330-b08f-59cdb916323f,Utilities,Electricity and water - October 2024,24874.32,2024-10-15,approved,2024-10-15 18:27:31,2024,10,4,42,1,0,0,9,False,False,False,False,False,False,False,False,False,True,10.121631426265656
5652acc8-126f-41dd-8056-0d815f8c99a9,00000000-0000-0000-0000-000000000003,9b1ac5ce-ad4f-40d1-8b7c-0005176b143d,74245d66-8df4-4678-b1e9-76d5e231caff,Rent,Monthly office rent - October 2024,123563.68,2024-10-01,approved,2024-10-01 15:11:25,2024,10,4,40,1,0,0,6,False,False,False,False,False,False,True,False,False,False,11.724520022650612
8ce045d9-0ab8-49d8-9405-ba631c94ed1e,00000000-0000-0000-0000-000000000003,9b1ac5ce-ad4f-40d1-8b7c-0005176b143d,8626b762-d8ef-4e32-8446-33cdac213522,Salaries,Staff salaries - October 2024,346237.25,2024-10-28,approved,2024-10-28 17:23:57,2024,10,4,44,0,0,0,7,False,False,False,False,False,False,False,True,False,False,12.754882400889828
245d8ab1-ddcd-4389-a82d-910604f8b1a2,00000000-0000-0000-0000-000000000003,9b1ac5ce-ad4f-40d1-8b7c-0005176b143d,9dd0c56d-a9cf-4c8d-a998-9df89eb48a85,Utilities,Electricity and water - October 2024,26830.04,2024-10-15,approved,2024-10-15 11:55:59,2024,10,4,42,1,0,0,9,False,False,False,False,False,False,False,False,False,True,10.197314705247623
3f64e6b1-2841-45d3-b090-5a4b5f582d2f,00000000-0000-0000-0000-000000000003,7227b311-834f-4815-aa86-c5d464758be1,9dd0c56d-a9cf-4c8d-a998-9df89eb48a85,Rent,Monthly office rent - October 2024,96080.11,2024-10-01,approved,2024-10-01 15:25:38,2024,10,4,40,1,0,0,6,False,False,False,False,False,False,True,False,False,False,11.472948009559737
3fa10357-4992-4210-a290-0fafded5b5b9,00000000-0000-0000-0000-000000000003,7227b311-834f-4815-aa86-c5d464758be1,79c1732a-a6d1-4565-b515-c59de4dbdfe5,Salaries,Staff salaries - October 2024,281002.51,2024-10-28,approved,2024-10-28 10:31:32,2024,10,4,44,0,0,0,7,False,False,False,False,False,False,False,True,False,False,12.546122439341072
c0df19c1-3285-4cf4-999f-9bef4f0f9d15,00000000-0000-0000-0000-000000000003,7227b311-834f-4815-aa86-c5d464758be1,33baaf1c-3618-44b5-b42a-4673992689f8,Utilities,Electricity and water - October 2024,13416.04,2024-10-15,approved,2024-10-15 18:32:00,2024,10,4,42,1,0,0,9,False,False,False,False,False,False,False,False,False,True,9.504280819878417
d423c3a8-e951-4b5a-aab3-89006f1de7af,00000000-0000-0000-0000-000000000003,470852ed-b70b-4f24-879a-6edb4193d8b6,74245d66-8df4-4678-b1e9-76d5e231caff,Rent,Monthly office rent - November 2024,93022.98,2024-11-01,approved,2024-11-01 09:12:30,2024,11,4,44,4,0,0,6,False,False,False,False,False,False,True,False,False,False,11.440612588360299
1aef5fb6-6422-429f-8f66-47e4d4aa36e3,00000000-0000-0000-0000-000000000003,470852ed-b70b-4f24-879a-6edb4193d8b6,33baaf1c-3618-44b5-b42a-4673992689f8,Salaries,Staff salaries - November 2024,439127.49,2024-11-28,approved,2024-11-28 08:23:22,2024,11,4,48,3,0,0,7,False,False,False,False,False,False,False,True,False,False,12.99254733715966
7b44b5bc-35d7-4965-ab23-9bf00387f72b,00000000-0000-0000-0000-000000000003,470852ed-b70b-4f24-879a-6edb4193d8b6,e452be79-f94b-4709-88bf-8f66053789c4,Utilities,Electricity and water - November 2024,17947.9,2024-11-15,approved,2024-11-15 18:18:56,2024,11,4,46,4,0,0,9,False,False,False,False,False,False,False,False,False,True,9.7952841107016
69950261-6331-4134-a1a4-396af8642927,00000000-0000-0000-0000-000000000003,9b1ac5ce-ad4f-40d1-8b7c-0005176b143d,e452be79-f94b-4709-88bf-8f66053789c4,Rent,Monthly office rent - November 2024,175693.66,2024-11-01,approved,2024-11-01 11:11:35,2024,11,4,44,4,0,0,6,False,False,False,False,False,False,True,False,False,False,12.076502880998465
de21fda8-8c93-425a-aeba-85a8309d3acf,00000000-0000-0000-0000-000000000003,9b1ac5ce-ad4f-40d1-8b7c-0005176b143d,29998a31-9af5-4c58-9bfe-cde4f9a96969,Salaries,Staff salaries - November 2024,339534.49,2024-11-28,approved,2024-11-28 17:08:12,2024,11,4,48,3,0,0,7,False,False,False,False,False,False,False,True,False,False,12.735333756599847
bbf8584b-866c-459d-b7c9-2056b265f07a,00000000-0000-0000-0000-000000000003,9b1ac5ce-ad4f-40d1-8b7c-0005176b143d,045901bc-3a1a-4a0b-bd8b-876c218464f4,Utilities,Electricity and water - November 2024,29592.29,2024-11-15,approved,2024-11-15 13:21:10,2024,11,4,46,4,0,0,9,False,False,False,False,False,False,False,False,False,True,10.295302925425085
916e6d85-491f-4c27-a6d4-f37c02aaa629,00000000-0000-0000-0000-000000000003,7227b311-834f-4815-aa86-c5d464758be1,79c1732a-a6d1-4565-b515-c59de4dbdfe5,Rent,Monthly office rent - November 2024,136629.64,2024-11-01,approved,2024-11-01 17:54:32,2024,11,4,44,4,0,0,6,False,False,False,False,False,False,True,False,False,False,11.825036505505125
3040743b-d244-4d98-8e0e-edb4f2dd800f,00000000-0000-0000-0000-000000000003,7227b311-834f-4815-aa86-c5d464758be1,e452be79-f94b-4709-88bf-8f66053789c4,Salaries,Staff salaries - November 2024,386488.07,2024-11-28,approved,2024-11-28 08:06:22,2024,11,4,48,3,0,0,7,False,False,False,False,False,False,False,True,False,False,12.864858867178954
08edc7d3-2ad4-466f-81a8-8971f498b458,00000000-0000-0000-0000-000000000003,7227b311-834f-4815-aa86-c5d464758be1,355d120a-98dd-4393-a62e-df5f4b8a455b,Utilities,Electricity and water - November 2024,21150.53,2024-11-15,approved,2024-11-15 11:22:39,2024,11,4,46,4,0,0,9,False,False,False,False,False,False,False,False,False,True,9.959467522283514
ef0d82da-a341-43ef-be53-103a6acc2fc7,00000000-0000-0000-0000-000000000003,470852ed-b70b-4f24-879a-6edb4193d8b6,79c1732a-a6d1-4565-b515-c59de4dbdfe5,Rent,Monthly office rent - December 2024,166726.1,2024-12-01,approved,2024-12-01 12:50:08,2024,12,4,48,6,1,0,6,False,False,False,False,False,False,True,False,False,False,12.024113623012726
76c5f6e4-adda-40d1-9dad-4bdadd7d803a,00000000-0000-0000-0000-000000000003,470852ed-b70b-4f24-879a-6edb4193d8b6,74245d66-8df4-4678-b1e9-76d5e231caff,Salaries,Staff salaries - December 2024,511626.98,2024-12-28,approved,2024-12-28 18:05:21,2024,12,4,52,5,1,0,7,False,False,False,False,False,False,False,True,False,False,13.14535303835629
a743a3fd-fc6a-488a-8bfd-481faefe214c,00000000-0000-0000-0000-000000000003,470852ed-b70b-4f24-879a-6edb4193d8b6,33baaf1c-3618-44b5-b42a-4673992689f8,Utilities,Electricity and water - December 2024,10990.15,2024-12-15,approved,2024-12-15 09:09:09,2024,12,4,50,6,1,0,9,False,False,False,False,False,False,False,False,False,True,9.30484568250557
ac6d9cfb-c075-4cce-8435-5e536dba8e76,00000000-0000-0000-0000-000000000003,9b1ac5ce-ad4f-40d1-8b7c-0005176b143d,29998a31-9af5-4c58-9bfe-cde4f9a96969,Rent,Monthly office rent - December 2024,100262.85,2024-12-01,approved,2024-12-01 13:43:14,2024,12,4,48,6,1,0,6,False,False,False,False,False,False,True,False,False,False,11.515560490239812
5c5a6ea5-68d3-4041-bb03-f58035024050,00000000-0000-0000-0000-000000000003,9b1ac5ce-ad4f-40d1-8b7c-0005176b143d,3b9ffffd-ca39-4330-b08f-59cdb916323f,Salaries,Staff salaries - December 2024,573843.47,2024-12-28,approved,2024-12-28 14:59:27,2024,12,4,52,5,1,0,7,False,False,False,False,False,False,False,True,False,False,13.260113680397748
008596cb-5139-4a44-8fb2-d966f560c081,00000000-0000-0000-0000-000000000003,9b1ac5ce-ad4f-40d1-8b7c-0005176b143d,9dd0c56d-a9cf-4c8d-a998-9df89eb48a85,Utilities,Electricity and water - December 2024,28307.18,2024-12-15,approved,2024-12-15 16:45:01,2024,12,4,50,6,1,0,9,False,False,False,False,False,False,False,False,False,True,10.250906087801996
51ed5cee-62e6-4be6-9640-c76699c27de5,00000000-0000-0000-0000-000000000003,7227b311-834f-4815-aa86-c5d464758be1,29998a31-9af5-4c58-9bfe-cde4f9a96969,Rent,Monthly office rent - December 2024,146272.46,2024-12-01,approved,2024-12-01 14:25:32,2024,12,4,48,6,1,0,6,False,False,False,False,False,False,True,False,False,False,11.893233162486164
dde8b0ee-e82a-4e41-b107-2eecbd39775c,00000000-0000-0000-0000-000000000003,7227b311-834f-4815-aa86-c5d464758be1,74245d66-8df4-4678-b1e9-76d5e231caff,Salaries,Staff salaries - December 2024,241707.74,2024-12-28,approved,2024-12-28 08:48:33,2024,12,4,52,5,1,0,7,False,False,False,False,False,False,False,True,False,False,12.39548872656738
7bd571a4-03c7-4b56-aba9-3d11f8614fe7,00000000-0000-0000-0000-000000000003,7227b311-834f-4815-aa86-c5d464758be1,e452be79-f94b-4709-88bf-8f66053789c4,Utilities,Electricity and water - December 2024,15656.61,2024-12-15,approved,2024-12-15 11:31:18,2024,12,4,50,6,1,0,9,False,False,False,False,False,False,False,False,False,True,9.658712339762085
c1a44499-85a6-4f8a-b407-f2d1f4cb1754,00000000-0000-0000-0000-000000000001,a01b7f2a-d4d0-48bf-bb89-c1040f55587a,f17772cf-7a8e-4e04-aeef-8c148fe1a7e5,Office Supplies,Operational expense,45920.19,2022-04-30,approved,2022-04-30 11:41:28,2022,4,2,17,5,1,1,5,False,False,False,False,False,True,False,False,False,False,10.734681945291817
61d29ef1-f5a7-4926-ace4-b97e828aae2f,00000000-0000-0000-0000-000000000002,587616fd-ba60-493e-ba92-b68a61b5cdce,09cd08c0-c83a-42f5-96cc-b9c13c2aa7e4,Logistics,Operational expense,48587.38,2023-03-21,approved,2023-03-21 15:01:20,2023,3,1,12,1,0,0,2,False,False,True,False,False,False,False,False,False,False,10.791139686650697
5c74c4f0-cfb6-4afb-9dd5-608709c92505,00000000-0000-0000-0000-000000000002,b961632b-814f-4481-946b-17a792487aa7,81c496fc-1d35-4405-9a7d-ae0a15104d5b,Office Supplies,Operational expense,43043.48,2023-07-10,pending,2023-07-10 16:06:55,2023,7,3,28,0,0,0,5,False,False,False,False,False,True,False,False,False,False,10.66998927863809
6ae5ec62-92d7-4e1d-8ff8-9f58c77444ec,00000000-0000-0000-0000-000000000001,0eb66abb-0d5d-4e88-a3ff-16776e267d83,4736f247-39f8-400c-b9ea-519dfbb485f6,IT & Software,Operational expense,34122.65,2022-12-04,approved,2022-12-04 14:23:55,2022,12,4,48,6,1,0,0,True,False,False,False,False,False,False,False,False,False,10.437745971265166
0aae3baa-8189-4094-a41f-b3491cb6b270,00000000-0000-0000-0000-000000000003,9b1ac5ce-ad4f-40d1-8b7c-0005176b143d,8626b762-d8ef-4e32-8446-33cdac213522,Office Supplies,Operational expense,2449.57,2023-03-18,approved,2023-03-18 15:18:18,2023,3,1,11,5,1,0,5,False,False,False,False,False,True,False,False,False,False,7.8040759295404705
984c0ba1-9fcc-4411-a606-2face98e2cec,00000000-0000-0000-0000-000000000003,9b1ac5ce-ad4f-40d1-8b7c-0005176b143d,29998a31-9af5-4c58-9bfe-cde4f9a96969,Travel,Operational expense,48310.84,2022-10-31,approved,2022-10-31 11:54:59,2022,10,4,44,0,0,1,8,False,False,False,False,False,False,False,False,True,False,10.785431944175663
95a91ab5-400f-4709-9305-92dd066c9447,00000000-0000-0000-0000-000000000002,587616fd-ba60-493e-ba92-b68a61b5cdce,9d2a5f48-38f2-46be-b733-c1b9f1c891c4,Travel,Operational expense,31550.15,2023-02-25,approved,2023-02-25 16:08:21,2023,2,1,8,5,1,0,8,False,False,False,False,False,False,False,False,True,False,10.359365317384311
3b316857-b9b8-460f-828c-5bd590faa937,00000000-0000-0000-0000-000000000003,7227b311-834f-4815-aa86-c5d464758be1,e452be79-f94b-4709-88bf-8f66053789c4,Office Supplies,Operational expense,4112.75,2024-07-12,approved,2024-07-12 14:04:06,2024,7,3,28,4,0,0,5,False,False,False,False,False,True,False,False,False,False,8.32209030025755
6833c64f-0d33-4e97-856d-16efd7dc7d6c,00000000-0000-0000-0000-000000000002,b961632b-814f-4481-946b-17a792487aa7,9d2a5f48-38f2-46be-b733-c1b9f1c891c4,IT & Software,Operational expense,31989.97,2023-05-08,rejected,2023-05-08 15:54:07,2023,5,2,19,0,0,0,0,True,False,False,False,False,False,False,False,False,False,10.373208954459479
03efe5b7-cfa2-4733-a3ee-f0adf35d28d2,00000000-0000-0000-0000-000000000003,9b1ac5ce-ad4f-40d1-8b7c-0005176b143d,33baaf1c-3618-44b5-b42a-4673992689f8,IT & Software,Operational expense,720.91,2023-01-05,approved,2023-01-05 10:29:21,2023,1,1,1,3,0,0,0,True,False,False,False,False,False,False,False,False,False,6.581900477383291
1202a5e2-1c43-41d1-9e7e-f01dc8114cb1,00000000-0000-0000-0000-000000000002,b961632b-814f-4481-946b-17a792487aa7,07274486-6344-4009-ae28-b9027a51f93f,Marketing,Operational expense,36737.65,2024-10-06,approved,2024-10-06 12:48:14,2024,10,4,40,6,1,0,4,False,False,False,False,True,False,False,False,False,False,10.511584613401581
649e8351-4195-4802-b53b-9445bfcf36be,00000000-0000-0000-0000-000000000001,a01b7f2a-d4d0-48bf-bb89-c1040f55587a,163b0e08-1801-4ae5-af8c-f287fbcdff7c,Office Supplies,Operational expense,34123.59,2022-03-20,rejected,2022-03-20 11:08:33,2022,3,1,11,6,1,0,5,False,False,False,False,False,True,False,False,False,False,10.43777351776307
fced7bbd-e89f-4574-a44f-f44a5f2b1339,00000000-0000-0000-0000-000000000003,7227b311-834f-4815-aa86-c5d464758be1,1db94196-443a-440f-ad7e-c4422bb047e3,Travel,Operational expense,43331.4,2023-06-18,approved,2023-06-18 16:01:03,2023,6,2,24,6,1,0,8,False,False,False,False,False,False,False,False,True,False,10.676655902076115
16c21b3e-0802-4d2e-9396-736acb8b0619,00000000-0000-0000-0000-000000000003,7227b311-834f-4815-aa86-c5d464758be1,e452be79-f94b-4709-88bf-8f66053789c4,Maintenance,Operational expense,6800.46,2024-04-27,rejected,2024-04-27 12:21:00,2024,4,2,17,5,1,0,3,False,False,False,True,False,False,False,False,False,False,8.824892574000542
d5f3c409-8f9b-4963-9ffe-97282ccdb3b0,00000000-0000-0000-0000-000000000003,9b1ac5ce-ad4f-40d1-8b7c-0005176b143d,9dd0c56d-a9cf-4c8d-a998-9df89eb48a85,Logistics,Operational expense,16469.65,2023-05-12,pending,2023-05-12 13:14:08,2023,5,2,19,4,0,0,2,False,False,True,False,False,False,False,False,False,False,9.70933528808814
f29d7754-10ca-4e95-93ee-c5a7af6a2d29,00000000-0000-0000-0000-000000000003,7227b311-834f-4815-aa86-c5d464758be1,045901bc-3a1a-4a0b-bd8b-876c218464f4,Travel,Operational expense,49824.18,2024-03-15,pending,2024-03-15 18:16:29,2024,3,1,11,4,0,0,8,False,False,False,False,False,False,False,False,True,False,10.816275757718724
3497a860-7ddb-4de3-a1d8-aab2e7a71d8e,00000000-0000-0000-0000-000000000003,9b1ac5ce-ad4f-40d1-8b7c-0005176b143d,29998a31-9af5-4c58-9bfe-cde4f9a96969,Office Supplies,Operational expense,40955.89,2023-06-10,approved,2023-06-10 15:33:41,2023,6,2,23,5,1,0,5,False,False,False,False,False,True,False,False,False,False,10.620275329096359
6a5152f1-29ce-4035-8d66-cb824b9e2921,00000000-0000-0000-0000-000000000001,51fd3682-4888-4a55-92f7-281307c67941,eaefa70d-63c2-4537-b86d-2205b826bb2e,IT & Software,Operational expense,40035.92,2023-05-12,approved,2023-05-12 12:25:50,2023,5,2,19,4,0,0,0,True,False,False,False,False,False,False,False,False,False,10.597557307393503
c7783cac-64ec-40e4-aafa-157197ab52ac,00000000-0000-0000-0000-000000000001,51fd3682-4888-4a55-92f7-281307c67941,3f0519f3-383c-48a1-8609-f4b51fd5ecd4,Marketing,Operational expense,47481.68,2024-07-30,approved,2024-07-30 14:23:46,2024,7,3,31,1,0,0,4,False,False,False,False,True,False,False,False,False,False,10.768120291949527
dfa97c54-879b-4515-a3d4-8e2e644f84bf,00000000-0000-0000-0000-000000000002,5f6c98b4-4360-41ee-83a3-efc700651a04,2afe7cda-5682-4c01-a59f-5f13090047f6,Travel,Operational expense,25589.03,2022-10-06,approved,2022-10-06 12:12:16,2022,10,4,40,3,0,0,8,False,False,False,False,False,False,False,False,True,False,10.14995810148609
bf55a183-47c1-47fe-be63-cfc7cdf3435f,00000000-0000-0000-0000-000000000002,5f6c98b4-4360-41ee-83a3-efc700651a04,2afe7cda-5682-4c01-a59f-5f13090047f6,Logistics,Operational expense,9493.73,2023-10-28,pending,2023-10-28 14:33:26,2023,10,4,43,5,1,0,2,False,False,True,False,False,False,False,False,False,False,9.158492186823118
4443caee-3478-41c1-9dee-54dd86ce95d7,00000000-0000-0000-0000-000000000001,0eb66abb-0d5d-4e88-a3ff-16776e267d83,9a16d7d2-dc18-4141-a14f-3394de4b98bc,IT & Software,Operational expense,46445.77,2022-11-17,rejected,2022-11-17 11:09:14,2022,11,4,46,3,0,0,0,True,False,False,False,False,False,False,False,False,False,10.74606220468746
4c300945-963f-488f-920d-b4c570a3e094,00000000-0000-0000-0000-000000000002,5f6c98b4-4360-41ee-83a3-efc700651a04,07274486-6344-4009-ae28-b9027a51f93f,Office Supplies,Operational expense,14172.98,2022-04-10,pending,2022-04-10 09:07:00,2022,4,2,14,6,1,0,5,False,False,False,False,False,True,False,False,False,False,9.559163168334917
4e571e45-69da-4167-9f1c-ab54da5847da,00000000-0000-0000-0000-000000000003,470852ed-b70b-4f24-879a-6edb4193d8b6,8626b762-d8ef-4e32-8446-33cdac213522,Office Supplies,Operational expense,17037.9,2023-01-07,approved,2023-01-07 11:12:31,2023,1,1,1,5,1,0,5,False,False,False,False,False,True,False,False,False,False,9.743254244308998
9339769d-8918-46ee-b109-77f8cd42d52c,00000000-0000-0000-0000-000000000002,587616fd-ba60-493e-ba92-b68a61b5cdce,07274486-6344-4009-ae28-b9027a51f93f,Maintenance,Operational expense,3083.37,2022-04-14,approved,2022-04-14 16:13:40,2022,4,2,15,3,0,0,3,False,False,False,True,False,False,False,False,False,False,8.034102701546571
0f761c81-7998-4ec1-af0f-b0646806f83f,00000000-0000-0000-0000-000000000001,51fd3682-4888-4a55-92f7-281307c67941,3f0519f3-383c-48a1-8609-f4b51fd5ecd4,Maintenance,Operational expense,43730.01,2023-06-27,approved,2023-06-27 10:54:12,2023,6,2,26,1,0,0,3,False,False,False,True,False,False,False,False,False,False,10.685812740412834
571eddd2-b1ce-4b08-902f-2a97ce98c181,00000000-0000-0000-0000-000000000003,9b1ac5ce-ad4f-40d1-8b7c-0005176b143d,045901bc-3a1a-4a0b-bd8b-876c218464f4,Marketing,Operational expense,46100.81,2024-08-06,pending,2024-08-06 08:35:54,2024,8,3,32,1,0,0,4,False,False,False,False,True,False,False,False,False,False,10.738607490686874
2348c136-3cba-44e1-9e3a-5ea90f10871b,00000000-0000-0000-0000-000000000002,5f6c98b4-4360-41ee-83a3-efc700651a04,bcde24c7-84f3-4459-afee-eba83339896c,Marketing,Operational expense,32388.48,2023-02-06,approved,2023-02-06 13:23:16,2023,2,1,6,0,0,0,4,False,False,False,False,True,False,False,False,False,False,10.385588957698744
af703c1f-0b5b-4856-95d0-b8f2ef769220,00000000-0000-0000-0000-000000000003,7227b311-834f-4815-aa86-c5d464758be1,8626b762-d8ef-4e32-8446-33cdac213522,Marketing,Operational expense,49799.18,2022-04-06,approved,2022-04-06 08:47:47,2022,4,2,14,2,0,0,4,False,False,False,False,True,False,False,False,False,False,10.815773877464043
132580a0-3bef-417c-a8a3-5041c53291df,00000000-0000-0000-0000-000000000003,9b1ac5ce-ad4f-40d1-8b7c-0005176b143d,3b9ffffd-ca39-4330-b08f-59cdb916323f,IT & Software,Operational expense,7264.08,2024-01-22,approved,2024-01-22 14:19:13,2024,1,1,4,0,0,0,0,True,False,False,False,False,False,False,False,False,False,8.890834587643687
777b3c45-9768-47b1-ae8e-61ee3ec97c65,00000000-0000-0000-0000-000000000003,7227b311-834f-4815-aa86-c5d464758be1,61d2418d-6936-4075-a481-1d994952d89b,IT & Software,Operational expense,48223.0,2022-10-31,rejected,2022-10-31 15:41:18,2022,10,4,44,0,0,1,0,True,False,False,False,False,False,False,False,False,False,10.783612101426222
e55d397a-d4ee-45ab-924c-6d8f68e6fa23,00000000-0000-0000-0000-000000000001,a01b7f2a-d4d0-48bf-bb89-c1040f55587a,163b0e08-1801-4ae5-af8c-f287fbcdff7c,Maintenance,Operational expense,1162.27,2022-11-22,approved,2022-11-22 13:12:54,2022,11,4,47,1,0,0,3,False,False,False,True,False,False,False,False,False,False,7.058990283785639
09ba4ac9-45e4-47e1-b63f-61c81d01027a,00000000-0000-0000-0000-000000000003,470852ed-b70b-4f24-879a-6edb4193d8b6,74245d66-8df4-4678-b1e9-76d5e231caff,Office Supplies,Operational expense,28111.28,2022-11-07,pending,2022-11-07 18:57:29,2022,11,4,45,0,0,0,5,False,False,False,False,False,True,False,False,False,False,10.24396177053664
b9d4aa2e-ab48-4342-b2b6-59ede0077249,00000000-0000-0000-0000-000000000002,5f6c98b4-4360-41ee-83a3-efc700651a04,7f514159-0b19-4321-a308-daec53995d5a,Maintenance,Operational expense,13658.11,2022-10-31,approved,2022-10-31 12:55:49,2022,10,4,44,0,0,1,3,False,False,False,True,False,False,False,False,False,False,9.522161977268656
4ea84cb0-67b5-4704-be6c-a8365d158e55,00000000-0000-0000-0000-000000000002,587616fd-ba60-493e-ba92-b68a61b5cdce,6708a3ae-03ac-432d-8065-25bbf8f3a753,Maintenance,Operational expense,32036.16,2022-12-23,approved,2022-12-23 12:05:29,2022,12,4,51,4,0,0,3,False,False,False,True,False,False,False,False,False,False,10.374651758052611
1f85c13d-0c7b-4fef-b2d1-f54c07f4e3e7,00000000-0000-0000-0000-000000000002,587616fd-ba60-493e-ba92-b68a61b5cdce,9d2a5f48-38f2-46be-b733-c1b9f1c891c4,Marketing,Operational expense,2934.25,2024-07-29,approved,2024-07-29 17:19:49,2024,7,3,31,0,0,0,4,False,False,False,False,True,False,False,False,False,False,7.984547907510321
ae4395f4-fef2-4562-a115-34d3df3fbf12,00000000-0000-0000-0000-000000000002,587616fd-ba60-493e-ba92-b68a61b5cdce,7f514159-0b19-4321-a308-daec53995d5a,Travel,Operational expense,46327.68,2023-09-09,pending,2023-09-09 18:53:10,2023,9,3,36,5,1,0,8,False,False,False,False,False,False,False,False,True,False,10.743516486746447
d065c894-de45-4091-b902-d617a138027d,00000000-0000-0000-0000-000000000002,b961632b-814f-4481-946b-17a792487aa7,81c496fc-1d35-4405-9a7d-ae0a15104d5b,Insurance,Operational expense,43327.18,2022-01-22,approved,2022-01-22 12:17:51,2022,1,1,3,5,1,0,1,False,True,False,False,False,False,False,False,False,False,10.676558510620778
08caacab-bf35-4511-8309-fbe390b16e3e,00000000-0000-0000-0000-000000000003,9b1ac5ce-ad4f-40d1-8b7c-0005176b143d,33baaf1c-3618-44b5-b42a-4673992689f8,Marketing,Operational expense,29736.43,2024-02-08,pending,2024-02-08 08:04:08,2024,2,1,6,3,0,0,4,False,False,False,False,True,False,False,False,False,False,10.30016180067822
20ef40ee-60a8-41a9-8cff-9cb6cd964c6b,00000000-0000-0000-0000-000000000003,470852ed-b70b-4f24-879a-6edb4193d8b6,1db94196-443a-440f-ad7e-c4422bb047e3,IT & Software,Operational expense,44334.01,2022-05-06,approved,2022-05-06 17:29:03,2022,5,2,18,4,0,0,0,True,False,False,False,False,False,False,False,False,False,10.699529937369512
46cef0e9-468c-4741-9e1e-1a26ced87580,00000000-0000-0000-0000-000000000003,470852ed-b70b-4f24-879a-6edb4193d8b6,355d120a-98dd-4393-a62e-df5f4b8a455b,Marketing,Operational expense,4263.41,2023-08-06,approved,2023-08-06 11:38:00,2023,8,3,31,6,1,0,4,False,False,False,False,True,False,False,False,False,False,8.35805911506935
dde26974-0e79-4c12-8e9e-458bcfedc8f7,00000000-0000-0000-0000-000000000003,9b1ac5ce-ad4f-40d1-8b7c-0005176b143d,9dd0c56d-a9cf-4c8d-a998-9df89eb48a85,Office Supplies,Operational expense,42868.11,2022-06-26,approved,2022-06-26 11:00:44,2022,6,2,25,6,1,0,5,False,False,False,False,False,True,False,False,False,False,10.665906798937987
f7fa46c6-c064-4100-a0b8-bc4706f49087,00000000-0000-0000-0000-000000000002,5f6c98b4-4360-41ee-83a3-efc700651a04,f72410dd-3260-4ece-a477-1ae69ac1e84e,Office Supplies,Operational expense,31986.06,2022-06-10,approved,2022-06-10 09:29:25,2022,6,2,23,4,0,0,5,False,False,False,False,False,True,False,False,False,False,10.373086725000245
aa702f2f-5046-472d-b31f-12c0c0cb24ba,00000000-0000-0000-0000-000000000002,b961632b-814f-4481-946b-17a792487aa7,c75c1d53-938d-4640-b118-e5ada06ce255,Logistics,Operational expense,32840.65,2023-04-05,pending,2023-04-05 08:46:43,2023,4,2,14,2,0,0,2,False,False,True,False,False,False,False,False,False,False,10.399452805909556
be62392a-a0d5-4ea1-8093-bb078eab607d,00000000-0000-0000-0000-000000000002,587616fd-ba60-493e-ba92-b68a61b5cdce,81c496fc-1d35-4405-9a7d-ae0a15104d5b,Travel,Operational expense,2065.78,2023-09-05,approved,2023-09-05 13:38:49,2023,9,3,36,1,0,0,8,False,False,False,False,False,False,False,False,True,False,7.633747119571163
c12be819-4d70-4bf1-81c0-4f89a816572a,00000000-0000-0000-0000-000000000003,7227b311-834f-4815-aa86-c5d464758be1,79c1732a-a6d1-4565-b515-c59de4dbdfe5,Maintenance,Operational expense,2762.27,2023-11-20,approved,2023-11-20 15:22:30,2023,11,4,47,0,0,0,3,False,False,False,True,False,False,False,False,False,False,7.924170040018848
c2f0bacf-5599-4ebc-a6fa-7173e55ff37c,00000000-0000-0000-0000-000000000002,b961632b-814f-4481-946b-17a792487aa7,9d2a5f48-38f2-46be-b733-c1b9f1c891c4,Insurance,Operational expense,38167.33,2022-05-08,pending,2022-05-08 17:58:36,2022,5,2,18,6,1,0,1,False,True,False,False,False,False,False,False,False,False,10.549761393144733
bcfdadce-6300-4f38-a78f-4f7d0cd7cbc5,00000000-0000-0000-0000-000000000001,a01b7f2a-d4d0-48bf-bb89-c1040f55587a,7760d86e-b342-473c-8c64-b55d64aa491a,IT & Software,Operational expense,2314.52,2022-09-23,approved,2022-09-23 08:24:40,2022,9,3,38,4,0,0,0,True,False,False,False,False,False,False,False,False,False,7.747389563326821
a56b260f-6a86-42b8-9174-bc35905507c0,00000000-0000-0000-0000-000000000001,a01b7f2a-d4d0-48bf-bb89-c1040f55587a,3f0519f3-383c-48a1-8609-f4b51fd5ecd4,Office Supplies,Operational expense,32794.98,2024-12-28,pending,2024-12-28 08:19:01,2024,12,4,52,5,1,0,5,False,False,False,False,False,True,False,False,False,False,10.398061225885415
2aeeef23-2656-411e-8d25-0617a21ba002,00000000-0000-0000-0000-000000000003,9b1ac5ce-ad4f-40d1-8b7c-0005176b143d,33baaf1c-3618-44b5-b42a-4673992689f8,IT & Software,Operational expense,43455.17,2024-09-18,approved,2024-09-18 11:12:01,2024,9,3,38,2,0,0,0,True,False,False,False,False,False,False,False,False,False,10.679508122913662
fbbe77f5-3a4d-440e-9ac0-c2cb38fc5846,00000000-0000-0000-0000-000000000002,5f6c98b4-4360-41ee-83a3-efc700651a04,c75c1d53-938d-4640-b118-e5ada06ce255,Maintenance,Operational expense,24969.09,2024-11-22,pending,2024-11-22 11:47:24,2024,11,4,47,4,0,0,3,False,False,False,True,False,False,False,False,False,False,10.125433987592514
d154e428-c043-46ff-9485-c064de5742ad,00000000-0000-0000-0000-000000000001,a01b7f2a-d4d0-48bf-bb89-c1040f55587a,f0e9f4da-9ca0-492d-a21e-3f8a819f9184,Office Supplies,Operational expense,19671.38,2023-01-20,pending,2023-01-20 13:23:28,2023,1,1,3,4,0,0,5,False,False,False,False,False,True,False,False,False,False,9.886970900504908
d83ef91b-6ce0-4849-b79b-9c34465549b1,00000000-0000-0000-0000-000000000002,b961632b-814f-4481-946b-17a792487aa7,e213801b-a706-48c3-9ba4-7db14d3912f3,Marketing,Operational expense,21678.74,2024-09-04,approved,2024-09-04 14:04:26,2024,9,3,36,2,0,0,4,False,False,False,False,True,False,False,False,False,False,9.984133462861744
a0d25e3f-01aa-4508-96c8-b0812707d9c3,00000000-0000-0000-0000-000000000001,a01b7f2a-d4d0-48bf-bb89-c1040f55587a,f0e9f4da-9ca0-492d-a21e-3f8a819f9184,Maintenance,Operational expense,28855.78,2023-12-15,approved,2023-12-15 13:03:04,2023,12,4,50,4,0,0,3,False,False,False,True,False,False,False,False,False,False,10.270100252991545
e5f3660c-409f-42cc-a5e2-27293a42d6a4,00000000-0000-0000-0000-000000000002,587616fd-ba60-493e-ba92-b68a61b5cdce,c75c1d53-938d-4640-b118-e5ada06ce255,Insurance,Operational expense,34674.75,2024-06-29,approved,2024-06-29 15:47:00,2024,6,2,26,5,1,0,1,False,True,False,False,False,False,False,False,False,False,10.453795874365126
2fe1c8a4-dbed-401a-839a-3813a9e70c0e,00000000-0000-0000-0000-000000000002,b961632b-814f-4481-946b-17a792487aa7,e213801b-a706-48c3-9ba4-7db14d3912f3,Office Supplies,Operational expense,26503.46,2022-10-25,approved,2022-10-25 16:35:58,2022,10,4,43,1,0,0,5,False,False,False,False,False,True,False,False,False,False,10.185068299699932
37f9cb80-8b5b-4231-af50-1bc837f53ce4,00000000-0000-0000-0000-000000000002,587616fd-ba60-493e-ba92-b68a61b5cdce,e213801b-a706-48c3-9ba4-7db14d3912f3,Travel,Operational expense,46358.32,2024-06-28,pending,2024-06-28 16:11:27,2024,6,2,26,4,0,0,8,False,False,False,False,False,False,False,False,True,False,10.74417762952903
9b147942-3d03-42b9-8d1b-fa4df7232673,00000000-0000-0000-0000-000000000003,7227b311-834f-4815-aa86-c5d464758be1,e452be79-f94b-4709-88bf-8f66053789c4,Office Supplies,Operational expense,35172.3,2023-12-14,approved,2023-12-14 08:42:13,2023,12,4,50,3,0,0,5,False,False,False,False,False,True,False,False,False,False,10.468042551034996
85099d6f-a7f6-4c58-82b3-529cec0c9740,00000000-0000-0000-0000-000000000002,587616fd-ba60-493e-ba92-b68a61b5cdce,bcde24c7-84f3-4459-afee-eba83339896c,Maintenance,Operational expense,12086.63,2023-07-14,approved,2023-07-14 12:01:23,2023,7,3,28,4,0,0,3,False,False,False,True,False,False,False,False,False,False,9.399937894615816
958f89da-2933-4a81-a585-43d3fc408499,00000000-0000-0000-0000-000000000002,b961632b-814f-4481-946b-17a792487aa7,9d2a5f48-38f2-46be-b733-c1b9f1c891c4,Insurance,Operational expense,28958.27,2023-10-16,approved,2023-10-16 09:27:38,2023,10,4,42,0,0,0,1,False,True,False,False,False,False,False,False,False,False,10.273645638999627
70e771e7-f49b-4537-9340-84b94de167ad,00000000-0000-0000-0000-000000000003,7227b311-834f-4815-aa86-c5d464758be1,79c1732a-a6d1-4565-b515-c59de4dbdfe5,IT & Software,Operational expense,4315.9,2022-10-07,approved,2022-10-07 17:19:41,2022,10,4,40,4,0,0,0,True,False,False,False,False,False,False,False,False,False,8.37029283105276
df1bcb5e-1a8f-400a-a373-9eee1fb62d6e,00000000-0000-0000-0000-000000000003,7227b311-834f-4815-aa86-c5d464758be1,33baaf1c-3618-44b5-b42a-4673992689f8,Office Supplies,Operational expense,25014.1,2024-07-01,approved,2024-07-01 08:56:21,2024,7,3,27,0,0,0,5,False,False,False,False,False,True,False,False,False,False,10.127234921515754
8a022d38-24fe-4ad5-9181-15fa07dd7aa0,00000000-0000-0000-0000-000000000001,0eb66abb-0d5d-4e88-a3ff-16776e267d83,9a16d7d2-dc18-4141-a14f-3394de4b98bc,Marketing,Operational expense,15007.13,2024-07-01,pending,2024-07-01 18:33:06,2024,7,3,27,0,0,0,4,False,False,False,False,True,False,False,False,False,False,9.6163473332554
f738fe6e-34cc-442d-aeb4-7fd7ddcdab5d,00000000-0000-0000-0000-000000000003,470852ed-b70b-4f24-879a-6edb4193d8b6,045901bc-3a1a-4a0b-bd8b-876c218464f4,IT & Software,Operational expense,32728.35,2024-02-20,approved,2024-02-20 10:30:03,2024,2,1,8,1,0,0,0,True,False,False,False,False,False,False,False,False,False,10.396027507841868
b35a52b6-6386-47b6-a874-d49d1e9c5758,00000000-0000-0000-0000-000000000001,51fd3682-4888-4a55-92f7-281307c67941,f17772cf-7a8e-4e04-aeef-8c148fe1a7e5,Insurance,Operational expense,837.86,2024-01-10,approved,2024-01-10 10:13:40,2024,1,1,2,2,0,0,1,False,True,False,False,False,False,False,False,False,False,6.7320438272277885
eccdb040-b6b1-4b06-a573-72ba123dcff4,00000000-0000-0000-0000-000000000003,9b1ac5ce-ad4f-40d1-8b7c-0005176b143d,9dd0c56d-a9cf-4c8d-a998-9df89eb48a85,Logistics,Operational expense,28481.42,2022-09-26,approved,2022-09-26 09:35:52,2022,9,3,39,0,0,0,2,False,False,True,False,False,False,False,False,False,False,10.257042333826115
2be15e18-8094-4ef8-9790-3e8e93c2f412,00000000-0000-0000-0000-000000000002,5f6c98b4-4360-41ee-83a3-efc700651a04,9d2a5f48-38f2-46be-b733-c1b9f1c891c4,Office Supplies,Operational expense,626.13,2022-08-13,approved,2022-08-13 13:29:22,2022,8,3,32,5,1,0,5,False,False,False,False,False,True,False,False,False,False,6.4411538556648
7fe6e60d-70ed-4ec9-b668-9c58f0dc9953,00000000-0000-0000-0000-000000000002,b961632b-814f-4481-946b-17a792487aa7,09cd08c0-c83a-42f5-96cc-b9c13c2aa7e4,IT & Software,Operational expense,34571.1,2023-03-09,approved,2023-03-09 08:33:25,2023,3,1,10,3,0,0,0,True,False,False,False,False,False,False,False,False,False,10.450802277382518
5dae317d-0bd0-4d9e-9318-5f1c60ed1592,00000000-0000-0000-0000-000000000003,9b1ac5ce-ad4f-40d1-8b7c-0005176b143d,1db94196-443a-440f-ad7e-c4422bb047e3,Insurance,Operational expense,45967.75,2024-05-28,approved,2024-05-28 10:17:43,2024,5,2,22,1,0,0,1,False,True,False,False,False,False,False,False,False,False,10.735717096783848
5d44906a-9b1e-4711-93c8-7a4f96a44652,00000000-0000-0000-0000-000000000001,51fd3682-4888-4a55-92f7-281307c67941,3f0519f3-383c-48a1-8609-f4b51fd5ecd4,Maintenance,Operational expense,8224.22,2022-07-01,approved,2022-07-01 17:10:54,2022,7,3,26,4,0,0,3,False,False,False,True,False,False,False,False,False,False,9.014960322996224
1f6b1671-ab27-41a7-b588-c341b2777cd6,00000000-0000-0000-0000-000000000002,b961632b-814f-4481-946b-17a792487aa7,9d2a5f48-38f2-46be-b733-c1b9f1c891c4,Office Supplies,Operational expense,30807.35,2023-08-08,approved,2023-08-08 17:20:20,2023,8,3,32,1,0,0,5,False,False,False,False,False,True,False,False,False,False,10.33554103611575
5daaf26e-ea3a-4b0a-a781-468d023f9f10,00000000-0000-0000-0000-000000000003,9b1ac5ce-ad4f-40d1-8b7c-0005176b143d,355d120a-98dd-4393-a62e-df5f4b8a455b,Travel,Operational expense,28652.86,2022-05-26,approved,2022-05-26 18:11:39,2022,5,2,21,3,0,0,8,False,False,False,False,False,False,False,False,True,False,10.263043442561575
5b2de4f2-4d99-41f9-9e24-472287bac58b,00000000-0000-0000-0000-000000000002,5f6c98b4-4360-41ee-83a3-efc700651a04,bcde24c7-84f3-4459-afee-eba83339896c,Office Supplies,Operational expense,4574.63,2023-04-01,approved,2023-04-01 10:15:07,2023,4,2,13,5,1,0,5,False,False,False,False,False,True,False,False,False,False,8.428499673147202
3a61361a-aec6-4973-9bca-c4017f744ade,00000000-0000-0000-0000-000000000003,7227b311-834f-4815-aa86-c5d464758be1,9dd0c56d-a9cf-4c8d-a998-9df89eb48a85,Marketing,Operational expense,35758.98,2023-03-06,approved,2023-03-06 10:24:26,2023,3,1,10,0,0,0,4,False,False,False,False,True,False,False,False,False,False,10.484584670003178
d53c6db4-3eb5-4b59-916e-99a60aa84ddd,00000000-0000-0000-0000-000000000003,9b1ac5ce-ad4f-40d1-8b7c-0005176b143d,8626b762-d8ef-4e32-8446-33cdac213522,Maintenance,Operational expense,45188.7,2022-09-29,pending,2022-09-29 09:13:11,2022,9,3,39,3,0,0,3,False,False,False,True,False,False,False,False,False,False,10.718624463746423
58a7b189-232b-4ce8-a890-1fc3b982d1d7,00000000-0000-0000-0000-000000000001,0eb66abb-0d5d-4e88-a3ff-16776e267d83,7760d86e-b342-473c-8c64-b55d64aa491a,Office Supplies,Operational expense,30737.08,2022-07-25,approved,2022-07-25 17:18:34,2022,7,3,30,0,0,0,5,False,False,False,False,False,True,False,False,False,False,10.333257555805552
d31bda06-5ec6-4dd8-9bfb-9a8ea116c230,00000000-0000-0000-0000-000000000001,51fd3682-4888-4a55-92f7-281307c67941,aadd1a3f-3f20-499a-b950-51966ac9090c,Maintenance,Operational expense,28314.92,2022-05-24,approved,2022-05-24 10:58:35,2022,5,2,21,1,0,0,3,False,False,False,True,False,False,False,False,False,False,10.251179469632284
189b500e-b8ae-4815-9fdf-bd92beaf1b4d,00000000-0000-0000-0000-000000000001,a01b7f2a-d4d0-48bf-bb89-c1040f55587a,f0e9f4da-9ca0-492d-a21e-3f8a819f9184,Maintenance,Operational expense,13090.47,2023-10-13,pending,2023-10-13 08:06:52,2023,10,4,41,4,0,0,3,False,False,False,True,False,False,False,False,False,False,9.479716152064073
0b01b35f-efda-4b39-a4f3-df0c3768d991,00000000-0000-0000-0000-000000000003,9b1ac5ce-ad4f-40d1-8b7c-0005176b143d,1db94196-443a-440f-ad7e-c4422bb047e3,Logistics,Operational expense,23993.3,2024-06-10,approved,2024-06-10 12:47:30,2024,6,2,24,0,0,0,2,False,False,True,False,False,False,False,False,False,False,10.085571581122492
600c7772-5013-4422-90e3-dbff3bdee7dc,00000000-0000-0000-0000-000000000001,0eb66abb-0d5d-4e88-a3ff-16776e267d83,9a16d7d2-dc18-4141-a14f-3394de4b98bc,Travel,Operational expense,35319.33,2024-12-02,approved,2024-12-02 18:42:20,2024,12,4,49,0,0,0,8,False,False,False,False,False,False,False,False,True,False,10.472213997822607
89d5d2d9-b771-439b-b2f0-b3a55b249297,00000000-0000-0000-0000-000000000001,a01b7f2a-d4d0-48bf-bb89-c1040f55587a,eaefa70d-63c2-4537-b86d-2205b826bb2e,Marketing,Operational expense,38706.15,2024-02-04,approved,2024-02-04 16:07:39,2024,2,1,5,6,1,0,4,False,False,False,False,True,False,False,False,False,False,10.563779616474822
bbc6b7e5-07c3-4bc5-b4be-e8294ba73272,00000000-0000-0000-0000-000000000002,587616fd-ba60-493e-ba92-b68a61b5cdce,81c496fc-1d35-4405-9a7d-ae0a15104d5b,Insurance,Operational expense,48924.52,2024-06-20,rejected,2024-06-20 10:11:28,2024,6,2,25,3,0,0,1,False,True,False,False,False,False,False,False,False,False,10.798054420720824
bc7f5fc8-b76d-4653-9a16-2c508d7a8869,00000000-0000-0000-0000-000000000003,9b1ac5ce-ad4f-40d1-8b7c-0005176b143d,045901bc-3a1a-4a0b-bd8b-876c218464f4,Office Supplies,Operational expense,23727.0,2024-10-17,approved,2024-10-17 08:30:30,2024,10,4,42,3,0,0,5,False,False,False,False,False,True,False,False,False,False,10.074411064377713
fc66234c-73e3-4b14-a289-9cff62305096,00000000-0000-0000-0000-000000000002,b961632b-814f-4481-946b-17a792487aa7,09cd08c0-c83a-42f5-96cc-b9c13c2aa7e4,Insurance,Operational expense,43575.37,2024-07-29,approved,2024-07-29 14:47:40,2024,7,3,31,0,0,0,1,False,True,False,False,False,False,False,False,False,False,10.682270309939891
7af67f2c-e90b-4146-85e5-38022d07a81f,00000000-0000-0000-0000-000000000002,5f6c98b4-4360-41ee-83a3-efc700651a04,09cd08c0-c83a-42f5-96cc-b9c13c2aa7e4,IT & Software,Operational expense,38779.8,2022-09-04,approved,2022-09-04 10:36:35,2022,9,3,35,6,1,0,0,True,False,False,False,False,False,False,False,False,False,10.565680557774169
372ec7ca-59e4-4ea3-a6a6-7a7f92f92b4a,00000000-0000-0000-0000-000000000003,470852ed-b70b-4f24-879a-6edb4193d8b6,3b9ffffd-ca39-4330-b08f-59cdb916323f,Travel,Operational expense,18987.76,2024-06-24,pending,2024-06-24 14:22:41,2024,6,2,26,0,0,0,8,False,False,False,False,False,False,False,False,True,False,9.851602504149342
9d7ff05a-0386-4be7-bd32-ee118ef96fd7,00000000-0000-0000-0000-000000000003,7227b311-834f-4815-aa86-c5d464758be1,355d120a-98dd-4393-a62e-df5f4b8a455b,Logistics,Operational expense,4635.14,2023-12-11,rejected,2023-12-11 09:20:25,2023,12,4,50,0,0,0,2,False,False,True,False,False,False,False,False,False,False,8.441637402450615
20067cc0-4480-4b5f-b202-61d8da48fc66,00000000-0000-0000-0000-000000000002,5f6c98b4-4360-41ee-83a3-efc700651a04,9d2a5f48-38f2-46be-b733-c1b9f1c891c4,Office Supplies,Operational expense,19995.78,2022-04-28,approved,2022-04-28 09:55:04,2022,4,2,17,3,0,0,5,False,False,False,False,False,True,False,False,False,False,9.903326539574238
3d8d6b26-e30e-447a-bc58-f6b9bfcbf111,00000000-0000-0000-0000-000000000001,a01b7f2a-d4d0-48bf-bb89-c1040f55587a,ea13a2c7-2a88-40f3-b073-4e507c524f18,Logistics,Operational expense,31452.33,2024-12-18,approved,2024-12-18 10:13:00,2024,12,4,51,2,0,0,2,False,False,True,False,False,False,False,False,False,False,10.356260138876387
5bd22f87-39b1-40d6-8d27-81b32467677b,00000000-0000-0000-0000-000000000002,587616fd-ba60-493e-ba92-b68a61b5cdce,6708a3ae-03ac-432d-8065-25bbf8f3a753,Insurance,Operational expense,32245.59,2023-12-07,approved,2023-12-07 08:47:26,2023,12,4,49,3,0,0,1,False,True,False,False,False,False,False,False,False,False,10.38116758019932
2d2d0890-65b3-4792-a041-3431028470bb,00000000-0000-0000-0000-000000000001,a01b7f2a-d4d0-48bf-bb89-c1040f55587a,163b0e08-1801-4ae5-af8c-f287fbcdff7c,Logistics,Operational expense,22728.07,2024-12-13,rejected,2024-12-13 10:19:16,2024,12,4,50,4,0,0,2,False,False,True,False,False,False,False,False,False,False,10.031400000919355
a634daee-9f85-4363-82d1-e49ae5b5b8d9,00000000-0000-0000-0000-000000000003,470852ed-b70b-4f24-879a-6edb4193d8b6,8626b762-d8ef-4e32-8446-33cdac213522,Marketing,Operational expense,42257.78,2023-10-22,rejected,2023-10-22 10:21:20,2023,10,4,42,6,1,0,4,False,False,False,False,True,False,False,False,False,False,10.651567421846565
028d9758-a590-4ac5-b7da-9783a935f34f,00000000-0000-0000-0000-000000000003,9b1ac5ce-ad4f-40d1-8b7c-0005176b143d,9dd0c56d-a9cf-4c8d-a998-9df89eb48a85,Marketing,Operational expense,35020.5,2022-02-02,rejected,2022-02-02 12:46:59,2022,2,1,5,2,0,0,4,False,False,False,False,True,False,False,False,False,False,10.463717437589597
648ec559-2f6c-4336-9c12-6408b1d5c155,00000000-0000-0000-0000-000000000001,a01b7f2a-d4d0-48bf-bb89-c1040f55587a,4736f247-39f8-400c-b9ea-519dfbb485f6,IT & Software,Operational expense,28538.92,2023-04-05,approved,2023-04-05 09:53:52,2023,4,2,14,2,0,0,0,True,False,False,False,False,False,False,False,False,False,10.259059087943507
c1785b85-5dce-4a00-9827-14a840bc32b0,00000000-0000-0000-0000-000000000001,51fd3682-4888-4a55-92f7-281307c67941,3f0519f3-383c-48a1-8609-f4b51fd5ecd4,Logistics,Operational expense,32361.41,2024-12-07,approved,2024-12-07 09:06:56,2024,12,4,49,5,1,0,2,False,False,True,False,False,False,False,False,False,False,10.384752843059402
66803dce-874b-435f-8d5d-c7ebe48fd392,00000000-0000-0000-0000-000000000003,470852ed-b70b-4f24-879a-6edb4193d8b6,61d2418d-6936-4075-a481-1d994952d89b,IT & Software,Operational expense,46590.19,2023-09-28,pending,2023-09-28 13:24:47,2023,9,3,39,3,0,0,0,True,False,False,False,False,False,False,False,False,False,10.749166746446447
21c872c8-508b-4552-9190-adbe76670595,00000000-0000-0000-0000-000000000001,a01b7f2a-d4d0-48bf-bb89-c1040f55587a,aadd1a3f-3f20-499a-b950-51966ac9090c,Insurance,Operational expense,14652.97,2023-12-17,approved,2023-12-17 16:44:45,2023,12,4,50,6,1,0,1,False,True,False,False,False,False,False,False,False,False,9.592466567495212
92e027c3-7fdd-46c3-845d-bc78d0ccd961,00000000-0000-0000-0000-000000000003,470852ed-b70b-4f24-879a-6edb4193d8b6,79c1732a-a6d1-4565-b515-c59de4dbdfe5,Logistics,Operational expense,46046.65,2022-04-28,approved,2022-04-28 10:18:20,2022,4,2,17,3,0,0,2,False,False,True,False,False,False,False,False,False,False,10.737432008893789
b55ebdf1-d001-4545-8dce-1abead7de9fe,00000000-0000-0000-0000-000000000001,51fd3682-4888-4a55-92f7-281307c67941,3f0519f3-383c-48a1-8609-f4b51fd5ecd4,Office Supplies,Operational expense,33300.96,2024-06-01,pending,2024-06-01 14:38:58,2024,6,2,22,5,1,0,5,False,False,False,False,False,True,False,False,False,False,10.41337153309528
b07e679a-c15d-4c0e-88fd-5694a978f2c5,00000000-0000-0000-0000-000000000001,51fd3682-4888-4a55-92f7-281307c67941,9a16d7d2-dc18-4141-a14f-3394de4b98bc,IT & Software,Operational expense,30432.37,2022-02-08,approved,2022-02-08 18:26:15,2022,2,1,6,1,0,0,0,True,False,False,False,False,False,False,False,False,False,10.3232949827335
5ce46ae4-a8e4-4771-9cb5-5afcabafbf91,00000000-0000-0000-0000-000000000003,7227b311-834f-4815-aa86-c5d464758be1,1db94196-443a-440f-ad7e-c4422bb047e3,Marketing,Operational expense,21127.75,2024-04-16,approved,2024-04-16 15:23:44,2024,4,2,16,1,0,0,4,False,False,False,False,True,False,False,False,False,False,9.958389951264387
2f053dba-ae0e-49b7-b039-2947ba9caed7,00000000-0000-0000-0000-000000000001,51fd3682-4888-4a55-92f7-281307c67941,f0e9f4da-9ca0-492d-a21e-3f8a819f9184,Logistics,Operational expense,37675.76,2022-08-28,approved,2022-08-28 08:48:32,2022,8,3,34,6,1,0,2,False,False,True,False,False,False,False,False,False,False,10.536798737732036
aae1eaf0-f766-4a4b-903f-820a0d637848,00000000-0000-0000-0000-000000000001,51fd3682-4888-4a55-92f7-281307c67941,f577e0e3-284e-4c71-8d16-74f51d0fe305,Travel,Operational expense,20049.51,2023-09-29,approved,2023-09-29 17:07:57,2023,9,3,39,4,0,0,8,False,False,False,False,False,False,False,False,True,False,9.906009868820194
d2339a12-d907-4a26-9974-c702ec2520a8,00000000-0000-0000-0000-000000000003,470852ed-b70b-4f24-879a-6edb4193d8b6,74245d66-8df4-4678-b1e9-76d5e231caff,IT & Software,Operational expense,15664.8,2023-12-03,pending,2023-12-03 10:47:08,2023,12,4,48,6,1,0,0,True,False,False,False,False,False,False,False,False,False,9.65923527134499
e4f79da3-5ad7-4f3d-88f6-e57852f8674b,00000000-0000-0000-0000-000000000003,470852ed-b70b-4f24-879a-6edb4193d8b6,e452be79-f94b-4709-88bf-8f66053789c4,Insurance,Operational expense,34360.47,2022-04-30,pending,2022-04-30 11:03:05,2022,4,2,17,5,1,1,1,False,True,False,False,False,False,False,False,False,False,10.44469115748806
4238652e-652d-4ed7-b246-154e457fbd9c,00000000-0000-0000-0000-000000000003,7227b311-834f-4815-aa86-c5d464758be1,61d2418d-6936-4075-a481-1d994952d89b,IT & Software,Operational expense,3881.31,2022-07-10,approved,2022-07-10 17:48:18,2022,7,3,27,6,1,0,0,True,False,False,False,False,False,False,False,False,False,8.264185616285117
96eed000-77c1-47ad-8e73-fe73490db63c,00000000-0000-0000-0000-000000000003,7227b311-834f-4815-aa86-c5d464758be1,9dd0c56d-a9cf-4c8d-a998-9df89eb48a85,Office Supplies,Operational expense,8468.14,2022-07-05,approved,2022-07-05 15:25:51,2022,7,3,27,1,0,0,5,False,False,False,False,False,True,False,False,False,False,9.044184247662283
6feff203-679f-4d8b-a96b-4b2a1929f417,00000000-0000-0000-0000-000000000001,a01b7f2a-d4d0-48bf-bb89-c1040f55587a,4736f247-39f8-400c-b9ea-519dfbb485f6,Insurance,Operational expense,21756.93,2024-10-09,pending,2024-10-09 18:18:00,2024,10,4,41,2,0,0,1,False,True,False,False,False,False,False,False,False,False,9.98773356776839
1bbecb37-8fe9-42da-adfd-cc3311824a1f,00000000-0000-0000-0000-000000000001,a01b7f2a-d4d0-48bf-bb89-c1040f55587a,5a96b78c-2c6b-4aaa-88b5-7c7485705113,Maintenance,Operational expense,25102.61,2022-03-13,approved,2022-03-13 12:32:21,2022,3,1,10,6,1,0,3,False,False,False,True,False,False,False,False,False,False,10.13076693947929
a9d3400b-5340-4bff-a8fd-a3aa7e19f2fe,00000000-0000-0000-0000-000000000001,0eb66abb-0d5d-4e88-a3ff-16776e267d83,f17772cf-7a8e-4e04-aeef-8c148fe1a7e5,IT & Software,Operational expense,17440.66,2023-11-09,approved,2023-11-09 12:24:27,2023,11,4,45,3,0,0,0,True,False,False,False,False,False,False,False,False,False,9.76661687641955
4960d9c6-deda-4699-9604-718bb1fc25a5,00000000-0000-0000-0000-000000000003,7227b311-834f-4815-aa86-c5d464758be1,355d120a-98dd-4393-a62e-df5f4b8a455b,IT & Software,Operational expense,9419.54,2024-12-17,approved,2024-12-17 09:34:54,2024,12,4,51,1,0,0,0,True,False,False,False,False,False,False,False,False,False,9.150647690768167
254a741d-db93-4160-a910-a99739344c4a,00000000-0000-0000-0000-000000000001,0eb66abb-0d5d-4e88-a3ff-16776e267d83,9a16d7d2-dc18-4141-a14f-3394de4b98bc,Insurance,Operational expense,24581.44,2023-05-29,rejected,2023-05-29 11:13:10,2023,5,2,22,0,0,0,1,False,True,False,False,False,False,False,False,False,False,10.109787645890629
177eaf74-4bc3-4d40-a999-da29571ebdd5,00000000-0000-0000-0000-000000000001,0eb66abb-0d5d-4e88-a3ff-16776e267d83,9a16d7d2-dc18-4141-a14f-3394de4b98bc,Marketing,Operational expense,47404.63,2022-10-02,pending,2022-10-02 15:28:55,2022,10,4,39,6,1,0,4,False,False,False,False,True,False,False,False,False,False,10.76649627700112
ce2c422c-ab43-466b-b87d-25e803f64c29,00000000-0000-0000-0000-000000000001,51fd3682-4888-4a55-92f7-281307c67941,f0e9f4da-9ca0-492d-a21e-3f8a819f9184,IT & Software,Operational expense,2875.39,2023-01-22,approved,2023-01-22 17:50:01,2023,1,1,3,6,1,0,0,True,False,False,False,False,False,False,False,False,False,7.964291314654363
66a2b7a7-e633-45c7-a9e1-b943192a6bdd,00000000-0000-0000-0000-000000000001,51fd3682-4888-4a55-92f7-281307c67941,7760d86e-b342-473c-8c64-b55d64aa491a,Maintenance,Operational expense,19653.18,2023-07-12,approved,2023-07-12 18:54:51,2023,7,3,28,2,0,0,3,False,False,False,True,False,False,False,False,False,False,9.886045317321464
7af142e2-f9aa-4ae3-93f4-477097395bec,00000000-0000-0000-0000-000000000001,51fd3682-4888-4a55-92f7-281307c67941,f17772cf-7a8e-4e04-aeef-8c148fe1a7e5,Insurance,Operational expense,12289.38,2023-12-17,approved,2023-12-17 17:26:49,2023,12,4,50,6,1,0,1,False,True,False,False,False,False,False,False,False,False,9.41657212152879
b81d331a-ddd3-4a1a-ac1f-94ffce88b376,00000000-0000-0000-0000-000000000002,5f6c98b4-4360-41ee-83a3-efc700651a04,9d2a5f48-38f2-46be-b733-c1b9f1c891c4,Travel,Operational expense,14222.82,2024-05-15,approved,2024-05-15 11:29:59,2024,5,2,20,2,0,0,8,False,False,False,False,False,False,False,False,True,False,9.562673303005448
d3a8ab32-01af-4121-bcb6-a43510f91fe0,00000000-0000-0000-0000-000000000003,9b1ac5ce-ad4f-40d1-8b7c-0005176b143d,9dd0c56d-a9cf-4c8d-a998-9df89eb48a85,Logistics,Operational expense,47072.38,2022-06-14,approved,2022-06-14 18:36:05,2022,6,2,24,1,0,0,2,False,False,True,False,False,False,False,False,False,False,10.759462939762734
139d48ac-8ae1-442f-8dbc-85ec338f68db,00000000-0000-0000-0000-000000000002,b961632b-814f-4481-946b-17a792487aa7,bcde24c7-84f3-4459-afee-eba83339896c,Insurance,Operational expense,15498.18,2024-05-06,pending,2024-05-06 12:18:46,2024,5,2,19,0,0,0,1,False,True,False,False,False,False,False,False,False,False,9.648542398282107
7bfe2e2e-790a-4110-a062-8c5bb9abc701,00000000-0000-0000-0000-000000000003,470852ed-b70b-4f24-879a-6edb4193d8b6,9dd0c56d-a9cf-4c8d-a998-9df89eb48a85,IT & Software,Operational expense,15072.88,2022-05-12,approved,2022-05-12 15:20:01,2022,5,2,19,3,0,0,0,True,False,False,False,False,False,False,False,False,False,9.620718723644648
b59192c0-2c85-4a23-80e5-39f33fbe4d2d,00000000-0000-0000-0000-000000000002,587616fd-ba60-493e-ba92-b68a61b5cdce,07274486-6344-4009-ae28-b9027a51f93f,Marketing,Operational expense,22481.79,2023-05-20,approved,2023-05-20 11:49:45,2023,5,2,20,5,1,0,4,False,False,False,False,True,False,False,False,False,False,10.020505406626864
d472532d-9a1c-4bb0-844f-7ff30ecaad6e,00000000-0000-0000-0000-000000000001,51fd3682-4888-4a55-92f7-281307c67941,f0e9f4da-9ca0-492d-a21e-3f8a819f9184,Insurance,Operational expense,5883.29,2023-08-13,approved,2023-08-13 17:56:53,2023,8,3,32,6,1,0,1,False,True,False,False,False,False,False,False,False,False,8.680041366706668
0a335463-36bc-4f90-9049-1a6fa684e18f,00000000-0000-0000-0000-000000000001,51fd3682-4888-4a55-92f7-281307c67941,9a16d7d2-dc18-4141-a14f-3394de4b98bc,Maintenance,Operational expense,39989.95,2022-06-05,pending,2022-06-05 17:39:01,2022,6,2,22,6,1,0,3,False,False,False,True,False,False,False,False,False,False,10.596408457497681
0ef772cc-08c1-4e13-a828-1cccb68ec73a,00000000-0000-0000-0000-000000000002,5f6c98b4-4360-41ee-83a3-efc700651a04,e213801b-a706-48c3-9ba4-7db14d3912f3,Marketing,Operational expense,44056.33,2024-01-08,rejected,2024-01-08 15:54:20,2024,1,1,2,0,0,0,4,False,False,False,False,True,False,False,False,False,False,10.693247019337198
4204e17e-c9c4-4389-868b-b3ae0c26c364,00000000-0000-0000-0000-000000000001,51fd3682-4888-4a55-92f7-281307c67941,eaefa70d-63c2-4537-b86d-2205b826bb2e,Logistics,Operational expense,9364.74,2023-10-11,approved,2023-10-11 14:40:22,2023,10,4,41,2,0,0,2,False,False,True,False,False,False,False,False,False,False,9.144813629375255
3bb643dc-49e6-45b8-8dda-144660a2fc1f,00000000-0000-0000-0000-000000000003,7227b311-834f-4815-aa86-c5d464758be1,3b9ffffd-ca39-4330-b08f-59cdb916323f,Maintenance,Operational expense,24986.18,2023-01-01,rejected,2023-01-01 13:04:09,2023,1,1,52,6,1,0,3,False,False,False,True,False,False,False,False,False,False,10.126118172323451
a17e9ed6-30cf-4577-a8ad-afa9d1b16f74,00000000-0000-0000-0000-000000000001,a01b7f2a-d4d0-48bf-bb89-c1040f55587a,f0e9f4da-9ca0-492d-a21e-3f8a819f9184,IT & Software,Operational expense,2762.44,2023-02-06,approved,2023-02-06 15:30:55,2023,2,1,6,0,0,0,0,True,False,False,False,False,False,False,False,False,False,7.924231559440006
475121b8-8529-444a-9eec-db9e021863e2,00000000-0000-0000-0000-000000000002,587616fd-ba60-493e-ba92-b68a61b5cdce,09cd08c0-c83a-42f5-96cc-b9c13c2aa7e4,Insurance,Operational expense,20659.11,2024-02-18,approved,2024-02-18 15:06:33,2024,2,1,7,6,1,0,1,False,True,False,False,False,False,False,False,False,False,9.935960066957616
1c7e6141-7a9c-41dc-9f91-a0abdbde9216,00000000-0000-0000-0000-000000000001,0eb66abb-0d5d-4e88-a3ff-16776e267d83,eaefa70d-63c2-4537-b86d-2205b826bb2e,IT & Software,Operational expense,10015.11,2022-01-03,approved,2022-01-03 13:04:06,2022,1,1,1,0,0,0,0,True,False,False,False,False,False,False,False,False,False,9.211950075707689
8f407395-c370-4e38-93ea-d4fc0b195f26,00000000-0000-0000-0000-000000000001,0eb66abb-0d5d-4e88-a3ff-16776e267d83,5a96b78c-2c6b-4aaa-88b5-7c7485705113,Office Supplies,Operational expense,1138.45,2023-09-10,approved,2023-09-10 17:32:40,2023,9,3,36,6,1,0,5,False,False,False,False,False,True,False,False,False,False,7.03830096882878
d63a353c-dbda-4ee5-95c6-b82b791dfb1f,00000000-0000-0000-0000-000000000001,51fd3682-4888-4a55-92f7-281307c67941,eaefa70d-63c2-4537-b86d-2205b826bb2e,Insurance,Operational expense,20767.5,2023-08-08,approved,2023-08-08 11:23:52,2023,8,3,32,1,0,0,1,False,True,False,False,False,False,False,False,False,False,9.941192694714777
0aa65381-13c4-411b-a9db-c6377633e626,00000000-0000-0000-0000-000000000003,470852ed-b70b-4f24-879a-6edb4193d8b6,74245d66-8df4-4678-b1e9-76d5e231caff,Travel,Operational expense,32533.08,2024-09-18,approved,2024-09-18 11:56:47,2024,9,3,38,2,0,0,8,False,False,False,False,False,False,False,False,True,False,10.39004343428938
5ef6e627-7626-498d-b91c-0712eab49ab7,00000000-0000-0000-0000-000000000003,470852ed-b70b-4f24-879a-6edb4193d8b6,045901bc-3a1a-4a0b-bd8b-876c218464f4,Office Supplies,Operational expense,22956.94,2024-05-10,approved,2024-05-10 10:42:19,2024,5,2,19,4,0,0,5,False,False,False,False,False,True,False,False,False,False,10.041419125153954
daa224c5-6843-40da-99f2-36f122cdcf42,00000000-0000-0000-0000-000000000001,51fd3682-4888-4a55-92f7-281307c67941,aadd1a3f-3f20-499a-b950-51966ac9090c,IT & Software,Operational expense,24450.08,2023-08-08,approved,2023-08-08 17:39:12,2023,8,3,32,1,0,0,0,True,False,False,False,False,False,False,False,False,False,10.104429665706615
85b47ca7-fe22-4fa9-a638-49e3b3553f0b,00000000-0000-0000-0000-000000000001,51fd3682-4888-4a55-92f7-281307c67941,4736f247-39f8-400c-b9ea-519dfbb485f6,IT & Software,Operational expense,20277.78,2023-12-05,approved,2023-12-05 16:53:55,2023,12,4,49,1,0,0,0,True,False,False,False,False,False,False,False,False,False,9.91733029810464
fb6dec2c-42bf-48f1-a59a-0288f0e1dc5d,00000000-0000-0000-0000-000000000003,9b1ac5ce-ad4f-40d1-8b7c-0005176b143d,e452be79-f94b-4709-88bf-8f66053789c4,Office Supplies,Operational expense,39676.36,2024-01-25,approved,2024-01-25 12:07:55,2024,1,1,4,3,0,0,5,False,False,False,False,False,True,False,False,False,False,10.588536026927375
1890ac2d-1bcc-4c10-89f7-bbc8fdccd1f4,00000000-0000-0000-0000-000000000003,9b1ac5ce-ad4f-40d1-8b7c-0005176b143d,045901bc-3a1a-4a0b-bd8b-876c218464f4,Marketing,Operational expense,7173.33,2023-09-29,approved,2023-09-29 12:12:52,2023,9,3,39,4,0,0,4,False,False,False,False,True,False,False,False,False,False,8.878264656476716
69f39317-417b-4af0-bdf8-e4ebb5ca723e,00000000-0000-0000-0000-000000000003,470852ed-b70b-4f24-879a-6edb4193d8b6,045901bc-3a1a-4a0b-bd8b-876c218464f4,Maintenance,Operational expense,46795.85,2023-04-30,approved,2023-04-30 12:28:10,2023,4,2,17,6,1,1,3,False,False,False,True,False,False,False,False,False,False,10.753571171948167
35fda348-03a0-48fc-aa4d-80a39e4223c5,00000000-0000-0000-0000-000000000002,b961632b-814f-4481-946b-17a792487aa7,9d2a5f48-38f2-46be-b733-c1b9f1c891c4,IT & Software,Operational expense,686.49,2023-12-15,approved,2023-12-15 15:35:01,2023,12,4,50,4,0,0,0,True,False,False,False,False,False,False,False,False,False,6.533047283980395
040a0f46-e4af-4605-b1f4-96b09e14709e,00000000-0000-0000-0000-000000000003,7227b311-834f-4815-aa86-c5d464758be1,74245d66-8df4-4678-b1e9-76d5e231caff,Travel,Operational expense,39083.68,2022-12-27,approved,2022-12-27 13:21:51,2022,12,4,52,1,0,0,8,False,False,False,False,False,False,False,False,True,False,10.573485853336791
e4037a36-55a6-40ea-b065-e7428906b745,00000000-0000-0000-0000-000000000002,587616fd-ba60-493e-ba92-b68a61b5cdce,c75c1d53-938d-4640-b118-e5ada06ce255,Office Supplies,Operational expense,1815.21,2023-04-03,pending,2023-04-03 10:25:09,2023,4,2,14,0,0,0,5,False,False,False,False,False,True,False,False,False,False,7.504507191242111
7709b1b2-c199-4820-bfdb-7c0606046e35,00000000-0000-0000-0000-000000000001,51fd3682-4888-4a55-92f7-281307c67941,9a16d7d2-dc18-4141-a14f-3394de4b98bc,Logistics,Operational expense,3049.81,2022-09-29,approved,2022-09-29 12:23:20,2022,9,3,39,3,0,0,2,False,False,True,False,False,False,False,False,False,False,8.023162408113478
d8306a7b-354d-4bbb-b997-baa03377ee89,00000000-0000-0000-0000-000000000002,587616fd-ba60-493e-ba92-b68a61b5cdce,7f514159-0b19-4321-a308-daec53995d5a,Travel,Operational expense,37493.74,2022-09-19,approved,2022-09-19 08:18:49,2022,9,3,38,0,0,0,8,False,False,False,False,False,False,False,False,True,False,10.531955935453546
363da093-ff61-4b01-8ba5-73b858f1918a,00000000-0000-0000-0000-000000000001,51fd3682-4888-4a55-92f7-281307c67941,aadd1a3f-3f20-499a-b950-51966ac9090c,Maintenance,Operational expense,4731.26,2022-08-19,approved,2022-08-19 16:46:48,2022,8,3,33,4,0,0,3,False,False,False,True,False,False,False,False,False,False,8.462158168643798
70e224a5-630d-4d7a-b7f5-cfa08c4c7a2b,00000000-0000-0000-0000-000000000001,0eb66abb-0d5d-4e88-a3ff-16776e267d83,4736f247-39f8-400c-b9ea-519dfbb485f6,IT & Software,Operational expense,35269.96,2023-06-02,rejected,2023-06-02 13:35:42,2023,6,2,22,4,0,0,0,True,False,False,False,False,False,False,False,False,False,10.470815241459055
f54f0b65-e0bf-4354-af34-f482ccaa3079,00000000-0000-0000-0000-000000000001,51fd3682-4888-4a55-92f7-281307c67941,f0e9f4da-9ca0-492d-a21e-3f8a819f9184,Maintenance,Operational expense,21150.05,2022-02-21,approved,2022-02-21 08:41:12,2022,2,1,8,0,0,0,3,False,False,False,True,False,False,False,False,False,False,9.959444828632204
3210be8c-b018-4713-a877-94fcf2b42b99,00000000-0000-0000-0000-000000000003,7227b311-834f-4815-aa86-c5d464758be1,9dd0c56d-a9cf-4c8d-a998-9df89eb48a85,Marketing,Operational expense,39323.01,2024-09-22,approved,2024-09-22 11:41:56,2024,9,3,38,6,1,0,4,False,False,False,False,True,False,False,False,False,False,10.579590552784413
7ccd1a27-02b7-4c0e-a518-06aedd338b16,00000000-0000-0000-0000-000000000002,5f6c98b4-4360-41ee-83a3-efc700651a04,07274486-6344-4009-ae28-b9027a51f93f,Marketing,Operational expense,1336.39,2022-04-07,approved,2022-04-07 08:40:45,2022,4,2,14,3,0,0,4,False,False,False,False,True,False,False,False,False,False,7.198475232397367
c33e1aa1-92bd-4f23-88bb-f82698bc1e7a,00000000-0000-0000-0000-000000000002,587616fd-ba60-493e-ba92-b68a61b5cdce,6708a3ae-03ac-432d-8065-25bbf8f3a753,Insurance,Operational expense,10456.25,2022-07-03,approved,2022-07-03 18:32:18,2022,7,3,26,6,1,0,1,False,True,False,False,False,False,False,False,False,False,9.255050796743241
9c50c443-9d5e-4ddc-a766-2a3feef62048,00000000-0000-0000-0000-000000000003,9b1ac5ce-ad4f-40d1-8b7c-0005176b143d,61d2418d-6936-4075-a481-1d994952d89b,IT & Software,Operational expense,19059.88,2024-02-17,approved,2024-02-17 11:08:12,2024,2,1,7,5,1,0,0,True,False,False,False,False,False,False,False,False,False,9.8553933461319
b6ef50a3-52f6-4090-b33f-a225565f5c8e,00000000-0000-0000-0000-000000000003,470852ed-b70b-4f24-879a-6edb4193d8b6,61d2418d-6936-4075-a481-1d994952d89b,Insurance,Operational expense,23310.39,2024-10-22,pending,2024-10-22 18:24:29,2024,10,4,43,1,0,0,1,False,True,False,False,False,False,False,False,False,False,10.056697361311572
0856cc38-03b7-4532-a12a-eec9e9d33aec,00000000-0000-0000-0000-000000000003,9b1ac5ce-ad4f-40d1-8b7c-0005176b143d,e452be79-f94b-4709-88bf-8f66053789c4,IT & Software,Operational expense,30162.6,2023-03-27,approved,2023-03-27 14:38:28,2023,3,1,13,0,0,0,0,True,False,False,False,False,False,False,False,False,False,10.314391178393874
bd46e304-06b0-46d4-8d2a-33e500d3e4ab,00000000-0000-0000-0000-000000000003,470852ed-b70b-4f24-879a-6edb4193d8b6,e452be79-f94b-4709-88bf-8f66053789c4,Marketing,Operational expense,11640.63,2022-02-22,approved,2022-02-22 14:14:52,2022,2,1,8,1,0,0,4,False,False,False,False,True,False,False,False,False,False,9.362342745845794
fe62750d-c90b-4907-ac77-77c2b112c0dc,00000000-0000-0000-0000-000000000002,b961632b-814f-4481-946b-17a792487aa7,517d046e-f5e7-4244-8dab-e8995b9bfdc4,Marketing,Operational expense,25192.99,2024-06-20,approved,2024-06-20 15:49:35,2024,6,2,25,3,0,0,4,False,False,False,False,True,False,False,False,False,False,10.134360752992269
095fca42-e813-4893-a275-3aafd8707383,00000000-0000-0000-0000-000000000001,51fd3682-4888-4a55-92f7-281307c67941,f577e0e3-284e-4c71-8d16-74f51d0fe305,Office Supplies,Operational expense,23573.7,2024-11-07,pending,2024-11-07 08:03:35,2024,11,4,45,3,0,0,5,False,False,False,False,False,True,False,False,False,False,10.067929382076045
2a980319-d76e-468f-ac41-14d711be5a1b,00000000-0000-0000-0000-000000000001,a01b7f2a-d4d0-48bf-bb89-c1040f55587a,5a96b78c-2c6b-4aaa-88b5-7c7485705113,Travel,Operational expense,42332.67,2022-07-17,pending,2022-07-17 18:18:35,2022,7,3,28,6,1,0,8,False,False,False,False,False,False,False,False,True,False,10.6533380294969
c71b7b51-fa5e-4645-bdeb-f4946d142e94,00000000-0000-0000-0000-000000000002,b961632b-814f-4481-946b-17a792487aa7,bcde24c7-84f3-4459-afee-eba83339896c,IT & Software,Operational expense,6630.46,2022-12-19,approved,2022-12-19 14:58:21,2022,12,4,51,0,0,0,0,True,False,False,False,False,False,False,False,False,False,8.799580270098376
c22b02ca-946c-44e8-9516-8b6a025acec1,00000000-0000-0000-0000-000000000002,587616fd-ba60-493e-ba92-b68a61b5cdce,2afe7cda-5682-4c01-a59f-5f13090047f6,Marketing,Operational expense,27730.99,2023-03-12,approved,2023-03-12 17:11:29,2023,3,1,10,6,1,0,4,False,False,False,False,True,False,False,False,False,False,10.230341899468057
b7bfa170-c1ee-4cbd-a6aa-25be424a6b7f,00000000-0000-0000-0000-000000000003,9b1ac5ce-ad4f-40d1-8b7c-0005176b143d,29998a31-9af5-4c58-9bfe-cde4f9a96969,Marketing,Operational expense,46609.74,2023-03-05,approved,2023-03-05 09:35:12,2023,3,1,9,6,1,0,4,False,False,False,False,True,False,False,False,False,False,10.749586265662126
159e71d1-dbde-4373-9991-1e7e7b613a5e,00000000-0000-0000-0000-000000000003,9b1ac5ce-ad4f-40d1-8b7c-0005176b143d,8626b762-d8ef-4e32-8446-33cdac213522,Logistics,Operational expense,37994.28,2024-08-30,rejected,2024-08-30 11:25:10,2024,8,3,35,4,0,0,2,False,False,True,False,False,False,False,False,False,False,10.54521722046744
9409a6b4-6db9-4c14-823d-2c97b83e8794,00000000-0000-0000-0000-000000000001,0eb66abb-0d5d-4e88-a3ff-16776e267d83,7760d86e-b342-473c-8c64-b55d64aa491a,IT & Software,Operational expense,27501.7,2024-08-23,pending,2024-08-23 16:33:38,2024,8,3,34,4,0,0,0,True,False,False,False,False,False,False,False,False,False,10.222039460653326
c21e6442-85b0-4787-bac2-7e52256e2e91,00000000-0000-0000-0000-000000000001,0eb66abb-0d5d-4e88-a3ff-16776e267d83,ea13a2c7-2a88-40f3-b073-4e507c524f18,Marketing,Operational expense,20102.84,2023-09-08,approved,2023-09-08 14:37:58,2023,9,3,36,4,0,0,4,False,False,False,False,True,False,False,False,False,False,9.908666120576557
558729e6-2947-435b-9abc-8c5b49658e70,00000000-0000-0000-0000-000000000002,b961632b-814f-4481-946b-17a792487aa7,2afe7cda-5682-4c01-a59f-5f13090047f6,Travel,Operational expense,16889.35,2023-05-18,pending,2023-05-18 11:32:46,2023,5,2,20,3,0,0,8,False,False,False,False,False,False,False,False,True,False,9.734497731908041
1746ca4a-95c6-4ea2-ac38-071832604416,00000000-0000-0000-0000-000000000003,9b1ac5ce-ad4f-40d1-8b7c-0005176b143d,74245d66-8df4-4678-b1e9-76d5e231caff,Travel,Operational expense,40661.31,2023-02-05,approved,2023-02-05 12:12:34,2023,2,1,5,6,1,0,8,False,False,False,False,False,False,False,False,True,False,10.613056898160792
338782ff-378a-4cd0-84c8-330eb404234a,00000000-0000-0000-0000-000000000003,7227b311-834f-4815-aa86-c5d464758be1,045901bc-3a1a-4a0b-bd8b-876c218464f4,Insurance,Operational expense,12902.34,2022-05-11,approved,2022-05-11 16:21:27,2022,5,2,19,2,0,0,1,False,True,False,False,False,False,False,False,False,False,9.465241471565811
a6284fc7-7e4d-4d09-9b3c-ebf675150f84,00000000-0000-0000-0000-000000000003,7227b311-834f-4815-aa86-c5d464758be1,3b9ffffd-ca39-4330-b08f-59cdb916323f,Maintenance,Operational expense,30103.56,2024-06-14,approved,2024-06-14 10:01:35,2024,6,2,24,4,0,0,3,False,False,False,True,False,False,False,False,False,False,10.312431934279367
ff04829d-430c-48f4-bf7c-4a2a857ee30e,00000000-0000-0000-0000-000000000003,7227b311-834f-4815-aa86-c5d464758be1,045901bc-3a1a-4a0b-bd8b-876c218464f4,Logistics,Operational expense,27494.85,2023-01-21,pending,2023-01-21 16:30:50,2023,1,1,3,5,1,0,2,False,False,True,False,False,False,False,False,False,False,10.221790363175831
d9e0ad13-df70-42d0-aa26-7cffa1e5b49e,00000000-0000-0000-0000-000000000002,587616fd-ba60-493e-ba92-b68a61b5cdce,9d2a5f48-38f2-46be-b733-c1b9f1c891c4,Marketing,Operational expense,20448.11,2023-03-18,pending,2023-03-18 10:09:29,2023,3,1,11,5,1,0,4,False,False,False,False,True,False,False,False,False,False,9.925694639741495
b699cbe8-9165-4633-be4d-8853179efc53,00000000-0000-0000-0000-000000000002,b961632b-814f-4481-946b-17a792487aa7,bcde24c7-84f3-4459-afee-eba83339896c,Maintenance,Operational expense,35668.45,2022-09-28,approved,2022-09-28 17:21:02,2022,9,3,39,2,0,0,3,False,False,False,True,False,False,False,False,False,False,10.482049859114353
4328b4eb-eacf-4738-bae5-e272b7d70adb,00000000-0000-0000-0000-000000000003,9b1ac5ce-ad4f-40d1-8b7c-0005176b143d,355d120a-98dd-4393-a62e-df5f4b8a455b,Maintenance,Operational expense,15189.1,2024-10-31,approved,2024-10-31 13:02:48,2024,10,4,44,3,0,1,3,False,False,False,True,False,False,False,False,False,False,9.628399178846621
fee78b29-2aa0-4286-9163-87a8cdd67806,00000000-0000-0000-0000-000000000002,5f6c98b4-4360-41ee-83a3-efc700651a04,517d046e-f5e7-4244-8dab-e8995b9bfdc4,Maintenance,Operational expense,36801.35,2023-03-10,approved,2023-03-10 10:21:36,2023,3,1,10,4,0,0,3,False,False,False,True,False,False,False,False,False,False,10.513316980813794
e437474e-ea0e-466f-9b35-aa9d280556ef,00000000-0000-0000-0000-000000000001,0eb66abb-0d5d-4e88-a3ff-16776e267d83,7760d86e-b342-473c-8c64-b55d64aa491a,Office Supplies,Operational expense,15788.21,2022-06-05,approved,2022-06-05 16:20:31,2022,6,2,22,6,1,0,5,False,False,False,False,False,True,False,False,False,False,9.667082074332452
690a51d5-993d-4132-ba25-ce8b4945411f,00000000-0000-0000-0000-000000000002,587616fd-ba60-493e-ba92-b68a61b5cdce,517d046e-f5e7-4244-8dab-e8995b9bfdc4,Marketing,Operational expense,11464.35,2024-10-09,pending,2024-10-09 10:09:16,2024,10,4,41,2,0,0,4,False,False,False,False,True,False,False,False,False,False,9.347084722519023
e68eac49-5e3f-4a39-8258-423cc8801d02,00000000-0000-0000-0000-000000000003,470852ed-b70b-4f24-879a-6edb4193d8b6,74245d66-8df4-4678-b1e9-76d5e231caff,Office Supplies,Operational expense,27010.47,2024-12-09,approved,2024-12-09 12:31:42,2024,12,4,50,0,0,0,5,False,False,False,False,False,True,False,False,False,False,10.204016869593014
6744e1f9-1569-4c89-bbbe-e1b00f5359b1,00000000-0000-0000-0000-000000000003,7227b311-834f-4815-aa86-c5d464758be1,8626b762-d8ef-4e32-8446-33cdac213522,Office Supplies,Operational expense,43021.08,2023-11-13,approved,2023-11-13 08:09:04,2023,11,4,46,0,0,0,5,False,False,False,False,False,True,False,False,False,False,10.669468751257751
5ca00450-10e7-4a52-8ee4-e1181bbb1d75,00000000-0000-0000-0000-000000000003,470852ed-b70b-4f24-879a-6edb4193d8b6,29998a31-9af5-4c58-9bfe-cde4f9a96969,Logistics,Operational expense,5506.71,2022-01-04,approved,2022-01-04 13:23:37,2022,1,1,1,1,0,0,2,False,False,True,False,False,False,False,False,False,False,8.613904207772544
96b4a89f-282f-429c-a2c0-7ac7359bc2f9,00000000-0000-0000-0000-000000000001,51fd3682-4888-4a55-92f7-281307c67941,7760d86e-b342-473c-8c64-b55d64aa491a,Maintenance,Operational expense,44440.3,2022-09-24,approved,2022-09-24 17:48:11,2022,9,3,38,5,1,0,3,False,False,False,True,False,False,False,False,False,False,10.701924496251001
de4478e5-5de8-4980-b6c4-0c35e6818ab4,00000000-0000-0000-0000-000000000003,9b1ac5ce-ad4f-40d1-8b7c-0005176b143d,29998a31-9af5-4c58-9bfe-cde4f9a96969,Maintenance,Operational expense,34262.97,2024-01-08,approved,2024-01-08 18:37:35,2024,1,1,2,0,0,0,3,False,False,False,True,False,False,False,False,False,False,10.441849643740305
3a15a5ed-f497-481d-b29b-8e3b151e5caa,00000000-0000-0000-0000-000000000002,5f6c98b4-4360-41ee-83a3-efc700651a04,81c496fc-1d35-4405-9a7d-ae0a15104d5b,Marketing,Operational expense,43858.54,2022-05-16,approved,2022-05-16 08:32:50,2022,5,2,20,0,0,0,4,False,False,False,False,True,False,False,False,False,False,10.688747534000784
c4c0e823-2fb9-4a6c-8029-ff1818319191,00000000-0000-0000-0000-000000000001,0eb66abb-0d5d-4e88-a3ff-16776e267d83,eaefa70d-63c2-4537-b86d-2205b826bb2e,Marketing,Operational expense,38005.8,2022-03-02,approved,2022-03-02 16:16:13,2022,3,1,9,2,0,0,4,False,False,False,False,True,False,False,False,False,False,10.545520370067774
ea5c2da6-d379-4ef5-ab45-fcd5c9eca6ea,00000000-0000-0000-0000-000000000003,470852ed-b70b-4f24-879a-6edb4193d8b6,33baaf1c-3618-44b5-b42a-4673992689f8,Office Supplies,Operational expense,49438.26,2023-04-07,pending,2023-04-07 18:26:52,2023,4,2,14,4,0,0,5,False,False,False,False,False,True,False,False,False,False,10.808500124382016
642dbbb1-5394-4e99-8f2c-82822caac703,00000000-0000-0000-0000-000000000002,5f6c98b4-4360-41ee-83a3-efc700651a04,9d2a5f48-38f2-46be-b733-c1b9f1c891c4,Maintenance,Operational expense,11600.61,2022-10-09,approved,2022-10-09 15:20:40,2022,10,4,40,6,1,0,3,False,False,False,True,False,False,False,False,False,False,9.358899160567033
8a0cedc1-4f8e-4895-89d7-ad619a13268b,00000000-0000-0000-0000-000000000003,7227b311-834f-4815-aa86-c5d464758be1,8626b762-d8ef-4e32-8446-33cdac213522,Logistics,Operational expense,42661.49,2023-10-04,approved,2023-10-04 10:25:04,2023,10,4,40,2,0,0,2,False,False,True,False,False,False,False,False,False,False,10.661075358817044
c349f97b-a892-43be-badc-c9d888a38518,00000000-0000-0000-0000-000000000002,b961632b-814f-4481-946b-17a792487aa7,f72410dd-3260-4ece-a477-1ae69ac1e84e,Logistics,Operational expense,14423.6,2024-01-11,pending,2024-01-11 11:31:26,2024,1,1,2,3,0,0,2,False,False,True,False,False,False,False,False,False,False,9.576690361355778
01a66003-1ced-4354-a522-5b6c37797ec3,00000000-0000-0000-0000-000000000003,9b1ac5ce-ad4f-40d1-8b7c-0005176b143d,355d120a-98dd-4393-a62e-df5f4b8a455b,Insurance,Operational expense,10602.1,2022-10-16,pending,2022-10-16 18:13:38,2022,10,4,41,6,1,0,1,False,True,False,False,False,False,False,False,False,False,9.268901690174355
3e44566b-def3-4316-9aef-5da9bd7d02c1,00000000-0000-0000-0000-000000000001,a01b7f2a-d4d0-48bf-bb89-c1040f55587a,9a16d7d2-dc18-4141-a14f-3394de4b98bc,Maintenance,Operational expense,5497.89,2024-01-11,approved,2024-01-11 11:37:15,2024,1,1,2,3,0,0,3,False,False,False,True,False,False,False,False,False,False,8.612301532670715
b1a8e895-d413-4f1a-b549-8cf806686cd6,00000000-0000-0000-0000-000000000003,9b1ac5ce-ad4f-40d1-8b7c-0005176b143d,045901bc-3a1a-4a0b-bd8b-876c218464f4,IT & Software,Operational expense,21554.03,2023-01-19,approved,2023-01-19 13:39:16,2023,1,1,3,3,0,0,0,True,False,False,False,False,False,False,False,False,False,9.978364478968714
2a4cf22e-1836-4635-a0b9-92a137f70d5f,00000000-0000-0000-0000-000000000003,9b1ac5ce-ad4f-40d1-8b7c-0005176b143d,e452be79-f94b-4709-88bf-8f66053789c4,Insurance,Operational expense,16274.69,2024-08-19,approved,2024-08-19 09:07:35,2024,8,3,34,0,0,0,1,False,True,False,False,False,False,False,False,False,False,9.697427862491436
46ab4602-aef7-499e-9fe7-99a319ae61e1,00000000-0000-0000-0000-000000000002,5f6c98b4-4360-41ee-83a3-efc700651a04,517d046e-f5e7-4244-8dab-e8995b9bfdc4,Insurance,Operational expense,28415.35,2023-01-24,pending,2023-01-24 16:45:10,2023,1,1,4,1,0,0,1,False,True,False,False,False,False,False,False,False,False,10.254719962720547
639b0848-aebd-4983-a9a8-ec94657bcc1f,00000000-0000-0000-0000-000000000001,0eb66abb-0d5d-4e88-a3ff-16776e267d83,9a16d7d2-dc18-4141-a14f-3394de4b98bc,Office Supplies,Operational expense,22227.83,2022-03-14,pending,2022-03-14 13:05:41,2022,3,1,11,0,0,0,5,False,False,False,False,False,True,False,False,False,False,10.009145373994205
093a2961-d493-47d1-aa4e-bf3d9153acca,00000000-0000-0000-0000-000000000002,587616fd-ba60-493e-ba92-b68a61b5cdce,81c496fc-1d35-4405-9a7d-ae0a15104d5b,Travel,Operational expense,18194.98,2023-10-02,approved,2023-10-02 16:41:02,2023,10,4,40,0,0,0,8,False,False,False,False,False,False,False,False,True,False,9.808955969546622
d6278772-03e6-4e5e-8ae8-2dc21109a410,00000000-0000-0000-0000-000000000003,470852ed-b70b-4f24-879a-6edb4193d8b6,74245d66-8df4-4678-b1e9-76d5e231caff,IT & Software,Operational expense,10519.34,2022-05-23,approved,2022-05-23 11:03:16,2022,5,2,21,0,0,0,0,True,False,False,False,False,False,False,False,False,False,9.261065805161076
fcba6769-c309-40d2-a57b-2c162e048b40,00000000-0000-0000-0000-000000000003,9b1ac5ce-ad4f-40d1-8b7c-0005176b143d,33baaf1c-3618-44b5-b42a-4673992689f8,Travel,Operational expense,16852.02,2022-06-16,approved,2022-06-16 10:03:36,2022,6,2,24,3,0,0,8,False,False,False,False,False,False,False,False,True,False,9.732285148207648
07f43a1d-cab3-4438-a3da-c075a7e95133,00000000-0000-0000-0000-000000000001,51fd3682-4888-4a55-92f7-281307c67941,ea13a2c7-2a88-40f3-b073-4e507c524f18,Maintenance,Operational expense,36457.13,2022-10-06,approved,2022-10-06 10:22:45,2022,10,4,40,3,0,0,3,False,False,False,True,False,False,False,False,False,False,10.503919757833396
47b680eb-6394-417e-91e4-29b20c08c649,00000000-0000-0000-0000-000000000002,587616fd-ba60-493e-ba92-b68a61b5cdce,517d046e-f5e7-4244-8dab-e8995b9bfdc4,Office Supplies,Operational expense,47910.21,2024-06-12,pending,2024-06-12 08:07:24,2024,6,2,24,2,0,0,5,False,False,False,False,False,True,False,False,False,False,10.777104785245996
ddc50bd1-4de7-4d81-82b3-5f4b2e9b9d4b,00000000-0000-0000-0000-000000000001,a01b7f2a-d4d0-48bf-bb89-c1040f55587a,9a16d7d2-dc18-4141-a14f-3394de4b98bc,Office Supplies,Operational expense,27474.98,2023-09-14,approved,2023-09-14 18:29:22,2023,9,3,37,3,0,0,5,False,False,False,False,False,True,False,False,False,False,10.221067447425515
504a6052-5949-4d47-92ff-d10f57583a20,00000000-0000-0000-0000-000000000003,7227b311-834f-4815-aa86-c5d464758be1,355d120a-98dd-4393-a62e-df5f4b8a455b,Logistics,Operational expense,24145.01,2023-02-12,pending,2023-02-12 16:26:51,2023,2,1,6,6,1,0,2,False,False,True,False,False,False,False,False,False,False,10.091874428039517
a6f313b8-c4b0-4e57-a5b4-0b31582e66e5,00000000-0000-0000-0000-000000000003,7227b311-834f-4815-aa86-c5d464758be1,1db94196-443a-440f-ad7e-c4422bb047e3,Insurance,Operational expense,48355.45,2023-10-31,approved,2023-10-31 11:50:53,2023,10,4,44,1,0,1,1,False,True,False,False,False,False,False,False,False,False,10.786354894259226
4e191e05-408e-41f2-b666-539a91f2a2b5,00000000-0000-0000-0000-000000000003,9b1ac5ce-ad4f-40d1-8b7c-0005176b143d,33baaf1c-3618-44b5-b42a-4673992689f8,Insurance,Operational expense,18500.71,2024-09-10,approved,2024-09-10 15:11:30,2024,9,3,37,1,0,0,1,False,True,False,False,False,False,False,False,False,False,9.825618439227235
8b106312-3ec0-4a02-9cab-f82107490cd2,00000000-0000-0000-0000-000000000003,7227b311-834f-4815-aa86-c5d464758be1,1db94196-443a-440f-ad7e-c4422bb047e3,IT & Software,Operational expense,3049.01,2023-03-06,pending,2023-03-06 08:48:58,2023,3,1,10,0,0,0,0,True,False,False,False,False,False,False,False,False,False,8.022900148284608
28f443e5-74ca-4b45-b3d1-b50e6ffe4db6,00000000-0000-0000-0000-000000000003,9b1ac5ce-ad4f-40d1-8b7c-0005176b143d,3b9ffffd-ca39-4330-b08f-59cdb916323f,Insurance,Operational expense,20300.93,2022-05-25,approved,2022-05-25 15:35:47,2022,5,2,21,2,0,0,1,False,True,False,False,False,False,False,False,False,False,9.918471234402269
d054c086-2870-40b8-bece-29544b1f4372,00000000-0000-0000-0000-000000000003,470852ed-b70b-4f24-879a-6edb4193d8b6,79c1732a-a6d1-4565-b515-c59de4dbdfe5,Marketing,Operational expense,24156.93,2024-08-27,approved,2024-08-27 14:33:42,2024,8,3,35,1,0,0,4,False,False,False,False,True,False,False,False,False,False,10.092367969570166
5a1ea09d-6736-4090-8dc4-685ea762d87b,00000000-0000-0000-0000-000000000001,0eb66abb-0d5d-4e88-a3ff-16776e267d83,f0e9f4da-9ca0-492d-a21e-3f8a819f9184,Travel,Operational expense,40346.82,2022-07-04,approved,2022-07-04 15:26:06,2022,7,3,27,0,0,0,8,False,False,False,False,False,False,False,False,True,False,10.605292644977107
fa507e86-39b5-46bd-8e60-14cadb43164a,00000000-0000-0000-0000-000000000001,a01b7f2a-d4d0-48bf-bb89-c1040f55587a,f0e9f4da-9ca0-492d-a21e-3f8a819f9184,Office Supplies,Operational expense,17003.71,2023-12-11,approved,2023-12-11 14:49:13,2023,12,4,50,0,0,0,5,False,False,False,False,False,True,False,False,False,False,9.741245643488174
ad7f31e6-7292-41b2-8962-8f3bb9719a2d,00000000-0000-0000-0000-000000000003,7227b311-834f-4815-aa86-c5d464758be1,e452be79-f94b-4709-88bf-8f66053789c4,Maintenance,Operational expense,43624.21,2022-04-05,approved,2022-04-05 14:47:01,2022,4,2,14,1,0,0,3,False,False,False,True,False,False,False,False,False,False,10.683390473246725
f82d4ea7-f98f-4d71-ab7a-bf3c3f4f61b6,00000000-0000-0000-0000-000000000003,7227b311-834f-4815-aa86-c5d464758be1,9dd0c56d-a9cf-4c8d-a998-9df89eb48a85,Office Supplies,Operational expense,13025.12,2022-07-27,approved,2022-07-27 14:26:04,2022,7,3,30,2,0,0,5,False,False,False,False,False,True,False,False,False,False,9.474711851408456
19896f57-a94e-4e5e-9c33-18777013687c,00000000-0000-0000-0000-000000000002,5f6c98b4-4360-41ee-83a3-efc700651a04,e213801b-a706-48c3-9ba4-7db14d3912f3,Marketing,Operational expense,5364.35,2024-11-27,approved,2024-11-27 09:02:14,2024,11,4,48,2,0,0,4,False,False,False,False,True,False,False,False,False,False,8.58771689058836
9d39e1b7-abe9-4b00-aac1-c6c08b3b6a5d,00000000-0000-0000-0000-000000000003,9b1ac5ce-ad4f-40d1-8b7c-0005176b143d,8626b762-d8ef-4e32-8446-33cdac213522,Insurance,Operational expense,32442.19,2022-10-02,approved,2022-10-02 16:56:38,2022,10,4,39,6,1,0,1,False,True,False,False,False,False,False,False,False,False,10.387245838783151
efbec284-382d-4c96-b506-a011e1eea484,00000000-0000-0000-0000-000000000002,587616fd-ba60-493e-ba92-b68a61b5cdce,07274486-6344-4009-ae28-b9027a51f93f,Travel,Operational expense,26710.91,2024-04-06,pending,2024-04-06 11:13:26,2024,4,2,14,5,1,0,8,False,False,False,False,False,False,False,False,True,False,10.192864812345578
6c24fae2-8d6c-4051-8a17-afc9089b617f,00000000-0000-0000-0000-000000000001,0eb66abb-0d5d-4e88-a3ff-16776e267d83,7760d86e-b342-473c-8c64-b55d64aa491a,Logistics,Operational expense,13482.07,2023-11-12,approved,2023-11-12 13:47:54,2023,11,4,45,6,1,0,2,False,False,True,False,False,False,False,False,False,False,9.509190103343508
8dd04319-0bfa-4839-a0ba-eea01c5ddf68,00000000-0000-0000-0000-000000000001,a01b7f2a-d4d0-48bf-bb89-c1040f55587a,3f0519f3-383c-48a1-8609-f4b51fd5ecd4,Office Supplies,Operational expense,34543.24,2022-02-18,approved,2022-02-18 13:48:06,2022,2,1,7,4,0,0,5,False,False,False,False,False,True,False,False,False,False,10.449996100391408
2ea8777c-1aea-4c10-aec2-8f42cfd8dc8e,00000000-0000-0000-0000-000000000003,7227b311-834f-4815-aa86-c5d464758be1,8626b762-d8ef-4e32-8446-33cdac213522,Travel,Operational expense,20670.31,2024-06-20,pending,2024-06-20 14:45:33,2024,6,2,25,3,0,0,8,False,False,False,False,False,False,False,False,True,False,9.936502027542282
3e4a692b-a39b-4fec-8555-ba3d687352ba,00000000-0000-0000-0000-000000000002,587616fd-ba60-493e-ba92-b68a61b5cdce,09cd08c0-c83a-42f5-96cc-b9c13c2aa7e4,Logistics,Operational expense,25750.93,2022-06-04,approved,2022-06-04 14:53:27,2022,6,2,22,5,1,0,2,False,False,True,False,False,False,False,False,False,False,10.156264854739472
fe5f9ddb-b78e-4944-8436-f962df38c36f,00000000-0000-0000-0000-000000000001,0eb66abb-0d5d-4e88-a3ff-16776e267d83,aadd1a3f-3f20-499a-b950-51966ac9090c,Travel,Operational expense,14292.06,2022-06-04,pending,2022-06-04 11:58:19,2022,6,2,22,5,1,0,8,False,False,False,False,False,False,False,False,True,False,9.567529383759396
3675f1fe-ec36-4e5d-95e3-24801c056ebe,00000000-0000-0000-0000-000000000001,51fd3682-4888-4a55-92f7-281307c67941,eaefa70d-63c2-4537-b86d-2205b826bb2e,Office Supplies,Operational expense,30786.14,2022-12-29,pending,2022-12-29 08:06:50,2022,12,4,52,3,0,0,5,False,False,False,False,False,True,False,False,False,False,10.334852349303182
6eaffcc0-6237-4d40-a0f0-82c7f9733107,00000000-0000-0000-0000-000000000003,470852ed-b70b-4f24-879a-6edb4193d8b6,045901bc-3a1a-4a0b-bd8b-876c218464f4,IT & Software,Operational expense,23600.05,2024-08-07,approved,2024-08-07 15:37:54,2024,8,3,32,2,0,0,0,True,False,False,False,False,False,False,False,False,False,10.069046481549407
262bf705-a5c0-4708-8e85-f2552f524dbb,00000000-0000-0000-0000-000000000001,a01b7f2a-d4d0-48bf-bb89-c1040f55587a,f17772cf-7a8e-4e04-aeef-8c148fe1a7e5,Travel,Operational expense,2459.91,2023-05-18,approved,2023-05-18 12:48:22,2023,5,2,20,3,0,0,8,False,False,False,False,False,False,False,False,True,False,7.808286479222542
09ff9700-1cd8-45e0-a2a7-e5b0df7bb758,00000000-0000-0000-0000-000000000003,470852ed-b70b-4f24-879a-6edb4193d8b6,e452be79-f94b-4709-88bf-8f66053789c4,Logistics,Operational expense,8067.41,2024-11-18,pending,2024-11-18 09:02:20,2024,11,4,47,0,0,0,2,False,False,True,False,False,False,False,False,False,False,8.995711715829513
2f9fcc51-c0fd-46bd-b0f4-7efed84fc454,00000000-0000-0000-0000-000000000001,0eb66abb-0d5d-4e88-a3ff-16776e267d83,163b0e08-1801-4ae5-af8c-f287fbcdff7c,Maintenance,Operational expense,44424.6,2024-09-29,pending,2024-09-29 09:03:25,2024,9,3,39,6,1,0,3,False,False,False,True,False,False,False,False,False,False,10.701571158840483
743cc2fb-6242-4bce-bb09-bec1dccc3793,00000000-0000-0000-0000-000000000001,0eb66abb-0d5d-4e88-a3ff-16776e267d83,ea13a2c7-2a88-40f3-b073-4e507c524f18,Logistics,Operational expense,29006.71,2023-09-12,approved,2023-09-12 12:37:36,2023,9,3,37,1,0,0,2,False,False,True,False,False,False,False,False,False,False,10.27531693570252
5077fca3-3fa1-4d85-bc2f-a50176745371,00000000-0000-0000-0000-000000000003,7227b311-834f-4815-aa86-c5d464758be1,29998a31-9af5-4c58-9bfe-cde4f9a96969,Office Supplies,Operational expense,32923.77,2024-12-26,pending,2024-12-26 12:29:27,2024,12,4,52,3,0,0,5,False,False,False,False,False,True,False,False,False,False,10.40198054101381
80dbd3ad-8233-44a4-a959-87caa2e51dd5,00000000-0000-0000-0000-000000000002,5f6c98b4-4360-41ee-83a3-efc700651a04,c75c1d53-938d-4640-b118-e5ada06ce255,IT & Software,Operational expense,26390.49,2024-01-24,approved,2024-01-24 15:48:30,2024,1,1,4,2,0,0,0,True,False,False,False,False,False,False,False,False,False,10.18079688868412
f1cce70c-ef77-4240-a00d-e8b2b73a9787,00000000-0000-0000-0000-000000000002,587616fd-ba60-493e-ba92-b68a61b5cdce,6708a3ae-03ac-432d-8065-25bbf8f3a753,Insurance,Operational expense,29495.37,2023-05-06,approved,2023-05-06 16:06:18,2023,5,2,18,5,1,0,1,False,True,False,False,False,False,False,False,False,False,10.292022483909077
e20230e9-e684-4498-b005-ee5b7996435d,00000000-0000-0000-0000-000000000003,7227b311-834f-4815-aa86-c5d464758be1,33baaf1c-3618-44b5-b42a-4673992689f8,IT & Software,Operational expense,18628.96,2023-06-27,approved,2023-06-27 16:02:23,2023,6,2,26,1,0,0,0,True,False,False,False,False,False,False,False,False,False,9.832526316518718
3a35f838-bbe2-4742-b9b3-f630c810b452,00000000-0000-0000-0000-000000000001,a01b7f2a-d4d0-48bf-bb89-c1040f55587a,f17772cf-7a8e-4e04-aeef-8c148fe1a7e5,Office Supplies,Operational expense,44470.95,2024-09-08,pending,2024-09-08 15:07:14,2024,9,3,36,6,1,0,5,False,False,False,False,False,True,False,False,False,False,10.702613932329742
63aab818-9844-4e9b-bd0d-7fb87e7f59b4,00000000-0000-0000-0000-000000000003,470852ed-b70b-4f24-879a-6edb4193d8b6,79c1732a-a6d1-4565-b515-c59de4dbdfe5,Maintenance,Operational expense,36708.99,2022-06-08,approved,2022-06-08 14:04:50,2022,6,2,23,2,0,0,3,False,False,False,True,False,False,False,False,False,False,10.510804204085504
83e4a8d8-d658-477e-8869-f1a9cb120b64,00000000-0000-0000-0000-000000000002,587616fd-ba60-493e-ba92-b68a61b5cdce,c75c1d53-938d-4640-b118-e5ada06ce255,Insurance,Operational expense,6194.83,2023-10-13,pending,2023-10-13 12:37:12,2023,10,4,41,4,0,0,1,False,True,False,False,False,False,False,False,False,False,8.731631764104192
8d325591-ca6d-4342-a4ef-7c5b2e6313cd,00000000-0000-0000-0000-000000000002,b961632b-814f-4481-946b-17a792487aa7,09cd08c0-c83a-42f5-96cc-b9c13c2aa7e4,Office Supplies,Operational expense,36198.22,2024-10-06,approved,2024-10-06 18:36:47,2024,10,4,40,6,1,0,5,False,False,False,False,False,True,False,False,False,False,10.496792850620398
125321cf-aaa1-4ee4-8841-d388384a7ceb,00000000-0000-0000-0000-000000000003,7227b311-834f-4815-aa86-c5d464758be1,1db94196-443a-440f-ad7e-c4422bb047e3,Travel,Operational expense,34635.14,2024-06-28,approved,2024-06-28 12:36:47,2024,6,2,26,4,0,0,8,False,False,False,False,False,False,False,False,True,False,10.452652924596709
8ad005e5-57a8-4340-bd9c-c382eb4644ba,00000000-0000-0000-0000-000000000001,a01b7f2a-d4d0-48bf-bb89-c1040f55587a,eaefa70d-63c2-4537-b86d-2205b826bb2e,IT & Software,Operational expense,46601.35,2023-12-14,approved,2023-12-14 08:14:37,2023,12,4,50,3,0,0,0,True,False,False,False,False,False,False,False,False,False,10.749406248026778
06e4de96-4844-4ed4-95da-a7123e405358,00000000-0000-0000-0000-000000000001,51fd3682-4888-4a55-92f7-281307c67941,eaefa70d-63c2-4537-b86d-2205b826bb2e,Insurance,Operational expense,36035.03,2023-03-01,approved,2023-03-01 10:34:24,2023,3,1,9,2,0,0,1,False,True,False,False,False,False,False,False,False,False,10.492274550271816
bfd86de7-f3ed-4ff8-84ca-b734dad36fa5,00000000-0000-0000-0000-000000000002,5f6c98b4-4360-41ee-83a3-efc700651a04,6708a3ae-03ac-432d-8065-25bbf8f3a753,Travel,Operational expense,25266.64,2022-03-28,approved,2022-03-28 09:05:44,2022,3,1,13,0,0,0,8,False,False,False,False,False,False,False,False,True,False,10.137279804647823
d1dc93e0-bfd9-44fb-89d7-68686eea7547,00000000-0000-0000-0000-000000000002,587616fd-ba60-493e-ba92-b68a61b5cdce,bcde24c7-84f3-4459-afee-eba83339896c,Logistics,Operational expense,46329.66,2022-02-03,approved,2022-02-03 11:51:48,2022,2,1,5,3,0,0,2,False,False,True,False,False,False,False,False,False,False,10.743559223938409
38e8b506-3360-4c58-8899-3c90ee32fec2,00000000-0000-0000-0000-000000000003,9b1ac5ce-ad4f-40d1-8b7c-0005176b143d,29998a31-9af5-4c58-9bfe-cde4f9a96969,IT & Software,Operational expense,9242.14,2022-08-29,pending,2022-08-29 17:03:48,2022,8,3,35,0,0,0,0,True,False,False,False,False,False,False,False,False,False,9.131636933747494
7adf0c78-b22c-4666-a735-61835edd7802,00000000-0000-0000-0000-000000000002,5f6c98b4-4360-41ee-83a3-efc700651a04,517d046e-f5e7-4244-8dab-e8995b9bfdc4,IT & Software,Operational expense,44610.38,2022-12-02,approved,2022-12-02 16:07:52,2022,12,4,48,4,0,0,0,True,False,False,False,False,False,False,False,False,False,10.70574426241183
c9411a91-12f1-41da-b1ba-2eadd6052c67,00000000-0000-0000-0000-000000000002,5f6c98b4-4360-41ee-83a3-efc700651a04,bcde24c7-84f3-4459-afee-eba83339896c,Insurance,Operational expense,13619.53,2022-05-09,approved,2022-05-09 10:08:02,2022,5,2,19,0,0,0,1,False,True,False,False,False,False,False,False,False,False,9.5193334923091
c6ad5f6e-6433-47d2-9be4-2f76799e05f2,00000000-0000-0000-0000-000000000003,470852ed-b70b-4f24-879a-6edb4193d8b6,e452be79-f94b-4709-88bf-8f66053789c4,Logistics,Operational expense,17928.57,2023-06-19,approved,2023-06-19 16:40:23,2023,6,2,25,0,0,0,2,False,False,True,False,False,False,False,False,False,False,9.794206584158786
1c9e3244-9467-40f3-8df2-77c50a09d4f0,00000000-0000-0000-0000-000000000003,470852ed-b70b-4f24-879a-6edb4193d8b6,33baaf1c-3618-44b5-b42a-4673992689f8,IT & Software,Operational expense,31802.6,2024-01-31,approved,2024-01-31 14:47:24,2024,1,1,5,2,0,1,0,True,False,False,False,False,False,False,False,False,False,10.367334769907947
5eb4644d-9688-4e82-b307-8a142e5c9d4b,00000000-0000-0000-0000-000000000001,0eb66abb-0d5d-4e88-a3ff-16776e267d83,ea13a2c7-2a88-40f3-b073-4e507c524f18,Marketing,Operational expense,14301.03,2022-04-06,pending,2022-04-06 14:11:18,2022,4,2,14,2,0,0,4,False,False,False,False,True,False,False,False,False,False,9.568156764214867
e63ee3dd-b85f-4ed3-92f8-ab2b872f8f63,00000000-0000-0000-0000-000000000001,0eb66abb-0d5d-4e88-a3ff-16776e267d83,aadd1a3f-3f20-499a-b950-51966ac9090c,Travel,Operational expense,41631.55,2024-12-25,approved,2024-12-25 15:13:28,2024,12,4,52,2,0,0,8,False,False,False,False,False,False,False,False,True,False,10.636637592216513
5c1685fa-6eb2-44c9-bc5c-c230e9a37e1f,00000000-0000-0000-0000-000000000003,470852ed-b70b-4f24-879a-6edb4193d8b6,e452be79-f94b-4709-88bf-8f66053789c4,Maintenance,Operational expense,34837.19,2022-08-01,approved,2022-08-01 18:12:06,2022,8,3,31,0,0,0,3,False,False,False,True,False,False,False,False,False,False,10.458469477837335
56edf1e7-650b-4b81-a4ec-6ac0e40abcba,00000000-0000-0000-0000-000000000001,a01b7f2a-d4d0-48bf-bb89-c1040f55587a,9a16d7d2-dc18-4141-a14f-3394de4b98bc,Office Supplies,Operational expense,24819.74,2024-07-11,approved,2024-07-11 16:26:36,2024,7,3,28,3,0,0,5,False,False,False,False,False,True,False,False,False,False,10.119434872979742
bc037dd3-d696-4d1d-9ebe-9518c680fb85,00000000-0000-0000-0000-000000000003,9b1ac5ce-ad4f-40d1-8b7c-0005176b143d,74245d66-8df4-4678-b1e9-76d5e231caff,Insurance,Operational expense,38090.85,2022-04-20,rejected,2022-04-20 17:04:33,2022,4,2,16,2,0,0,1,False,True,False,False,False,False,False,False,False,False,10.547755627471467
911a1aa0-e758-4bf3-a557-fdad135111c3,00000000-0000-0000-0000-000000000001,a01b7f2a-d4d0-48bf-bb89-c1040f55587a,f0e9f4da-9ca0-492d-a21e-3f8a819f9184,IT & Software,Operational expense,42454.64,2022-01-31,pending,2022-01-31 15:52:50,2022,1,1,5,0,0,1,0,True,False,False,False,False,False,False,False,False,False,10.656215045104906
a4dc05f9-04d7-4b32-812c-985c0695a389,00000000-0000-0000-0000-000000000001,0eb66abb-0d5d-4e88-a3ff-16776e267d83,aadd1a3f-3f20-499a-b950-51966ac9090c,Maintenance,Operational expense,45434.65,2024-08-02,approved,2024-08-02 18:57:52,2024,8,3,31,4,0,0,3,False,False,False,True,False,False,False,False,False,False,10.72405231817876
73194cf2-a6d0-4715-853d-40457cd55cf0,00000000-0000-0000-0000-000000000001,0eb66abb-0d5d-4e88-a3ff-16776e267d83,4736f247-39f8-400c-b9ea-519dfbb485f6,Logistics,Operational expense,15268.89,2024-09-11,approved,2024-09-11 17:52:47,2024,9,3,37,2,0,0,2,False,False,True,False,False,False,False,False,False,False,9.63363819451941
009c370c-bdd4-42b8-afaf-f25dde93fda3,00000000-0000-0000-0000-000000000001,a01b7f2a-d4d0-48bf-bb89-c1040f55587a,f577e0e3-284e-4c71-8d16-74f51d0fe305,Insurance,Operational expense,43930.39,2022-09-05,approved,2022-09-05 17:22:50,2022,9,3,36,0,0,0,1,False,True,False,False,False,False,False,False,False,False,10.69038437771669
2e32ce74-adb6-40cf-8f9c-a2db9f17689f,00000000-0000-0000-0000-000000000003,470852ed-b70b-4f24-879a-6edb4193d8b6,3b9ffffd-ca39-4330-b08f-59cdb916323f,Insurance,Operational expense,29750.26,2024-09-04,pending,2024-09-04 10:35:52,2024,9,3,36,2,0,0,1,False,True,False,False,False,False,False,False,False,False,10.300626763018093
6273967f-848c-480f-ae6a-a9d6db4b4f83,00000000-0000-0000-0000-000000000002,5f6c98b4-4360-41ee-83a3-efc700651a04,9d2a5f48-38f2-46be-b733-c1b9f1c891c4,Travel,Operational expense,35994.85,2023-08-04,approved,2023-08-04 08:12:39,2023,8,3,31,4,0,0,8,False,False,False,False,False,False,False,False,True,False,10.491158933015475
d463db1b-d577-443f-9bca-a48bdfe2d17e,00000000-0000-0000-0000-000000000003,7227b311-834f-4815-aa86-c5d464758be1,9dd0c56d-a9cf-4c8d-a998-9df89eb48a85,Marketing,Operational expense,13011.49,2023-01-07,approved,2023-01-07 12:36:41,2023,1,1,1,5,1,0,4,False,False,False,False,True,False,False,False,False,False,9.473664944431095
92c6643d-7c51-482e-a771-db0893841755,00000000-0000-0000-0000-000000000003,470852ed-b70b-4f24-879a-6edb4193d8b6,61d2418d-6936-4075-a481-1d994952d89b,Insurance,Operational expense,21107.45,2023-04-25,approved,2023-04-25 09:21:26,2023,4,2,17,1,0,0,1,False,True,False,False,False,False,False,False,False,False,9.957428713229524
97c05b9f-3edb-460a-9e3b-516f54c7896f,00000000-0000-0000-0000-000000000002,5f6c98b4-4360-41ee-83a3-efc700651a04,6708a3ae-03ac-432d-8065-25bbf8f3a753,Insurance,Operational expense,1327.1,2024-09-30,approved,2024-09-30 10:11:58,2024,9,3,40,0,0,1,1,False,True,False,False,False,False,False,False,False,False,7.1915046284062045
95ba927f-cdb7-4f21-a89b-6bc826fa2ad9,00000000-0000-0000-0000-000000000001,a01b7f2a-d4d0-48bf-bb89-c1040f55587a,9a16d7d2-dc18-4141-a14f-3394de4b98bc,Marketing,Operational expense,29922.93,2024-02-07,approved,2024-02-07 18:43:18,2024,2,1,6,2,0,0,4,False,False,False,False,True,False,False,False,False,False,10.306413773730101
31e771e4-2536-448d-a40f-c921b455e122,00000000-0000-0000-0000-000000000002,587616fd-ba60-493e-ba92-b68a61b5cdce,2afe7cda-5682-4c01-a59f-5f13090047f6,Logistics,Operational expense,46837.76,2022-05-31,approved,2022-05-31 15:52:05,2022,5,2,22,1,0,1,2,False,False,True,False,False,False,False,False,False,False,10.75446634426132
9f032ac9-1238-453e-ac3c-be08dcd80efb,00000000-0000-0000-0000-000000000001,0eb66abb-0d5d-4e88-a3ff-16776e267d83,9a16d7d2-dc18-4141-a14f-3394de4b98bc,Maintenance,Operational expense,38285.99,2023-09-08,approved,2023-09-08 16:17:19,2023,9,3,36,4,0,0,3,False,False,False,True,False,False,False,False,False,False,10.552865430778073
62862c0b-89c0-4efe-a8b4-c07fd8c0fd3f,00000000-0000-0000-0000-000000000003,9b1ac5ce-ad4f-40d1-8b7c-0005176b143d,355d120a-98dd-4393-a62e-df5f4b8a455b,Insurance,Operational expense,33370.02,2022-07-16,pending,2022-07-16 12:24:41,2022,7,3,28,5,1,0,1,False,True,False,False,False,False,False,False,False,False,10.415443137655263
bf58c7cf-0e89-4382-9aa7-b319c9543673,00000000-0000-0000-0000-000000000003,9b1ac5ce-ad4f-40d1-8b7c-0005176b143d,29998a31-9af5-4c58-9bfe-cde4f9a96969,Insurance,Operational expense,15583.15,2023-07-26,rejected,2023-07-26 12:53:22,2023,7,3,30,2,0,0,1,False,True,False,False,False,False,False,False,False,False,9.654009651092668
8aec2cd1-4b6f-4527-8ed0-0cfd09302ccf,00000000-0000-0000-0000-000000000003,9b1ac5ce-ad4f-40d1-8b7c-0005176b143d,1db94196-443a-440f-ad7e-c4422bb047e3,Office Supplies,Operational expense,39008.73,2022-02-03,approved,2022-02-03 13:09:50,2022,2,1,5,3,0,0,5,False,False,False,False,False,True,False,False,False,False,10.57156638117452
d8280620-af8b-4839-badd-415447267f1c,00000000-0000-0000-0000-000000000003,470852ed-b70b-4f24-879a-6edb4193d8b6,79c1732a-a6d1-4565-b515-c59de4dbdfe5,Insurance,Operational expense,34338.6,2024-02-26,approved,2024-02-26 16:02:43,2024,2,1,9,0,0,0,1,False,True,False,False,False,False,False,False,False,False,10.44405448615998
65486ab6-5aae-4af7-9b81-5308df2d5f1a,00000000-0000-0000-0000-000000000001,0eb66abb-0d5d-4e88-a3ff-16776e267d83,f577e0e3-284e-4c71-8d16-74f51d0fe305,Marketing,Operational expense,35124.41,2023-06-19,approved,2023-06-19 09:34:00,2023,6,2,25,0,0,0,4,False,False,False,False,True,False,False,False,False,False,10.466680079165787
4a7e0b75-050f-4698-8a21-e2757bb451d6,00000000-0000-0000-0000-000000000002,5f6c98b4-4360-41ee-83a3-efc700651a04,e213801b-a706-48c3-9ba4-7db14d3912f3,Logistics,Operational expense,38313.89,2024-12-25,approved,2024-12-25 17:01:21,2024,12,4,52,2,0,0,2,False,False,True,False,False,False,False,False,False,False,10.553593872462109
4d2e36ed-804e-40dc-9c18-9d38a555fe79,00000000-0000-0000-0000-000000000002,5f6c98b4-4360-41ee-83a3-efc700651a04,7f514159-0b19-4321-a308-daec53995d5a,Marketing,Operational expense,45284.5,2024-11-10,approved,2024-11-10 16:06:54,2024,11,4,45,6,1,0,4,False,False,False,False,True,False,False,False,False,False,10.720742171931711
fa78d7e7-d339-4f54-b9b7-be6c68c1ba71,00000000-0000-0000-0000-000000000001,a01b7f2a-d4d0-48bf-bb89-c1040f55587a,5a96b78c-2c6b-4aaa-88b5-7c7485705113,Logistics,Operational expense,22358.39,2024-09-29,approved,2024-09-29 10:58:26,2024,9,3,39,6,1,0,2,False,False,True,False,False,False,False,False,False,False,10.015001646038229
9cbd3223-5109-4b71-bdd0-bc0ec260dc77,00000000-0000-0000-0000-000000000002,b961632b-814f-4481-946b-17a792487aa7,2afe7cda-5682-4c01-a59f-5f13090047f6,Maintenance,Operational expense,6060.54,2024-01-03,approved,2024-01-03 16:40:26,2024,1,1,1,2,0,0,3,False,False,False,True,False,False,False,False,False,False,8.709719172191509
d19c766e-c09e-415c-baba-fd674a277a4c,00000000-0000-0000-0000-000000000003,7227b311-834f-4815-aa86-c5d464758be1,045901bc-3a1a-4a0b-bd8b-876c218464f4,Maintenance,Operational expense,30861.85,2023-11-12,approved,2023-11-12 08:28:33,2023,11,4,45,6,1,0,3,False,False,False,True,False,False,False,False,False,False,10.337308474212865
b64a3c4e-4396-4fa3-aa7d-d0c9f9b438af,00000000-0000-0000-0000-000000000003,470852ed-b70b-4f24-879a-6edb4193d8b6,355d120a-98dd-4393-a62e-df5f4b8a455b,Marketing,Operational expense,47157.1,2022-05-07,approved,2022-05-07 12:42:03,2022,5,2,18,5,1,0,4,False,False,False,False,True,False,False,False,False,False,10.761261065459726
c6377690-3c06-47d8-bd15-80576d44fb81,00000000-0000-0000-0000-000000000003,7227b311-834f-4815-aa86-c5d464758be1,29998a31-9af5-4c58-9bfe-cde4f9a96969,Insurance,Operational expense,49533.35,2022-01-25,pending,2022-01-25 16:29:17,2022,1,1,4,1,0,0,1,False,True,False,False,False,False,False,False,False,False,10.81042164728611
9782f951-36d3-451b-8af8-6bea38b23427,00000000-0000-0000-0000-000000000001,a01b7f2a-d4d0-48bf-bb89-c1040f55587a,5a96b78c-2c6b-4aaa-88b5-7c7485705113,Insurance,Operational expense,21683.51,2023-08-05,approved,2023-08-05 12:34:12,2023,8,3,31,5,1,0,1,False,True,False,False,False,False,False,False,False,False,9.984353459749467
7bdea50d-c77e-413c-b3dc-dcf42e79ee64,00000000-0000-0000-0000-000000000003,7227b311-834f-4815-aa86-c5d464758be1,79c1732a-a6d1-4565-b515-c59de4dbdfe5,Travel,Operational expense,3256.32,2023-03-04,pending,2023-03-04 18:20:22,2023,3,1,9,5,1,0,8,False,False,False,False,False,False,False,False,True,False,8.088660050373269
5e43f879-77ba-4c1d-9014-33c3aebb5062,00000000-0000-0000-0000-000000000001,0eb66abb-0d5d-4e88-a3ff-16776e267d83,5a96b78c-2c6b-4aaa-88b5-7c7485705113,Maintenance,Operational expense,13696.92,2024-04-24,approved,2024-04-24 13:49:27,2024,4,2,17,2,0,0,3,False,False,False,True,False,False,False,False,False,False,9.524999275472144
6753109f-4d66-4c0b-be0f-a5520d37b2c8,00000000-0000-0000-0000-000000000002,b961632b-814f-4481-946b-17a792487aa7,f72410dd-3260-4ece-a477-1ae69ac1e84e,Insurance,Operational expense,12523.08,2023-10-26,approved,2023-10-26 15:02:42,2023,10,4,43,3,0,0,1,False,True,False,False,False,False,False,False,False,False,9.435408470161443
7f390cde-955e-4177-99f3-2b85fd0b8943,00000000-0000-0000-0000-000000000001,0eb66abb-0d5d-4e88-a3ff-16776e267d83,f577e0e3-284e-4c71-8d16-74f51d0fe305,Travel,Operational expense,39802.84,2023-09-30,approved,2023-09-30 13:38:24,2023,9,3,39,5,1,1,8,False,False,False,False,False,False,False,False,True,False,10.591718669030461
688bd979-c244-4fea-85b1-db9bfbe5138c,00000000-0000-0000-0000-000000000002,5f6c98b4-4360-41ee-83a3-efc700651a04,c75c1d53-938d-4640-b118-e5ada06ce255,Marketing,Operational expense,10469.67,2024-11-07,pending,2024-11-07 11:05:14,2024,11,4,45,3,0,0,4,False,False,False,False,True,False,False,False,False,False,9.25633329417628
bb30e34e-48f8-4f22-b264-bf41288fe760,00000000-0000-0000-0000-000000000002,b961632b-814f-4481-946b-17a792487aa7,6708a3ae-03ac-432d-8065-25bbf8f3a753,Logistics,Operational expense,23061.48,2024-08-13,pending,2024-08-13 10:50:38,2024,8,3,33,1,0,0,2,False,False,True,False,False,False,False,False,False,False,10.045962333573835
cd8d163f-a7de-4745-87bd-4453df85b5f3,00000000-0000-0000-0000-000000000003,9b1ac5ce-ad4f-40d1-8b7c-0005176b143d,3b9ffffd-ca39-4330-b08f-59cdb916323f,Insurance,Operational expense,27520.91,2023-01-18,approved,2023-01-18 14:04:26,2023,1,1,3,2,0,0,1,False,True,False,False,False,False,False,False,False,False,10.222737693708696
a130e996-a30c-4880-963e-de8e07dd2a52,00000000-0000-0000-0000-000000000001,0eb66abb-0d5d-4e88-a3ff-16776e267d83,f0e9f4da-9ca0-492d-a21e-3f8a819f9184,Logistics,Operational expense,40879.21,2022-06-26,pending,2022-06-26 08:43:02,2022,6,2,25,6,1,0,2,False,False,True,False,False,False,False,False,False,False,10.618401361850694
85d81b2c-285c-4fae-8f7e-45e8bb1edef7,00000000-0000-0000-0000-000000000002,587616fd-ba60-493e-ba92-b68a61b5cdce,c75c1d53-938d-4640-b118-e5ada06ce255,Marketing,Operational expense,43954.95,2022-07-22,approved,2022-07-22 18:20:34,2022,7,3,29,4,0,0,4,False,False,False,False,True,False,False,False,False,False,10.69094327506503
0c9bf1c7-77b3-4400-bc47-afd13316037f,00000000-0000-0000-0000-000000000003,9b1ac5ce-ad4f-40d1-8b7c-0005176b143d,79c1732a-a6d1-4565-b515-c59de4dbdfe5,IT & Software,Operational expense,42142.12,2022-01-28,approved,2022-01-28 10:50:27,2022,1,1,4,4,0,0,0,True,False,False,False,False,False,False,False,False,False,10.648826723535327
eb869e70-cfd4-4667-9c57-d75233241c5b,00000000-0000-0000-0000-000000000002,587616fd-ba60-493e-ba92-b68a61b5cdce,6708a3ae-03ac-432d-8065-25bbf8f3a753,Logistics,Operational expense,45254.85,2022-07-06,pending,2022-07-06 11:11:15,2022,7,3,27,2,0,0,2,False,False,True,False,False,False,False,False,False,False,10.72008722253986
db9ce3a9-ea11-4d32-97cf-fc185731077b,00000000-0000-0000-0000-000000000001,51fd3682-4888-4a55-92f7-281307c67941,f577e0e3-284e-4c71-8d16-74f51d0fe305,Office Supplies,Operational expense,19857.25,2023-03-27,approved,2023-03-27 16:12:56,2023,3,1,13,0,0,0,5,False,False,False,False,False,True,False,False,False,False,9.896374816898925
e11de909-8698-4e1d-aa22-cf30a69228b4,00000000-0000-0000-0000-000000000002,587616fd-ba60-493e-ba92-b68a61b5cdce,7f514159-0b19-4321-a308-daec53995d5a,Maintenance,Operational expense,44468.17,2024-05-29,approved,2024-05-29 10:04:31,2024,5,2,22,2,0,0,3,False,False,False,True,False,False,False,False,False,False,10.702551419062516
074120b2-8e12-4cf4-94c1-a05689e4ebb9,00000000-0000-0000-0000-000000000003,470852ed-b70b-4f24-879a-6edb4193d8b6,355d120a-98dd-4393-a62e-df5f4b8a455b,Travel,Operational expense,46685.08,2024-08-16,approved,2024-08-16 14:00:01,2024,8,3,33,4,0,0,8,False,False,False,False,False,False,False,False,True,False,10.751201326419322
350a509d-a450-4f3c-a5d6-2fdd153b7a6c,00000000-0000-0000-0000-000000000002,b961632b-814f-4481-946b-17a792487aa7,9d2a5f48-38f2-46be-b733-c1b9f1c891c4,IT & Software,Operational expense,1795.86,2024-11-14,approved,2024-11-14 09:40:48,2024,11,4,46,3,0,0,0,True,False,False,False,False,False,False,False,False,False,7.493795976124785
e79be50d-bc41-480e-b99c-694adff5efb1,00000000-0000-0000-0000-000000000003,9b1ac5ce-ad4f-40d1-8b7c-0005176b143d,9dd0c56d-a9cf-4c8d-a998-9df89eb48a85,Maintenance,Operational expense,28109.32,2023-02-09,approved,2023-02-09 16:18:03,2023,2,1,6,3,0,0,3,False,False,False,True,False,False,False,False,False,False,10.243892047684946
7a4300a4-636e-4cc9-8d7c-697e6d1e112d,00000000-0000-0000-0000-000000000001,a01b7f2a-d4d0-48bf-bb89-c1040f55587a,aadd1a3f-3f20-499a-b950-51966ac9090c,Logistics,Operational expense,6397.63,2022-01-11,pending,2022-01-11 12:24:31,2022,1,1,2,1,0,0,2,False,False,True,False,False,False,False,False,False,False,8.763839183933117
21c779d9-8622-42f5-b095-a8432896e9aa,00000000-0000-0000-0000-000000000002,b961632b-814f-4481-946b-17a792487aa7,2afe7cda-5682-4c01-a59f-5f13090047f6,Travel,Operational expense,39496.57,2024-09-29,approved,2024-09-29 10:08:12,2024,9,3,39,6,1,0,8,False,False,False,False,False,False,False,False,True,False,10.5839944300095
dd283e9b-e643-43c5-b011-eccc19a81449,00000000-0000-0000-0000-000000000003,9b1ac5ce-ad4f-40d1-8b7c-0005176b143d,9dd0c56d-a9cf-4c8d-a998-9df89eb48a85,Marketing,Operational expense,34035.48,2024-08-21,rejected,2024-08-21 17:00:44,2024,8,3,34,2,0,0,4,False,False,False,False,True,False,False,False,False,False,10.435188169584778
78124be8-086d-48f4-9c0e-1c6c32dd7d8a,00000000-0000-0000-0000-000000000002,5f6c98b4-4360-41ee-83a3-efc700651a04,2afe7cda-5682-4c01-a59f-5f13090047f6,Insurance,Operational expense,22309.05,2023-10-11,approved,2023-10-11 08:36:01,2023,10,4,41,2,0,0,1,False,True,False,False,False,False,False,False,False,False,10.012792528571534
fb38bc63-ca84-43fd-91a3-59afe104a389,00000000-0000-0000-0000-000000000003,7227b311-834f-4815-aa86-c5d464758be1,045901bc-3a1a-4a0b-bd8b-876c218464f4,Office Supplies,Operational expense,36398.29,2022-06-27,rejected,2022-06-27 10:48:29,2022,6,2,26,0,0,0,5,False,False,False,False,False,True,False,False,False,False,10.502304547940092
b7723f8c-760f-47c2-b9bd-200d30d21618,00000000-0000-0000-0000-000000000002,b961632b-814f-4481-946b-17a792487aa7,c75c1d53-938d-4640-b118-e5ada06ce255,Logistics,Operational expense,23152.54,2024-10-29,approved,2024-10-29 10:59:38,2024,10,4,44,1,0,0,2,False,False,True,False,False,False,False,False,False,False,10.049902963590695
79cd2142-875b-4d9b-ab39-9372a6c1a7d9,00000000-0000-0000-0000-000000000002,b961632b-814f-4481-946b-17a792487aa7,81c496fc-1d35-4405-9a7d-ae0a15104d5b,Office Supplies,Operational expense,46709.99,2024-10-30,approved,2024-10-30 12:16:41,2024,10,4,44,2,0,0,5,False,False,False,False,False,True,False,False,False,False,10.751734747876561
531c2f7b-f361-4571-bbc5-9354c386745d,00000000-0000-0000-0000-000000000002,b961632b-814f-4481-946b-17a792487aa7,f72410dd-3260-4ece-a477-1ae69ac1e84e,Marketing,Operational expense,24405.38,2024-01-18,approved,2024-01-18 15:39:44,2024,1,1,3,3,0,0,4,False,False,False,False,True,False,False,False,False,False,10.102599852512393
b60ec85b-ff66-4a08-b9a2-1ee524bf6fdf,00000000-0000-0000-0000-000000000003,7227b311-834f-4815-aa86-c5d464758be1,355d120a-98dd-4393-a62e-df5f4b8a455b,Office Supplies,Operational expense,4607.9,2023-01-25,approved,2023-01-25 10:22:34,2023,1,1,4,2,0,0,5,False,False,False,False,False,True,False,False,False,False,8.435744495804723
387172bb-9234-466c-931a-87af27ffae6b,00000000-0000-0000-0000-000000000001,0eb66abb-0d5d-4e88-a3ff-16776e267d83,f17772cf-7a8e-4e04-aeef-8c148fe1a7e5,Marketing,Operational expense,1944.75,2023-06-24,approved,2023-06-24 17:05:55,2023,6,2,25,5,1,0,4,False,False,False,False,True,False,False,False,False,False,7.573402785839497
f181116c-d502-47af-9a08-830b2b71c6d2,00000000-0000-0000-0000-000000000002,b961632b-814f-4481-946b-17a792487aa7,bcde24c7-84f3-4459-afee-eba83339896c,IT & Software,Operational expense,20591.36,2022-08-26,approved,2022-08-26 12:46:16,2022,8,3,34,4,0,0,0,True,False,False,False,False,False,False,False,False,False,9.932675412200574
5af2e9c2-3400-457f-a0fd-78083fb37da1,00000000-0000-0000-0000-000000000001,51fd3682-4888-4a55-92f7-281307c67941,4736f247-39f8-400c-b9ea-519dfbb485f6,Marketing,Operational expense,30453.93,2023-02-15,approved,2023-02-15 17:24:16,2023,2,1,7,2,0,0,4,False,False,False,False,True,False,False,False,False,False,10.324003164794787
d9cee8c5-4f86-487a-8629-edd9d11ea608,00000000-0000-0000-0000-000000000003,7227b311-834f-4815-aa86-c5d464758be1,29998a31-9af5-4c58-9bfe-cde4f9a96969,Marketing,Operational expense,18446.18,2022-05-10,approved,2022-05-10 18:27:15,2022,5,2,19,1,0,0,4,False,False,False,False,True,False,False,False,False,False,9.82266679225815
ee4c1f83-0979-4201-99a8-33fb07788434,00000000-0000-0000-0000-000000000001,a01b7f2a-d4d0-48bf-bb89-c1040f55587a,163b0e08-1801-4ae5-af8c-f287fbcdff7c,Travel,Operational expense,18003.9,2024-10-12,approved,2024-10-12 14:15:24,2024,10,4,41,5,1,0,8,False,False,False,False,False,False,False,False,True,False,9.798399222054778
f94501d0-fb81-491a-93c6-30bab39a8111,00000000-0000-0000-0000-000000000001,51fd3682-4888-4a55-92f7-281307c67941,f577e0e3-284e-4c71-8d16-74f51d0fe305,Marketing,Operational expense,28584.89,2024-11-29,approved,2024-11-29 14:51:55,2024,11,4,48,4,0,0,4,False,False,False,False,True,False,False,False,False,False,10.260668518424156
2f6f6d31-ae51-4eac-9482-85486a8e6de5,00000000-0000-0000-0000-000000000003,9b1ac5ce-ad4f-40d1-8b7c-0005176b143d,79c1732a-a6d1-4565-b515-c59de4dbdfe5,Travel,Operational expense,22690.9,2022-09-20,approved,2022-09-20 14:09:32,2022,9,3,38,1,0,0,8,False,False,False,False,False,False,False,False,True,False,10.029763311597334
37328a14-2638-44f1-85ad-140f8d7e344c,00000000-0000-0000-0000-000000000002,587616fd-ba60-493e-ba92-b68a61b5cdce,c75c1d53-938d-4640-b118-e5ada06ce255,Travel,Operational expense,24883.45,2023-04-22,pending,2023-04-22 14:53:16,2023,4,2,16,5,1,0,8,False,False,False,False,False,False,False,False,True,False,10.121998389380737
8a925c6b-33bc-4851-b312-6ec558d4afc2,00000000-0000-0000-0000-000000000001,51fd3682-4888-4a55-92f7-281307c67941,4736f247-39f8-400c-b9ea-519dfbb485f6,Maintenance,Operational expense,7748.68,2024-08-26,pending,2024-08-26 14:25:06,2024,8,3,35,0,0,0,3,False,False,False,True,False,False,False,False,False,False,8.955406831172343
baf2196b-622d-49e6-bcaa-087ee5263f29,00000000-0000-0000-0000-000000000002,5f6c98b4-4360-41ee-83a3-efc700651a04,e213801b-a706-48c3-9ba4-7db14d3912f3,Travel,Operational expense,38260.21,2022-11-20,approved,2022-11-20 13:59:47,2022,11,4,46,6,1,0,8,False,False,False,False,False,False,False,False,True,False,10.552191868212928
98d35bd9-6d99-4847-80e9-403ccdba1fde,00000000-0000-0000-0000-000000000001,a01b7f2a-d4d0-48bf-bb89-c1040f55587a,f0e9f4da-9ca0-492d-a21e-3f8a819f9184,Maintenance,Operational expense,27913.91,2022-11-21,pending,2022-11-21 12:57:55,2022,11,4,47,0,0,0,3,False,False,False,True,False,False,False,False,False,False,10.236916233666184
3a692dba-d4a1-4c41-a852-7f8fe433a958,00000000-0000-0000-0000-000000000001,0eb66abb-0d5d-4e88-a3ff-16776e267d83,f17772cf-7a8e-4e04-aeef-8c148fe1a7e5,IT & Software,Operational expense,7983.41,2022-08-31,approved,2022-08-31 08:58:20,2022,8,3,35,2,0,1,0,True,False,False,False,False,False,False,False,False,False,8.985246169378206
c667cfe8-8344-47ea-9d98-6f647526efe5,00000000-0000-0000-0000-000000000002,5f6c98b4-4360-41ee-83a3-efc700651a04,bcde24c7-84f3-4459-afee-eba83339896c,Office Supplies,Operational expense,33055.9,2023-12-30,approved,2023-12-30 08:41:39,2023,12,4,52,5,1,0,5,False,False,False,False,False,True,False,False,False,False,10.405985598073416
62b7e84f-f2f6-4773-aac8-46740d89a4bf,00000000-0000-0000-0000-000000000003,470852ed-b70b-4f24-879a-6edb4193d8b6,79c1732a-a6d1-4565-b515-c59de4dbdfe5,Insurance,Operational expense,12533.93,2022-03-31,approved,2022-03-31 11:16:49,2022,3,1,13,3,0,1,1,False,True,False,False,False,False,False,False,False,False,9.43627442621302
f14fbbb7-57c5-4c7c-9a42-3ea0403399a1,00000000-0000-0000-0000-000000000002,587616fd-ba60-493e-ba92-b68a61b5cdce,81c496fc-1d35-4405-9a7d-ae0a15104d5b,Marketing,Operational expense,7817.27,2022-02-13,approved,2022-02-13 18:08:59,2022,2,1,6,6,1,0,4,False,False,False,False,True,False,False,False,False,False,8.964218581443433
3ba6a6d7-4f36-4c82-bcf0-57f132d841e4,00000000-0000-0000-0000-000000000002,587616fd-ba60-493e-ba92-b68a61b5cdce,517d046e-f5e7-4244-8dab-e8995b9bfdc4,IT & Software,Operational expense,49738.62,2024-07-18,approved,2024-07-18 10:30:45,2024,7,3,29,3,0,0,0,True,False,False,False,False,False,False,False,False,False,10.814557077601634
ea807151-10a9-4da8-a0e2-8f0272d86517,00000000-0000-0000-0000-000000000002,b961632b-814f-4481-946b-17a792487aa7,9d2a5f48-38f2-46be-b733-c1b9f1c891c4,Travel,Operational expense,25213.72,2022-09-11,approved,2022-09-11 16:57:56,2022,9,3,36,6,1,0,8,False,False,False,False,False,False,False,False,True,False,10.13518322994788
e542a50e-04b9-432d-8f57-9584eb7d1530,00000000-0000-0000-0000-000000000001,51fd3682-4888-4a55-92f7-281307c67941,f577e0e3-284e-4c71-8d16-74f51d0fe305,Marketing,Operational expense,29336.84,2024-12-18,approved,2024-12-18 17:14:09,2024,12,4,51,2,0,0,4,False,False,False,False,True,False,False,False,False,False,10.286633429355012
63f0404b-2354-40a9-b3ad-b167c27cf5a3,00000000-0000-0000-0000-000000000002,587616fd-ba60-493e-ba92-b68a61b5cdce,c75c1d53-938d-4640-b118-e5ada06ce255,Office Supplies,Operational expense,6028.86,2023-07-06,approved,2023-07-06 10:06:58,2023,7,3,27,3,0,0,5,False,False,False,False,False,True,False,False,False,False,8.70447907220461
65e30a9d-083f-49bc-abeb-a6bdad2edc8b,00000000-0000-0000-0000-000000000003,7227b311-834f-4815-aa86-c5d464758be1,1db94196-443a-440f-ad7e-c4422bb047e3,Logistics,Operational expense,11891.25,2022-06-21,approved,2022-06-21 16:29:37,2022,6,2,25,1,0,0,2,False,False,True,False,False,False,False,False,False,False,9.383642206433176
497b7bc9-2a09-467a-92aa-14f177f31dd9,00000000-0000-0000-0000-000000000002,b961632b-814f-4481-946b-17a792487aa7,e213801b-a706-48c3-9ba4-7db14d3912f3,Marketing,Operational expense,26922.81,2022-10-02,approved,2022-10-02 09:10:46,2022,10,4,39,6,1,0,4,False,False,False,False,True,False,False,False,False,False,10.200766304204798
1b33a7af-a43b-4041-b37f-11328d819931,00000000-0000-0000-0000-000000000001,51fd3682-4888-4a55-92f7-281307c67941,ea13a2c7-2a88-40f3-b073-4e507c524f18,Logistics,Operational expense,34884.9,2022-11-10,approved,2022-11-10 17:58:16,2022,11,4,45,3,0,0,2,False,False,True,False,False,False,False,False,False,False,10.459838015094581
29867b43-9223-4118-8e86-473d9a22bfe9,00000000-0000-0000-0000-000000000003,7227b311-834f-4815-aa86-c5d464758be1,8626b762-d8ef-4e32-8446-33cdac213522,Logistics,Operational expense,29799.8,2022-12-26,approved,2022-12-26 10:04:02,2022,12,4,52,0,0,0,2,False,False,True,False,False,False,False,False,False,False,10.302290517770743
9a731be0-d63e-4f49-90bc-51cfed401066,00000000-0000-0000-0000-000000000003,7227b311-834f-4815-aa86-c5d464758be1,29998a31-9af5-4c58-9bfe-cde4f9a96969,Marketing,Operational expense,49690.8,2022-12-25,pending,2022-12-25 14:00:33,2022,12,4,51,6,1,0,4,False,False,False,False,True,False,False,False,False,False,10.813595208532744
84e93948-b2b9-4c92-a467-3c686aa62ad9,00000000-0000-0000-0000-000000000001,a01b7f2a-d4d0-48bf-bb89-c1040f55587a,f0e9f4da-9ca0-492d-a21e-3f8a819f9184,Office Supplies,Operational expense,24128.38,2024-12-01,rejected,2024-12-01 08:55:21,2024,12,4,48,6,1,0,5,False,False,False,False,False,True,False,False,False,False,10.091185464132325
b8ce95f7-70a0-4dfb-bec1-504efb135bff,00000000-0000-0000-0000-000000000001,a01b7f2a-d4d0-48bf-bb89-c1040f55587a,163b0e08-1801-4ae5-af8c-f287fbcdff7c,Travel,Operational expense,38885.61,2022-01-19,approved,2022-01-19 12:00:08,2022,1,1,3,2,0,0,8,False,False,False,False,False,False,False,False,True,False,10.56840525441233
afe95f3d-1c23-437c-b3d3-1fc585c55d93,00000000-0000-0000-0000-000000000001,51fd3682-4888-4a55-92f7-281307c67941,eaefa70d-63c2-4537-b86d-2205b826bb2e,IT & Software,Operational expense,28258.73,2022-10-31,approved,2022-10-31 10:04:36,2022,10,4,44,0,0,1,0,True,False,False,False,False,False,False,False,False,False,10.24919310205275
35b34e92-0439-4d3f-bf23-5dfb27b459de,00000000-0000-0000-0000-000000000001,0eb66abb-0d5d-4e88-a3ff-16776e267d83,aadd1a3f-3f20-499a-b950-51966ac9090c,Marketing,Operational expense,12453.51,2022-04-02,approved,2022-04-02 09:29:36,2022,4,2,13,5,1,0,4,False,False,False,False,True,False,False,False,False,False,9.429838085292511
91555988-6e12-4c4b-a230-9647abca962b,00000000-0000-0000-0000-000000000003,470852ed-b70b-4f24-879a-6edb4193d8b6,3b9ffffd-ca39-4330-b08f-59cdb916323f,Insurance,Operational expense,29570.42,2022-07-19,approved,2022-07-19 17:10:34,2022,7,3,29,1,0,0,1,False,True,False,False,False,False,False,False,False,False,10.294563633337079
da51c774-edc5-4508-a0a2-540b270c3fcf,00000000-0000-0000-0000-000000000003,470852ed-b70b-4f24-879a-6edb4193d8b6,355d120a-98dd-4393-a62e-df5f4b8a455b,Travel,Operational expense,37716.59,2023-02-21,approved,2023-02-21 15:42:49,2023,2,1,8,1,0,0,8,False,False,False,False,False,False,False,False,True,False,10.537881842871654
916e00bb-7f8b-4480-b7ed-0671b73cf888,00000000-0000-0000-0000-000000000002,587616fd-ba60-493e-ba92-b68a61b5cdce,07274486-6344-4009-ae28-b9027a51f93f,Insurance,Operational expense,33523.77,2023-03-21,pending,2023-03-21 09:26:21,2023,3,1,12,1,0,0,1,False,True,False,False,False,False,False,False,False,False,10.420039847574518
a535c01e-b2eb-43fb-b256-bd9bd7951204,00000000-0000-0000-0000-000000000003,7227b311-834f-4815-aa86-c5d464758be1,61d2418d-6936-4075-a481-1d994952d89b,Insurance,Operational expense,39570.22,2023-04-11,pending,2023-04-11 11:23:23,2023,4,2,15,1,0,0,1,False,True,False,False,False,False,False,False,False,False,10.585857365342148
66c583d8-fbeb-491c-8cbd-d28fe693db3a,00000000-0000-0000-0000-000000000003,7227b311-834f-4815-aa86-c5d464758be1,79c1732a-a6d1-4565-b515-c59de4dbdfe5,IT & Software,Operational expense,46124.99,2024-02-04,pending,2024-02-04 10:22:35,2024,2,1,5,6,1,0,0,True,False,False,False,False,False,False,False,False,False,10.739131844527126
86150f19-8636-4adb-ba7d-a1b50816e8cc,00000000-0000-0000-0000-000000000001,0eb66abb-0d5d-4e88-a3ff-16776e267d83,7760d86e-b342-473c-8c64-b55d64aa491a,Office Supplies,Operational expense,42878.04,2024-04-12,approved,2024-04-12 12:32:54,2024,4,2,15,4,0,0,5,False,False,False,False,False,True,False,False,False,False,10.666138407434365
034bae12-d417-4a22-abd6-54a27c28924e,00000000-0000-0000-0000-000000000003,7227b311-834f-4815-aa86-c5d464758be1,045901bc-3a1a-4a0b-bd8b-876c218464f4,Office Supplies,Operational expense,23079.89,2023-04-20,approved,2023-04-20 18:23:41,2023,4,2,16,3,0,0,5,False,False,False,False,False,True,False,False,False,False,10.046760281403689
2c7bea16-24c9-41a1-967f-59e59e89e458,00000000-0000-0000-0000-000000000001,a01b7f2a-d4d0-48bf-bb89-c1040f55587a,ea13a2c7-2a88-40f3-b073-4e507c524f18,Logistics,Operational expense,31985.03,2024-01-01,approved,2024-01-01 08:36:26,2024,1,1,1,0,0,0,2,False,False,True,False,False,False,False,False,False,False,10.373054523960711
ecfbb6f3-1d20-4d22-9eac-d7965508f39d,00000000-0000-0000-0000-000000000003,7227b311-834f-4815-aa86-c5d464758be1,355d120a-98dd-4393-a62e-df5f4b8a455b,Insurance,Operational expense,612.05,2023-06-06,approved,2023-06-06 13:32:33,2023,6,2,23,1,0,0,1,False,True,False,False,False,False,False,False,False,False,6.418446498678396
44e03056-0377-4c47-b272-608a9cff1e39,00000000-0000-0000-0000-000000000003,470852ed-b70b-4f24-879a-6edb4193d8b6,1db94196-443a-440f-ad7e-c4422bb047e3,Maintenance,Operational expense,25855.09,2023-01-22,approved,2023-01-22 12:03:04,2023,1,1,3,6,1,0,3,False,False,False,True,False,False,False,False,False,False,10.160301442131596
f2709b52-eb1f-46ce-82f6-66aeb7665c2f,00000000-0000-0000-0000-000000000001,a01b7f2a-d4d0-48bf-bb89-c1040f55587a,3f0519f3-383c-48a1-8609-f4b51fd5ecd4,Travel,Operational expense,21312.61,2023-09-20,approved,2023-09-20 09:13:43,2023,9,3,38,2,0,0,8,False,False,False,False,False,False,False,False,True,False,9.967101114781084
d95ed166-2dbb-43f3-a967-dd09b948e7ad,00000000-0000-0000-0000-000000000002,5f6c98b4-4360-41ee-83a3-efc700651a04,9d2a5f48-38f2-46be-b733-c1b9f1c891c4,Office Supplies,Operational expense,43832.61,2023-07-08,approved,2023-07-08 16:47:05,2023,7,3,27,5,1,0,5,False,False,False,False,False,True,False,False,False,False,10.688156153699
1079a0fa-e0b3-4072-a8ed-49ebf4994133,00000000-0000-0000-0000-000000000001,a01b7f2a-d4d0-48bf-bb89-c1040f55587a,f0e9f4da-9ca0-492d-a21e-3f8a819f9184,Logistics,Operational expense,9193.93,2023-09-16,approved,2023-09-16 14:46:47,2023,9,3,37,5,1,0,2,False,False,True,False,False,False,False,False,False,False,9.126407524176383
729db959-8b06-4026-887b-ed9f462616cf,00000000-0000-0000-0000-000000000003,7227b311-834f-4815-aa86-c5d464758be1,3b9ffffd-ca39-4330-b08f-59cdb916323f,Maintenance,Operational expense,13790.31,2024-03-12,approved,2024-03-12 15:35:05,2024,3,1,11,1,0,0,3,False,False,False,True,False,False,False,False,False,False,9.531793962649662
d19272a7-2576-4270-ae9a-75c0258d55b5,00000000-0000-0000-0000-000000000001,0eb66abb-0d5d-4e88-a3ff-16776e267d83,7760d86e-b342-473c-8c64-b55d64aa491a,Logistics,Operational expense,18449.17,2024-09-06,approved,2024-09-06 16:33:51,2024,9,3,36,4,0,0,2,False,False,True,False,False,False,False,False,False,False,9.822828863518364
c9565fa6-fa6d-4537-872d-00a6f24ad87c,00000000-0000-0000-0000-000000000001,a01b7f2a-d4d0-48bf-bb89-c1040f55587a,ea13a2c7-2a88-40f3-b073-4e507c524f18,Logistics,Operational expense,20826.68,2022-01-22,approved,2022-01-22 13:10:58,2022,1,1,3,5,1,0,2,False,False,True,False,False,False,False,False,False,False,9.944038150231597
f692857b-f4ea-47f9-a386-015c91120792,00000000-0000-0000-0000-000000000001,0eb66abb-0d5d-4e88-a3ff-16776e267d83,7760d86e-b342-473c-8c64-b55d64aa491a,Logistics,Operational expense,38098.61,2024-07-28,approved,2024-07-28 09:02:07,2024,7,3,30,6,1,0,2,False,False,True,False,False,False,False,False,False,False,10.54795932484193
0247e4cf-e9e4-460d-92a2-3710a1a6161e,00000000-0000-0000-0000-000000000003,7227b311-834f-4815-aa86-c5d464758be1,33baaf1c-3618-44b5-b42a-4673992689f8,Insurance,Operational expense,18109.24,2022-01-27,approved,2022-01-27 08:24:32,2022,1,1,4,3,0,0,1,False,True,False,False,False,False,False,False,False,False,9.804232803136417
3118fc28-d914-4dd1-a9ec-30e13328f838,00000000-0000-0000-0000-000000000001,a01b7f2a-d4d0-48bf-bb89-c1040f55587a,aadd1a3f-3f20-499a-b950-51966ac9090c,Marketing,Operational expense,675.52,2024-08-03,approved,2024-08-03 08:36:19,2024,8,3,31,5,1,0,4,False,False,False,False,True,False,False,False,False,False,6.516962011105841
cacec9db-c04b-418b-9b4b-ea315432d3b6,00000000-0000-0000-0000-000000000001,a01b7f2a-d4d0-48bf-bb89-c1040f55587a,aadd1a3f-3f20-499a-b950-51966ac9090c,Office Supplies,Operational expense,48337.78,2024-04-25,pending,2024-04-25 13:56:33,2024,4,2,17,3,0,0,5,False,False,False,False,False,True,False,False,False,False,10.785989416040772
f1288de3-9097-4dd8-b58c-84251ef6d377,00000000-0000-0000-0000-000000000001,51fd3682-4888-4a55-92f7-281307c67941,5a96b78c-2c6b-4aaa-88b5-7c7485705113,IT & Software,Operational expense,6328.75,2022-02-20,approved,2022-02-20 12:25:43,2022,2,1,7,6,1,0,0,True,False,False,False,False,False,False,False,False,False,8.75301601988752
86f3a235-8791-43c2-9f64-e4f5d8b055fb,00000000-0000-0000-0000-000000000002,b961632b-814f-4481-946b-17a792487aa7,2afe7cda-5682-4c01-a59f-5f13090047f6,Maintenance,Operational expense,18426.06,2022-04-26,pending,2022-04-26 13:45:25,2022,4,2,17,1,0,0,3,False,False,False,True,False,False,False,False,False,False,9.821575515421165
ee41d1be-cbec-453a-8520-d580d467d4c1,00000000-0000-0000-0000-000000000001,0eb66abb-0d5d-4e88-a3ff-16776e267d83,f577e0e3-284e-4c71-8d16-74f51d0fe305,Marketing,Operational expense,18264.3,2024-07-18,approved,2024-07-18 10:41:32,2024,7,3,29,3,0,0,4,False,False,False,False,True,False,False,False,False,False,9.81275836395078
d234e842-b73d-4823-a574-5aeca8db6766,00000000-0000-0000-0000-000000000002,5f6c98b4-4360-41ee-83a3-efc700651a04,517d046e-f5e7-4244-8dab-e8995b9bfdc4,Insurance,Operational expense,37000.61,2024-09-26,approved,2024-09-26 15:50:29,2024,9,3,39,3,0,0,1,False,True,False,False,False,False,False,False,False,False,10.51871670419319
2309fc58-b342-440b-9e80-b83656c3c223,00000000-0000-0000-0000-000000000001,0eb66abb-0d5d-4e88-a3ff-16776e267d83,7760d86e-b342-473c-8c64-b55d64aa491a,Travel,Operational expense,44523.05,2022-02-01,approved,2022-02-01 14:59:36,2022,2,1,5,1,0,0,8,False,False,False,False,False,False,False,False,True,False,10.703784771602335
81e0f03c-ff59-4d67-9b90-240af99fc70c,00000000-0000-0000-0000-000000000001,a01b7f2a-d4d0-48bf-bb89-c1040f55587a,5a96b78c-2c6b-4aaa-88b5-7c7485705113,Maintenance,Operational expense,9288.04,2024-07-02,approved,2024-07-02 12:00:29,2024,7,3,27,1,0,0,3,False,False,False,True,False,False,False,False,False,False,9.136590489546835
161338e6-ce07-46d2-be13-a278075cf579,00000000-0000-0000-0000-000000000002,b961632b-814f-4481-946b-17a792487aa7,e213801b-a706-48c3-9ba4-7db14d3912f3,Insurance,Operational expense,2652.57,2023-12-17,approved,2023-12-17 10:36:25,2023,12,4,50,6,1,0,1,False,True,False,False,False,False,False,False,False,False,7.883661182172494
9570516a-98c7-4334-9488-a50530f69af6,00000000-0000-0000-0000-000000000002,b961632b-814f-4481-946b-17a792487aa7,f72410dd-3260-4ece-a477-1ae69ac1e84e,Marketing,Operational expense,6048.18,2024-01-23,approved,2024-01-23 13:01:46,2024,1,1,4,1,0,0,4,False,False,False,False,True,False,False,False,False,False,8.707678004648809
bc1e0180-fa47-4612-b2a1-2cceff6bb83f,00000000-0000-0000-0000-000000000003,7227b311-834f-4815-aa86-c5d464758be1,61d2418d-6936-4075-a481-1d994952d89b,Maintenance,Operational expense,36094.42,2023-11-01,approved,2023-11-01 15:27:29,2023,11,4,44,2,0,0,3,False,False,False,True,False,False,False,False,False,False,10.493921266466224
f9406f5c-2468-4216-a289-6f840109a6c6,00000000-0000-0000-0000-000000000003,470852ed-b70b-4f24-879a-6edb4193d8b6,8626b762-d8ef-4e32-8446-33cdac213522,Logistics,Operational expense,24805.96,2022-02-22,approved,2022-02-22 18:57:49,2022,2,1,8,1,0,0,2,False,False,True,False,False,False,False,False,False,False,10.118879537940877
54638e86-579f-4de9-8f45-c17d4d284192,00000000-0000-0000-0000-000000000002,5f6c98b4-4360-41ee-83a3-efc700651a04,e213801b-a706-48c3-9ba4-7db14d3912f3,Office Supplies,Operational expense,14923.11,2022-11-20,approved,2022-11-20 10:05:31,2022,11,4,46,6,1,0,5,False,False,False,False,False,True,False,False,False,False,9.610733304991987
7bf2f07e-d327-402c-9d12-44b155305977,00000000-0000-0000-0000-000000000003,470852ed-b70b-4f24-879a-6edb4193d8b6,79c1732a-a6d1-4565-b515-c59de4dbdfe5,Travel,Operational expense,823.69,2023-04-02,approved,2023-04-02 17:27:46,2023,4,2,13,6,1,0,8,False,False,False,False,False,False,False,False,True,False,6.715007558144356
386d0370-0956-4805-b506-3407b918db04,00000000-0000-0000-0000-000000000002,5f6c98b4-4360-41ee-83a3-efc700651a04,7f514159-0b19-4321-a308-daec53995d5a,Maintenance,Operational expense,43319.01,2024-01-13,approved,2024-01-13 17:02:13,2024,1,1,2,5,1,0,3,False,False,False,True,False,False,False,False,False,False,10.67636993195516
6d2225aa-5e0d-48ae-b9cb-9e7e4e2dffba,00000000-0000-0000-0000-000000000002,5f6c98b4-4360-41ee-83a3-efc700651a04,7f514159-0b19-4321-a308-daec53995d5a,Marketing,Operational expense,19166.0,2024-04-10,approved,2024-04-10 17:43:00,2024,4,2,15,2,0,0,4,False,False,False,False,True,False,False,False,False,False,9.860945329270454
31d70db1-5a1e-43cb-8381-69b86d100f00,00000000-0000-0000-0000-000000000002,5f6c98b4-4360-41ee-83a3-efc700651a04,09cd08c0-c83a-42f5-96cc-b9c13c2aa7e4,Logistics,Operational expense,21446.75,2022-05-19,approved,2022-05-19 15:23:04,2022,5,2,20,3,0,0,2,False,False,True,False,False,False,False,False,False,False,9.97337502374939
e35f3d03-f45a-4482-8a3a-53dfb0f75ed3,00000000-0000-0000-0000-000000000002,b961632b-814f-4481-946b-17a792487aa7,517d046e-f5e7-4244-8dab-e8995b9bfdc4,Logistics,Operational expense,36723.9,2023-01-11,approved,2023-01-11 13:54:40,2023,1,1,2,2,0,0,2,False,False,True,False,False,False,False,False,False,False,10.511210278097595
bacf75b2-c017-443d-bebe-fd6e3f445d0c,00000000-0000-0000-0000-000000000002,5f6c98b4-4360-41ee-83a3-efc700651a04,7f514159-0b19-4321-a308-daec53995d5a,Office Supplies,Operational expense,42438.4,2023-03-30,approved,2023-03-30 12:07:06,2023,3,1,13,3,0,0,5,False,False,False,False,False,True,False,False,False,False,10.655832455021951
bda8302f-246a-48ee-a77b-53166d5ba585,00000000-0000-0000-0000-000000000001,0eb66abb-0d5d-4e88-a3ff-16776e267d83,f17772cf-7a8e-4e04-aeef-8c148fe1a7e5,Travel,Operational expense,45734.93,2022-02-07,approved,2022-02-07 09:00:02,2022,2,1,6,0,0,0,8,False,False,False,False,False,False,False,False,True,False,10.730639482419635
4bd3a637-f323-4d83-9dbe-7e09b55f0f74,00000000-0000-0000-0000-000000000003,7227b311-834f-4815-aa86-c5d464758be1,79c1732a-a6d1-4565-b515-c59de4dbdfe5,Logistics,Operational expense,2673.39,2024-06-09,approved,2024-06-09 18:33:47,2024,6,2,23,6,1,0,2,False,False,True,False,False,False,False,False,False,False,7.891476595942452
99bbad97-eacc-4420-9c62-1e92c4e47308,00000000-0000-0000-0000-000000000003,9b1ac5ce-ad4f-40d1-8b7c-0005176b143d,045901bc-3a1a-4a0b-bd8b-876c218464f4,Travel,Operational expense,18580.92,2023-11-08,approved,2023-11-08 12:57:22,2023,11,4,45,2,0,0,8,False,False,False,False,False,False,False,False,True,False,9.829944343950359
3f65e892-af2c-4b8f-8468-0fb25c982df4,00000000-0000-0000-0000-000000000001,51fd3682-4888-4a55-92f7-281307c67941,5a96b78c-2c6b-4aaa-88b5-7c7485705113,Logistics,Operational expense,35068.08,2023-12-17,approved,2023-12-17 10:25:21,2023,12,4,50,6,1,0,2,False,False,True,False,False,False,False,False,False,False,10.465075109542337
334c859e-80d8-4f1d-b20e-873b7cd3edc1,00000000-0000-0000-0000-000000000003,470852ed-b70b-4f24-879a-6edb4193d8b6,355d120a-98dd-4393-a62e-df5f4b8a455b,IT & Software,Operational expense,7277.58,2022-06-26,approved,2022-06-26 08:08:24,2022,6,2,25,6,1,0,0,True,False,False,False,False,False,False,False,False,False,8.892691067219987
7226b47c-dfdf-4f3b-b5dc-fa19554b3b3a,00000000-0000-0000-0000-000000000001,a01b7f2a-d4d0-48bf-bb89-c1040f55587a,f577e0e3-284e-4c71-8d16-74f51d0fe305,Insurance,Operational expense,15672.32,2024-05-11,approved,2024-05-11 12:54:30,2024,5,2,19,5,1,0,1,False,True,False,False,False,False,False,False,False,False,9.65971518272376
329605f0-2d63-427d-8990-b72692f29fd9,00000000-0000-0000-0000-000000000003,9b1ac5ce-ad4f-40d1-8b7c-0005176b143d,e452be79-f94b-4709-88bf-8f66053789c4,Maintenance,Operational expense,11661.49,2023-02-13,approved,2023-02-13 17:52:25,2023,2,1,7,0,0,0,3,False,False,False,True,False,False,False,False,False,False,9.364132987706142
8f0517a8-b777-4484-9667-fb2d3f143670,00000000-0000-0000-0000-000000000001,0eb66abb-0d5d-4e88-a3ff-16776e267d83,f0e9f4da-9ca0-492d-a21e-3f8a819f9184,Maintenance,Operational expense,10827.68,2024-03-30,approved,2024-03-30 12:20:27,2024,3,1,13,5,1,0,3,False,False,False,True,False,False,False,False,False,False,9.28995344891011
b7a2f81b-44b2-4d95-9681-3fdf60c2ec4b,00000000-0000-0000-0000-000000000003,7227b311-834f-4815-aa86-c5d464758be1,3b9ffffd-ca39-4330-b08f-59cdb916323f,Office Supplies,Operational expense,29969.38,2022-08-04,pending,2022-08-04 12:24:29,2022,8,3,31,3,0,0,5,False,False,False,False,False,True,False,False,False,False,10.30796483957634
9365cc06-57f5-4acc-b96d-8d7f139a9f1c,00000000-0000-0000-0000-000000000001,0eb66abb-0d5d-4e88-a3ff-16776e267d83,f0e9f4da-9ca0-492d-a21e-3f8a819f9184,Logistics,Operational expense,27981.7,2023-01-20,pending,2023-01-20 17:10:35,2023,1,1,3,4,0,0,2,False,False,True,False,False,False,False,False,False,False,10.239341741062102
87757a36-b9b6-4625-ac50-0557a546f3e4,00000000-0000-0000-0000-000000000002,587616fd-ba60-493e-ba92-b68a61b5cdce,2afe7cda-5682-4c01-a59f-5f13090047f6,Travel,Operational expense,34520.98,2023-01-07,approved,2023-01-07 17:02:47,2023,1,1,1,5,1,0,8,False,False,False,False,False,False,False,False,True,False,10.449351501605756
6430664e-639b-4c8a-a641-c429b19632f3,00000000-0000-0000-0000-000000000001,a01b7f2a-d4d0-48bf-bb89-c1040f55587a,eaefa70d-63c2-4537-b86d-2205b826bb2e,IT & Software,Operational expense,38376.99,2022-08-07,pending,2022-08-07 10:53:58,2022,8,3,31,6,1,0,0,True,False,False,False,False,False,False,False,False,False,10.555239397163705
cc10b37e-bedd-4aa7-8beb-4f6b1e4da8d2,00000000-0000-0000-0000-000000000001,0eb66abb-0d5d-4e88-a3ff-16776e267d83,f0e9f4da-9ca0-492d-a21e-3f8a819f9184,Travel,Operational expense,23842.4,2023-08-17,approved,2023-08-17 17:52:11,2023,8,3,33,3,0,0,8,False,False,False,False,False,False,False,False,True,False,10.07926272846005
37fd408a-6ac1-460a-be50-860ed8ef6022,00000000-0000-0000-0000-000000000002,587616fd-ba60-493e-ba92-b68a61b5cdce,e213801b-a706-48c3-9ba4-7db14d3912f3,IT & Software,Operational expense,44270.92,2023-03-18,pending,2023-03-18 08:37:53,2023,3,1,11,5,1,0,0,True,False,False,False,False,False,False,False,False,False,10.698105895013871
fc96b120-69e6-4a2e-a839-0db7ddf1e137,00000000-0000-0000-0000-000000000002,b961632b-814f-4481-946b-17a792487aa7,07274486-6344-4009-ae28-b9027a51f93f,Travel,Operational expense,29202.77,2024-04-29,approved,2024-04-29 17:28:23,2024,4,2,18,0,0,0,8,False,False,False,False,False,False,False,False,True,False,10.28205308951149
bbd56b44-f4cf-47b3-b9c0-5b6ea8a7f8cc,00000000-0000-0000-0000-000000000002,587616fd-ba60-493e-ba92-b68a61b5cdce,9d2a5f48-38f2-46be-b733-c1b9f1c891c4,Maintenance,Operational expense,42494.08,2022-09-16,pending,2022-09-16 08:54:23,2022,9,3,37,4,0,0,3,False,False,False,True,False,False,False,False,False,False,10.657143583505375
f1fd4b02-da02-4ad1-820f-1c686e09ffe4,00000000-0000-0000-0000-000000000002,5f6c98b4-4360-41ee-83a3-efc700651a04,2afe7cda-5682-4c01-a59f-5f13090047f6,Logistics,Operational expense,42064.96,2022-11-04,pending,2022-11-04 16:24:20,2022,11,4,44,4,0,0,2,False,False,True,False,False,False,False,False,False,False,10.646994141547868
14c94a25-6d9f-46a0-8f60-8b4405360554,00000000-0000-0000-0000-000000000003,9b1ac5ce-ad4f-40d1-8b7c-0005176b143d,3b9ffffd-ca39-4330-b08f-59cdb916323f,Logistics,Operational expense,40130.51,2024-06-03,approved,2024-06-03 10:27:38,2024,6,2,23,0,0,0,2,False,False,True,False,False,False,False,False,False,False,10.599917090263
722e79d9-975e-4690-83f0-20c261871ced,00000000-0000-0000-0000-000000000002,b961632b-814f-4481-946b-17a792487aa7,f72410dd-3260-4ece-a477-1ae69ac1e84e,Office Supplies,Operational expense,44212.85,2024-03-19,rejected,2024-03-19 14:38:02,2024,3,1,12,1,0,0,5,False,False,False,False,False,True,False,False,False,False,10.696793367398717
fd152e66-2ad7-437c-9562-f993626cb692,00000000-0000-0000-0000-000000000003,470852ed-b70b-4f24-879a-6edb4193d8b6,1db94196-443a-440f-ad7e-c4422bb047e3,IT & Software,Operational expense,12437.21,2023-02-06,approved,2023-02-06 09:42:16,2023,2,1,6,0,0,0,0,True,False,False,False,False,False,False,False,False,False,9.428528465264673
040b495c-8aa3-4aa1-97dc-fcde6e402c2b,00000000-0000-0000-0000-000000000001,51fd3682-4888-4a55-92f7-281307c67941,7760d86e-b342-473c-8c64-b55d64aa491a,Insurance,Operational expense,38743.9,2023-08-01,approved,2023-08-01 10:19:32,2023,8,3,31,1,0,0,1,False,True,False,False,False,False,False,False,False,False,10.564754413216528
688fab03-2101-4d89-88ce-cdfc965f4a61,00000000-0000-0000-0000-000000000001,a01b7f2a-d4d0-48bf-bb89-c1040f55587a,4736f247-39f8-400c-b9ea-519dfbb485f6,Marketing,Operational expense,43722.31,2022-04-08,approved,2022-04-08 11:08:21,2022,4,2,14,4,0,0,4,False,False,False,False,True,False,False,False,False,False,10.685636648482328
ebf2680b-4e81-4159-a07b-584b452005ef,00000000-0000-0000-0000-000000000003,9b1ac5ce-ad4f-40d1-8b7c-0005176b143d,045901bc-3a1a-4a0b-bd8b-876c218464f4,Insurance,Operational expense,5556.61,2022-06-30,approved,2022-06-30 17:29:13,2022,6,2,26,3,0,1,1,False,True,False,False,False,False,False,False,False,False,8.622923438714896
6187040a-4180-4281-82fa-3617706c4388,00000000-0000-0000-0000-000000000002,587616fd-ba60-493e-ba92-b68a61b5cdce,09cd08c0-c83a-42f5-96cc-b9c13c2aa7e4,Office Supplies,Operational expense,6250.37,2024-03-14,pending,2024-03-14 10:06:07,2024,3,1,11,3,0,0,5,False,False,False,False,False,True,False,False,False,False,8.740555918709637
d7d31ff1-01ee-4d6c-8540-9b152be481ed,00000000-0000-0000-0000-000000000002,587616fd-ba60-493e-ba92-b68a61b5cdce,81c496fc-1d35-4405-9a7d-ae0a15104d5b,Marketing,Operational expense,11068.79,2022-08-08,approved,2022-08-08 18:33:29,2022,8,3,32,0,0,0,4,False,False,False,False,True,False,False,False,False,False,9.311975055333045
766bb9a0-5bbe-49ba-bdab-0f605a0ded76,00000000-0000-0000-0000-000000000001,0eb66abb-0d5d-4e88-a3ff-16776e267d83,4736f247-39f8-400c-b9ea-519dfbb485f6,Maintenance,Operational expense,31399.32,2024-02-07,approved,2024-02-07 10:10:37,2024,2,1,6,2,0,0,3,False,False,False,True,False,False,False,False,False,False,10.35457336292722
1785d4a4-749d-4f57-8c5f-2659e4ea4ec6,00000000-0000-0000-0000-000000000003,7227b311-834f-4815-aa86-c5d464758be1,e452be79-f94b-4709-88bf-8f66053789c4,Marketing,Operational expense,49899.3,2022-07-31,pending,2022-07-31 18:38:33,2022,7,3,30,6,1,1,4,False,False,False,False,True,False,False,False,False,False,10.817782293745585
cf10128d-8384-447f-abaf-2f1a7573c5e1,00000000-0000-0000-0000-000000000001,51fd3682-4888-4a55-92f7-281307c67941,3f0519f3-383c-48a1-8609-f4b51fd5ecd4,Logistics,Operational expense,18846.1,2022-05-11,approved,2022-05-11 13:32:35,2022,5,2,19,2,0,0,2,False,False,True,False,False,False,False,False,False,False,9.844114334886777
d3e0fda7-95ad-436b-a1cc-752eaf24fdeb,00000000-0000-0000-0000-000000000003,9b1ac5ce-ad4f-40d1-8b7c-0005176b143d,355d120a-98dd-4393-a62e-df5f4b8a455b,Insurance,Operational expense,49793.03,2024-12-08,approved,2024-12-08 17:25:24,2024,12,4,49,6,1,0,1,False,True,False,False,False,False,False,False,False,False,10.815650376308549
167f449b-61c3-40d4-a322-1fd9b960e869,00000000-0000-0000-0000-000000000003,470852ed-b70b-4f24-879a-6edb4193d8b6,045901bc-3a1a-4a0b-bd8b-876c218464f4,Maintenance,Operational expense,30851.29,2023-08-24,approved,2023-08-24 12:02:06,2023,8,3,34,3,0,0,3,False,False,False,True,False,False,False,False,False,False,10.33696625672448
de5c0dcf-df53-4b15-a484-b31996c88ce9,00000000-0000-0000-0000-000000000003,470852ed-b70b-4f24-879a-6edb4193d8b6,79c1732a-a6d1-4565-b515-c59de4dbdfe5,Insurance,Operational expense,48807.12,2024-02-06,approved,2024-02-06 15:31:40,2024,2,1,6,1,0,0,1,False,True,False,False,False,False,False,False,False,False,10.795651971442009
95be9fe4-2f84-4c57-abd6-beb76a2625e9,00000000-0000-0000-0000-000000000003,7227b311-834f-4815-aa86-c5d464758be1,79c1732a-a6d1-4565-b515-c59de4dbdfe5,Insurance,Operational expense,9413.7,2024-09-15,approved,2024-09-15 13:26:45,2024,9,3,37,6,1,0,1,False,True,False,False,False,False,False,False,False,False,9.15002757653685
8c906b5f-a6ba-4596-b212-438dbbcf9be5,00000000-0000-0000-0000-000000000002,b961632b-814f-4481-946b-17a792487aa7,2afe7cda-5682-4c01-a59f-5f13090047f6,Travel,Operational expense,37325.35,2024-11-05,approved,2024-11-05 10:26:34,2024,11,4,45,1,0,0,8,False,False,False,False,False,False,False,False,True,False,10.527454790540991
4346dea4-8d35-4a72-8483-7005914979d1,00000000-0000-0000-0000-000000000002,5f6c98b4-4360-41ee-83a3-efc700651a04,2afe7cda-5682-4c01-a59f-5f13090047f6,IT & Software,Operational expense,45294.34,2023-01-19,approved,2023-01-19 08:16:38,2023,1,1,3,3,0,0,0,True,False,False,False,False,False,False,False,False,False,10.720959436422495
28cf9988-1b4c-4a30-9d12-19d870c47095,00000000-0000-0000-0000-000000000001,0eb66abb-0d5d-4e88-a3ff-16776e267d83,f0e9f4da-9ca0-492d-a21e-3f8a819f9184,IT & Software,Operational expense,43193.84,2022-08-12,approved,2022-08-12 15:22:01,2022,8,3,32,4,0,0,0,True,False,False,False,False,False,False,False,False,False,10.673476322653702
d842e9a7-85d4-415b-8c19-6bd81f398a81,00000000-0000-0000-0000-000000000001,0eb66abb-0d5d-4e88-a3ff-16776e267d83,4736f247-39f8-400c-b9ea-519dfbb485f6,Travel,Operational expense,4543.62,2024-04-24,rejected,2024-04-24 16:05:59,2024,4,2,17,2,0,0,8,False,False,False,False,False,False,False,False,True,False,8.42169939475537
149eacd5-7589-48b9-a853-9b484d95bfd5,00000000-0000-0000-0000-000000000002,b961632b-814f-4481-946b-17a792487aa7,f72410dd-3260-4ece-a477-1ae69ac1e84e,Maintenance,Operational expense,6824.71,2024-07-18,approved,2024-07-18 09:43:26,2024,7,3,29,3,0,0,3,False,False,False,True,False,False,False,False,False,False,8.828451643946517
33e0614d-cc69-441f-bb10-df22c0078f20,00000000-0000-0000-0000-000000000001,a01b7f2a-d4d0-48bf-bb89-c1040f55587a,7760d86e-b342-473c-8c64-b55d64aa491a,Maintenance,Operational expense,17741.11,2022-06-28,pending,2022-06-28 17:06:15,2022,6,2,26,1,0,0,3,False,False,False,True,False,False,False,False,False,False,9.783696189038768
f2c2b557-03d3-41ac-8cf1-97bf0042c3df,00000000-0000-0000-0000-000000000002,b961632b-814f-4481-946b-17a792487aa7,517d046e-f5e7-4244-8dab-e8995b9bfdc4,Travel,Operational expense,22186.98,2023-09-26,approved,2023-09-26 08:29:02,2023,9,3,39,1,0,0,8,False,False,False,False,False,False,False,False,True,False,10.007305979786581
579d025f-d4c1-4d62-890b-921eee90658f,00000000-0000-0000-0000-000000000001,51fd3682-4888-4a55-92f7-281307c67941,eaefa70d-63c2-4537-b86d-2205b826bb2e,Marketing,Operational expense,19263.36,2023-10-15,approved,2023-10-15 15:02:50,2023,10,4,41,6,1,0,4,False,False,False,False,True,False,False,False,False,False,9.866012035641576
55cc1501-d7ee-4901-aa30-2e4f54f6d0a9,00000000-0000-0000-0000-000000000002,5f6c98b4-4360-41ee-83a3-efc700651a04,6708a3ae-03ac-432d-8065-25bbf8f3a753,IT & Software,Operational expense,43862.39,2024-05-20,pending,2024-05-20 11:54:50,2024,5,2,21,0,0,0,0,True,False,False,False,False,False,False,False,False,False,10.688835310366724
b38fd070-a43d-42ba-8edb-d7f950034eb9,00000000-0000-0000-0000-000000000002,587616fd-ba60-493e-ba92-b68a61b5cdce,07274486-6344-4009-ae28-b9027a51f93f,Office Supplies,Operational expense,18975.42,2023-01-09,approved,2023-01-09 09:02:31,2023,1,1,2,0,0,0,5,False,False,False,False,False,True,False,False,False,False,9.850952434773426
52fe1d71-3c4e-4b14-b538-09cfce8b1751,00000000-0000-0000-0000-000000000003,9b1ac5ce-ad4f-40d1-8b7c-0005176b143d,1db94196-443a-440f-ad7e-c4422bb047e3,Marketing,Operational expense,32243.4,2023-01-07,rejected,2023-01-07 15:44:25,2023,1,1,1,5,1,0,4,False,False,False,False,True,False,False,False,False,False,10.381099663735304
553ee655-f017-4e42-ae59-34e41058fe19,00000000-0000-0000-0000-000000000001,51fd3682-4888-4a55-92f7-281307c67941,5a96b78c-2c6b-4aaa-88b5-7c7485705113,Logistics,Operational expense,16580.01,2022-05-20,approved,2022-05-20 16:54:58,2022,5,2,20,4,0,0,2,False,False,True,False,False,False,False,False,False,False,9.716013343601125
d7e4755d-543c-4d3d-9fc3-d0c6884709f8,00000000-0000-0000-0000-000000000001,51fd3682-4888-4a55-92f7-281307c67941,f577e0e3-284e-4c71-8d16-74f51d0fe305,Logistics,Operational expense,32681.65,2022-11-16,approved,2022-11-16 12:41:56,2022,11,4,46,2,0,0,2,False,False,True,False,False,False,False,False,False,False,10.394599635037661
4fa2bcc1-d282-4c3c-bcfd-d3346a9bd38a,00000000-0000-0000-0000-000000000001,a01b7f2a-d4d0-48bf-bb89-c1040f55587a,aadd1a3f-3f20-499a-b950-51966ac9090c,Insurance,Operational expense,43638.09,2022-05-08,approved,2022-05-08 13:08:01,2022,5,2,18,6,1,0,1,False,True,False,False,False,False,False,False,False,False,10.683708587300627
1126bc90-729d-48c2-b403-d80694b0d2a6,00000000-0000-0000-0000-000000000001,a01b7f2a-d4d0-48bf-bb89-c1040f55587a,5a96b78c-2c6b-4aaa-88b5-7c7485705113,Maintenance,Operational expense,37262.22,2024-06-10,approved,2024-06-10 09:17:31,2024,6,2,24,0,0,0,3,False,False,False,True,False,False,False,False,False,False,10.525762060174694
a765ce81-f8df-462b-9a00-97d5e8b9e1f3,00000000-0000-0000-0000-000000000001,51fd3682-4888-4a55-92f7-281307c67941,5a96b78c-2c6b-4aaa-88b5-7c7485705113,Travel,Operational expense,15889.96,2022-03-29,approved,2022-03-29 10:38:33,2022,3,1,13,1,0,0,8,False,False,False,False,False,False,False,False,True,False,9.673505673061397
8df0753c-4d35-4072-9626-5df084fc764f,00000000-0000-0000-0000-000000000003,7227b311-834f-4815-aa86-c5d464758be1,79c1732a-a6d1-4565-b515-c59de4dbdfe5,Marketing,Operational expense,48718.12,2024-03-23,approved,2024-03-23 16:19:18,2024,3,1,12,5,1,0,4,False,False,False,False,True,False,False,False,False,False,10.793826839823279
e3378427-2d49-4616-8991-a8dd75a6925e,00000000-0000-0000-0000-000000000003,9b1ac5ce-ad4f-40d1-8b7c-0005176b143d,33baaf1c-3618-44b5-b42a-4673992689f8,Maintenance,Operational expense,11670.63,2024-08-09,pending,2024-08-09 16:37:34,2024,8,3,32,4,0,0,3,False,False,False,True,False,False,False,False,False,False,9.364916389905792
a3459d7b-8748-450c-ae93-158330f72aaf,00000000-0000-0000-0000-000000000002,587616fd-ba60-493e-ba92-b68a61b5cdce,07274486-6344-4009-ae28-b9027a51f93f,Travel,Operational expense,8234.51,2022-04-30,pending,2022-04-30 10:30:33,2022,4,2,17,5,1,1,8,False,False,False,False,False,False,False,False,True,False,9.016210571477352
c406ab3f-402a-4b82-b9bc-55743b2beff3,00000000-0000-0000-0000-000000000002,b961632b-814f-4481-946b-17a792487aa7,9d2a5f48-38f2-46be-b733-c1b9f1c891c4,Maintenance,Operational expense,19668.53,2024-06-12,pending,2024-06-12 11:48:51,2024,6,2,24,2,0,0,3,False,False,False,True,False,False,False,False,False,False,9.886826016842422
769db667-212a-4d49-86a7-a81e552866b4,00000000-0000-0000-0000-000000000001,0eb66abb-0d5d-4e88-a3ff-16776e267d83,163b0e08-1801-4ae5-af8c-f287fbcdff7c,Marketing,Operational expense,30510.25,2023-03-22,approved,2023-03-22 17:34:23,2023,3,1,12,2,0,0,4,False,False,False,False,True,False,False,False,False,False,10.325850747045175
85a37ee3-0411-444a-a292-49541a07764f,00000000-0000-0000-0000-000000000001,a01b7f2a-d4d0-48bf-bb89-c1040f55587a,163b0e08-1801-4ae5-af8c-f287fbcdff7c,Maintenance,Operational expense,38588.75,2022-12-27,approved,2022-12-27 11:41:52,2022,12,4,52,1,0,0,3,False,False,False,True,False,False,False,False,False,False,10.56074197614841
c41cf522-5792-4b4f-98c9-3f5a17812f32,00000000-0000-0000-0000-000000000002,b961632b-814f-4481-946b-17a792487aa7,07274486-6344-4009-ae28-b9027a51f93f,Logistics,Operational expense,19934.44,2024-08-22,approved,2024-08-22 13:28:37,2024,8,3,34,3,0,0,2,False,False,True,False,False,False,False,False,False,False,9.90025433130501
4b658d68-d3c8-44bc-9593-07d53fa428b0,00000000-0000-0000-0000-000000000003,9b1ac5ce-ad4f-40d1-8b7c-0005176b143d,79c1732a-a6d1-4565-b515-c59de4dbdfe5,Insurance,Operational expense,6220.48,2023-08-12,approved,2023-08-12 11:12:21,2023,8,3,32,5,1,0,1,False,True,False,False,False,False,False,False,False,False,8.735763099551674
b9af172d-6405-454d-8f61-9cd9f52007c1,00000000-0000-0000-0000-000000000002,5f6c98b4-4360-41ee-83a3-efc700651a04,c75c1d53-938d-4640-b118-e5ada06ce255,Logistics,Operational expense,34776.42,2024-08-13,approved,2024-08-13 14:12:34,2024,8,3,33,1,0,0,2,False,False,True,False,False,False,False,False,False,False,10.456723604593218
473b9e6c-405d-48e9-b8f4-6a91faf1cd9f,00000000-0000-0000-0000-000000000001,51fd3682-4888-4a55-92f7-281307c67941,f577e0e3-284e-4c71-8d16-74f51d0fe305,Travel,Operational expense,28541.62,2022-07-24,pending,2022-07-24 14:16:10,2022,7,3,29,6,1,0,8,False,False,False,False,False,False,False,False,True,False,10.259153687798454
208a963a-de38-4bad-bc3c-18c97931112c,00000000-0000-0000-0000-000000000003,9b1ac5ce-ad4f-40d1-8b7c-0005176b143d,e452be79-f94b-4709-88bf-8f66053789c4,Logistics,Operational expense,46486.93,2023-02-22,approved,2023-02-22 17:37:52,2023,2,1,8,2,0,0,2,False,False,True,False,False,False,False,False,False,False,10.746947987988879
9863ca7e-ec9b-4c26-a071-10d2f85796fe,00000000-0000-0000-0000-000000000001,51fd3682-4888-4a55-92f7-281307c67941,7760d86e-b342-473c-8c64-b55d64aa491a,Maintenance,Operational expense,28921.28,2022-01-31,approved,2022-01-31 14:05:22,2022,1,1,5,0,0,1,3,False,False,False,True,False,False,False,False,False,False,10.272367511339409
801ed596-7b52-4111-9d36-b910bb639780,00000000-0000-0000-0000-000000000003,7227b311-834f-4815-aa86-c5d464758be1,29998a31-9af5-4c58-9bfe-cde4f9a96969,IT & Software,Operational expense,48872.87,2022-12-30,approved,2022-12-30 17:08:33,2022,12,4,52,4,0,0,0,True,False,False,False,False,False,False,False,False,False,10.796998176815787
29bd340a-9adc-4190-be41-e1ee8a0281f5,00000000-0000-0000-0000-000000000003,7227b311-834f-4815-aa86-c5d464758be1,29998a31-9af5-4c58-9bfe-cde4f9a96969,Logistics,Operational expense,28908.89,2023-03-25,approved,2023-03-25 11:10:44,2023,3,1,12,5,1,0,2,False,False,True,False,False,False,False,False,False,False,10.271939030091358
617850a7-3fde-41ad-9431-8f2491c91f29,00000000-0000-0000-0000-000000000003,470852ed-b70b-4f24-879a-6edb4193d8b6,355d120a-98dd-4393-a62e-df5f4b8a455b,Travel,Operational expense,41975.2,2022-08-26,rejected,2022-08-26 10:13:27,2022,8,3,34,4,0,0,8,False,False,False,False,False,False,False,False,True,False,10.644858069982602
9cd045b8-fbf3-49a4-b62d-c9c30fbffbb0,00000000-0000-0000-0000-000000000001,51fd3682-4888-4a55-92f7-281307c67941,f0e9f4da-9ca0-492d-a21e-3f8a819f9184,Office Supplies,Operational expense,20740.16,2024-01-05,approved,2024-01-05 18:54:06,2024,1,1,1,4,0,0,5,False,False,False,False,False,True,False,False,False,False,9.939875410788412
fb62443b-1b6e-4910-94e4-f3b7b25faf9b,00000000-0000-0000-0000-000000000003,9b1ac5ce-ad4f-40d1-8b7c-0005176b143d,9dd0c56d-a9cf-4c8d-a998-9df89eb48a85,Office Supplies,Operational expense,45149.99,2023-11-18,approved,2023-11-18 15:23:04,2023,11,4,46,5,1,0,5,False,False,False,False,False,True,False,False,False,False,10.71776748551504
29f11eea-c103-41c1-9fe9-a363efdb96f0,00000000-0000-0000-0000-000000000003,7227b311-834f-4815-aa86-c5d464758be1,74245d66-8df4-4678-b1e9-76d5e231caff,Travel,Operational expense,21428.07,2024-11-15,approved,2024-11-15 12:37:43,2024,11,4,46,4,0,0,8,False,False,False,False,False,False,False,False,True,False,9.972503690419082
211e0be2-e56f-4707-a60a-40a83b27fae5,00000000-0000-0000-0000-000000000003,470852ed-b70b-4f24-879a-6edb4193d8b6,3b9ffffd-ca39-4330-b08f-59cdb916323f,Insurance,Operational expense,45568.3,2022-01-10,approved,2022-01-10 13:41:05,2022,1,1,2,0,0,0,1,False,True,False,False,False,False,False,False,False,False,10.726989523156844
9849c252-1c78-42c9-a307-8e92e19cd063,00000000-0000-0000-0000-000000000002,5f6c98b4-4360-41ee-83a3-efc700651a04,9d2a5f48-38f2-46be-b733-c1b9f1c891c4,Insurance,Operational expense,47290.73,2022-09-04,approved,2022-09-04 15:48:07,2022,9,3,35,6,1,0,1,False,True,False,False,False,False,False,False,False,False,10.764090717755847
4877c0a5-64f2-43c8-a8ff-94bd0f5adf67,00000000-0000-0000-0000-000000000003,9b1ac5ce-ad4f-40d1-8b7c-0005176b143d,1db94196-443a-440f-ad7e-c4422bb047e3,Logistics,Operational expense,43022.01,2022-09-26,approved,2022-09-26 13:59:50,2022,9,3,39,0,0,0,2,False,False,True,False,False,False,False,False,False,False,10.66949036783111
8d5b5605-97bc-429e-bf60-d14d34fc93ab,00000000-0000-0000-0000-000000000002,5f6c98b4-4360-41ee-83a3-efc700651a04,bcde24c7-84f3-4459-afee-eba83339896c,Marketing,Operational expense,18571.09,2022-06-06,approved,2022-06-06 13:42:43,2022,6,2,23,0,0,0,4,False,False,False,False,True,False,False,False,False,False,9.829415195132809
d7c3417d-56e8-4d80-9da5-416d24c7fc72,00000000-0000-0000-0000-000000000002,5f6c98b4-4360-41ee-83a3-efc700651a04,7f514159-0b19-4321-a308-daec53995d5a,IT & Software,Operational expense,37237.24,2022-01-03,rejected,2022-01-03 10:02:18,2022,1,1,1,0,0,0,0,True,False,False,False,False,False,False,False,False,False,10.525091469264499
17ccfabf-a7b5-432c-8e84-b5d85e60aaad,00000000-0000-0000-0000-000000000003,9b1ac5ce-ad4f-40d1-8b7c-0005176b143d,79c1732a-a6d1-4565-b515-c59de4dbdfe5,Marketing,Operational expense,7055.44,2022-09-25,pending,2022-09-25 15:13:09,2022,9,3,38,6,1,0,4,False,False,False,False,True,False,False,False,False,False,8.861695954019075
27ff2af3-3562-4b02-84b5-c0d2348347f5,00000000-0000-0000-0000-000000000003,9b1ac5ce-ad4f-40d1-8b7c-0005176b143d,3b9ffffd-ca39-4330-b08f-59cdb916323f,Travel,Operational expense,38890.24,2024-07-23,approved,2024-07-23 17:26:23,2024,7,3,30,1,0,0,8,False,False,False,False,False,False,False,False,True,False,10.568524311444774
38af1858-7476-40ce-82d9-84d3a160a0c7,00000000-0000-0000-0000-000000000001,51fd3682-4888-4a55-92f7-281307c67941,aadd1a3f-3f20-499a-b950-51966ac9090c,Insurance,Operational expense,1908.17,2024-12-21,pending,2024-12-21 16:47:36,2024,12,4,51,5,1,0,1,False,True,False,False,False,False,False,False,False,False,7.554423871620479
92572ba8-0757-4f8f-a06a-5e4b296ea7cd,00000000-0000-0000-0000-000000000001,0eb66abb-0d5d-4e88-a3ff-16776e267d83,7760d86e-b342-473c-8c64-b55d64aa491a,Logistics,Operational expense,13889.08,2023-09-12,approved,2023-09-12 17:17:41,2023,9,3,37,1,0,0,2,False,False,True,False,False,False,False,False,False,False,9.53893019527104
fd555bc7-aed5-4519-94eb-c97ae68cff07,00000000-0000-0000-0000-000000000001,a01b7f2a-d4d0-48bf-bb89-c1040f55587a,9a16d7d2-dc18-4141-a14f-3394de4b98bc,Maintenance,Operational expense,48110.24,2024-01-11,approved,2024-01-11 11:03:37,2024,1,1,2,3,0,0,3,False,False,False,True,False,False,False,False,False,False,10.781271108628653
02f36480-2ccb-4e2b-b737-0e1719c18f8a,00000000-0000-0000-0000-000000000001,51fd3682-4888-4a55-92f7-281307c67941,7760d86e-b342-473c-8c64-b55d64aa491a,Maintenance,Operational expense,4172.61,2023-09-23,approved,2023-09-23 15:39:05,2023,9,3,38,5,1,0,3,False,False,False,True,False,False,False,False,False,False,8.336536647718347
ffa462f7-ef91-469b-8794-79a3e88e050d,00000000-0000-0000-0000-000000000003,7227b311-834f-4815-aa86-c5d464758be1,045901bc-3a1a-4a0b-bd8b-876c218464f4,Logistics,Operational expense,13709.25,2024-01-02,approved,2024-01-02 15:05:55,2024,1,1,1,1,0,0,2,False,False,True,False,False,False,False,False,False,False,9.52589900725517
41ec2a0a-b23b-48bb-8817-e01aaf4d5f99,00000000-0000-0000-0000-000000000001,51fd3682-4888-4a55-92f7-281307c67941,eaefa70d-63c2-4537-b86d-2205b826bb2e,Marketing,Operational expense,16200.05,2022-09-08,approved,2022-09-08 12:59:04,2022,9,3,36,3,0,0,4,False,False,False,False,True,False,False,False,False,False,9.692831333934901
46959ea7-3124-4f21-9edd-a2de88e90f80,00000000-0000-0000-0000-000000000003,470852ed-b70b-4f24-879a-6edb4193d8b6,355d120a-98dd-4393-a62e-df5f4b8a455b,IT & Software,Operational expense,16310.48,2024-10-27,approved,2024-10-27 14:28:41,2024,10,4,43,6,1,0,0,True,False,False,False,False,False,False,False,False,False,9.699624433374414
6cf7fc4d-7fdf-4c8c-87c8-39d99f23dd07,00000000-0000-0000-0000-000000000001,51fd3682-4888-4a55-92f7-281307c67941,aadd1a3f-3f20-499a-b950-51966ac9090c,Logistics,Operational expense,15436.52,2022-04-22,pending,2022-04-22 12:45:54,2022,4,2,16,4,0,0,2,False,False,True,False,False,False,False,False,False,False,9.644556188916052
b549740f-96d1-4ddc-9c37-83d282034746,00000000-0000-0000-0000-000000000003,7227b311-834f-4815-aa86-c5d464758be1,61d2418d-6936-4075-a481-1d994952d89b,Travel,Operational expense,27092.91,2024-07-24,approved,2024-07-24 18:50:03,2024,7,3,30,2,0,0,8,False,False,False,False,False,False,False,False,True,False,10.207064258366508
329a6721-1ec2-4b98-bc37-b2f53d28f9fa,00000000-0000-0000-0000-000000000001,a01b7f2a-d4d0-48bf-bb89-c1040f55587a,f577e0e3-284e-4c71-8d16-74f51d0fe305,Logistics,Operational expense,34184.14,2024-08-01,approved,2024-08-01 15:50:33,2024,8,3,31,3,0,0,2,False,False,True,False,False,False,False,False,False,False,10.439546325702972
21c70add-12f6-4082-9dce-518066f80671,00000000-0000-0000-0000-000000000001,a01b7f2a-d4d0-48bf-bb89-c1040f55587a,eaefa70d-63c2-4537-b86d-2205b826bb2e,Travel,Operational expense,18216.97,2024-09-29,approved,2024-09-29 14:55:29,2024,9,3,39,6,1,0,8,False,False,False,False,False,False,False,False,True,False,9.810163748580377
424865cd-3b74-4e4a-b593-9bc28cef2885,00000000-0000-0000-0000-000000000003,9b1ac5ce-ad4f-40d1-8b7c-0005176b143d,29998a31-9af5-4c58-9bfe-cde4f9a96969,Office Supplies,Operational expense,47491.45,2023-03-23,approved,2023-03-23 18:13:21,2023,3,1,12,3,0,0,5,False,False,False,False,False,True,False,False,False,False,10.76832603002084
ca4e9246-c978-4693-8401-d96aaca46d17,00000000-0000-0000-0000-000000000002,b961632b-814f-4481-946b-17a792487aa7,09cd08c0-c83a-42f5-96cc-b9c13c2aa7e4,Logistics,Operational expense,4005.24,2024-09-14,approved,2024-09-14 12:04:16,2024,9,3,37,5,1,0,2,False,False,True,False,False,False,False,False,False,False,8.295608424566021
706c526f-e5a3-4162-90fd-fc93b7a76c86,00000000-0000-0000-0000-000000000002,5f6c98b4-4360-41ee-83a3-efc700651a04,81c496fc-1d35-4405-9a7d-ae0a15104d5b,IT & Software,Operational expense,32422.83,2022-01-18,approved,2022-01-18 16:22:17,2022,1,1,3,1,0,0,0,True,False,False,False,False,False,False,False,False,False,10.386648925264545
fd303073-8006-4da4-b90f-41da19407e50,00000000-0000-0000-0000-000000000002,587616fd-ba60-493e-ba92-b68a61b5cdce,9d2a5f48-38f2-46be-b733-c1b9f1c891c4,Maintenance,Operational expense,10269.37,2024-07-23,approved,2024-07-23 16:22:22,2024,7,3,30,1,0,0,3,False,False,False,True,False,False,False,False,False,False,9.237018329537513
929674d7-b8cb-4851-bfe4-cb07bc69c98a,00000000-0000-0000-0000-000000000001,0eb66abb-0d5d-4e88-a3ff-16776e267d83,f577e0e3-284e-4c71-8d16-74f51d0fe305,Maintenance,Operational expense,44221.68,2023-06-28,pending,2023-06-28 14:07:49,2023,6,2,26,2,0,0,3,False,False,False,True,False,False,False,False,False,False,10.69699305863557
15db466b-a7cb-440f-b923-6bb1af362f00,00000000-0000-0000-0000-000000000002,b961632b-814f-4481-946b-17a792487aa7,bcde24c7-84f3-4459-afee-eba83339896c,Marketing,Operational expense,18886.24,2024-03-30,approved,2024-03-30 13:10:17,2024,3,1,13,5,1,0,4,False,False,False,False,True,False,False,False,False,False,9.84624184076818
b3bc208c-8b0f-4d81-8914-f0b23acdb2a1,00000000-0000-0000-0000-000000000002,587616fd-ba60-493e-ba92-b68a61b5cdce,e213801b-a706-48c3-9ba4-7db14d3912f3,Office Supplies,Operational expense,16287.58,2022-11-15,approved,2022-11-15 13:42:41,2022,11,4,46,1,0,0,5,False,False,False,False,False,True,False,False,False,False,9.69821952775359
c4090814-5819-4b2a-8f0e-557b6d5fdb6e,00000000-0000-0000-0000-000000000002,b961632b-814f-4481-946b-17a792487aa7,81c496fc-1d35-4405-9a7d-ae0a15104d5b,Office Supplies,Operational expense,38404.71,2024-07-31,approved,2024-07-31 09:17:29,2024,7,3,31,2,0,1,5,False,False,False,False,False,True,False,False,False,False,10.555961425438046
df586ecb-ac55-4861-922b-c9b71915cdc1,00000000-0000-0000-0000-000000000001,0eb66abb-0d5d-4e88-a3ff-16776e267d83,ea13a2c7-2a88-40f3-b073-4e507c524f18,Office Supplies,Operational expense,42350.52,2023-04-17,approved,2023-04-17 17:30:44,2023,4,2,16,0,0,0,5,False,False,False,False,False,True,False,False,False,False,10.653759590817467
cc7525ea-05dd-40ac-ad35-8c5a448499a4,00000000-0000-0000-0000-000000000001,a01b7f2a-d4d0-48bf-bb89-c1040f55587a,4736f247-39f8-400c-b9ea-519dfbb485f6,Logistics,Operational expense,29105.11,2023-09-30,approved,2023-09-30 13:43:45,2023,9,3,39,5,1,1,2,False,False,True,False,False,False,False,False,False,False,10.278703396755624
22574c40-d782-4d2b-9b53-4d44cad6e9e4,00000000-0000-0000-0000-000000000001,a01b7f2a-d4d0-48bf-bb89-c1040f55587a,f0e9f4da-9ca0-492d-a21e-3f8a819f9184,Logistics,Operational expense,16444.53,2022-03-30,approved,2022-03-30 09:34:46,2022,3,1,13,2,0,0,2,False,False,True,False,False,False,False,False,False,False,9.70780898674475
659cd7da-77e0-4566-8dd8-50d88e9cd2d0,00000000-0000-0000-0000-000000000001,51fd3682-4888-4a55-92f7-281307c67941,f577e0e3-284e-4c71-8d16-74f51d0fe305,Logistics,Operational expense,13428.96,2023-08-19,approved,2023-08-19 09:21:06,2023,8,3,33,5,1,0,2,False,False,True,False,False,False,False,False,False,False,9.505243311106295
20dcd619-4208-4c6a-a4b4-d823e6091ee3,00000000-0000-0000-0000-000000000003,470852ed-b70b-4f24-879a-6edb4193d8b6,61d2418d-6936-4075-a481-1d994952d89b,Maintenance,Operational expense,29279.83,2024-08-19,pending,2024-08-19 12:24:59,2024,8,3,34,0,0,0,3,False,False,False,True,False,False,False,False,False,False,10.284688314668015
5e9cc6e5-73ee-4c2c-abb4-045b5e14b90f,00000000-0000-0000-0000-000000000002,5f6c98b4-4360-41ee-83a3-efc700651a04,517d046e-f5e7-4244-8dab-e8995b9bfdc4,Travel,Operational expense,42870.68,2023-01-06,pending,2023-01-06 08:13:11,2023,1,1,1,4,0,0,8,False,False,False,False,False,False,False,False,True,False,10.66596674706771
f8490ac4-7b00-4e3a-a99a-b4e1e373b04e,00000000-0000-0000-0000-000000000002,587616fd-ba60-493e-ba92-b68a61b5cdce,2afe7cda-5682-4c01-a59f-5f13090047f6,Insurance,Operational expense,26409.11,2023-10-30,approved,2023-10-30 14:59:33,2023,10,4,44,0,0,0,1,False,True,False,False,False,False,False,False,False,False,10.181502170371486
1cc285cf-2d78-4402-955f-703c60306d9a,00000000-0000-0000-0000-000000000003,9b1ac5ce-ad4f-40d1-8b7c-0005176b143d,74245d66-8df4-4678-b1e9-76d5e231caff,Marketing,Operational expense,8445.93,2024-06-18,approved,2024-06-18 15:23:53,2024,6,2,25,1,0,0,4,False,False,False,False,True,False,False,False,False,False,9.041558340727374
40686dd5-e775-4be5-acf9-ab9628c43de3,00000000-0000-0000-0000-000000000002,5f6c98b4-4360-41ee-83a3-efc700651a04,9d2a5f48-38f2-46be-b733-c1b9f1c891c4,Maintenance,Operational expense,1667.47,2022-07-11,rejected,2022-07-11 15:47:59,2022,7,3,28,0,0,0,3,False,False,False,True,False,False,False,False,False,False,7.419662317808027
68b5c8f3-792e-405b-83f9-6db294dbf6d9,00000000-0000-0000-0000-000000000003,9b1ac5ce-ad4f-40d1-8b7c-0005176b143d,29998a31-9af5-4c58-9bfe-cde4f9a96969,Maintenance,Operational expense,33867.44,2023-01-14,approved,2023-01-14 09:22:49,2023,1,1,2,5,1,0,3,False,False,False,True,False,False,False,False,False,False,10.430238886292281
627775ce-988f-4ce6-ac3a-59f0c6f2b412,00000000-0000-0000-0000-000000000001,a01b7f2a-d4d0-48bf-bb89-c1040f55587a,4736f247-39f8-400c-b9ea-519dfbb485f6,Office Supplies,Operational expense,3968.43,2023-07-19,rejected,2023-07-19 12:15:11,2023,7,3,29,2,0,0,5,False,False,False,False,False,True,False,False,False,False,8.2863777865469
17ef84c5-b3c4-40a7-9348-bfefbdb54d25,00000000-0000-0000-0000-000000000001,0eb66abb-0d5d-4e88-a3ff-16776e267d83,7760d86e-b342-473c-8c64-b55d64aa491a,Insurance,Operational expense,32428.88,2023-04-24,pending,2023-04-24 17:52:28,2023,4,2,17,0,0,0,1,False,True,False,False,False,False,False,False,False,False,10.386835499016996
ee9a71d6-d47c-416c-8a8f-0434f944bf65,00000000-0000-0000-0000-000000000001,0eb66abb-0d5d-4e88-a3ff-16776e267d83,aadd1a3f-3f20-499a-b950-51966ac9090c,Insurance,Operational expense,18583.97,2022-08-08,approved,2022-08-08 18:11:24,2022,8,3,32,0,0,0,1,False,True,False,False,False,False,False,False,False,False,9.830108468525045
b5257656-dcb5-48eb-8240-1f9fbe3b7217,00000000-0000-0000-0000-000000000001,0eb66abb-0d5d-4e88-a3ff-16776e267d83,7760d86e-b342-473c-8c64-b55d64aa491a,Logistics,Operational expense,18393.26,2022-12-05,pending,2022-12-05 16:38:05,2022,12,4,49,0,0,0,2,False,False,True,False,False,False,False,False,False,False,9.81979393840678
ca86a570-da5c-4214-a535-33b314b0177b,00000000-0000-0000-0000-000000000003,7227b311-834f-4815-aa86-c5d464758be1,355d120a-98dd-4393-a62e-df5f4b8a455b,IT & Software,Operational expense,21656.47,2024-08-29,approved,2024-08-29 14:06:51,2024,8,3,35,3,0,0,0,True,False,False,False,False,False,False,False,False,False,9.983105708561904
9af95f2a-0d49-444b-948f-c1609f1d89a9,00000000-0000-0000-0000-000000000001,51fd3682-4888-4a55-92f7-281307c67941,4736f247-39f8-400c-b9ea-519dfbb485f6,Travel,Operational expense,2477.49,2024-12-16,approved,2024-12-16 09:57:27,2024,12,4,51,0,0,0,8,False,False,False,False,False,False,False,False,True,False,7.815404782754083
633c17da-08d3-4782-b405-dd5ebf3e3b7c,00000000-0000-0000-0000-000000000001,51fd3682-4888-4a55-92f7-281307c67941,163b0e08-1801-4ae5-af8c-f287fbcdff7c,Insurance,Operational expense,36048.53,2024-01-24,approved,2024-01-24 17:56:15,2024,1,1,4,2,0,0,1,False,True,False,False,False,False,False,False,False,False,10.492649105180117
0f05c3f6-b0d1-4920-a7bc-ae9e04bfe7ef,00000000-0000-0000-0000-000000000002,b961632b-814f-4481-946b-17a792487aa7,517d046e-f5e7-4244-8dab-e8995b9bfdc4,Office Supplies,Operational expense,6545.65,2022-08-12,approved,2022-08-12 17:41:10,2022,8,3,32,4,0,0,5,False,False,False,False,False,True,False,False,False,False,8.78670874741226
5de28eeb-676d-47be-9ff9-5565138aeb07,00000000-0000-0000-0000-000000000001,51fd3682-4888-4a55-92f7-281307c67941,f17772cf-7a8e-4e04-aeef-8c148fe1a7e5,Office Supplies,Operational expense,31819.46,2024-06-11,approved,2024-06-11 13:41:02,2024,6,2,24,1,0,0,5,False,False,False,False,False,True,False,False,False,False,10.367864758104067
8e978309-7b14-4cb7-990b-6d715ccab01a,00000000-0000-0000-0000-000000000002,587616fd-ba60-493e-ba92-b68a61b5cdce,c75c1d53-938d-4640-b118-e5ada06ce255,Logistics,Operational expense,18837.47,2022-01-28,approved,2022-01-28 14:42:22,2022,1,1,4,4,0,0,2,False,False,True,False,False,False,False,False,False,False,9.843656334641546
fa83ea83-960c-4d49-826b-d2ad00556a83,00000000-0000-0000-0000-000000000003,9b1ac5ce-ad4f-40d1-8b7c-0005176b143d,79c1732a-a6d1-4565-b515-c59de4dbdfe5,Office Supplies,Operational expense,37491.72,2022-04-29,approved,2022-04-29 15:47:21,2022,4,2,17,4,0,0,5,False,False,False,False,False,True,False,False,False,False,10.531902059778854
1b7035f1-6147-4b1d-b623-7c60f737b5c1,00000000-0000-0000-0000-000000000002,b961632b-814f-4481-946b-17a792487aa7,c75c1d53-938d-4640-b118-e5ada06ce255,Office Supplies,Operational expense,20102.74,2022-07-11,approved,2022-07-11 13:01:26,2022,7,3,28,0,0,0,5,False,False,False,False,False,True,False,False,False,False,9.908661146390099
0ad15b90-ed10-48dc-97ee-6a45c95c0f39,00000000-0000-0000-0000-000000000001,51fd3682-4888-4a55-92f7-281307c67941,ea13a2c7-2a88-40f3-b073-4e507c524f18,Maintenance,Operational expense,30036.13,2024-08-01,rejected,2024-08-01 16:01:37,2024,8,3,31,3,0,0,3,False,False,False,True,False,False,False,False,False,False,10.310189562032944
733f71dd-8f5d-452a-8306-815849720723,00000000-0000-0000-0000-000000000002,587616fd-ba60-493e-ba92-b68a61b5cdce,6708a3ae-03ac-432d-8065-25bbf8f3a753,Insurance,Operational expense,39512.85,2024-04-29,approved,2024-04-29 13:41:55,2024,4,2,18,0,0,0,1,False,True,False,False,False,False,False,False,False,False,10.584406522343253
c672c40e-aa13-4ae9-8ecd-2f9b47206b5a,00000000-0000-0000-0000-000000000003,9b1ac5ce-ad4f-40d1-8b7c-0005176b143d,8626b762-d8ef-4e32-8446-33cdac213522,Insurance,Operational expense,11422.59,2023-10-30,approved,2023-10-30 09:46:26,2023,10,4,44,0,0,0,1,False,True,False,False,False,False,False,False,False,False,9.343435794579586
0dc58d69-6e4b-4b19-9826-55c043fa86ac,00000000-0000-0000-0000-000000000003,470852ed-b70b-4f24-879a-6edb4193d8b6,74245d66-8df4-4678-b1e9-76d5e231caff,Office Supplies,Operational expense,22612.9,2024-06-24,pending,2024-06-24 09:51:07,2024,6,2,26,0,0,0,5,False,False,False,False,False,True,False,False,False,False,10.026320040445968
07314b1d-787f-4b91-9570-bb95c2706edc,00000000-0000-0000-0000-000000000001,a01b7f2a-d4d0-48bf-bb89-c1040f55587a,f0e9f4da-9ca0-492d-a21e-3f8a819f9184,Travel,Operational expense,26742.81,2024-09-14,approved,2024-09-14 11:56:50,2024,9,3,37,5,1,0,8,False,False,False,False,False,False,False,False,True,False,10.194058323677451
ba2b0964-6856-4a81-a104-3cfe4b014459,00000000-0000-0000-0000-000000000003,9b1ac5ce-ad4f-40d1-8b7c-0005176b143d,1db94196-443a-440f-ad7e-c4422bb047e3,Insurance,Operational expense,9732.05,2023-01-29,approved,2023-01-29 14:26:13,2023,1,1,4,6,1,0,1,False,True,False,False,False,False,False,False,False,False,9.18328258957553
e4109594-e6f0-4df8-a179-2899e118e611,00000000-0000-0000-0000-000000000002,5f6c98b4-4360-41ee-83a3-efc700651a04,07274486-6344-4009-ae28-b9027a51f93f,Travel,Operational expense,17077.47,2024-01-09,approved,2024-01-09 11:31:16,2024,1,1,2,1,0,0,8,False,False,False,False,False,False,False,False,True,False,9.745573884875839
f89f6078-6e18-467d-b672-fd44f58287f3,00000000-0000-0000-0000-000000000003,9b1ac5ce-ad4f-40d1-8b7c-0005176b143d,9dd0c56d-a9cf-4c8d-a998-9df89eb48a85,IT & Software,Operational expense,27438.51,2024-11-10,approved,2024-11-10 14:20:16,2024,11,4,45,6,1,0,0,True,False,False,False,False,False,False,False,False,False,10.219739224537523
aa951fb7-6b1b-4030-bb9e-01d271744024,00000000-0000-0000-0000-000000000003,7227b311-834f-4815-aa86-c5d464758be1,79c1732a-a6d1-4565-b515-c59de4dbdfe5,Marketing,Operational expense,41510.14,2022-02-05,approved,2022-02-05 08:55:54,2022,2,1,5,5,1,0,4,False,False,False,False,True,False,False,False,False,False,10.63371710393184
ec94d06f-5eb0-4559-9c4c-79c85e971bf4,00000000-0000-0000-0000-000000000001,a01b7f2a-d4d0-48bf-bb89-c1040f55587a,eaefa70d-63c2-4537-b86d-2205b826bb2e,Insurance,Operational expense,37289.14,2024-12-09,approved,2024-12-09 14:31:14,2024,12,4,50,0,0,0,1,False,True,False,False,False,False,False,False,False,False,10.526484227523556
3381055d-ea92-47c5-819d-b12b3109a9cd,00000000-0000-0000-0000-000000000002,587616fd-ba60-493e-ba92-b68a61b5cdce,bcde24c7-84f3-4459-afee-eba83339896c,Insurance,Operational expense,4616.1,2023-03-15,approved,2023-03-15 11:44:44,2023,3,1,11,2,0,0,1,False,True,False,False,False,False,False,False,False,False,8.437522081358422
b019b386-2be1-4397-9b96-ad523a90e971,00000000-0000-0000-0000-000000000003,470852ed-b70b-4f24-879a-6edb4193d8b6,61d2418d-6936-4075-a481-1d994952d89b,Insurance,Operational expense,23871.07,2023-05-09,approved,2023-05-09 10:11:53,2023,5,2,19,1,0,0,1,False,True,False,False,False,False,False,False,False,False,10.080464435304819
832879d5-0781-45f9-a793-ebd0d07a9ebf,00000000-0000-0000-0000-000000000001,a01b7f2a-d4d0-48bf-bb89-c1040f55587a,f0e9f4da-9ca0-492d-a21e-3f8a819f9184,Marketing,Operational expense,36264.55,2024-04-30,pending,2024-04-30 17:11:51,2024,4,2,18,1,0,1,4,False,False,False,False,True,False,False,False,False,False,10.498623533820657
7db5159c-be13-4a8a-abd6-11fed27a5a99,00000000-0000-0000-0000-000000000002,5f6c98b4-4360-41ee-83a3-efc700651a04,e213801b-a706-48c3-9ba4-7db14d3912f3,Office Supplies,Operational expense,39078.35,2023-01-10,approved,2023-01-10 14:06:55,2023,1,1,2,1,0,0,5,False,False,False,False,False,True,False,False,False,False,10.57334947346978
2afd0ac6-7590-4255-9976-468aecc18bf2,00000000-0000-0000-0000-000000000002,b961632b-814f-4481-946b-17a792487aa7,9d2a5f48-38f2-46be-b733-c1b9f1c891c4,Logistics,Operational expense,29917.28,2022-08-15,pending,2022-08-15 10:57:20,2022,8,3,33,0,0,0,2,False,False,True,False,False,False,False,False,False,False,10.306224943804978
cc21dc0c-58b3-427b-b033-0363964529bd,00000000-0000-0000-0000-000000000002,587616fd-ba60-493e-ba92-b68a61b5cdce,81c496fc-1d35-4405-9a7d-ae0a15104d5b,Maintenance,Operational expense,29430.98,2023-12-30,approved,2023-12-30 16:39:57,2023,12,4,52,5,1,0,3,False,False,False,True,False,False,False,False,False,False,10.289837117251897
287a4d28-d357-4442-bc03-ca604e03dc22,00000000-0000-0000-0000-000000000003,7227b311-834f-4815-aa86-c5d464758be1,3b9ffffd-ca39-4330-b08f-59cdb916323f,Logistics,Operational expense,42138.51,2022-11-17,pending,2022-11-17 08:59:15,2022,11,4,46,3,0,0,2,False,False,True,False,False,False,False,False,False,False,10.648741059383598
0f3ee65b-02fc-414b-9af2-724e979adc3c,00000000-0000-0000-0000-000000000003,9b1ac5ce-ad4f-40d1-8b7c-0005176b143d,355d120a-98dd-4393-a62e-df5f4b8a455b,Insurance,Operational expense,49611.85,2023-01-13,approved,2023-01-13 11:33:12,2023,1,1,2,4,0,0,1,False,True,False,False,False,False,False,False,False,False,10.812005151740157
b2f57e09-8d94-4b71-ab92-e890147f2559,00000000-0000-0000-0000-000000000002,587616fd-ba60-493e-ba92-b68a61b5cdce,e213801b-a706-48c3-9ba4-7db14d3912f3,Maintenance,Operational expense,1499.94,2022-05-19,approved,2022-05-19 14:42:29,2022,5,2,20,3,0,0,3,False,False,False,True,False,False,False,False,False,False,7.313846857483407
12c16abe-a9d3-42d0-a50b-0b2b79836bf4,00000000-0000-0000-0000-000000000002,587616fd-ba60-493e-ba92-b68a61b5cdce,c75c1d53-938d-4640-b118-e5ada06ce255,IT & Software,Operational expense,36510.12,2022-10-13,pending,2022-10-13 16:40:38,2022,10,4,41,3,0,0,0,True,False,False,False,False,False,False,False,False,False,10.505372150706146
8d1d0e85-f859-4440-b1da-46d9ab47bb01,00000000-0000-0000-0000-000000000002,b961632b-814f-4481-946b-17a792487aa7,07274486-6344-4009-ae28-b9027a51f93f,Travel,Operational expense,32395.23,2023-06-14,approved,2023-06-14 10:32:48,2023,6,2,24,2,0,0,8,False,False,False,False,False,False,False,False,True,False,10.38579733698561
9889661c-c797-4abe-b53e-6f7e3c39848d,00000000-0000-0000-0000-000000000003,470852ed-b70b-4f24-879a-6edb4193d8b6,045901bc-3a1a-4a0b-bd8b-876c218464f4,Logistics,Operational expense,14207.29,2024-10-28,approved,2024-10-28 17:26:41,2024,10,4,44,0,0,0,2,False,False,True,False,False,False,False,False,False,False,9.561580876059685
5e248945-971a-428f-a0c6-12e172915379,00000000-0000-0000-0000-000000000001,51fd3682-4888-4a55-92f7-281307c67941,9a16d7d2-dc18-4141-a14f-3394de4b98bc,Insurance,Operational expense,8106.58,2022-09-24,pending,2022-09-24 15:27:25,2022,9,3,38,5,1,0,1,False,True,False,False,False,False,False,False,False,False,9.000554705539512
b94b49bc-83a7-4bb5-8790-77161fd2780c,00000000-0000-0000-0000-000000000002,5f6c98b4-4360-41ee-83a3-efc700651a04,09cd08c0-c83a-42f5-96cc-b9c13c2aa7e4,Office Supplies,Operational expense,12426.43,2022-08-24,approved,2022-08-24 18:20:01,2022,8,3,34,2,0,0,5,False,False,False,False,False,True,False,False,False,False,9.427661405283482
95c9e982-3791-4bae-a984-158bc9f41c88,00000000-0000-0000-0000-000000000003,7227b311-834f-4815-aa86-c5d464758be1,74245d66-8df4-4678-b1e9-76d5e231caff,Office Supplies,Operational expense,45588.71,2023-04-18,approved,2023-04-18 18:35:11,2023,4,2,16,1,0,0,5,False,False,False,False,False,True,False,False,False,False,10.727437312143167
757cdb89-3e8f-4e52-b7eb-88258d795eef,00000000-0000-0000-0000-000000000003,9b1ac5ce-ad4f-40d1-8b7c-0005176b143d,74245d66-8df4-4678-b1e9-76d5e231caff,Marketing,Operational expense,34380.92,2022-12-15,pending,2022-12-15 18:42:01,2022,12,4,50,3,0,0,4,False,False,False,False,True,False,False,False,False,False,10.445286123799825
ebd3f4ec-a9b0-4769-b2df-8a8a51e209cf,00000000-0000-0000-0000-000000000003,9b1ac5ce-ad4f-40d1-8b7c-0005176b143d,045901bc-3a1a-4a0b-bd8b-876c218464f4,Office Supplies,Operational expense,17623.43,2023-03-29,approved,2023-03-29 09:08:11,2023,3,1,13,2,0,0,5,False,False,False,False,False,True,False,False,False,False,9.777041286731974
9e86d71a-d4b5-4d22-8b88-3391b54fb9b5,00000000-0000-0000-0000-000000000001,a01b7f2a-d4d0-48bf-bb89-c1040f55587a,9a16d7d2-dc18-4141-a14f-3394de4b98bc,Office Supplies,Operational expense,34230.8,2024-09-22,approved,2024-09-22 10:27:20,2024,9,3,38,6,1,0,5,False,False,False,False,False,True,False,False,False,False,10.440910315593023
4d1a59b9-ffef-48c6-8533-9ef1c004469c,00000000-0000-0000-0000-000000000001,a01b7f2a-d4d0-48bf-bb89-c1040f55587a,aadd1a3f-3f20-499a-b950-51966ac9090c,Logistics,Operational expense,5630.71,2024-07-13,approved,2024-07-13 12:22:47,2024,7,3,28,5,1,0,2,False,False,True,False,False,False,False,False,False,False,8.636168405034875
af1f2a12-93e3-46fc-adcc-0a981377b37f,00000000-0000-0000-0000-000000000003,9b1ac5ce-ad4f-40d1-8b7c-0005176b143d,29998a31-9af5-4c58-9bfe-cde4f9a96969,Office Supplies,Operational expense,26691.05,2022-12-04,pending,2022-12-04 18:06:46,2022,12,4,48,6,1,0,5,False,False,False,False,False,True,False,False,False,False,10.192121047242184
405c6c0d-42c9-4795-9d09-c3f1724cf0f2,00000000-0000-0000-0000-000000000001,51fd3682-4888-4a55-92f7-281307c67941,eaefa70d-63c2-4537-b86d-2205b826bb2e,Logistics,Operational expense,23174.62,2022-04-06,approved,2022-04-06 11:26:05,2022,4,2,14,2,0,0,2,False,False,True,False,False,False,False,False,False,False,10.050856143042761
2348fd66-ec65-4889-a90f-53edb85dd5d8,00000000-0000-0000-0000-000000000003,470852ed-b70b-4f24-879a-6edb4193d8b6,1db94196-443a-440f-ad7e-c4422bb047e3,Logistics,Operational expense,24720.84,2023-03-27,approved,2023-03-27 14:25:57,2023,3,1,13,0,0,0,2,False,False,True,False,False,False,False,False,False,False,10.115442342458538
95db412d-8cdd-4abf-ac02-098d3b314c2f,00000000-0000-0000-0000-000000000001,51fd3682-4888-4a55-92f7-281307c67941,f17772cf-7a8e-4e04-aeef-8c148fe1a7e5,IT & Software,Operational expense,23641.17,2024-02-14,approved,2024-02-14 08:20:39,2024,2,1,7,2,0,0,0,True,False,False,False,False,False,False,False,False,False,10.070787260877482
42bafcad-6765-41fb-816e-68a5f20d9197,00000000-0000-0000-0000-000000000001,51fd3682-4888-4a55-92f7-281307c67941,f0e9f4da-9ca0-492d-a21e-3f8a819f9184,IT & Software,Operational expense,26317.75,2022-04-10,approved,2022-04-10 12:35:10,2022,4,2,14,6,1,0,0,True,False,False,False,False,False,False,False,False,False,10.178036891910239
2d9069c6-8e18-4ae8-82f5-c21a31041324,00000000-0000-0000-0000-000000000002,587616fd-ba60-493e-ba92-b68a61b5cdce,2afe7cda-5682-4c01-a59f-5f13090047f6,Marketing,Operational expense,40499.39,2023-08-16,pending,2023-08-16 11:51:23,2023,8,3,33,2,0,0,4,False,False,False,False,True,False,False,False,False,False,10.609066882677896
0578caa3-d78c-4ef2-af2a-5ae157d235bf,00000000-0000-0000-0000-000000000003,9b1ac5ce-ad4f-40d1-8b7c-0005176b143d,29998a31-9af5-4c58-9bfe-cde4f9a96969,Marketing,Operational expense,15391.78,2023-05-23,approved,2023-05-23 08:05:26,2023,5,2,21,1,0,0,4,False,False,False,False,True,False,False,False,False,False,9.641653847297194
8b276331-e751-45d6-8685-4b6851ff6794,00000000-0000-0000-0000-000000000001,51fd3682-4888-4a55-92f7-281307c67941,f17772cf-7a8e-4e04-aeef-8c148fe1a7e5,Maintenance,Operational expense,48579.03,2023-05-10,approved,2023-05-10 13:58:36,2023,5,2,19,2,0,0,3,False,False,False,True,False,False,False,False,False,False,10.790967820094055
13eb4d5a-c48c-4b6f-9160-844bc3272438,00000000-0000-0000-0000-000000000002,587616fd-ba60-493e-ba92-b68a61b5cdce,517d046e-f5e7-4244-8dab-e8995b9bfdc4,Office Supplies,Operational expense,23758.43,2023-07-18,approved,2023-07-18 12:06:22,2023,7,3,29,1,0,0,5,False,False,False,False,False,True,False,False,False,False,10.075734783289828
6a125619-02fc-4afa-873f-a9e3ceae5501,00000000-0000-0000-0000-000000000001,a01b7f2a-d4d0-48bf-bb89-c1040f55587a,5a96b78c-2c6b-4aaa-88b5-7c7485705113,IT & Software,Operational expense,39237.41,2024-08-12,approved,2024-08-12 17:35:32,2024,8,3,33,0,0,0,0,True,False,False,False,False,False,False,False,False,False,10.577411392980672
83d3aba5-c093-4e66-a6c0-81288ee2ea51,00000000-0000-0000-0000-000000000001,a01b7f2a-d4d0-48bf-bb89-c1040f55587a,f577e0e3-284e-4c71-8d16-74f51d0fe305,Logistics,Operational expense,14123.11,2024-12-29,approved,2024-12-29 12:43:42,2024,12,4,52,6,1,0,2,False,False,True,False,False,False,False,False,False,False,9.555638545179944
837cc875-6020-4c14-a6f3-98b17c3b1fa7,00000000-0000-0000-0000-000000000003,470852ed-b70b-4f24-879a-6edb4193d8b6,74245d66-8df4-4678-b1e9-76d5e231caff,Travel,Operational expense,47114.6,2022-04-20,approved,2022-04-20 18:26:48,2022,4,2,16,2,0,0,8,False,False,False,False,False,False,False,False,True,False,10.760359435357605
21177c89-cce0-4c37-bf9e-1294415f8230,00000000-0000-0000-0000-000000000002,5f6c98b4-4360-41ee-83a3-efc700651a04,7f514159-0b19-4321-a308-daec53995d5a,Marketing,Operational expense,1320.35,2024-01-11,approved,2024-01-11 14:40:32,2024,1,1,2,3,0,0,4,False,False,False,False,True,False,False,False,False,False,7.186409220223914
4abf7b0b-d34f-47c6-908b-f604e67f1b7a,00000000-0000-0000-0000-000000000001,0eb66abb-0d5d-4e88-a3ff-16776e267d83,aadd1a3f-3f20-499a-b950-51966ac9090c,Travel,Operational expense,42528.17,2023-12-15,pending,2023-12-15 13:00:33,2023,12,4,50,4,0,0,8,False,False,False,False,False,False,False,False,True,False,10.657945472421225
12acfb47-ebfa-4a20-8c92-80de87930e5f,00000000-0000-0000-0000-000000000002,5f6c98b4-4360-41ee-83a3-efc700651a04,6708a3ae-03ac-432d-8065-25bbf8f3a753,Insurance,Operational expense,1063.77,2022-06-29,approved,2022-06-29 12:51:55,2022,6,2,26,2,0,0,1,False,True,False,False,False,False,False,False,False,False,6.970514092378965
6b347921-5107-4220-a5de-d512f3bb6684,00000000-0000-0000-0000-000000000001,0eb66abb-0d5d-4e88-a3ff-16776e267d83,3f0519f3-383c-48a1-8609-f4b51fd5ecd4,Insurance,Operational expense,37883.81,2022-02-24,pending,2022-02-24 11:17:42,2022,2,1,8,3,0,0,1,False,True,False,False,False,False,False,False,False,False,10.542305519175386
54b2051b-2f22-4cae-999d-78607d1c5fb5,00000000-0000-0000-0000-000000000003,9b1ac5ce-ad4f-40d1-8b7c-0005176b143d,29998a31-9af5-4c58-9bfe-cde4f9a96969,Logistics,Operational expense,37996.42,2024-09-21,approved,2024-09-21 17:03:03,2024,9,3,38,5,1,0,2,False,False,True,False,False,False,False,False,False,False,10.54527354166673
b29cde5c-2ec7-4814-9808-aea36c6290b1,00000000-0000-0000-0000-000000000001,0eb66abb-0d5d-4e88-a3ff-16776e267d83,9a16d7d2-dc18-4141-a14f-3394de4b98bc,Travel,Operational expense,45984.71,2024-09-22,approved,2024-09-22 09:38:16,2024,9,3,38,6,1,0,8,False,False,False,False,False,False,False,False,True,False,10.736085975034937
995568f9-6bf5-49ff-9cf1-479569d58a10,00000000-0000-0000-0000-000000000003,9b1ac5ce-ad4f-40d1-8b7c-0005176b143d,29998a31-9af5-4c58-9bfe-cde4f9a96969,Office Supplies,Operational expense,6326.45,2022-03-27,pending,2022-03-27 14:18:46,2022,3,1,12,6,1,0,5,False,False,False,False,False,True,False,False,False,False,8.752652590373044
30d6b789-540a-42cd-b6d0-aa3c9ba52355,00000000-0000-0000-0000-000000000001,51fd3682-4888-4a55-92f7-281307c67941,9a16d7d2-dc18-4141-a14f-3394de4b98bc,Office Supplies,Operational expense,14636.37,2023-10-07,pending,2023-10-07 12:53:19,2023,10,4,40,5,1,0,5,False,False,False,False,False,True,False,False,False,False,9.591333126568498
dbe9aba1-caed-45b1-a53c-6397cccd3ea8,00000000-0000-0000-0000-000000000003,470852ed-b70b-4f24-879a-6edb4193d8b6,33baaf1c-3618-44b5-b42a-4673992689f8,Office Supplies,Operational expense,4929.41,2023-06-08,pending,2023-06-08 13:55:19,2023,6,2,23,3,0,0,5,False,False,False,False,False,True,False,False,False,False,8.50317742787898
f9018f82-3093-4e99-bb4e-2d0c29cd0bda,00000000-0000-0000-0000-000000000001,a01b7f2a-d4d0-48bf-bb89-c1040f55587a,f17772cf-7a8e-4e04-aeef-8c148fe1a7e5,Office Supplies,Operational expense,40831.24,2023-06-04,approved,2023-06-04 08:12:47,2023,6,2,22,6,1,0,5,False,False,False,False,False,True,False,False,False,False,10.617227244430135
23e2016a-76ff-4e79-99a8-a51da011645d,00000000-0000-0000-0000-000000000001,a01b7f2a-d4d0-48bf-bb89-c1040f55587a,4736f247-39f8-400c-b9ea-519dfbb485f6,Insurance,Operational expense,9815.33,2023-08-29,approved,2023-08-29 12:19:06,2023,8,3,35,1,0,0,1,False,True,False,False,False,False,False,False,False,False,9.191802604407563
53e78f0c-7b08-41ba-89be-82008c794d03,00000000-0000-0000-0000-000000000003,7227b311-834f-4815-aa86-c5d464758be1,29998a31-9af5-4c58-9bfe-cde4f9a96969,Insurance,Operational expense,34556.64,2024-09-30,approved,2024-09-30 14:16:50,2024,9,3,40,0,0,1,1,False,True,False,False,False,False,False,False,False,False,10.45038393354929
b4c204d9-1c4e-4687-be26-13885489048b,00000000-0000-0000-0000-000000000003,7227b311-834f-4815-aa86-c5d464758be1,33baaf1c-3618-44b5-b42a-4673992689f8,Insurance,Operational expense,26242.73,2024-09-08,approved,2024-09-08 13:16:11,2024,9,3,36,6,1,0,1,False,True,False,False,False,False,False,False,False,False,10.175182382346001
c5d75c43-679d-4f87-be38-c75c712b5a22,00000000-0000-0000-0000-000000000002,b961632b-814f-4481-946b-17a792487aa7,9d2a5f48-38f2-46be-b733-c1b9f1c891c4,Insurance,Operational expense,39197.3,2024-04-04,rejected,2024-04-04 18:54:43,2024,4,2,14,3,0,0,1,False,True,False,False,False,False,False,False,False,False,10.576388657491224
5962ef80-7487-48a9-99cb-94ac4347b6ca,00000000-0000-0000-0000-000000000002,5f6c98b4-4360-41ee-83a3-efc700651a04,c75c1d53-938d-4640-b118-e5ada06ce255,Insurance,Operational expense,26260.29,2022-06-10,rejected,2022-06-10 18:46:35,2022,6,2,23,4,0,0,1,False,True,False,False,False,False,False,False,False,False,10.17585127079342
bf827427-b100-4042-8b8c-90f4b83470f0,00000000-0000-0000-0000-000000000003,9b1ac5ce-ad4f-40d1-8b7c-0005176b143d,1db94196-443a-440f-ad7e-c4422bb047e3,Travel,Operational expense,22866.91,2022-12-29,approved,2022-12-29 13:27:37,2022,12,4,52,3,0,0,8,False,False,False,False,False,False,False,False,True,False,10.037489896745543
32ba3642-8b64-4151-a044-4862d2b1ed0c,00000000-0000-0000-0000-000000000001,0eb66abb-0d5d-4e88-a3ff-16776e267d83,ea13a2c7-2a88-40f3-b073-4e507c524f18,Marketing,Operational expense,46870.68,2022-06-28,approved,2022-06-28 16:38:39,2022,6,2,26,1,0,0,4,False,False,False,False,True,False,False,False,False,False,10.755168934097718
7fd8dbc0-9756-43f1-b6f5-bf51f497c00c,00000000-0000-0000-0000-000000000003,470852ed-b70b-4f24-879a-6edb4193d8b6,3b9ffffd-ca39-4330-b08f-59cdb916323f,Logistics,Operational expense,29362.16,2023-03-14,approved,2023-03-14 10:03:31,2023,3,1,11,1,0,0,2,False,False,True,False,False,False,False,False,False,False,10.287496106364614
b96c9170-bc26-4964-be00-4fb2f6c5c25e,00000000-0000-0000-0000-000000000001,51fd3682-4888-4a55-92f7-281307c67941,4736f247-39f8-400c-b9ea-519dfbb485f6,Travel,Operational expense,15538.52,2022-08-31,approved,2022-08-31 15:02:03,2022,8,3,35,2,0,1,8,False,False,False,False,False,False,False,False,True,False,9.651141735413706
836e90ac-34e1-4679-9d1b-e0282e17625f,00000000-0000-0000-0000-000000000002,587616fd-ba60-493e-ba92-b68a61b5cdce,2afe7cda-5682-4c01-a59f-5f13090047f6,Insurance,Operational expense,23936.2,2024-07-28,approved,2024-07-28 17:53:15,2024,7,3,30,6,1,0,1,False,True,False,False,False,False,False,False,False,False,10.083189013207392
c28e5273-49b2-448f-8573-a8a1d8bd80c6,00000000-0000-0000-0000-000000000003,470852ed-b70b-4f24-879a-6edb4193d8b6,33baaf1c-3618-44b5-b42a-4673992689f8,Logistics,Operational expense,17521.25,2024-02-07,approved,2024-02-07 08:39:35,2024,2,1,6,2,0,0,2,False,False,True,False,False,False,False,False,False,False,9.771226780902177
0fe1e0d9-c4a1-4cbd-8292-4ae0f37beca3,00000000-0000-0000-0000-000000000002,5f6c98b4-4360-41ee-83a3-efc700651a04,09cd08c0-c83a-42f5-96cc-b9c13c2aa7e4,Insurance,Operational expense,15384.55,2023-08-30,pending,2023-08-30 14:25:15,2023,8,3,35,2,0,0,1,False,True,False,False,False,False,False,False,False,False,9.64118403622343
fe6b44ff-91f0-45f6-b794-80b22471d433,00000000-0000-0000-0000-000000000003,470852ed-b70b-4f24-879a-6edb4193d8b6,79c1732a-a6d1-4565-b515-c59de4dbdfe5,Insurance,Operational expense,21167.7,2024-08-13,approved,2024-08-13 10:02:42,2024,8,3,33,1,0,0,1,False,True,False,False,False,False,False,False,False,False,9.960278954591045
7287b66b-3bb9-46b0-b2d9-bdd23798901f,00000000-0000-0000-0000-000000000001,0eb66abb-0d5d-4e88-a3ff-16776e267d83,f17772cf-7a8e-4e04-aeef-8c148fe1a7e5,IT & Software,Operational expense,14633.26,2024-09-22,approved,2024-09-22 10:39:26,2024,9,3,38,6,1,0,0,True,False,False,False,False,False,False,False,False,False,9.591120634130482
daa82830-2757-457d-9b9a-2fb48a87dcb7,00000000-0000-0000-0000-000000000001,0eb66abb-0d5d-4e88-a3ff-16776e267d83,7760d86e-b342-473c-8c64-b55d64aa491a,Marketing,Operational expense,32291.98,2022-05-26,approved,2022-05-26 10:15:41,2022,5,2,21,3,0,0,4,False,False,False,False,True,False,False,False,False,False,10.382605148128238
65e8579c-5d9f-4c2a-9195-7fe6eded6880,00000000-0000-0000-0000-000000000002,5f6c98b4-4360-41ee-83a3-efc700651a04,81c496fc-1d35-4405-9a7d-ae0a15104d5b,Maintenance,Operational expense,2547.47,2022-02-13,approved,2022-02-13 16:40:53,2022,2,1,6,6,1,0,3,False,False,False,True,False,False,False,False,False,False,7.843248458080439
ddd97c1e-bfa4-4dd6-9376-2c785e8bfca7,00000000-0000-0000-0000-000000000003,9b1ac5ce-ad4f-40d1-8b7c-0005176b143d,045901bc-3a1a-4a0b-bd8b-876c218464f4,Marketing,Operational expense,17941.6,2024-08-23,approved,2024-08-23 08:31:47,2024,8,3,34,4,0,0,4,False,False,False,False,True,False,False,False,False,False,9.794933052648037
71ef8c99-8698-42c8-8bb6-9b056bfbd731,00000000-0000-0000-0000-000000000002,587616fd-ba60-493e-ba92-b68a61b5cdce,2afe7cda-5682-4c01-a59f-5f13090047f6,Marketing,Operational expense,34712.61,2022-06-16,approved,2022-06-16 15:22:53,2022,6,2,24,3,0,0,4,False,False,False,False,True,False,False,False,False,False,10.45488710805735
842c8172-bd9d-4df7-b535-20608ece9702,00000000-0000-0000-0000-000000000002,b961632b-814f-4481-946b-17a792487aa7,c75c1d53-938d-4640-b118-e5ada06ce255,Insurance,Operational expense,31046.9,2024-09-15,approved,2024-09-15 11:04:07,2024,9,3,37,6,1,0,1,False,True,False,False,False,False,False,False,False,False,10.343286452224179
4930b9ef-090f-4165-b6bb-64d999877f58,00000000-0000-0000-0000-000000000003,7227b311-834f-4815-aa86-c5d464758be1,355d120a-98dd-4393-a62e-df5f4b8a455b,Marketing,Operational expense,46068.42,2023-10-29,approved,2023-10-29 17:22:05,2023,10,4,43,6,1,0,4,False,False,False,False,True,False,False,False,False,False,10.737904668313053
b55ff5e0-6464-413d-92df-01a828d3b1eb,00000000-0000-0000-0000-000000000003,7227b311-834f-4815-aa86-c5d464758be1,3b9ffffd-ca39-4330-b08f-59cdb916323f,Marketing,Operational expense,7254.46,2023-09-05,approved,2023-09-05 13:11:46,2023,9,3,36,1,0,0,4,False,False,False,False,True,False,False,False,False,False,8.889509567856893
519dc750-685b-461f-9cc1-b345c39f8248,00000000-0000-0000-0000-000000000001,0eb66abb-0d5d-4e88-a3ff-16776e267d83,f577e0e3-284e-4c71-8d16-74f51d0fe305,Insurance,Operational expense,25032.75,2024-11-01,approved,2024-11-01 16:08:50,2024,11,4,44,4,0,0,1,False,True,False,False,False,False,False,False,False,False,10.127980193419633
68c14ec9-4d7b-4a22-b9a9-151c2f50c9fa,00000000-0000-0000-0000-000000000002,5f6c98b4-4360-41ee-83a3-efc700651a04,c75c1d53-938d-4640-b118-e5ada06ce255,Marketing,Operational expense,46459.64,2022-01-21,approved,2022-01-21 10:50:23,2022,1,1,3,4,0,0,4,False,False,False,False,True,False,False,False,False,False,10.746360781520094
1d038ca4-89e6-4dd7-8f7d-71760a0089a8,00000000-0000-0000-0000-000000000003,470852ed-b70b-4f24-879a-6edb4193d8b6,9dd0c56d-a9cf-4c8d-a998-9df89eb48a85,Office Supplies,Operational expense,49463.92,2023-07-05,approved,2023-07-05 15:09:09,2023,7,3,27,2,0,0,5,False,False,False,False,False,True,False,False,False,False,10.80901901045085
aa8b0052-64a0-42ed-8ed5-5e3e99035516,00000000-0000-0000-0000-000000000001,51fd3682-4888-4a55-92f7-281307c67941,f577e0e3-284e-4c71-8d16-74f51d0fe305,Office Supplies,Operational expense,8275.07,2022-10-10,approved,2022-10-10 15:58:28,2022,10,4,41,0,0,0,5,False,False,False,False,False,True,False,False,False,False,9.021123497022026
8e594ab1-2dc8-483c-87c8-f16dd3418131,00000000-0000-0000-0000-000000000002,587616fd-ba60-493e-ba92-b68a61b5cdce,7f514159-0b19-4321-a308-daec53995d5a,Office Supplies,Operational expense,30000.1,2023-08-04,approved,2023-08-04 17:02:25,2023,8,3,31,4,0,0,5,False,False,False,False,False,True,False,False,False,False,10.308989326638754
2c58e160-f1e3-4696-a216-44e94a57dc4e,00000000-0000-0000-0000-000000000001,0eb66abb-0d5d-4e88-a3ff-16776e267d83,5a96b78c-2c6b-4aaa-88b5-7c7485705113,Maintenance,Operational expense,30903.47,2022-10-12,approved,2022-10-12 08:03:33,2022,10,4,41,2,0,0,3,False,False,False,True,False,False,False,False,False,False,10.338656112617734
ab60d326-2b47-421a-a65c-cd5df759fdc7,00000000-0000-0000-0000-000000000003,9b1ac5ce-ad4f-40d1-8b7c-0005176b143d,e452be79-f94b-4709-88bf-8f66053789c4,Office Supplies,Operational expense,16822.2,2023-06-19,pending,2023-06-19 10:23:34,2023,6,2,25,0,0,0,5,False,False,False,False,False,True,False,False,False,False,9.730514165134494
ccc13b5b-16bc-451c-8822-44d961507071,00000000-0000-0000-0000-000000000001,51fd3682-4888-4a55-92f7-281307c67941,7760d86e-b342-473c-8c64-b55d64aa491a,Marketing,Operational expense,20431.38,2023-10-29,approved,2023-10-29 17:12:13,2023,10,4,43,6,1,0,4,False,False,False,False,True,False,False,False,False,False,9.924876176376587
220996b6-36dc-4e2c-82d6-90b8aa29badd,00000000-0000-0000-0000-000000000001,0eb66abb-0d5d-4e88-a3ff-16776e267d83,ea13a2c7-2a88-40f3-b073-4e507c524f18,IT & Software,Operational expense,31067.44,2023-06-30,approved,2023-06-30 15:14:41,2023,6,2,26,4,0,1,0,True,False,False,False,False,False,False,False,False,False,10.343947791921547
71785236-3ecb-480c-a614-9cda2d051254,00000000-0000-0000-0000-000000000003,9b1ac5ce-ad4f-40d1-8b7c-0005176b143d,33baaf1c-3618-44b5-b42a-4673992689f8,Marketing,Operational expense,27743.16,2022-09-04,approved,2022-09-04 14:42:13,2022,9,3,35,6,1,0,4,False,False,False,False,True,False,False,False,False,False,10.230780646576326
cfc9b669-2c3e-4a4a-98c6-50212eaa507d,00000000-0000-0000-0000-000000000002,b961632b-814f-4481-946b-17a792487aa7,c75c1d53-938d-4640-b118-e5ada06ce255,IT & Software,Operational expense,37586.34,2024-01-17,approved,2024-01-17 08:37:23,2024,1,1,3,2,0,0,0,True,False,False,False,False,False,False,False,False,False,10.534422570553438
8b97dc26-42c8-4311-a233-3fbea9e278a6,00000000-0000-0000-0000-000000000001,a01b7f2a-d4d0-48bf-bb89-c1040f55587a,eaefa70d-63c2-4537-b86d-2205b826bb2e,Office Supplies,Operational expense,30254.96,2023-01-02,approved,2023-01-02 08:41:16,2023,1,1,1,0,0,0,5,False,False,False,False,False,True,False,False,False,False,10.31744846884554
d547b59c-1779-4d3c-a960-1585879106c0,00000000-0000-0000-0000-000000000002,5f6c98b4-4360-41ee-83a3-efc700651a04,07274486-6344-4009-ae28-b9027a51f93f,Marketing,Operational expense,32738.12,2024-03-14,approved,2024-03-14 13:54:01,2024,3,1,11,3,0,0,4,False,False,False,False,True,False,False,False,False,False,10.39632597212773
a790aff1-cbf4-4640-b3b9-0d4f42bb44d1,00000000-0000-0000-0000-000000000001,0eb66abb-0d5d-4e88-a3ff-16776e267d83,3f0519f3-383c-48a1-8609-f4b51fd5ecd4,Office Supplies,Operational expense,36094.47,2022-09-24,approved,2022-09-24 09:24:29,2022,9,3,38,5,1,0,5,False,False,False,False,False,True,False,False,False,False,10.493922651682558
7cf1e2c1-5cbb-4ab4-a69c-02d3c511babe,00000000-0000-0000-0000-000000000002,587616fd-ba60-493e-ba92-b68a61b5cdce,07274486-6344-4009-ae28-b9027a51f93f,Maintenance,Operational expense,39523.65,2024-06-09,approved,2024-06-09 11:25:06,2024,6,2,23,6,1,0,3,False,False,False,True,False,False,False,False,False,False,10.5846798068835
3d26394b-adc1-4113-b9e4-b07a9c376b63,00000000-0000-0000-0000-000000000002,5f6c98b4-4360-41ee-83a3-efc700651a04,2afe7cda-5682-4c01-a59f-5f13090047f6,IT & Software,Operational expense,6927.33,2023-10-17,approved,2023-10-17 09:36:25,2023,10,4,42,1,0,0,0,True,False,False,False,False,False,False,False,False,False,8.843374081902322
4e2ae438-0fca-48a6-8eeb-7f5df2de98a6,00000000-0000-0000-0000-000000000002,b961632b-814f-4481-946b-17a792487aa7,6708a3ae-03ac-432d-8065-25bbf8f3a753,Marketing,Operational expense,49402.58,2022-02-07,pending,2022-02-07 18:10:07,2022,2,1,6,0,0,0,4,False,False,False,False,True,False,False,False,False,False,10.807778170185845
2d6fe50c-ecc0-4863-ad36-309f90e2c467,00000000-0000-0000-0000-000000000002,5f6c98b4-4360-41ee-83a3-efc700651a04,7f514159-0b19-4321-a308-daec53995d5a,Marketing,Operational expense,15520.06,2023-04-08,rejected,2023-04-08 17:21:14,2023,4,2,14,5,1,0,4,False,False,False,False,True,False,False,False,False,False,9.649953090374014
08f7eeea-05cd-407a-b8d5-ab51572f6a19,00000000-0000-0000-0000-000000000003,7227b311-834f-4815-aa86-c5d464758be1,33baaf1c-3618-44b5-b42a-4673992689f8,Insurance,Operational expense,35016.01,2022-11-24,approved,2022-11-24 09:39:54,2022,11,4,47,3,0,0,1,False,True,False,False,False,False,False,False,False,False,10.4635892224118
d9870378-6908-4e9b-a523-e042ff54ed7c,00000000-0000-0000-0000-000000000002,587616fd-ba60-493e-ba92-b68a61b5cdce,81c496fc-1d35-4405-9a7d-ae0a15104d5b,Logistics,Operational expense,9886.27,2023-04-30,approved,2023-04-30 12:11:28,2023,4,2,17,6,1,1,2,False,False,True,False,False,False,False,False,False,False,9.199003350111294
51d5eeb1-514e-4cc2-98d8-8a8fbbe80f23,00000000-0000-0000-0000-000000000001,0eb66abb-0d5d-4e88-a3ff-16776e267d83,f17772cf-7a8e-4e04-aeef-8c148fe1a7e5,Office Supplies,Operational expense,4613.12,2022-07-14,approved,2022-07-14 13:24:30,2022,7,3,28,3,0,0,5,False,False,False,False,False,True,False,False,False,False,8.436876446197843
79eab8ea-7f67-45c8-a6cc-4aedeafd9889,00000000-0000-0000-0000-000000000003,470852ed-b70b-4f24-879a-6edb4193d8b6,8626b762-d8ef-4e32-8446-33cdac213522,Travel,Operational expense,13549.53,2023-09-11,pending,2023-09-11 09:30:55,2023,9,3,37,0,0,0,8,False,False,False,False,False,False,False,False,True,False,9.514180939934043
d11b5c4a-ba34-4ba8-a5a8-ab5d655ee480,00000000-0000-0000-0000-000000000003,9b1ac5ce-ad4f-40d1-8b7c-0005176b143d,045901bc-3a1a-4a0b-bd8b-876c218464f4,Logistics,Operational expense,4427.64,2023-02-11,approved,2023-02-11 11:29:53,2023,2,1,6,5,1,0,2,False,False,True,False,False,False,False,False,False,False,8.395847818163064
86a9f602-5b59-4eee-ab0f-bd340f8eebe7,00000000-0000-0000-0000-000000000001,51fd3682-4888-4a55-92f7-281307c67941,ea13a2c7-2a88-40f3-b073-4e507c524f18,IT & Software,Operational expense,10167.49,2022-08-30,pending,2022-08-30 09:41:05,2022,8,3,35,1,0,0,0,True,False,False,False,False,False,False,False,False,False,9.227049002109428
a2440522-727e-4e85-8d0f-49c80781dda0,00000000-0000-0000-0000-000000000001,0eb66abb-0d5d-4e88-a3ff-16776e267d83,9a16d7d2-dc18-4141-a14f-3394de4b98bc,Logistics,Operational expense,3313.07,2024-09-18,approved,2024-09-18 16:35:22,2024,9,3,38,2,0,0,2,False,False,True,False,False,False,False,False,False,False,8.105932320273993
c234bb18-eeb5-4a95-9d84-dbaa1fbf745c,00000000-0000-0000-0000-000000000003,7227b311-834f-4815-aa86-c5d464758be1,045901bc-3a1a-4a0b-bd8b-876c218464f4,Travel,Operational expense,26039.23,2024-08-23,approved,2024-08-23 09:34:19,2024,8,3,34,4,0,0,8,False,False,False,False,False,False,False,False,True,False,10.167397928848782
c30bf425-cd4e-490f-b61d-5fb3ec73a312,00000000-0000-0000-0000-000000000001,51fd3682-4888-4a55-92f7-281307c67941,7760d86e-b342-473c-8c64-b55d64aa491a,Maintenance,Operational expense,44164.02,2024-07-14,pending,2024-07-14 09:59:45,2024,7,3,28,6,1,0,3,False,False,False,True,False,False,False,False,False,False,10.695688352026407
553e9346-3e19-4239-adfc-fc5742345fa1,00000000-0000-0000-0000-000000000003,7227b311-834f-4815-aa86-c5d464758be1,355d120a-98dd-4393-a62e-df5f4b8a455b,Travel,Operational expense,37580.19,2023-10-21,pending,2023-10-21 12:11:20,2023,10,4,42,5,1,0,8,False,False,False,False,False,False,False,False,True,False,10.534258938245776
5e721f66-7391-41bd-b363-15938305e6e9,00000000-0000-0000-0000-000000000003,470852ed-b70b-4f24-879a-6edb4193d8b6,33baaf1c-3618-44b5-b42a-4673992689f8,Marketing,Operational expense,30216.91,2024-02-21,approved,2024-02-21 13:07:16,2024,2,1,8,2,0,0,4,False,False,False,False,True,False,False,False,False,False,10.316190073938081
8a85e8d7-925d-4750-9b15-d2fd8f0327a9,00000000-0000-0000-0000-000000000003,9b1ac5ce-ad4f-40d1-8b7c-0005176b143d,045901bc-3a1a-4a0b-bd8b-876c218464f4,Insurance,Operational expense,23103.51,2024-07-01,approved,2024-07-01 18:12:39,2024,7,3,27,0,0,0,1,False,True,False,False,False,False,False,False,False,False,10.047783115548647
717a03c7-b7db-4142-9490-bf9347e06684,00000000-0000-0000-0000-000000000001,51fd3682-4888-4a55-92f7-281307c67941,7760d86e-b342-473c-8c64-b55d64aa491a,Office Supplies,Operational expense,5937.95,2024-10-07,approved,2024-10-07 18:27:10,2024,10,4,41,0,0,0,5,False,False,False,False,False,True,False,False,False,False,8.689287629054675
77b0ae47-c04f-496a-a7ac-21dee1c954b5,00000000-0000-0000-0000-000000000003,7227b311-834f-4815-aa86-c5d464758be1,79c1732a-a6d1-4565-b515-c59de4dbdfe5,Maintenance,Operational expense,5189.72,2024-02-21,approved,2024-02-21 13:48:17,2024,2,1,8,2,0,0,3,False,False,False,True,False,False,False,False,False,False,8.55462769486175
8159fe8e-e9c0-43a2-81ba-ee7539e8b811,00000000-0000-0000-0000-000000000001,51fd3682-4888-4a55-92f7-281307c67941,f17772cf-7a8e-4e04-aeef-8c148fe1a7e5,Travel,Operational expense,39238.11,2024-11-30,approved,2024-11-30 11:10:22,2024,11,4,48,5,1,1,8,False,False,False,False,False,False,False,False,True,False,10.577429232484265
1d951e33-5989-44d9-9878-f3fdcfab0261,00000000-0000-0000-0000-000000000002,587616fd-ba60-493e-ba92-b68a61b5cdce,09cd08c0-c83a-42f5-96cc-b9c13c2aa7e4,Office Supplies,Operational expense,26538.38,2022-01-07,approved,2022-01-07 12:00:05,2022,1,1,1,4,0,0,5,False,False,False,False,False,True,False,False,False,False,10.186384946648745
cdf151b2-8aba-4baf-b569-9c86717b8df2,00000000-0000-0000-0000-000000000001,51fd3682-4888-4a55-92f7-281307c67941,3f0519f3-383c-48a1-8609-f4b51fd5ecd4,Maintenance,Operational expense,41332.0,2024-10-17,approved,2024-10-17 14:26:17,2024,10,4,42,3,0,0,3,False,False,False,True,False,False,False,False,False,False,10.629416491370417
34e01e01-f4c9-4a56-b9fb-205e35d03bc2,00000000-0000-0000-0000-000000000003,7227b311-834f-4815-aa86-c5d464758be1,8626b762-d8ef-4e32-8446-33cdac213522,Travel,Operational expense,13218.76,2022-09-21,approved,2022-09-21 09:02:10,2022,9,3,38,2,0,0,8,False,False,False,False,False,False,False,False,True,False,9.489467958929236
79091663-b74f-4e4e-a61d-d85a25c7f5f2,00000000-0000-0000-0000-000000000003,7227b311-834f-4815-aa86-c5d464758be1,355d120a-98dd-4393-a62e-df5f4b8a455b,Travel,Operational expense,28792.7,2023-01-22,approved,2023-01-22 16:44:44,2023,1,1,3,6,1,0,8,False,False,False,False,False,False,False,False,True,False,10.267911892194766
01511290-636f-4d7f-8fee-6ccd9202df24,00000000-0000-0000-0000-000000000001,a01b7f2a-d4d0-48bf-bb89-c1040f55587a,f0e9f4da-9ca0-492d-a21e-3f8a819f9184,Insurance,Operational expense,20725.33,2022-07-06,approved,2022-07-06 12:35:43,2022,7,3,27,2,0,0,1,False,True,False,False,False,False,False,False,False,False,9.939160151647709
6b886fcd-bf90-4dc0-adab-b4b932c77207,00000000-0000-0000-0000-000000000002,5f6c98b4-4360-41ee-83a3-efc700651a04,81c496fc-1d35-4405-9a7d-ae0a15104d5b,Office Supplies,Operational expense,1758.23,2023-06-16,pending,2023-06-16 12:33:03,2023,6,2,24,4,0,0,5,False,False,False,False,False,True,False,False,False,False,7.47263149230115
79217629-db70-4ead-8831-81ee74f664c1,00000000-0000-0000-0000-000000000001,0eb66abb-0d5d-4e88-a3ff-16776e267d83,4736f247-39f8-400c-b9ea-519dfbb485f6,Insurance,Operational expense,28088.68,2022-07-26,approved,2022-07-26 18:14:47,2022,7,3,30,1,0,0,1,False,True,False,False,False,False,False,False,False,False,10.243157528078969
caebc8a6-1666-464b-8ee4-8494258d825c,00000000-0000-0000-0000-000000000002,587616fd-ba60-493e-ba92-b68a61b5cdce,2afe7cda-5682-4c01-a59f-5f13090047f6,IT & Software,Operational expense,24652.01,2024-09-21,approved,2024-09-21 11:47:45,2024,9,3,38,5,1,0,0,True,False,False,False,False,False,False,False,False,False,10.112654281549542
ac8ae34d-226f-46c9-b689-2be6062f846c,00000000-0000-0000-0000-000000000003,9b1ac5ce-ad4f-40d1-8b7c-0005176b143d,8626b762-d8ef-4e32-8446-33cdac213522,Insurance,Operational expense,49987.19,2024-08-25,approved,2024-08-25 13:38:15,2024,8,3,34,6,1,0,1,False,True,False,False,False,False,False,False,False,False,10.81954205651067
cc3e6b27-d8d7-4ccd-b845-dec98c5ba32e,00000000-0000-0000-0000-000000000002,587616fd-ba60-493e-ba92-b68a61b5cdce,81c496fc-1d35-4405-9a7d-ae0a15104d5b,Maintenance,Operational expense,12994.0,2022-11-25,approved,2022-11-25 08:54:46,2022,11,4,47,4,0,0,3,False,False,False,True,False,False,False,False,False,False,9.47231994707559
6130abbf-b1db-4a11-852b-df532278f14f,00000000-0000-0000-0000-000000000002,b961632b-814f-4481-946b-17a792487aa7,f72410dd-3260-4ece-a477-1ae69ac1e84e,Travel,Operational expense,45223.97,2023-04-20,approved,2023-04-20 08:19:51,2023,4,2,16,3,0,0,8,False,False,False,False,False,False,False,False,True,False,10.71940464691336
c3d86daa-f588-426b-a4d0-e17bf9426a9f,00000000-0000-0000-0000-000000000002,5f6c98b4-4360-41ee-83a3-efc700651a04,81c496fc-1d35-4405-9a7d-ae0a15104d5b,Logistics,Operational expense,42142.89,2022-07-14,approved,2022-07-14 13:55:41,2022,7,3,28,3,0,0,2,False,False,True,False,False,False,False,False,False,False,10.648844994440893
d7669343-be11-432d-8beb-0e80cc83cd22,00000000-0000-0000-0000-000000000002,587616fd-ba60-493e-ba92-b68a61b5cdce,81c496fc-1d35-4405-9a7d-ae0a15104d5b,Maintenance,Operational expense,43768.77,2023-10-07,approved,2023-10-07 15:00:42,2023,10,4,40,5,1,0,3,False,False,False,True,False,False,False,False,False,False,10.686698675430446
0fffd212-4498-4d3b-a402-dedacbe90125,00000000-0000-0000-0000-000000000001,a01b7f2a-d4d0-48bf-bb89-c1040f55587a,163b0e08-1801-4ae5-af8c-f287fbcdff7c,Office Supplies,Operational expense,19135.74,2023-01-23,rejected,2023-01-23 18:32:03,2023,1,1,4,0,0,0,5,False,False,False,False,False,True,False,False,False,False,9.859365326571233
2070dd3f-77ea-4371-8848-e5221ebf494d,00000000-0000-0000-0000-000000000003,7227b311-834f-4815-aa86-c5d464758be1,74245d66-8df4-4678-b1e9-76d5e231caff,Travel,Operational expense,33606.87,2024-08-04,approved,2024-08-04 15:16:28,2024,8,3,31,6,1,0,8,False,False,False,False,False,False,False,False,True,False,10.4225155447151
7f161cfc-9483-402a-a9c7-196b992e30b3,00000000-0000-0000-0000-000000000003,9b1ac5ce-ad4f-40d1-8b7c-0005176b143d,33baaf1c-3618-44b5-b42a-4673992689f8,IT & Software,Operational expense,13857.56,2023-05-28,pending,2023-05-28 18:42:01,2023,5,2,21,6,1,0,0,True,False,False,False,False,False,False,False,False,False,9.536658371242424
e2e97b5b-9dd1-4b0f-846d-675b8173b905,00000000-0000-0000-0000-000000000003,470852ed-b70b-4f24-879a-6edb4193d8b6,8626b762-d8ef-4e32-8446-33cdac213522,Insurance,Operational expense,15760.97,2024-08-20,pending,2024-08-20 10:25:11,2024,8,3,34,1,0,0,1,False,True,False,False,False,False,False,False,False,False,9.66535535560002
17ad82d1-1410-4af0-a975-e00d641ff36b,00000000-0000-0000-0000-000000000002,b961632b-814f-4481-946b-17a792487aa7,2afe7cda-5682-4c01-a59f-5f13090047f6,Insurance,Operational expense,29094.9,2022-09-27,approved,2022-09-27 17:35:37,2022,9,3,39,1,0,0,1,False,True,False,False,False,False,False,False,False,False,10.278352549762376
693b19a8-5ca4-4dcf-9f86-a22850d51cbe,00000000-0000-0000-0000-000000000003,7227b311-834f-4815-aa86-c5d464758be1,61d2418d-6936-4075-a481-1d994952d89b,Insurance,Operational expense,35044.15,2023-04-11,approved,2023-04-11 15:16:56,2023,4,2,15,1,0,0,1,False,True,False,False,False,False,False,False,False,False,10.464392509136422
f1632a00-ff20-445a-bc99-e002a35a2523,00000000-0000-0000-0000-000000000002,b961632b-814f-4481-946b-17a792487aa7,07274486-6344-4009-ae28-b9027a51f93f,Office Supplies,Operational expense,44256.84,2022-12-12,approved,2022-12-12 17:46:00,2022,12,4,50,0,0,0,5,False,False,False,False,False,True,False,False,False,False,10.697787809883657
b983645f-aaf3-4bd2-9319-49ae9bf13848,00000000-0000-0000-0000-000000000003,470852ed-b70b-4f24-879a-6edb4193d8b6,29998a31-9af5-4c58-9bfe-cde4f9a96969,Marketing,Operational expense,23310.12,2022-09-04,pending,2022-09-04 16:21:30,2022,9,3,35,6,1,0,4,False,False,False,False,True,False,False,False,False,False,10.05668577892358
67d51bd0-ff56-465b-81ae-fc2d458005a8,00000000-0000-0000-0000-000000000001,51fd3682-4888-4a55-92f7-281307c67941,163b0e08-1801-4ae5-af8c-f287fbcdff7c,IT & Software,Operational expense,33365.1,2023-02-08,approved,2023-02-08 16:55:55,2023,2,1,6,2,0,0,0,True,False,False,False,False,False,False,False,False,False,10.415295693474006
d1e0bfb8-e95d-490c-9d2c-13c5fe6e3576,00000000-0000-0000-0000-000000000003,7227b311-834f-4815-aa86-c5d464758be1,e452be79-f94b-4709-88bf-8f66053789c4,Travel,Operational expense,23066.02,2023-06-22,rejected,2023-06-22 17:57:28,2023,6,2,25,3,0,0,8,False,False,False,False,False,False,False,False,True,False,10.046159170739408
5f2fa018-0bd5-47e7-a85c-270d35796e12,00000000-0000-0000-0000-000000000003,9b1ac5ce-ad4f-40d1-8b7c-0005176b143d,8626b762-d8ef-4e32-8446-33cdac213522,IT & Software,Operational expense,47290.38,2023-02-03,approved,2023-02-03 17:43:37,2023,2,1,5,4,0,0,0,True,False,False,False,False,False,False,False,False,False,10.764083316857313
051074a4-465b-4e21-8af8-1aec4c056689,00000000-0000-0000-0000-000000000001,a01b7f2a-d4d0-48bf-bb89-c1040f55587a,eaefa70d-63c2-4537-b86d-2205b826bb2e,Marketing,Operational expense,29673.82,2023-10-31,approved,2023-10-31 16:53:10,2023,10,4,44,1,0,1,4,False,False,False,False,True,False,False,False,False,False,10.298054153747593
9931f48d-5cdd-4c4b-929d-34ae1a373f04,00000000-0000-0000-0000-000000000003,470852ed-b70b-4f24-879a-6edb4193d8b6,8626b762-d8ef-4e32-8446-33cdac213522,Travel,Operational expense,27168.84,2022-04-23,approved,2022-04-23 13:17:03,2022,4,2,16,5,1,0,8,False,False,False,False,False,False,False,False,True,False,10.20986281355506
b45b9f70-4f2a-4367-8133-37fe133d40ba,00000000-0000-0000-0000-000000000003,7227b311-834f-4815-aa86-c5d464758be1,355d120a-98dd-4393-a62e-df5f4b8a455b,Office Supplies,Operational expense,21785.48,2023-05-09,approved,2023-05-09 17:28:32,2023,5,2,19,1,0,0,5,False,False,False,False,False,True,False,False,False,False,9.989044872897614
afd2b897-1412-4698-b446-3a6abeb61453,00000000-0000-0000-0000-000000000003,7227b311-834f-4815-aa86-c5d464758be1,355d120a-98dd-4393-a62e-df5f4b8a455b,Insurance,Operational expense,39683.67,2023-10-31,approved,2023-10-31 17:48:43,2023,10,4,44,1,0,1,1,False,True,False,False,False,False,False,False,False,False,10.588720246005963
d427d8e1-980c-4f60-bb8c-0730c58cffc5,00000000-0000-0000-0000-000000000003,9b1ac5ce-ad4f-40d1-8b7c-0005176b143d,045901bc-3a1a-4a0b-bd8b-876c218464f4,Marketing,Operational expense,26706.81,2024-03-01,pending,2024-03-01 15:03:29,2024,3,1,9,4,0,0,4,False,False,False,False,True,False,False,False,False,False,10.192711310979114
3a9e1658-6105-428c-adb5-928018334a18,00000000-0000-0000-0000-000000000003,7227b311-834f-4815-aa86-c5d464758be1,61d2418d-6936-4075-a481-1d994952d89b,Travel,Operational expense,24076.6,2022-06-16,approved,2022-06-16 17:34:11,2022,6,2,24,3,0,0,8,False,False,False,False,False,False,False,False,True,False,10.089037226681508
8bac5826-0996-4b15-b99d-6cec9748a011,00000000-0000-0000-0000-000000000003,470852ed-b70b-4f24-879a-6edb4193d8b6,29998a31-9af5-4c58-9bfe-cde4f9a96969,IT & Software,Operational expense,6167.15,2023-08-22,approved,2023-08-22 11:42:12,2023,8,3,34,1,0,0,0,True,False,False,False,False,False,False,False,False,False,8.727154234013609
67ce8e8c-5ca0-43c6-a7a5-5a7611a590ee,00000000-0000-0000-0000-000000000002,5f6c98b4-4360-41ee-83a3-efc700651a04,6708a3ae-03ac-432d-8065-25bbf8f3a753,Office Supplies,Operational expense,2111.08,2024-07-27,approved,2024-07-27 08:59:38,2024,7,3,30,5,1,0,5,False,False,False,False,False,True,False,False,False,False,7.655428522896647
7ec7a02f-263b-4d66-a3a2-89875f4e387b,00000000-0000-0000-0000-000000000001,a01b7f2a-d4d0-48bf-bb89-c1040f55587a,f577e0e3-284e-4c71-8d16-74f51d0fe305,Travel,Operational expense,31083.33,2023-01-03,approved,2023-01-03 14:16:08,2023,1,1,1,1,0,0,8,False,False,False,False,False,False,False,False,True,False,10.344459112667066
a936e35c-6fe3-4547-9ec7-be365e78e4d2,00000000-0000-0000-0000-000000000002,587616fd-ba60-493e-ba92-b68a61b5cdce,2afe7cda-5682-4c01-a59f-5f13090047f6,Maintenance,Operational expense,46401.92,2022-05-06,approved,2022-05-06 08:14:40,2022,5,2,18,4,0,0,3,False,False,False,True,False,False,False,False,False,False,10.745117667268755
c0f98915-ad19-4986-a8b8-28213a39c656,00000000-0000-0000-0000-000000000003,9b1ac5ce-ad4f-40d1-8b7c-0005176b143d,79c1732a-a6d1-4565-b515-c59de4dbdfe5,Travel,Operational expense,32434.48,2024-06-20,approved,2024-06-20 11:29:18,2024,6,2,25,3,0,0,8,False,False,False,False,False,False,False,False,True,False,10.38700816436608
fc0720fd-6bf1-4d13-98c5-ba3847990a12,00000000-0000-0000-0000-000000000002,b961632b-814f-4481-946b-17a792487aa7,07274486-6344-4009-ae28-b9027a51f93f,Travel,Operational expense,18641.82,2022-08-07,approved,2022-08-07 13:57:18,2022,8,3,31,6,1,0,8,False,False,False,False,False,False,False,False,True,False,9.833216364350422
a54acab4-f155-40ce-89ce-b62b1c285f48,00000000-0000-0000-0000-000000000001,51fd3682-4888-4a55-92f7-281307c67941,f17772cf-7a8e-4e04-aeef-8c148fe1a7e5,Logistics,Operational expense,7920.14,2022-02-09,approved,2022-02-09 09:21:49,2022,2,1,6,2,0,0,2,False,False,True,False,False,False,False,False,False,False,8.97729041384413
90e27fd4-dbde-464e-81e9-16d7668d09b1,00000000-0000-0000-0000-000000000003,7227b311-834f-4815-aa86-c5d464758be1,8626b762-d8ef-4e32-8446-33cdac213522,Maintenance,Operational expense,42953.42,2022-03-18,approved,2022-03-18 10:42:15,2022,3,1,11,4,0,0,3,False,False,False,True,False,False,False,False,False,False,10.667894832478378
b353545a-ae95-407d-b954-1866dcc3e170,00000000-0000-0000-0000-000000000001,a01b7f2a-d4d0-48bf-bb89-c1040f55587a,9a16d7d2-dc18-4141-a14f-3394de4b98bc,Travel,Operational expense,10259.98,2023-05-28,pending,2023-05-28 08:47:14,2023,5,2,21,6,1,0,8,False,False,False,False,False,False,False,False,True,False,9.236103630732543
429dfe93-0054-4b57-95f1-708612ea210c,00000000-0000-0000-0000-000000000001,0eb66abb-0d5d-4e88-a3ff-16776e267d83,5a96b78c-2c6b-4aaa-88b5-7c7485705113,Marketing,Operational expense,23403.97,2024-02-24,approved,2024-02-24 14:08:28,2024,2,1,8,5,1,0,4,False,False,False,False,True,False,False,False,False,False,10.060703671955952
d887b4f4-b433-4248-97f8-95513d888a2e,00000000-0000-0000-0000-000000000003,470852ed-b70b-4f24-879a-6edb4193d8b6,1db94196-443a-440f-ad7e-c4422bb047e3,Marketing,Operational expense,22043.47,2023-03-10,approved,2023-03-10 14:46:51,2023,3,1,10,4,0,0,4,False,False,False,False,True,False,False,False,False,False,10.000817055770211
2adfba86-a1b5-46f5-8ed2-8e711ffe1ca6,00000000-0000-0000-0000-000000000002,b961632b-814f-4481-946b-17a792487aa7,6708a3ae-03ac-432d-8065-25bbf8f3a753,Travel,Operational expense,9794.84,2022-09-14,approved,2022-09-14 18:07:21,2022,9,3,37,2,0,0,8,False,False,False,False,False,False,False,False,True,False,9.189713084741447
73f29e3f-279f-45fb-990a-85b56a7a8afc,00000000-0000-0000-0000-000000000002,5f6c98b4-4360-41ee-83a3-efc700651a04,9d2a5f48-38f2-46be-b733-c1b9f1c891c4,Logistics,Operational expense,9950.28,2022-01-19,approved,2022-01-19 17:09:51,2022,1,1,3,2,0,0,2,False,False,True,False,False,False,False,False,False,False,9.20545646509489
7587f97d-86f4-4121-a7de-353f2d1bf6c5,00000000-0000-0000-0000-000000000003,470852ed-b70b-4f24-879a-6edb4193d8b6,29998a31-9af5-4c58-9bfe-cde4f9a96969,Maintenance,Operational expense,9659.77,2023-08-14,approved,2023-08-14 10:14:31,2023,8,3,33,0,0,0,3,False,False,False,True,False,False,False,False,False,False,9.175828634174806
64b15549-3741-4616-bc4d-371dabbc7872,00000000-0000-0000-0000-000000000003,7227b311-834f-4815-aa86-c5d464758be1,33baaf1c-3618-44b5-b42a-4673992689f8,Marketing,Operational expense,46569.01,2022-08-22,approved,2022-08-22 08:33:51,2022,8,3,34,0,0,0,4,False,False,False,False,True,False,False,False,False,False,10.748712050706914
60ce3c75-7f24-41f4-857c-7176d044e222,00000000-0000-0000-0000-000000000001,0eb66abb-0d5d-4e88-a3ff-16776e267d83,f0e9f4da-9ca0-492d-a21e-3f8a819f9184,Logistics,Operational expense,16146.93,2023-07-19,approved,2023-07-19 18:00:50,2023,7,3,29,2,0,0,2,False,False,True,False,False,False,False,False,False,False,9.689547147061282
8f33d5ce-0692-46f3-ac72-6f48eaa190b3,00000000-0000-0000-0000-000000000003,7227b311-834f-4815-aa86-c5d464758be1,9dd0c56d-a9cf-4c8d-a998-9df89eb48a85,Travel,Operational expense,20355.55,2024-01-24,approved,2024-01-24 10:14:34,2024,1,1,4,2,0,0,8,False,False,False,False,False,False,False,False,True,False,9.921158006404434
aeef3ed8-c1be-47c9-ba55-0efbe764ea68,00000000-0000-0000-0000-000000000002,b961632b-814f-4481-946b-17a792487aa7,09cd08c0-c83a-42f5-96cc-b9c13c2aa7e4,Maintenance,Operational expense,26894.02,2023-06-19,approved,2023-06-19 11:18:09,2023,6,2,25,0,0,0,3,False,False,False,True,False,False,False,False,False,False,10.199696418339713
b030fd25-f2b9-4334-a4a8-2b28cbdf721d,00000000-0000-0000-0000-000000000001,0eb66abb-0d5d-4e88-a3ff-16776e267d83,aadd1a3f-3f20-499a-b950-51966ac9090c,Maintenance,Operational expense,40960.35,2023-05-09,approved,2023-05-09 15:34:38,2023,5,2,19,1,0,0,3,False,False,False,True,False,False,False,False,False,False,10.620384218154628
004ac6d5-6d2b-41d4-a04f-bf5d05e5fa14,00000000-0000-0000-0000-000000000001,a01b7f2a-d4d0-48bf-bb89-c1040f55587a,4736f247-39f8-400c-b9ea-519dfbb485f6,Marketing,Operational expense,33975.14,2023-05-07,approved,2023-05-07 09:01:55,2023,5,2,18,6,1,0,4,False,False,False,False,True,False,False,False,False,False,10.433413792540303
65721ee4-56f1-4a1c-a577-6f0b3dbcb24b,00000000-0000-0000-0000-000000000003,9b1ac5ce-ad4f-40d1-8b7c-0005176b143d,61d2418d-6936-4075-a481-1d994952d89b,Travel,Operational expense,40249.96,2022-03-21,approved,2022-03-21 12:36:56,2022,3,1,12,0,0,0,8,False,False,False,False,False,False,False,False,True,False,10.602889133493958
81ecd605-3a26-448b-a57c-b04a807d59ea,00000000-0000-0000-0000-000000000003,7227b311-834f-4815-aa86-c5d464758be1,3b9ffffd-ca39-4330-b08f-59cdb916323f,Marketing,Operational expense,1118.23,2024-07-22,approved,2024-07-22 13:49:34,2024,7,3,30,0,0,0,4,False,False,False,False,True,False,False,False,False,False,7.020396227852642
3c497f25-6378-440d-ba5d-ef75eccf445e,00000000-0000-0000-0000-000000000002,5f6c98b4-4360-41ee-83a3-efc700651a04,7f514159-0b19-4321-a308-daec53995d5a,Logistics,Operational expense,33776.89,2024-09-11,approved,2024-09-11 18:41:04,2024,9,3,37,2,0,0,2,False,False,True,False,False,False,False,False,False,False,10.42756172541504
fdd77f43-e32d-4484-a954-38a1fb49993b,00000000-0000-0000-0000-000000000001,0eb66abb-0d5d-4e88-a3ff-16776e267d83,f0e9f4da-9ca0-492d-a21e-3f8a819f9184,Marketing,Operational expense,43586.16,2022-03-04,approved,2022-03-04 09:19:36,2022,3,1,9,4,0,0,4,False,False,False,False,True,False,False,False,False,False,10.682517890551992
cec4a0fa-8575-46f7-8245-f9524c6853bc,00000000-0000-0000-0000-000000000001,a01b7f2a-d4d0-48bf-bb89-c1040f55587a,4736f247-39f8-400c-b9ea-519dfbb485f6,Office Supplies,Operational expense,46799.98,2023-10-31,approved,2023-10-31 15:13:43,2023,10,4,44,1,0,1,5,False,False,False,False,False,True,False,False,False,False,10.753659421857437
f6ebddbe-0d3b-45f9-a88f-5c9cbe51a142,00000000-0000-0000-0000-000000000002,b961632b-814f-4481-946b-17a792487aa7,09cd08c0-c83a-42f5-96cc-b9c13c2aa7e4,Marketing,Operational expense,36449.17,2022-07-21,approved,2022-07-21 14:32:59,2022,7,3,29,3,0,0,4,False,False,False,False,True,False,False,False,False,False,10.50370140134911
be8cd9fe-5dd9-4507-81a2-ffc26c9bb900,00000000-0000-0000-0000-000000000003,470852ed-b70b-4f24-879a-6edb4193d8b6,045901bc-3a1a-4a0b-bd8b-876c218464f4,Marketing,Operational expense,7190.12,2022-07-13,approved,2022-07-13 11:21:45,2022,7,3,28,2,0,0,4,False,False,False,False,True,False,False,False,False,False,8.880602210489332
7564eed1-0f0b-4bd6-8271-c3be82e2c296,00000000-0000-0000-0000-000000000003,9b1ac5ce-ad4f-40d1-8b7c-0005176b143d,045901bc-3a1a-4a0b-bd8b-876c218464f4,Office Supplies,Operational expense,48460.86,2024-04-07,approved,2024-04-07 12:10:32,2024,4,2,14,6,1,0,5,False,False,False,False,False,True,False,False,False,False,10.788532375804802
b0a38f4a-329d-4962-a678-f7586ec5e3a2,00000000-0000-0000-0000-000000000002,b961632b-814f-4481-946b-17a792487aa7,81c496fc-1d35-4405-9a7d-ae0a15104d5b,Marketing,Operational expense,21624.1,2024-10-18,pending,2024-10-18 11:58:16,2024,10,4,42,4,0,0,4,False,False,False,False,True,False,False,False,False,False,9.981609956066844
8415f884-fe8e-47a2-850a-bde6309c617c,00000000-0000-0000-0000-000000000001,a01b7f2a-d4d0-48bf-bb89-c1040f55587a,aadd1a3f-3f20-499a-b950-51966ac9090c,Insurance,Operational expense,3074.4,2023-01-03,pending,2023-01-03 09:37:22,2023,1,1,1,1,0,0,1,False,True,False,False,False,False,False,False,False,False,8.031190253081592
7b95a38c-564b-494f-bc97-a9c183cb5116,00000000-0000-0000-0000-000000000001,0eb66abb-0d5d-4e88-a3ff-16776e267d83,ea13a2c7-2a88-40f3-b073-4e507c524f18,Travel,Operational expense,44386.34,2022-06-29,rejected,2022-06-29 14:01:12,2022,6,2,26,2,0,0,8,False,False,False,False,False,False,False,False,True,False,10.70070957262643
7fc165a6-cfd6-4f4f-ab62-fe0c6ca89780,00000000-0000-0000-0000-000000000001,0eb66abb-0d5d-4e88-a3ff-16776e267d83,ea13a2c7-2a88-40f3-b073-4e507c524f18,Logistics,Operational expense,3784.74,2024-12-10,pending,2024-12-10 17:12:46,2024,12,4,50,1,0,0,2,False,False,True,False,False,False,False,False,False,False,8.238996655348762
c24c8145-8241-4a04-b4e9-01ab2ec1af2a,00000000-0000-0000-0000-000000000003,470852ed-b70b-4f24-879a-6edb4193d8b6,045901bc-3a1a-4a0b-bd8b-876c218464f4,Marketing,Operational expense,16966.46,2024-04-08,approved,2024-04-08 18:33:31,2024,4,2,15,0,0,0,4,False,False,False,False,True,False,False,False,False,False,9.739052671127071
98d3ec3c-fc58-4c1a-938f-504dbfbc50ff,00000000-0000-0000-0000-000000000001,a01b7f2a-d4d0-48bf-bb89-c1040f55587a,7760d86e-b342-473c-8c64-b55d64aa491a,Travel,Operational expense,11898.58,2023-03-25,approved,2023-03-25 10:50:59,2023,3,1,12,5,1,0,8,False,False,False,False,False,False,False,False,True,False,9.384258384359121
908082a8-b6a6-409d-8f24-6e61bea28435,00000000-0000-0000-0000-000000000002,b961632b-814f-4481-946b-17a792487aa7,07274486-6344-4009-ae28-b9027a51f93f,Insurance,Operational expense,34210.52,2024-12-28,approved,2024-12-28 08:05:37,2024,12,4,52,5,1,0,1,False,True,False,False,False,False,False,False,False,False,10.440317708437394
471146b9-e7e5-4899-81f3-020a1c042f32,00000000-0000-0000-0000-000000000001,51fd3682-4888-4a55-92f7-281307c67941,163b0e08-1801-4ae5-af8c-f287fbcdff7c,Office Supplies,Operational expense,43041.16,2023-04-01,approved,2023-04-01 18:58:30,2023,4,2,13,5,1,0,5,False,False,False,False,False,True,False,False,False,False,10.669935379450003
0830e630-9bec-4bf3-8c90-668c0bc9c8ee,00000000-0000-0000-0000-000000000001,0eb66abb-0d5d-4e88-a3ff-16776e267d83,3f0519f3-383c-48a1-8609-f4b51fd5ecd4,Office Supplies,Operational expense,28318.48,2022-12-08,pending,2022-12-08 10:15:59,2022,12,4,49,3,0,0,5,False,False,False,False,False,True,False,False,False,False,10.25130518605716
dc0d501c-7a58-4377-9482-f6e1fee80902,00000000-0000-0000-0000-000000000003,7227b311-834f-4815-aa86-c5d464758be1,61d2418d-6936-4075-a481-1d994952d89b,Logistics,Operational expense,37138.97,2024-08-05,approved,2024-08-05 11:21:56,2024,8,3,32,0,0,0,2,False,False,True,False,False,False,False,False,False,False,10.522449027151929
4ae993b0-d3f4-4a76-b38c-8d34aee4f40e,00000000-0000-0000-0000-000000000001,51fd3682-4888-4a55-92f7-281307c67941,163b0e08-1801-4ae5-af8c-f287fbcdff7c,Travel,Operational expense,34847.43,2024-02-06,pending,2024-02-06 10:03:41,2024,2,1,6,1,0,0,8,False,False,False,False,False,False,False,False,True,False,10.45876336495867
1c6fefab-50bf-4bec-a84c-5acc6441350c,00000000-0000-0000-0000-000000000001,51fd3682-4888-4a55-92f7-281307c67941,ea13a2c7-2a88-40f3-b073-4e507c524f18,IT & Software,Operational expense,4935.28,2024-10-17,pending,2024-10-17 09:51:18,2024,10,4,42,3,0,0,0,True,False,False,False,False,False,False,False,False,False,8.504367290070363
802f81ff-761f-402e-8000-e21e9a02c786,00000000-0000-0000-0000-000000000001,0eb66abb-0d5d-4e88-a3ff-16776e267d83,eaefa70d-63c2-4537-b86d-2205b826bb2e,Insurance,Operational expense,27096.53,2022-02-22,approved,2022-02-22 14:50:45,2022,2,1,8,1,0,0,1,False,True,False,False,False,False,False,False,False,False,10.207197858802495
926e6fb6-f047-4edf-adf9-0ff2822de7c0,00000000-0000-0000-0000-000000000002,587616fd-ba60-493e-ba92-b68a61b5cdce,2afe7cda-5682-4c01-a59f-5f13090047f6,Logistics,Operational expense,3096.39,2024-04-01,pending,2024-04-01 15:13:58,2024,4,2,14,0,0,0,2,False,False,True,False,False,False,False,False,False,False,8.038315100362624
9f795cc7-1926-418e-9e08-78820335405a,00000000-0000-0000-0000-000000000003,9b1ac5ce-ad4f-40d1-8b7c-0005176b143d,1db94196-443a-440f-ad7e-c4422bb047e3,Insurance,Operational expense,40758.2,2023-05-02,pending,2023-05-02 09:43:44,2023,5,2,18,1,0,0,1,False,True,False,False,False,False,False,False,False,False,10.615436860058669
a34003c2-ffc5-4503-9e40-6cfe1afee22b,00000000-0000-0000-0000-000000000001,a01b7f2a-d4d0-48bf-bb89-c1040f55587a,f577e0e3-284e-4c71-8d16-74f51d0fe305,IT & Software,Operational expense,25678.26,2022-08-08,pending,2022-08-08 10:26:52,2022,8,3,32,0,0,0,0,True,False,False,False,False,False,False,False,False,False,10.153438941189325
7efced91-51f2-42d7-9392-bc247209cc2c,00000000-0000-0000-0000-000000000002,b961632b-814f-4481-946b-17a792487aa7,e213801b-a706-48c3-9ba4-7db14d3912f3,Insurance,Operational expense,48854.35,2023-04-25,approved,2023-04-25 10:03:55,2023,4,2,17,1,0,0,1,False,True,False,False,False,False,False,False,False,False,10.796619170409684
19b6a72d-d5cf-4f89-9df6-1e5bee559623,00000000-0000-0000-0000-000000000001,51fd3682-4888-4a55-92f7-281307c67941,aadd1a3f-3f20-499a-b950-51966ac9090c,Travel,Operational expense,5261.02,2022-04-29,pending,2022-04-29 16:51:34,2022,4,2,17,4,0,0,8,False,False,False,False,False,False,False,False,True,False,8.568270262429198
61be7a88-6ccd-4152-accf-f911265b8f21,00000000-0000-0000-0000-000000000002,587616fd-ba60-493e-ba92-b68a61b5cdce,9d2a5f48-38f2-46be-b733-c1b9f1c891c4,Travel,Operational expense,18133.94,2023-12-03,rejected,2023-12-03 16:15:37,2023,12,4,48,6,1,0,8,False,False,False,False,False,False,False,False,True,False,9.805595743192091
d4265c96-4021-4151-8c51-4a99a9a537bf,00000000-0000-0000-0000-000000000001,0eb66abb-0d5d-4e88-a3ff-16776e267d83,7760d86e-b342-473c-8c64-b55d64aa491a,Logistics,Operational expense,37301.27,2022-06-12,approved,2022-06-12 17:40:34,2022,6,2,23,6,1,0,2,False,False,True,False,False,False,False,False,False,False,10.526809461688986
c02b326f-513e-4452-a46d-4864acf3f2c6,00000000-0000-0000-0000-000000000001,51fd3682-4888-4a55-92f7-281307c67941,9a16d7d2-dc18-4141-a14f-3394de4b98bc,Insurance,Operational expense,30756.67,2023-11-29,approved,2023-11-29 08:57:53,2023,11,4,48,2,0,0,1,False,True,False,False,False,False,False,False,False,False,10.33389467302626
d1507519-7842-4e52-9595-2c9c46513901,00000000-0000-0000-0000-000000000003,7227b311-834f-4815-aa86-c5d464758be1,33baaf1c-3618-44b5-b42a-4673992689f8,Travel,Operational expense,15486.76,2022-06-12,approved,2022-06-12 18:52:08,2022,6,2,23,6,1,0,8,False,False,False,False,False,False,False,False,True,False,9.647805313528528
ba89c6fe-bce1-4399-9d15-24c623bbbc2b,00000000-0000-0000-0000-000000000002,587616fd-ba60-493e-ba92-b68a61b5cdce,bcde24c7-84f3-4459-afee-eba83339896c,Insurance,Operational expense,10551.55,2022-02-13,approved,2022-02-13 16:11:59,2022,2,1,6,6,1,0,1,False,True,False,False,False,False,False,False,False,False,9.264122815859121
7714ca1d-a0e1-43ab-a3e2-253c82d3e7a8,00000000-0000-0000-0000-000000000002,b961632b-814f-4481-946b-17a792487aa7,e213801b-a706-48c3-9ba4-7db14d3912f3,Office Supplies,Operational expense,31964.77,2024-12-08,approved,2024-12-08 13:42:46,2024,12,4,49,6,1,0,5,False,False,False,False,False,True,False,False,False,False,10.372420921757872
ebe38822-a7ec-4b4b-9b35-d0a5b63182f7,00000000-0000-0000-0000-000000000003,7227b311-834f-4815-aa86-c5d464758be1,e452be79-f94b-4709-88bf-8f66053789c4,Logistics,Operational expense,23846.45,2024-04-26,approved,2024-04-26 16:24:06,2024,4,2,17,4,0,0,2,False,False,True,False,False,False,False,False,False,False,10.07943257236133
700988ea-89e0-47f6-8622-8990eec166fb,00000000-0000-0000-0000-000000000003,7227b311-834f-4815-aa86-c5d464758be1,74245d66-8df4-4678-b1e9-76d5e231caff,Maintenance,Operational expense,34358.52,2024-05-31,approved,2024-05-31 11:32:44,2024,5,2,22,4,0,1,3,False,False,False,True,False,False,False,False,False,False,10.444634406268367
03261bbf-1fd5-4d41-9f38-049a98ad7f66,00000000-0000-0000-0000-000000000003,7227b311-834f-4815-aa86-c5d464758be1,29998a31-9af5-4c58-9bfe-cde4f9a96969,Marketing,Operational expense,45153.96,2022-03-21,approved,2022-03-21 09:07:54,2022,3,1,12,0,0,0,4,False,False,False,False,True,False,False,False,False,False,10.717855408846837
0ca95f00-c105-46a8-b450-4f10ce183723,00000000-0000-0000-0000-000000000002,b961632b-814f-4481-946b-17a792487aa7,f72410dd-3260-4ece-a477-1ae69ac1e84e,Office Supplies,Operational expense,25886.11,2022-06-28,approved,2022-06-28 12:05:49,2022,6,2,26,1,0,0,5,False,False,False,False,False,True,False,False,False,False,10.161500440404458
f834b569-2bc8-405a-a059-bc1eb0b807be,00000000-0000-0000-0000-000000000003,470852ed-b70b-4f24-879a-6edb4193d8b6,045901bc-3a1a-4a0b-bd8b-876c218464f4,Logistics,Operational expense,17509.94,2023-09-27,approved,2023-09-27 11:54:52,2023,9,3,39,2,0,0,2,False,False,True,False,False,False,False,False,False,False,9.77058110744835
85bc7869-9920-47f2-a2d1-1280d7d0ae5a,00000000-0000-0000-0000-000000000002,587616fd-ba60-493e-ba92-b68a61b5cdce,07274486-6344-4009-ae28-b9027a51f93f,Logistics,Operational expense,15138.1,2023-02-28,approved,2023-02-28 14:40:57,2023,2,1,9,1,0,1,2,False,False,True,False,False,False,False,False,False,False,9.62503608004617
d791420b-2680-4eb6-be66-042aabbb58dd,00000000-0000-0000-0000-000000000001,0eb66abb-0d5d-4e88-a3ff-16776e267d83,f17772cf-7a8e-4e04-aeef-8c148fe1a7e5,Logistics,Operational expense,16744.96,2022-03-08,approved,2022-03-08 08:09:07,2022,3,1,10,1,0,0,2,False,False,True,False,False,False,False,False,False,False,9.725912314131405
620b51cd-22e8-489a-9e5e-0cac06d2b363,00000000-0000-0000-0000-000000000003,470852ed-b70b-4f24-879a-6edb4193d8b6,e452be79-f94b-4709-88bf-8f66053789c4,Office Supplies,Operational expense,32159.69,2024-06-05,approved,2024-06-05 10:25:00,2024,6,2,23,2,0,0,5,False,False,False,False,False,True,False,False,False,False,10.378500178286624
f5aad1b1-392d-45e7-9e3a-60b44644e10a,00000000-0000-0000-0000-000000000002,b961632b-814f-4481-946b-17a792487aa7,2afe7cda-5682-4c01-a59f-5f13090047f6,Insurance,Operational expense,41957.59,2023-12-15,rejected,2023-12-15 18:57:14,2023,12,4,50,4,0,0,1,False,True,False,False,False,False,False,False,False,False,10.644438458513786
23d0933d-69de-4dca-8e79-0cf7a6dafd1d,00000000-0000-0000-0000-000000000001,a01b7f2a-d4d0-48bf-bb89-c1040f55587a,9a16d7d2-dc18-4141-a14f-3394de4b98bc,Travel,Operational expense,6665.88,2024-07-29,approved,2024-07-29 09:18:30,2024,7,3,31,0,0,0,8,False,False,False,False,False,False,False,False,True,False,8.804907263356029
9f413b73-7f48-4eca-98d0-0c7e53ea8f2c,00000000-0000-0000-0000-000000000001,a01b7f2a-d4d0-48bf-bb89-c1040f55587a,f0e9f4da-9ca0-492d-a21e-3f8a819f9184,Marketing,Operational expense,15071.57,2023-12-05,approved,2023-12-05 16:04:22,2023,12,4,49,1,0,0,4,False,False,False,False,True,False,False,False,False,False,9.620631814572382
c253dbbf-14f2-44f7-9453-aa73689bc6fa,00000000-0000-0000-0000-000000000003,470852ed-b70b-4f24-879a-6edb4193d8b6,1db94196-443a-440f-ad7e-c4422bb047e3,Insurance,Operational expense,13158.11,2022-12-22,approved,2022-12-22 16:44:37,2022,12,4,51,3,0,0,1,False,True,False,False,False,False,False,False,False,False,9.484869573413022
c6f70136-809c-4405-915b-f400cb3f54d5,00000000-0000-0000-0000-000000000001,a01b7f2a-d4d0-48bf-bb89-c1040f55587a,ea13a2c7-2a88-40f3-b073-4e507c524f18,Maintenance,Operational expense,48501.71,2023-02-14,pending,2023-02-14 14:25:31,2023,2,1,7,1,0,0,3,False,False,False,True,False,False,False,False,False,False,10.789374951653212
240fc528-896d-4860-b7e8-df7e6b84877e,00000000-0000-0000-0000-000000000001,a01b7f2a-d4d0-48bf-bb89-c1040f55587a,f17772cf-7a8e-4e04-aeef-8c148fe1a7e5,Logistics,Operational expense,35956.25,2022-06-27,approved,2022-06-27 09:54:49,2022,6,2,26,0,0,0,2,False,False,True,False,False,False,False,False,False,False,10.490086011801438
c1787873-a0c8-4cbb-aac7-80ad461ae486,00000000-0000-0000-0000-000000000001,0eb66abb-0d5d-4e88-a3ff-16776e267d83,5a96b78c-2c6b-4aaa-88b5-7c7485705113,Office Supplies,Operational expense,22948.22,2023-06-24,approved,2023-06-24 13:44:35,2023,6,2,25,5,1,0,5,False,False,False,False,False,True,False,False,False,False,10.041039227983019
bf4d4592-4013-4fbf-9ded-24f4bacd210f,00000000-0000-0000-0000-000000000002,5f6c98b4-4360-41ee-83a3-efc700651a04,c75c1d53-938d-4640-b118-e5ada06ce255,Logistics,Operational expense,31572.92,2022-04-08,approved,2022-04-08 14:26:20,2022,4,2,14,4,0,0,2,False,False,True,False,False,False,False,False,False,False,10.360086742358178
34a99f0a-84b9-4897-9209-315d0cad5062,00000000-0000-0000-0000-000000000002,5f6c98b4-4360-41ee-83a3-efc700651a04,7f514159-0b19-4321-a308-daec53995d5a,IT & Software,Operational expense,36145.68,2024-11-20,pending,2024-11-20 09:08:19,2024,11,4,47,2,0,0,0,True,False,False,False,False,False,False,False,False,False,10.495340383812001
99132d72-cd1c-4de2-94f8-00bac22ab7fe,00000000-0000-0000-0000-000000000003,9b1ac5ce-ad4f-40d1-8b7c-0005176b143d,29998a31-9af5-4c58-9bfe-cde4f9a96969,Marketing,Operational expense,34676.52,2023-06-24,approved,2023-06-24 08:04:06,2023,6,2,25,5,1,0,4,False,False,False,False,True,False,False,False,False,False,10.453846917380124
1f8ac8b1-1019-43df-88a0-87e9dbe22602,00000000-0000-0000-0000-000000000001,51fd3682-4888-4a55-92f7-281307c67941,f0e9f4da-9ca0-492d-a21e-3f8a819f9184,Insurance,Operational expense,40411.13,2024-04-07,approved,2024-04-07 10:01:44,2024,4,2,14,6,1,0,1,False,True,False,False,False,False,False,False,False,False,10.606885266408726
95649f16-840a-4fa3-af49-47bd8382f60d,00000000-0000-0000-0000-000000000003,7227b311-834f-4815-aa86-c5d464758be1,3b9ffffd-ca39-4330-b08f-59cdb916323f,Marketing,Operational expense,42872.3,2022-10-06,pending,2022-10-06 12:26:35,2022,10,4,40,3,0,0,4,False,False,False,False,True,False,False,False,False,False,10.66600453353638
af436a04-db47-415b-8dde-eed1c4cdfc5e,00000000-0000-0000-0000-000000000002,b961632b-814f-4481-946b-17a792487aa7,09cd08c0-c83a-42f5-96cc-b9c13c2aa7e4,Insurance,Operational expense,11228.72,2022-04-11,approved,2022-04-11 12:41:21,2022,4,2,15,0,0,0,1,False,True,False,False,False,False,False,False,False,False,9.326319114207047
cbe7d186-c26b-4cbc-ba9b-8da90fdd44fa,00000000-0000-0000-0000-000000000001,51fd3682-4888-4a55-92f7-281307c67941,9a16d7d2-dc18-4141-a14f-3394de4b98bc,Marketing,Operational expense,49708.22,2023-09-22,approved,2023-09-22 13:20:36,2023,9,3,38,4,0,0,4,False,False,False,False,True,False,False,False,False,False,10.813945707957767
42e0c09a-224c-4663-9857-4378e67a6e3f,00000000-0000-0000-0000-000000000001,0eb66abb-0d5d-4e88-a3ff-16776e267d83,9a16d7d2-dc18-4141-a14f-3394de4b98bc,Office Supplies,Operational expense,9224.73,2022-12-20,approved,2022-12-20 15:55:54,2022,12,4,51,1,0,0,5,False,False,False,False,False,True,False,False,False,False,9.129751598569221
4d10238e-4045-4003-beb8-7a0356a56de4,00000000-0000-0000-0000-000000000003,9b1ac5ce-ad4f-40d1-8b7c-0005176b143d,8626b762-d8ef-4e32-8446-33cdac213522,Logistics,Operational expense,6287.56,2023-03-06,approved,2023-03-06 18:45:43,2023,3,1,10,0,0,0,2,False,False,True,False,False,False,False,False,False,False,8.74648738866774
c09e458e-335b-455b-85f8-1aaa7a186c40,00000000-0000-0000-0000-000000000002,5f6c98b4-4360-41ee-83a3-efc700651a04,517d046e-f5e7-4244-8dab-e8995b9bfdc4,Office Supplies,Operational expense,22146.59,2022-07-23,approved,2022-07-23 17:02:47,2022,7,3,29,5,1,0,5,False,False,False,False,False,True,False,False,False,False,10.005483965942002
50d1dfde-ff4e-438d-b01e-e94e04f9a404,00000000-0000-0000-0000-000000000002,587616fd-ba60-493e-ba92-b68a61b5cdce,9d2a5f48-38f2-46be-b733-c1b9f1c891c4,Logistics,Operational expense,36901.4,2024-05-08,pending,2024-05-08 15:28:27,2024,5,2,19,2,0,0,2,False,False,True,False,False,False,False,False,False,False,10.516031868563974
e9ff1c5f-ebac-4b3a-b1b4-7ca810df8eda,00000000-0000-0000-0000-000000000001,0eb66abb-0d5d-4e88-a3ff-16776e267d83,3f0519f3-383c-48a1-8609-f4b51fd5ecd4,Maintenance,Operational expense,7744.36,2024-07-12,approved,2024-07-12 08:31:02,2024,7,3,28,4,0,0,3,False,False,False,True,False,False,False,False,False,False,8.954849233371766
e078526f-2218-45e3-82ce-e7a829548be9,00000000-0000-0000-0000-000000000003,9b1ac5ce-ad4f-40d1-8b7c-0005176b143d,29998a31-9af5-4c58-9bfe-cde4f9a96969,Marketing,Operational expense,32089.29,2023-03-05,approved,2023-03-05 16:55:01,2023,3,1,9,6,1,0,4,False,False,False,False,True,False,False,False,False,False,10.376308771146272
7c5a3ab0-35f2-4207-8245-561cbcd05da8,00000000-0000-0000-0000-000000000003,470852ed-b70b-4f24-879a-6edb4193d8b6,1db94196-443a-440f-ad7e-c4422bb047e3,Office Supplies,Operational expense,2083.76,2024-09-10,approved,2024-09-10 17:37:26,2024,9,3,37,1,0,0,5,False,False,False,False,False,True,False,False,False,False,7.642409019693808
9671bac6-4343-415c-9d2e-e907f8c95ff2,00000000-0000-0000-0000-000000000001,a01b7f2a-d4d0-48bf-bb89-c1040f55587a,4736f247-39f8-400c-b9ea-519dfbb485f6,Insurance,Operational expense,6500.83,2023-06-07,approved,2023-06-07 18:23:03,2023,6,2,23,2,0,0,1,False,True,False,False,False,False,False,False,False,False,8.779838954720752
24e9b2b7-55e9-4a02-a274-0f523cc3ec1d,00000000-0000-0000-0000-000000000003,470852ed-b70b-4f24-879a-6edb4193d8b6,79c1732a-a6d1-4565-b515-c59de4dbdfe5,Marketing,Operational expense,24892.15,2022-04-27,approved,2022-04-27 08:57:41,2022,4,2,17,2,0,0,4,False,False,False,False,True,False,False,False,False,False,10.122347944204137
2ac2d37f-fa12-448f-a59f-fc8420341b03,00000000-0000-0000-0000-000000000002,5f6c98b4-4360-41ee-83a3-efc700651a04,2afe7cda-5682-4c01-a59f-5f13090047f6,Office Supplies,Operational expense,5124.7,2023-10-09,approved,2023-10-09 09:00:52,2023,10,4,41,0,0,0,5,False,False,False,False,False,True,False,False,False,False,8.54202238004553
0f62fbce-8326-4aec-be3e-b2a8d3766af0,00000000-0000-0000-0000-000000000003,9b1ac5ce-ad4f-40d1-8b7c-0005176b143d,29998a31-9af5-4c58-9bfe-cde4f9a96969,Maintenance,Operational expense,28562.18,2022-06-20,approved,2022-06-20 08:11:49,2022,6,2,25,0,0,0,3,False,False,False,True,False,False,False,False,False,False,10.259873754792993
51872d3e-363a-4637-ad52-c6cead6fec84,00000000-0000-0000-0000-000000000003,470852ed-b70b-4f24-879a-6edb4193d8b6,1db94196-443a-440f-ad7e-c4422bb047e3,Logistics,Operational expense,18534.88,2022-06-29,approved,2022-06-29 16:48:11,2022,6,2,26,2,0,0,2,False,False,True,False,False,False,False,False,False,False,9.827463592202607
263ee589-1c8f-45f3-9d17-db99df178b11,00000000-0000-0000-0000-000000000003,9b1ac5ce-ad4f-40d1-8b7c-0005176b143d,1db94196-443a-440f-ad7e-c4422bb047e3,IT & Software,Operational expense,48006.96,2023-07-02,approved,2023-07-02 15:49:43,2023,7,3,26,6,1,0,0,True,False,False,False,False,False,False,False,False,False,10.779122109474534
b9561b3c-d7a4-47d3-9a2a-5662a015ec06,00000000-0000-0000-0000-000000000001,51fd3682-4888-4a55-92f7-281307c67941,9a16d7d2-dc18-4141-a14f-3394de4b98bc,Logistics,Operational expense,31722.57,2024-11-27,approved,2024-11-27 08:15:54,2024,11,4,48,2,0,0,2,False,False,True,False,False,False,False,False,False,False,10.36481521670459
b2ca1d2d-d482-4aff-9cc0-15f1e729aac9,00000000-0000-0000-0000-000000000003,9b1ac5ce-ad4f-40d1-8b7c-0005176b143d,61d2418d-6936-4075-a481-1d994952d89b,Logistics,Operational expense,48207.4,2022-08-24,approved,2022-08-24 08:42:27,2022,8,3,34,2,0,0,2,False,False,True,False,False,False,False,False,False,False,10.783288558713688
adf1ab2d-844a-489c-8e51-0d2a3704d43e,00000000-0000-0000-0000-000000000001,51fd3682-4888-4a55-92f7-281307c67941,ea13a2c7-2a88-40f3-b073-4e507c524f18,Marketing,Operational expense,2735.43,2023-01-15,approved,2023-01-15 16:04:11,2023,1,1,2,6,1,0,4,False,False,False,False,True,False,False,False,False,False,7.914409430136204
07f51dc6-c0bc-4522-a82f-a7cba14f47c6,00000000-0000-0000-0000-000000000003,470852ed-b70b-4f24-879a-6edb4193d8b6,e452be79-f94b-4709-88bf-8f66053789c4,Insurance,Operational expense,15925.63,2024-03-22,approved,2024-03-22 18:18:15,2024,3,1,12,4,0,0,1,False,True,False,False,False,False,False,False,False,False,9.67574782999054
dcfa7887-9e64-4e95-b396-5f8da2bb0bed,00000000-0000-0000-0000-000000000001,a01b7f2a-d4d0-48bf-bb89-c1040f55587a,5a96b78c-2c6b-4aaa-88b5-7c7485705113,Maintenance,Operational expense,26622.52,2022-03-06,approved,2022-03-06 16:06:19,2022,3,1,9,6,1,0,3,False,False,False,True,False,False,False,False,False,False,10.18955031461226
5201924d-a0b7-4a77-b93a-7b5a170012bb,00000000-0000-0000-0000-000000000003,9b1ac5ce-ad4f-40d1-8b7c-0005176b143d,33baaf1c-3618-44b5-b42a-4673992689f8,Insurance,Operational expense,5915.26,2023-12-29,pending,2023-12-29 08:40:29,2023,12,4,52,4,0,0,1,False,True,False,False,False,False,False,False,False,False,8.685459771478907
4c147bcc-bd9b-45e2-9e02-924f54286045,00000000-0000-0000-0000-000000000003,470852ed-b70b-4f24-879a-6edb4193d8b6,355d120a-98dd-4393-a62e-df5f4b8a455b,Insurance,Operational expense,4931.16,2023-01-04,approved,2023-01-04 11:21:08,2023,1,1,1,2,0,0,1,False,True,False,False,False,False,False,False,False,False,8.503532304958355
b9ac9e51-4439-48a2-821c-5204f26e2d41,00000000-0000-0000-0000-000000000001,51fd3682-4888-4a55-92f7-281307c67941,4736f247-39f8-400c-b9ea-519dfbb485f6,Insurance,Operational expense,16666.54,2024-02-13,pending,2024-02-13 11:30:02,2024,2,1,7,1,0,0,1,False,True,False,False,False,False,False,False,False,False,9.721218394369341
71a8ceee-8586-46b7-aa27-cfcc83ba4486,00000000-0000-0000-0000-000000000001,0eb66abb-0d5d-4e88-a3ff-16776e267d83,4736f247-39f8-400c-b9ea-519dfbb485f6,Logistics,Operational expense,17887.88,2022-07-01,pending,2022-07-01 08:47:44,2022,7,3,26,4,0,0,2,False,False,True,False,False,False,False,False,False,False,9.791934569735847
c8da3864-20f7-4462-b0d0-3429512b5edf,00000000-0000-0000-0000-000000000002,587616fd-ba60-493e-ba92-b68a61b5cdce,c75c1d53-938d-4640-b118-e5ada06ce255,Logistics,Operational expense,34849.53,2024-05-29,approved,2024-05-29 12:59:38,2024,5,2,22,2,0,0,2,False,False,True,False,False,False,False,False,False,False,10.458823624107461
cb26c3d1-4583-4a50-b52e-5a6780107918,00000000-0000-0000-0000-000000000001,51fd3682-4888-4a55-92f7-281307c67941,ea13a2c7-2a88-40f3-b073-4e507c524f18,Insurance,Operational expense,40748.18,2022-02-02,approved,2022-02-02 13:22:59,2022,2,1,5,2,0,0,1,False,True,False,False,False,False,False,False,False,False,10.615190995767158
55015531-33c5-4204-b8af-ac6f60383fb3,00000000-0000-0000-0000-000000000002,5f6c98b4-4360-41ee-83a3-efc700651a04,f72410dd-3260-4ece-a477-1ae69ac1e84e,IT & Software,Operational expense,18832.96,2022-07-27,approved,2022-07-27 17:17:59,2022,7,3,30,2,0,0,0,True,False,False,False,False,False,False,False,False,False,9.843416902249126
5cdab84a-d919-482f-9e48-e02ff2c2d4c8,00000000-0000-0000-0000-000000000003,470852ed-b70b-4f24-879a-6edb4193d8b6,3b9ffffd-ca39-4330-b08f-59cdb916323f,Maintenance,Operational expense,7212.34,2023-09-26,approved,2023-09-26 16:29:31,2023,9,3,39,1,0,0,3,False,False,False,True,False,False,False,False,False,False,8.8836873685063
4df0130c-fd95-4bd9-8680-73a62e0870db,00000000-0000-0000-0000-000000000002,587616fd-ba60-493e-ba92-b68a61b5cdce,9d2a5f48-38f2-46be-b733-c1b9f1c891c4,Logistics,Operational expense,29956.79,2024-05-27,approved,2024-05-27 17:34:04,2024,5,2,22,0,0,0,2,False,False,True,False,False,False,False,False,False,False,10.307544669890357
58ff47ef-9971-4d51-8f53-efc38e91cf5e,00000000-0000-0000-0000-000000000002,587616fd-ba60-493e-ba92-b68a61b5cdce,7f514159-0b19-4321-a308-daec53995d5a,Office Supplies,Operational expense,43443.45,2022-09-03,pending,2022-09-03 14:28:13,2022,9,3,35,5,1,0,5,False,False,False,False,False,True,False,False,False,False,10.679238389508512
3aa305fc-7d63-4e67-9dd8-85b6a2e1dee7,00000000-0000-0000-0000-000000000003,7227b311-834f-4815-aa86-c5d464758be1,8626b762-d8ef-4e32-8446-33cdac213522,Maintenance,Operational expense,35893.72,2023-08-05,approved,2023-08-05 17:13:52,2023,8,3,31,5,1,0,3,False,False,False,True,False,False,False,False,False,False,10.488345488450838
31b38e03-e530-4317-befa-7c062a0fc2b0,00000000-0000-0000-0000-000000000002,5f6c98b4-4360-41ee-83a3-efc700651a04,e213801b-a706-48c3-9ba4-7db14d3912f3,Office Supplies,Operational expense,31495.33,2022-03-28,approved,2022-03-28 08:34:50,2022,3,1,13,0,0,0,5,False,False,False,False,False,True,False,False,False,False,10.357626310089639
19865a57-cb39-49ef-86e8-e718583a5817,00000000-0000-0000-0000-000000000001,0eb66abb-0d5d-4e88-a3ff-16776e267d83,ea13a2c7-2a88-40f3-b073-4e507c524f18,Insurance,Operational expense,22124.87,2023-12-20,approved,2023-12-20 10:13:48,2023,12,4,51,2,0,0,1,False,True,False,False,False,False,False,False,False,False,10.004502791136938
d1752e85-d033-41e2-afe3-5694d8256f6c,00000000-0000-0000-0000-000000000001,0eb66abb-0d5d-4e88-a3ff-16776e267d83,eaefa70d-63c2-4537-b86d-2205b826bb2e,Office Supplies,Operational expense,16000.84,2022-06-26,pending,2022-06-26 14:43:05,2022,6,2,25,6,1,0,5,False,False,False,False,False,True,False,False,False,False,9.680458994609925
38c370d7-d470-4c03-83a8-e064d3de21d5,00000000-0000-0000-0000-000000000002,b961632b-814f-4481-946b-17a792487aa7,81c496fc-1d35-4405-9a7d-ae0a15104d5b,Maintenance,Operational expense,23348.72,2023-03-10,approved,2023-03-10 09:58:07,2023,3,1,10,4,0,0,3,False,False,False,True,False,False,False,False,False,False,10.058340271590456
c0458d8b-7550-4f32-8597-0098d4edd67d,00000000-0000-0000-0000-000000000001,a01b7f2a-d4d0-48bf-bb89-c1040f55587a,7760d86e-b342-473c-8c64-b55d64aa491a,Insurance,Operational expense,29565.27,2024-05-31,pending,2024-05-31 16:53:44,2024,5,2,22,4,0,1,1,False,True,False,False,False,False,False,False,False,False,10.294389463530546
0db75d3d-1d40-4992-aa31-980081b94600,00000000-0000-0000-0000-000000000001,51fd3682-4888-4a55-92f7-281307c67941,5a96b78c-2c6b-4aaa-88b5-7c7485705113,Office Supplies,Operational expense,11796.81,2024-01-14,approved,2024-01-14 08:27:06,2024,1,1,2,6,1,0,5,False,False,False,False,False,True,False,False,False,False,9.375669200008865
b52647c3-aa1a-4662-9dd3-567069a3335d,00000000-0000-0000-0000-000000000001,a01b7f2a-d4d0-48bf-bb89-c1040f55587a,163b0e08-1801-4ae5-af8c-f287fbcdff7c,IT & Software,Operational expense,23048.24,2022-12-18,approved,2022-12-18 16:26:21,2022,12,4,50,6,1,0,0,True,False,False,False,False,False,False,False,False,False,10.04538807608078
283a9690-38df-4298-bc5a-9b5c708ed9b3,00000000-0000-0000-0000-000000000003,7227b311-834f-4815-aa86-c5d464758be1,61d2418d-6936-4075-a481-1d994952d89b,Logistics,Operational expense,48454.59,2022-06-28,approved,2022-06-28 17:56:54,2022,6,2,26,1,0,0,2,False,False,True,False,False,False,False,False,False,False,10.788402987340522
95a14b99-8982-491e-b03e-a9d5eaea4aa5,00000000-0000-0000-0000-000000000001,0eb66abb-0d5d-4e88-a3ff-16776e267d83,4736f247-39f8-400c-b9ea-519dfbb485f6,IT & Software,Operational expense,44869.9,2024-05-23,approved,2024-05-23 18:13:00,2024,5,2,21,3,0,0,0,True,False,False,False,False,False,False,False,False,False,10.711544756714046
8d1b273f-4060-4663-aad6-57f186fe326e,00000000-0000-0000-0000-000000000001,51fd3682-4888-4a55-92f7-281307c67941,5a96b78c-2c6b-4aaa-88b5-7c7485705113,Marketing,Operational expense,31803.44,2024-06-28,approved,2024-06-28 13:44:44,2024,6,2,26,4,0,0,4,False,False,False,False,True,False,False,False,False,False,10.367361181663444
cff26d6b-4628-40af-9372-a6cca554d74d,00000000-0000-0000-0000-000000000001,51fd3682-4888-4a55-92f7-281307c67941,9a16d7d2-dc18-4141-a14f-3394de4b98bc,Logistics,Operational expense,20020.2,2023-06-13,approved,2023-06-13 18:51:11,2023,6,2,24,1,0,0,2,False,False,True,False,False,False,False,False,False,False,9.904546991132818
b672187d-3da6-49aa-ab70-79492bc91de0,00000000-0000-0000-0000-000000000003,7227b311-834f-4815-aa86-c5d464758be1,29998a31-9af5-4c58-9bfe-cde4f9a96969,Marketing,Operational expense,24263.95,2022-01-28,approved,2022-01-28 09:27:15,2022,1,1,4,4,0,0,4,False,False,False,False,True,False,False,False,False,False,10.09678820125611
626759ff-2d4b-48af-8a69-9e8a5ca20c86,00000000-0000-0000-0000-000000000001,51fd3682-4888-4a55-92f7-281307c67941,f577e0e3-284e-4c71-8d16-74f51d0fe305,Logistics,Operational expense,42401.77,2022-01-08,approved,2022-01-08 16:02:28,2022,1,1,1,5,1,0,2,False,False,True,False,False,False,False,False,False,False,10.654968969274805
6f30ba4d-3ec5-4fd3-9ad7-3935d5399352,00000000-0000-0000-0000-000000000002,b961632b-814f-4481-946b-17a792487aa7,7f514159-0b19-4321-a308-daec53995d5a,Travel,Operational expense,49201.24,2023-10-06,approved,2023-10-06 13:09:24,2023,10,4,40,4,0,0,8,False,False,False,False,False,False,False,False,True,False,10.803694429899295
628a896c-1325-43f3-9d4c-0bf412790465,00000000-0000-0000-0000-000000000001,51fd3682-4888-4a55-92f7-281307c67941,f577e0e3-284e-4c71-8d16-74f51d0fe305,Insurance,Operational expense,3320.02,2023-04-26,approved,2023-04-26 13:14:15,2023,4,2,17,2,0,0,1,False,True,False,False,False,False,False,False,False,False,8.108027243641057
f3bad3c8-fe56-4ba0-b85a-877e3894bf9c,00000000-0000-0000-0000-000000000002,587616fd-ba60-493e-ba92-b68a61b5cdce,2afe7cda-5682-4c01-a59f-5f13090047f6,Travel,Operational expense,549.78,2022-11-01,approved,2022-11-01 17:55:35,2022,11,4,44,1,0,0,8,False,False,False,False,False,False,False,False,True,False,6.311335455374621
2189dd0c-f42a-4a8c-bff4-93902446e346,00000000-0000-0000-0000-000000000003,9b1ac5ce-ad4f-40d1-8b7c-0005176b143d,61d2418d-6936-4075-a481-1d994952d89b,Office Supplies,Operational expense,16818.05,2023-01-10,approved,2023-01-10 15:54:59,2023,1,1,2,1,0,0,5,False,False,False,False,False,True,False,False,False,False,9.730267451551363
d35ad40f-035d-4f32-bd0c-54449bcd3f52,00000000-0000-0000-0000-000000000002,587616fd-ba60-493e-ba92-b68a61b5cdce,07274486-6344-4009-ae28-b9027a51f93f,IT & Software,Operational expense,26166.92,2022-05-10,approved,2022-05-10 12:44:11,2022,5,2,19,1,0,0,0,True,False,False,False,False,False,False,False,False,False,10.172289512044486
ca7f83b7-0718-4f89-a3aa-c6eddab642a0,00000000-0000-0000-0000-000000000002,587616fd-ba60-493e-ba92-b68a61b5cdce,81c496fc-1d35-4405-9a7d-ae0a15104d5b,Logistics,Operational expense,25749.63,2022-11-29,rejected,2022-11-29 13:35:49,2022,11,4,48,1,0,0,2,False,False,True,False,False,False,False,False,False,False,10.15621437181201
55c56c0e-5a28-4fc9-a5de-bbe6e0a0fbe6,00000000-0000-0000-0000-000000000001,a01b7f2a-d4d0-48bf-bb89-c1040f55587a,f0e9f4da-9ca0-492d-a21e-3f8a819f9184,Marketing,Operational expense,25048.25,2024-01-01,approved,2024-01-01 12:14:38,2024,1,1,1,0,0,0,4,False,False,False,False,True,False,False,False,False,False,10.128599165945037
96c7f09b-56fc-458e-94c9-e477ac0ff4c3,00000000-0000-0000-0000-000000000003,7227b311-834f-4815-aa86-c5d464758be1,8626b762-d8ef-4e32-8446-33cdac213522,Marketing,Operational expense,7444.07,2023-07-19,approved,2023-07-19 14:11:20,2023,7,3,29,2,0,0,4,False,False,False,False,True,False,False,False,False,False,8.91530734735732
e83e77df-16c2-4c3d-930f-0ca48761db7b,00000000-0000-0000-0000-000000000002,b961632b-814f-4481-946b-17a792487aa7,517d046e-f5e7-4244-8dab-e8995b9bfdc4,Marketing,Operational expense,10040.24,2023-06-28,approved,2023-06-28 14:39:04,2023,6,2,26,2,0,0,4,False,False,False,False,True,False,False,False,False,False,9.21445589159558
b8bdd345-3618-4cd5-a9c7-e88d22686aa3,00000000-0000-0000-0000-000000000003,470852ed-b70b-4f24-879a-6edb4193d8b6,9dd0c56d-a9cf-4c8d-a998-9df89eb48a85,IT & Software,Operational expense,33871.03,2024-01-16,approved,2024-01-16 14:22:39,2024,1,1,3,1,0,0,0,True,False,False,False,False,False,False,False,False,False,10.430344879061547
8e64ce3a-9ba6-4955-8527-8bd2d8cfd169,00000000-0000-0000-0000-000000000001,0eb66abb-0d5d-4e88-a3ff-16776e267d83,163b0e08-1801-4ae5-af8c-f287fbcdff7c,Maintenance,Operational expense,26522.17,2024-11-07,rejected,2024-11-07 14:15:45,2024,11,4,45,3,0,0,3,False,False,False,True,False,False,False,False,False,False,10.185773969584723
e1fb848d-d8dd-434c-960e-870699736676,00000000-0000-0000-0000-000000000002,b961632b-814f-4481-946b-17a792487aa7,7f514159-0b19-4321-a308-daec53995d5a,Office Supplies,Operational expense,2116.12,2024-11-08,approved,2024-11-08 10:12:55,2024,11,4,45,4,0,0,5,False,False,False,False,False,True,False,False,False,False,7.6578119535151625
5e2d829d-106b-42a2-89a1-bd19ba3aed67,00000000-0000-0000-0000-000000000002,b961632b-814f-4481-946b-17a792487aa7,517d046e-f5e7-4244-8dab-e8995b9bfdc4,IT & Software,Operational expense,44062.49,2024-11-19,pending,2024-11-19 11:36:33,2024,11,4,47,1,0,0,0,True,False,False,False,False,False,False,False,False,False,10.693386827387327
9002c22b-d1e8-4642-b377-7f0736129ac3,00000000-0000-0000-0000-000000000003,470852ed-b70b-4f24-879a-6edb4193d8b6,1db94196-443a-440f-ad7e-c4422bb047e3,IT & Software,Operational expense,8668.71,2022-10-15,approved,2022-10-15 11:53:17,2022,10,4,41,5,1,0,0,True,False,False,False,False,False,False,False,False,False,9.067590620541582
f49e9d88-b9da-45b8-a633-1322c0c03479,00000000-0000-0000-0000-000000000001,a01b7f2a-d4d0-48bf-bb89-c1040f55587a,f0e9f4da-9ca0-492d-a21e-3f8a819f9184,Maintenance,Operational expense,48765.09,2024-11-16,approved,2024-11-16 09:42:29,2024,11,4,46,5,1,0,3,False,False,False,True,False,False,False,False,False,False,10.794790473253101
14301bcb-6b4c-4fd8-b6ef-755e6a1146c2,00000000-0000-0000-0000-000000000002,b961632b-814f-4481-946b-17a792487aa7,07274486-6344-4009-ae28-b9027a51f93f,Office Supplies,Operational expense,42041.88,2023-07-18,approved,2023-07-18 18:56:01,2023,7,3,29,1,0,0,5,False,False,False,False,False,True,False,False,False,False,10.646445328829031
13f3a707-d2f5-43c6-8e40-5cedfa508e4c,00000000-0000-0000-0000-000000000002,5f6c98b4-4360-41ee-83a3-efc700651a04,09cd08c0-c83a-42f5-96cc-b9c13c2aa7e4,IT & Software,Operational expense,26924.08,2022-04-06,approved,2022-04-06 14:34:12,2022,4,2,14,2,0,0,0,True,False,False,False,False,False,False,False,False,False,10.200813473236517
25a1a4c7-a489-4d35-90a0-c63434e7988c,00000000-0000-0000-0000-000000000002,587616fd-ba60-493e-ba92-b68a61b5cdce,9d2a5f48-38f2-46be-b733-c1b9f1c891c4,Maintenance,Operational expense,29891.58,2024-12-29,approved,2024-12-29 14:18:11,2024,12,4,52,6,1,0,3,False,False,False,True,False,False,False,False,False,False,10.30536556804674
2f9c4dae-8be1-46ae-ad5f-38c9a761d08f,00000000-0000-0000-0000-000000000002,587616fd-ba60-493e-ba92-b68a61b5cdce,e213801b-a706-48c3-9ba4-7db14d3912f3,Marketing,Operational expense,48415.5,2022-07-07,approved,2022-07-07 18:10:13,2022,7,3,27,3,0,0,4,False,False,False,False,True,False,False,False,False,False,10.787595943699332
9134fcc1-2e0f-4dd7-853e-cc1ede7d51f8,00000000-0000-0000-0000-000000000001,a01b7f2a-d4d0-48bf-bb89-c1040f55587a,4736f247-39f8-400c-b9ea-519dfbb485f6,Office Supplies,Operational expense,48077.69,2023-03-01,pending,2023-03-01 13:59:00,2023,3,1,9,2,0,0,5,False,False,False,False,False,True,False,False,False,False,10.780594322581663
10ce40a5-ece0-47b2-b99a-7a755fa0fe3d,00000000-0000-0000-0000-000000000002,5f6c98b4-4360-41ee-83a3-efc700651a04,f72410dd-3260-4ece-a477-1ae69ac1e84e,IT & Software,Operational expense,30571.2,2024-03-17,approved,2024-03-17 14:35:25,2024,3,1,11,6,1,0,0,True,False,False,False,False,False,False,False,False,False,10.327846378275172
7431fd10-20af-4661-982b-fc656ec6119d,00000000-0000-0000-0000-000000000001,0eb66abb-0d5d-4e88-a3ff-16776e267d83,eaefa70d-63c2-4537-b86d-2205b826bb2e,Maintenance,Operational expense,39717.31,2024-12-02,pending,2024-12-02 13:49:30,2024,12,4,49,0,0,0,3,False,False,False,True,False,False,False,False,False,False,10.58956756941908
d744901e-f58c-41da-8bb8-13013e3d2dcd,00000000-0000-0000-0000-000000000003,9b1ac5ce-ad4f-40d1-8b7c-0005176b143d,355d120a-98dd-4393-a62e-df5f4b8a455b,IT & Software,Operational expense,2763.72,2023-07-24,pending,2023-07-24 15:41:14,2023,7,3,30,0,0,0,0,True,False,False,False,False,False,False,False,False,False,7.924694643005921
8084b5b8-a490-4193-bc0e-f8f3d321de5c,00000000-0000-0000-0000-000000000002,5f6c98b4-4360-41ee-83a3-efc700651a04,6708a3ae-03ac-432d-8065-25bbf8f3a753,IT & Software,Operational expense,27748.18,2022-03-16,pending,2022-03-16 13:51:12,2022,3,1,11,2,0,0,0,True,False,False,False,False,False,False,False,False,False,10.230961569188434
1f7457f1-31f9-49ea-bfdd-25a7cec783d4,00000000-0000-0000-0000-000000000003,9b1ac5ce-ad4f-40d1-8b7c-0005176b143d,9dd0c56d-a9cf-4c8d-a998-9df89eb48a85,Maintenance,Operational expense,39465.15,2024-09-22,approved,2024-09-22 08:58:58,2024,9,3,38,6,1,0,3,False,False,False,True,False,False,False,False,False,False,10.583198621462026
4bfb20e4-c352-4836-8457-e3f53ec646a0,00000000-0000-0000-0000-000000000001,a01b7f2a-d4d0-48bf-bb89-c1040f55587a,9a16d7d2-dc18-4141-a14f-3394de4b98bc,IT & Software,Operational expense,29089.28,2022-01-07,pending,2022-01-07 08:17:32,2022,1,1,1,4,0,0,0,True,False,False,False,False,False,False,False,False,False,10.278159376743716
d98f6129-ff4c-42c3-96da-3fb80b63f9ae,00000000-0000-0000-0000-000000000002,b961632b-814f-4481-946b-17a792487aa7,7f514159-0b19-4321-a308-daec53995d5a,Office Supplies,Operational expense,19359.81,2023-02-20,approved,2023-02-20 11:34:35,2023,2,1,8,0,0,0,5,False,False,False,False,False,True,False,False,False,False,9.871006198798323
9cd52d4d-72a1-488e-8cfa-a6e5ccdbce53,00000000-0000-0000-0000-000000000002,587616fd-ba60-493e-ba92-b68a61b5cdce,81c496fc-1d35-4405-9a7d-ae0a15104d5b,IT & Software,Operational expense,6088.03,2024-06-30,approved,2024-06-30 15:37:36,2024,6,2,26,6,1,1,0,True,False,False,False,False,False,False,False,False,False,8.714244070513828
a0c275f4-83b2-4a82-bc71-a37a6c4dac81,00000000-0000-0000-0000-000000000002,5f6c98b4-4360-41ee-83a3-efc700651a04,517d046e-f5e7-4244-8dab-e8995b9bfdc4,Logistics,Operational expense,39837.07,2023-02-02,approved,2023-02-02 12:13:44,2023,2,1,5,3,0,0,2,False,False,True,False,False,False,False,False,False,False,10.592578266749996
bf5c3490-724d-4c71-89c4-0a37d1012311,00000000-0000-0000-0000-000000000001,51fd3682-4888-4a55-92f7-281307c67941,aadd1a3f-3f20-499a-b950-51966ac9090c,Insurance,Operational expense,9965.95,2024-08-26,pending,2024-08-26 14:58:05,2024,8,3,35,0,0,0,1,False,True,False,False,False,False,False,False,False,False,9.207029898400243
eccf2a89-c41c-4d00-8391-c569c22e0c10,00000000-0000-0000-0000-000000000002,587616fd-ba60-493e-ba92-b68a61b5cdce,e213801b-a706-48c3-9ba4-7db14d3912f3,IT & Software,Operational expense,33217.45,2023-12-11,approved,2023-12-11 09:40:12,2023,12,4,50,0,0,0,0,True,False,False,False,False,False,False,False,False,False,10.410860723439363
9ea53468-9062-4af5-a340-56e86a2577b0,00000000-0000-0000-0000-000000000003,7227b311-834f-4815-aa86-c5d464758be1,8626b762-d8ef-4e32-8446-33cdac213522,Travel,Operational expense,36381.41,2023-01-11,approved,2023-01-11 15:50:56,2023,1,1,2,2,0,0,8,False,False,False,False,False,False,False,False,True,False,10.501840695067662
b9668b94-499a-499f-8283-a9453c85c2a9,00000000-0000-0000-0000-000000000002,b961632b-814f-4481-946b-17a792487aa7,e213801b-a706-48c3-9ba4-7db14d3912f3,Office Supplies,Operational expense,21411.35,2024-01-08,approved,2024-01-08 08:43:45,2024,1,1,2,0,0,0,5,False,False,False,False,False,True,False,False,False,False,9.971723137353898
f009c880-dab3-4718-a61d-504b487948a0,00000000-0000-0000-0000-000000000002,587616fd-ba60-493e-ba92-b68a61b5cdce,2afe7cda-5682-4c01-a59f-5f13090047f6,Marketing,Operational expense,20571.89,2022-08-07,approved,2022-08-07 10:21:46,2022,8,3,31,6,1,0,4,False,False,False,False,True,False,False,False,False,False,9.931729468646152
1cd25c04-418d-49ab-aae1-b9e98c1983e8,00000000-0000-0000-0000-000000000003,7227b311-834f-4815-aa86-c5d464758be1,61d2418d-6936-4075-a481-1d994952d89b,Travel,Operational expense,16161.52,2022-01-17,approved,2022-01-17 12:30:05,2022,1,1,3,0,0,0,8,False,False,False,False,False,False,False,False,True,False,9.690450260511675
ad0a46ea-ef93-41f1-b83f-29abe494bdf4,00000000-0000-0000-0000-000000000003,7227b311-834f-4815-aa86-c5d464758be1,1db94196-443a-440f-ad7e-c4422bb047e3,IT & Software,Operational expense,46233.92,2024-12-20,approved,2024-12-20 12:13:28,2024,12,4,51,4,0,0,0,True,False,False,False,False,False,False,False,False,False,10.741490635719337
f5744d33-eccc-4d1a-af74-b97a59082a73,00000000-0000-0000-0000-000000000001,0eb66abb-0d5d-4e88-a3ff-16776e267d83,163b0e08-1801-4ae5-af8c-f287fbcdff7c,IT & Software,Operational expense,24738.99,2023-11-05,approved,2023-11-05 11:51:29,2023,11,4,44,6,1,0,0,True,False,False,False,False,False,False,False,False,False,10.116176241742679
f75a8470-d7fc-407c-876a-96c5e29beaf8,00000000-0000-0000-0000-000000000001,0eb66abb-0d5d-4e88-a3ff-16776e267d83,ea13a2c7-2a88-40f3-b073-4e507c524f18,Office Supplies,Operational expense,20998.98,2022-01-20,approved,2022-01-20 14:20:53,2022,1,1,3,3,0,0,5,False,False,False,False,False,True,False,False,False,False,9.952276764324154
291999ea-cf47-43dd-97c9-3678d05cea58,00000000-0000-0000-0000-000000000002,5f6c98b4-4360-41ee-83a3-efc700651a04,09cd08c0-c83a-42f5-96cc-b9c13c2aa7e4,Insurance,Operational expense,8672.64,2023-11-02,approved,2023-11-02 10:51:51,2023,11,4,44,3,0,0,1,False,True,False,False,False,False,False,False,False,False,9.068043820190699
bab597f4-6c69-4e9c-a301-419568522fea,00000000-0000-0000-0000-000000000003,7227b311-834f-4815-aa86-c5d464758be1,74245d66-8df4-4678-b1e9-76d5e231caff,IT & Software,Operational expense,12670.87,2023-06-02,approved,2023-06-02 16:56:13,2023,6,2,22,4,0,0,0,True,False,False,False,False,False,False,False,False,False,9.4471398551632
8d0db546-b133-4f87-a801-48d2d2777fa1,00000000-0000-0000-0000-000000000002,b961632b-814f-4481-946b-17a792487aa7,f72410dd-3260-4ece-a477-1ae69ac1e84e,Travel,Operational expense,7383.46,2024-04-16,approved,2024-04-16 18:26:33,2024,4,2,16,1,0,0,8,False,False,False,False,False,False,False,False,True,False,8.907133071100391
849d2126-061f-4ee3-b2a8-b5a2b7d06e5e,00000000-0000-0000-0000-000000000001,a01b7f2a-d4d0-48bf-bb89-c1040f55587a,3f0519f3-383c-48a1-8609-f4b51fd5ecd4,Office Supplies,Operational expense,31502.57,2023-11-19,approved,2023-11-19 08:41:08,2023,11,4,46,6,1,0,5,False,False,False,False,False,True,False,False,False,False,10.35785615172532
84e07290-4353-44df-b010-a2a6e8913f82,00000000-0000-0000-0000-000000000001,a01b7f2a-d4d0-48bf-bb89-c1040f55587a,163b0e08-1801-4ae5-af8c-f287fbcdff7c,Marketing,Operational expense,46746.69,2024-10-30,pending,2024-10-30 08:35:33,2024,10,4,44,2,0,0,4,False,False,False,False,True,False,False,False,False,False,10.752520121731326
95965b59-91e2-4a74-bd6d-5fb55ba8f379,00000000-0000-0000-0000-000000000001,0eb66abb-0d5d-4e88-a3ff-16776e267d83,eaefa70d-63c2-4537-b86d-2205b826bb2e,IT & Software,Operational expense,36645.45,2023-09-27,approved,2023-09-27 18:20:02,2023,9,3,39,2,0,0,0,True,False,False,False,False,False,False,False,False,False,10.509071840413256
7d9e5a6c-6c17-4084-9c0b-420a9a9ab51f,00000000-0000-0000-0000-000000000001,0eb66abb-0d5d-4e88-a3ff-16776e267d83,4736f247-39f8-400c-b9ea-519dfbb485f6,Logistics,Operational expense,35701.97,2024-09-25,pending,2024-09-25 17:45:42,2024,9,3,39,2,0,0,2,False,False,True,False,False,False,False,False,False,False,10.482989157584672
d0cbfe75-99c1-4547-9692-2655ab9d3177,00000000-0000-0000-0000-000000000002,b961632b-814f-4481-946b-17a792487aa7,7f514159-0b19-4321-a308-daec53995d5a,IT & Software,Operational expense,35965.44,2023-09-15,approved,2023-09-15 11:40:07,2023,9,3,37,4,0,0,0,True,False,False,False,False,False,False,False,False,False,10.490341560426655
b390a8cc-f9ba-4898-9110-f9cd23aeed77,00000000-0000-0000-0000-000000000001,0eb66abb-0d5d-4e88-a3ff-16776e267d83,f0e9f4da-9ca0-492d-a21e-3f8a819f9184,IT & Software,Operational expense,10320.88,2023-04-24,approved,2023-04-24 16:16:21,2023,4,2,17,0,0,0,0,True,False,False,False,False,False,False,False,False,False,9.242021192987151
c466d6c9-e116-431f-b16f-fd056e840681,00000000-0000-0000-0000-000000000003,9b1ac5ce-ad4f-40d1-8b7c-0005176b143d,33baaf1c-3618-44b5-b42a-4673992689f8,Logistics,Operational expense,28096.57,2022-04-26,approved,2022-04-26 18:55:10,2022,4,2,17,1,0,0,2,False,False,True,False,False,False,False,False,False,False,10.24343837471417
2d756c10-a3ea-48cb-ae49-f9b0c75936e2,00000000-0000-0000-0000-000000000003,9b1ac5ce-ad4f-40d1-8b7c-0005176b143d,8626b762-d8ef-4e32-8446-33cdac213522,Office Supplies,Operational expense,40573.89,2023-07-26,approved,2023-07-26 12:49:25,2023,7,3,30,2,0,0,5,False,False,False,False,False,True,False,False,False,False,10.610904681350158
a5b18500-173c-46d0-9dee-00aa28a6b85c,00000000-0000-0000-0000-000000000003,9b1ac5ce-ad4f-40d1-8b7c-0005176b143d,3b9ffffd-ca39-4330-b08f-59cdb916323f,Maintenance,Operational expense,45907.44,2023-02-28,pending,2023-02-28 08:35:53,2023,2,1,9,1,0,1,3,False,False,False,True,False,False,False,False,False,False,10.734404257140794
3a359c69-988d-4a43-8862-12c1caa303c3,00000000-0000-0000-0000-000000000003,9b1ac5ce-ad4f-40d1-8b7c-0005176b143d,33baaf1c-3618-44b5-b42a-4673992689f8,IT & Software,Operational expense,41728.16,2024-06-09,approved,2024-06-09 08:15:13,2024,6,2,23,6,1,0,0,True,False,False,False,False,False,False,False,False,False,10.638955443979691
cbf77312-2f19-4805-90ac-29dc748adabc,00000000-0000-0000-0000-000000000002,587616fd-ba60-493e-ba92-b68a61b5cdce,2afe7cda-5682-4c01-a59f-5f13090047f6,IT & Software,Operational expense,1968.98,2023-06-26,pending,2023-06-26 15:07:24,2023,6,2,26,0,0,0,0,True,False,False,False,False,False,False,False,False,False,7.585778669396236
66cbf4ad-9e81-4675-8db4-a2f15428b611,00000000-0000-0000-0000-000000000002,b961632b-814f-4481-946b-17a792487aa7,2afe7cda-5682-4c01-a59f-5f13090047f6,IT & Software,Operational expense,40788.36,2022-11-02,pending,2022-11-02 16:36:41,2022,11,4,44,2,0,0,0,True,False,False,False,False,False,False,False,False,False,10.616176542068386
3ab7b18a-091d-45d1-9198-806a189b9f50,00000000-0000-0000-0000-000000000001,51fd3682-4888-4a55-92f7-281307c67941,aadd1a3f-3f20-499a-b950-51966ac9090c,Travel,Operational expense,31687.65,2023-04-16,approved,2023-04-16 09:15:51,2023,4,2,15,6,1,0,8,False,False,False,False,False,False,False,False,True,False,10.36371385158822
0da6e639-260b-4c67-9991-a8c2f243b8ac,00000000-0000-0000-0000-000000000001,51fd3682-4888-4a55-92f7-281307c67941,5a96b78c-2c6b-4aaa-88b5-7c7485705113,Office Supplies,Operational expense,48345.59,2023-11-18,approved,2023-11-18 09:44:26,2023,11,4,46,5,1,0,5,False,False,False,False,False,True,False,False,False,False,10.786150970989922
d44dfa2c-c061-488d-a93b-ddacd0049317,00000000-0000-0000-0000-000000000001,0eb66abb-0d5d-4e88-a3ff-16776e267d83,163b0e08-1801-4ae5-af8c-f287fbcdff7c,Travel,Operational expense,14918.2,2022-11-26,approved,2022-11-26 15:55:00,2022,11,4,47,5,1,0,8,False,False,False,False,False,False,False,False,True,False,9.610404253017236
d9c82918-a7e5-490a-af3b-71c66c3649b4,00000000-0000-0000-0000-000000000002,5f6c98b4-4360-41ee-83a3-efc700651a04,517d046e-f5e7-4244-8dab-e8995b9bfdc4,Insurance,Operational expense,47567.13,2024-01-31,approved,2024-01-31 17:32:16,2024,1,1,5,2,0,1,1,False,True,False,False,False,False,False,False,False,False,10.769918278163845
92de8fba-cae2-4ea4-ad4d-bb00160928a6,00000000-0000-0000-0000-000000000003,7227b311-834f-4815-aa86-c5d464758be1,8626b762-d8ef-4e32-8446-33cdac213522,IT & Software,Operational expense,39718.01,2023-03-30,rejected,2023-03-30 14:04:52,2023,3,1,13,3,0,0,0,True,False,False,False,False,False,False,False,False,False,10.58958519337719
52c07ef5-a1ec-4e52-9b40-a4e8cb0ee814,00000000-0000-0000-0000-000000000002,5f6c98b4-4360-41ee-83a3-efc700651a04,7f514159-0b19-4321-a308-daec53995d5a,IT & Software,Operational expense,9136.73,2024-05-25,pending,2024-05-25 11:24:32,2024,5,2,21,5,1,0,0,True,False,False,False,False,False,False,False,False,False,9.120167274739881
673fb4c4-8320-4fa9-a151-f2a4c259afb3,00000000-0000-0000-0000-000000000001,0eb66abb-0d5d-4e88-a3ff-16776e267d83,aadd1a3f-3f20-499a-b950-51966ac9090c,Logistics,Operational expense,16396.43,2024-07-25,approved,2024-07-25 09:54:30,2024,7,3,30,3,0,0,2,False,False,True,False,False,False,False,False,False,False,9.704879894215342
8f38739d-9c72-4064-8846-8af5188e8101,00000000-0000-0000-0000-000000000003,9b1ac5ce-ad4f-40d1-8b7c-0005176b143d,8626b762-d8ef-4e32-8446-33cdac213522,Marketing,Operational expense,30449.38,2024-07-27,pending,2024-07-27 15:09:20,2024,7,3,30,5,1,0,4,False,False,False,False,True,False,False,False,False,False,10.323853752534724
c11b9fc6-fbb9-48df-bfce-0c71a8de31ca,00000000-0000-0000-0000-000000000003,470852ed-b70b-4f24-879a-6edb4193d8b6,79c1732a-a6d1-4565-b515-c59de4dbdfe5,Office Supplies,Operational expense,4555.6,2023-11-30,pending,2023-11-30 12:11:08,2023,11,4,48,3,0,1,5,False,False,False,False,False,True,False,False,False,False,8.42433201036495
8745900e-0108-4922-8983-36492de2f781,00000000-0000-0000-0000-000000000003,470852ed-b70b-4f24-879a-6edb4193d8b6,74245d66-8df4-4678-b1e9-76d5e231caff,Maintenance,Operational expense,9013.39,2022-11-20,approved,2022-11-20 10:24:31,2022,11,4,46,6,1,0,3,False,False,False,True,False,False,False,False,False,False,9.106577468345264
7dd9123f-c5f2-490b-8378-84bbb6cf5e42,00000000-0000-0000-0000-000000000001,a01b7f2a-d4d0-48bf-bb89-c1040f55587a,5a96b78c-2c6b-4aaa-88b5-7c7485705113,Marketing,Operational expense,33562.06,2023-12-12,approved,2023-12-12 16:30:18,2023,12,4,50,1,0,0,4,False,False,False,False,True,False,False,False,False,False,10.421181336400663
a2af3459-3558-492e-80d6-fbc678a4be06,00000000-0000-0000-0000-000000000003,7227b311-834f-4815-aa86-c5d464758be1,33baaf1c-3618-44b5-b42a-4673992689f8,IT & Software,Operational expense,21187.19,2024-03-15,approved,2024-03-15 14:09:36,2024,3,1,11,4,0,0,0,True,False,False,False,False,False,False,False,False,False,9.961199229964215
271fab06-410b-4251-a8d1-e13cd617468e,00000000-0000-0000-0000-000000000002,5f6c98b4-4360-41ee-83a3-efc700651a04,2afe7cda-5682-4c01-a59f-5f13090047f6,Marketing,Operational expense,14060.0,2022-05-06,approved,2022-05-06 10:51:15,2022,5,2,18,4,0,0,4,False,False,False,False,True,False,False,False,False,False,9.551160286590816
357968f9-cc84-4d6f-b1bb-d1cbea0cfa22,00000000-0000-0000-0000-000000000003,9b1ac5ce-ad4f-40d1-8b7c-0005176b143d,29998a31-9af5-4c58-9bfe-cde4f9a96969,Office Supplies,Operational expense,32269.65,2023-06-26,approved,2023-06-26 17:04:18,2023,6,2,26,0,0,0,5,False,False,False,False,False,True,False,False,False,False,10.381913427390407
d3e107e6-7d97-4b03-9aa0-a4189b5ccfd2,00000000-0000-0000-0000-000000000003,9b1ac5ce-ad4f-40d1-8b7c-0005176b143d,9dd0c56d-a9cf-4c8d-a998-9df89eb48a85,Logistics,Operational expense,28135.92,2022-02-18,approved,2022-02-18 14:40:32,2022,2,1,7,4,0,0,2,False,False,True,False,False,False,False,False,False,False,10.244837871941673
e1e4950a-ea82-4999-96f5-b6a5229950be,00000000-0000-0000-0000-000000000002,587616fd-ba60-493e-ba92-b68a61b5cdce,e213801b-a706-48c3-9ba4-7db14d3912f3,Marketing,Operational expense,39855.95,2023-09-26,approved,2023-09-26 16:12:33,2023,9,3,39,1,0,0,4,False,False,False,False,True,False,False,False,False,False,10.593052073026806
e249185c-491c-4341-a34b-8aed52c42c99,00000000-0000-0000-0000-000000000002,b961632b-814f-4481-946b-17a792487aa7,e213801b-a706-48c3-9ba4-7db14d3912f3,Maintenance,Operational expense,30432.6,2024-01-09,approved,2024-01-09 16:54:40,2024,1,1,2,1,0,0,3,False,False,False,True,False,False,False,False,False,False,10.323302540198576
e9581346-35d5-427a-9701-0b0f0d34a934,00000000-0000-0000-0000-000000000002,587616fd-ba60-493e-ba92-b68a61b5cdce,07274486-6344-4009-ae28-b9027a51f93f,Logistics,Operational expense,35903.17,2023-03-16,approved,2023-03-16 14:33:52,2023,3,1,11,3,0,0,2,False,False,True,False,False,False,False,False,False,False,10.488608723719643
d52716d1-2e05-4676-a9de-0fb6a6f8c63d,00000000-0000-0000-0000-000000000002,587616fd-ba60-493e-ba92-b68a61b5cdce,7f514159-0b19-4321-a308-daec53995d5a,Maintenance,Operational expense,27497.99,2022-05-14,approved,2022-05-14 14:34:24,2022,5,2,19,5,1,0,3,False,False,False,True,False,False,False,False,False,False,10.221904555707473
d524c2b8-407d-41d4-ada1-5918a2ea43ce,00000000-0000-0000-0000-000000000001,a01b7f2a-d4d0-48bf-bb89-c1040f55587a,ea13a2c7-2a88-40f3-b073-4e507c524f18,Travel,Operational expense,8230.06,2022-03-19,approved,2022-03-19 17:13:23,2022,3,1,11,5,1,0,8,False,False,False,False,False,False,False,False,True,False,9.015670082461323
703cbf4b-51ec-4679-bc48-ec0724883566,00000000-0000-0000-0000-000000000002,5f6c98b4-4360-41ee-83a3-efc700651a04,2afe7cda-5682-4c01-a59f-5f13090047f6,Office Supplies,Operational expense,49265.61,2023-07-24,approved,2023-07-24 09:58:11,2023,7,3,30,0,0,0,5,False,False,False,False,False,True,False,False,False,False,10.80500184862449
9b09602b-9fd9-43f1-9cb3-3cc79776da8d,00000000-0000-0000-0000-000000000002,587616fd-ba60-493e-ba92-b68a61b5cdce,f72410dd-3260-4ece-a477-1ae69ac1e84e,Travel,Operational expense,24848.3,2022-10-24,approved,2022-10-24 08:47:32,2022,10,4,43,0,0,0,8,False,False,False,False,False,False,False,False,True,False,10.120584862113937
b77627e1-f1fa-42fc-a72c-270229451f9b,00000000-0000-0000-0000-000000000002,b961632b-814f-4481-946b-17a792487aa7,517d046e-f5e7-4244-8dab-e8995b9bfdc4,Maintenance,Operational expense,19606.2,2024-10-27,approved,2024-10-27 09:09:58,2024,10,4,43,6,1,0,3,False,False,False,True,False,False,False,False,False,False,9.883652124702017
adab8bab-89be-4e06-84f0-2572412ca8f1,00000000-0000-0000-0000-000000000002,5f6c98b4-4360-41ee-83a3-efc700651a04,7f514159-0b19-4321-a308-daec53995d5a,Logistics,Operational expense,4515.27,2024-10-25,approved,2024-10-25 16:55:37,2024,10,4,43,4,0,0,2,False,False,True,False,False,False,False,False,False,False,8.415441710904854
7109e844-e364-4361-b620-c0b5dffd7e41,00000000-0000-0000-0000-000000000002,5f6c98b4-4360-41ee-83a3-efc700651a04,bcde24c7-84f3-4459-afee-eba83339896c,Travel,Operational expense,37803.58,2024-11-01,pending,2024-11-01 13:02:44,2024,11,4,44,4,0,0,8,False,False,False,False,False,False,False,False,True,False,10.540185538289077
a3d40ca8-4a73-48fd-b079-5b153869f282,00000000-0000-0000-0000-000000000001,a01b7f2a-d4d0-48bf-bb89-c1040f55587a,3f0519f3-383c-48a1-8609-f4b51fd5ecd4,Travel,Operational expense,12797.93,2024-01-16,approved,2024-01-16 12:35:30,2024,1,1,3,1,0,0,8,False,False,False,False,False,False,False,False,True,False,9.457116852663557
3a5fa100-4ce7-44bd-a4c8-07ff3317be66,00000000-0000-0000-0000-000000000002,587616fd-ba60-493e-ba92-b68a61b5cdce,09cd08c0-c83a-42f5-96cc-b9c13c2aa7e4,Marketing,Operational expense,13708.07,2022-03-09,approved,2022-03-09 08:59:16,2022,3,1,10,2,0,0,4,False,False,False,False,True,False,False,False,False,False,9.52581293655752
d859c16f-503f-44b6-bd9f-3ab84aba57c4,00000000-0000-0000-0000-000000000002,587616fd-ba60-493e-ba92-b68a61b5cdce,7f514159-0b19-4321-a308-daec53995d5a,Logistics,Operational expense,4628.55,2022-01-01,approved,2022-01-01 14:34:00,2022,1,1,52,5,1,0,2,False,False,True,False,False,False,False,False,False,False,8.440214950132187
e3f0ad88-ec76-44e3-b0be-dede07c38990,00000000-0000-0000-0000-000000000003,9b1ac5ce-ad4f-40d1-8b7c-0005176b143d,74245d66-8df4-4678-b1e9-76d5e231caff,Travel,Operational expense,35277.35,2022-09-22,pending,2022-09-22 17:48:56,2022,9,3,38,3,0,0,8,False,False,False,False,False,False,False,False,True,False,10.471024740319555
e1b65a7f-4423-4f3d-9503-8203dd3fbafd,00000000-0000-0000-0000-000000000002,587616fd-ba60-493e-ba92-b68a61b5cdce,09cd08c0-c83a-42f5-96cc-b9c13c2aa7e4,Travel,Operational expense,35673.54,2023-04-13,pending,2023-04-13 18:41:07,2023,4,2,15,3,0,0,8,False,False,False,False,False,False,False,False,True,False,10.482192548078304
8031f067-9ce3-4857-8085-f9fd8b946c60,00000000-0000-0000-0000-000000000001,51fd3682-4888-4a55-92f7-281307c67941,9a16d7d2-dc18-4141-a14f-3394de4b98bc,Insurance,Operational expense,34293.16,2023-01-22,approved,2023-01-22 15:44:15,2023,1,1,3,6,1,0,1,False,True,False,False,False,False,False,False,False,False,10.442730356267074
00eee9c1-0da1-41c5-a457-975c45996c68,00000000-0000-0000-0000-000000000003,9b1ac5ce-ad4f-40d1-8b7c-0005176b143d,8626b762-d8ef-4e32-8446-33cdac213522,Marketing,Operational expense,15665.12,2023-08-25,approved,2023-08-25 09:32:12,2023,8,3,34,4,0,0,4,False,False,False,False,True,False,False,False,False,False,9.659255697798269
75072cdc-c003-4266-becc-37702bbeea9f,00000000-0000-0000-0000-000000000002,5f6c98b4-4360-41ee-83a3-efc700651a04,e213801b-a706-48c3-9ba4-7db14d3912f3,Maintenance,Operational expense,8369.83,2024-05-11,approved,2024-05-11 08:39:05,2024,5,2,19,5,1,0,3,False,False,False,True,False,False,False,False,False,False,9.032508322246937
c147d69f-ceea-43a3-a020-4720b9c223ac,00000000-0000-0000-0000-000000000002,5f6c98b4-4360-41ee-83a3-efc700651a04,81c496fc-1d35-4405-9a7d-ae0a15104d5b,Maintenance,Operational expense,13852.93,2022-04-05,pending,2022-04-05 10:27:47,2022,4,2,14,1,0,0,3,False,False,False,True,False,False,False,False,False,False,9.536324225877422
32920183-3fe1-474e-a77c-8ca6d072143d,00000000-0000-0000-0000-000000000002,587616fd-ba60-493e-ba92-b68a61b5cdce,9d2a5f48-38f2-46be-b733-c1b9f1c891c4,Office Supplies,Operational expense,46970.66,2022-08-18,pending,2022-08-18 08:50:58,2022,8,3,33,3,0,0,5,False,False,False,False,False,True,False,False,False,False,10.75729972010401
cd8601d5-c25f-44be-8751-2fb5f89dd998,00000000-0000-0000-0000-000000000003,470852ed-b70b-4f24-879a-6edb4193d8b6,9dd0c56d-a9cf-4c8d-a998-9df89eb48a85,Marketing,Operational expense,4443.18,2022-05-08,approved,2022-05-08 09:23:39,2022,5,2,18,6,1,0,4,False,False,False,False,True,False,False,False,False,False,8.399350653989659
e3ebb08d-9c2c-4ccb-8954-9d852cde5efe,00000000-0000-0000-0000-000000000003,9b1ac5ce-ad4f-40d1-8b7c-0005176b143d,355d120a-98dd-4393-a62e-df5f4b8a455b,IT & Software,Operational expense,20414.57,2024-06-30,approved,2024-06-30 16:35:04,2024,6,2,26,6,1,1,0,True,False,False,False,False,False,False,False,False,False,9.924053124010486
7579c332-2f44-4548-92a5-3ec55f33588c,00000000-0000-0000-0000-000000000002,587616fd-ba60-493e-ba92-b68a61b5cdce,f72410dd-3260-4ece-a477-1ae69ac1e84e,Insurance,Operational expense,7463.41,2022-08-15,approved,2022-08-15 10:53:53,2022,8,3,33,0,0,0,1,False,True,False,False,False,False,False,False,False,False,8.917901671350826
646abc07-4f75-4a56-b609-edc0f354e0b6,00000000-0000-0000-0000-000000000001,0eb66abb-0d5d-4e88-a3ff-16776e267d83,f17772cf-7a8e-4e04-aeef-8c148fe1a7e5,IT & Software,Operational expense,857.52,2022-10-06,approved,2022-10-06 12:49:37,2022,10,4,40,3,0,0,0,True,False,False,False,False,False,False,False,False,False,6.755209976513464
c4667ee5-fe2d-40b0-84e2-5b4da58b2944,00000000-0000-0000-0000-000000000001,0eb66abb-0d5d-4e88-a3ff-16776e267d83,f577e0e3-284e-4c71-8d16-74f51d0fe305,IT & Software,Operational expense,35435.18,2023-01-18,approved,2023-01-18 10:15:34,2023,1,1,3,2,0,0,0,True,False,False,False,False,False,False,False,False,False,10.47548861109911
f6ea66cb-98c2-4612-ad05-f1c79e8e1099,00000000-0000-0000-0000-000000000003,7227b311-834f-4815-aa86-c5d464758be1,1db94196-443a-440f-ad7e-c4422bb047e3,IT & Software,Operational expense,19515.68,2024-09-09,pending,2024-09-09 16:36:16,2024,9,3,37,0,0,0,0,True,False,False,False,False,False,False,False,False,False,9.879024763534293
7977f548-34ab-449e-8656-ee30ecfcda63,00000000-0000-0000-0000-000000000003,7227b311-834f-4815-aa86-c5d464758be1,61d2418d-6936-4075-a481-1d994952d89b,Marketing,Operational expense,2878.77,2022-03-23,approved,2022-03-23 09:40:49,2022,3,1,12,2,0,0,4,False,False,False,False,True,False,False,False,False,False,7.965465708829812
37b8d676-97ed-4985-b8c6-15ada5df774a,00000000-0000-0000-0000-000000000003,470852ed-b70b-4f24-879a-6edb4193d8b6,33baaf1c-3618-44b5-b42a-4673992689f8,Maintenance,Operational expense,10601.37,2023-05-17,approved,2023-05-17 18:39:24,2023,5,2,20,2,0,0,3,False,False,False,True,False,False,False,False,False,False,9.268832840014438
0a680e44-7b45-4ab4-b458-a30cd7804c3f,00000000-0000-0000-0000-000000000002,5f6c98b4-4360-41ee-83a3-efc700651a04,07274486-6344-4009-ae28-b9027a51f93f,IT & Software,Operational expense,47993.61,2022-10-03,rejected,2022-10-03 17:47:11,2022,10,4,40,0,0,0,0,True,False,False,False,False,False,False,False,False,False,10.77884399191818
e188762d-b80b-49bc-b769-28790f43e974,00000000-0000-0000-0000-000000000002,b961632b-814f-4481-946b-17a792487aa7,07274486-6344-4009-ae28-b9027a51f93f,Logistics,Operational expense,19454.52,2022-05-07,approved,2022-05-07 10:17:14,2022,5,2,18,5,1,0,2,False,False,True,False,False,False,False,False,False,False,9.875886113408926
53f8e5ad-005f-47b1-8cff-157ea2cb39cf,00000000-0000-0000-0000-000000000002,b961632b-814f-4481-946b-17a792487aa7,07274486-6344-4009-ae28-b9027a51f93f,Office Supplies,Operational expense,12831.0,2022-04-06,approved,2022-04-06 14:33:23,2022,4,2,14,2,0,0,5,False,False,False,False,False,True,False,False,False,False,9.459697330106296
1e81c9e3-d0c1-4161-a68e-b1eaec309e84,00000000-0000-0000-0000-000000000003,470852ed-b70b-4f24-879a-6edb4193d8b6,74245d66-8df4-4678-b1e9-76d5e231caff,IT & Software,Operational expense,20993.01,2022-06-11,approved,2022-06-11 08:37:36,2022,6,2,23,5,1,0,0,True,False,False,False,False,False,False,False,False,False,9.951992437922199
e51fb231-ef0c-4469-a3e5-e4175cd2cf9a,00000000-0000-0000-0000-000000000001,51fd3682-4888-4a55-92f7-281307c67941,9a16d7d2-dc18-4141-a14f-3394de4b98bc,Travel,Operational expense,5605.25,2024-02-14,approved,2024-02-14 17:35:17,2024,2,1,7,2,0,0,8,False,False,False,False,False,False,False,False,True,False,8.631637325807107
328801e1-582b-40a5-a2e4-56f7b28b9bdd,00000000-0000-0000-0000-000000000001,0eb66abb-0d5d-4e88-a3ff-16776e267d83,f0e9f4da-9ca0-492d-a21e-3f8a819f9184,Marketing,Operational expense,5150.77,2024-05-04,approved,2024-05-04 16:10:24,2024,5,2,18,5,1,0,4,False,False,False,False,True,False,False,False,False,False,8.547095623930526
94c2a9fb-0935-4b1e-875e-3650c260fe9d,00000000-0000-0000-0000-000000000002,b961632b-814f-4481-946b-17a792487aa7,f72410dd-3260-4ece-a477-1ae69ac1e84e,Travel,Operational expense,41841.98,2024-02-01,pending,2024-02-01 18:56:15,2024,2,1,5,3,0,0,8,False,False,False,False,False,False,False,False,True,False,10.641679319911885
2eed0fbe-f434-4183-8555-ad368038adc8,00000000-0000-0000-0000-000000000001,a01b7f2a-d4d0-48bf-bb89-c1040f55587a,5a96b78c-2c6b-4aaa-88b5-7c7485705113,Insurance,Operational expense,33936.53,2022-12-24,rejected,2022-12-24 18:06:24,2022,12,4,51,5,1,0,1,False,True,False,False,False,False,False,False,False,False,10.432276760653801
d67f09ec-4a46-4825-b354-128e7fbf25e3,00000000-0000-0000-0000-000000000002,587616fd-ba60-493e-ba92-b68a61b5cdce,2afe7cda-5682-4c01-a59f-5f13090047f6,IT & Software,Operational expense,19554.79,2024-11-09,approved,2024-11-09 18:32:29,2024,11,4,45,5,1,0,0,True,False,False,False,False,False,False,False,False,False,9.88102668524857
018dc0ef-1ddd-46ab-a57b-8e5416743ca2,00000000-0000-0000-0000-000000000002,587616fd-ba60-493e-ba92-b68a61b5cdce,f72410dd-3260-4ece-a477-1ae69ac1e84e,Marketing,Operational expense,29630.06,2022-06-20,approved,2022-06-20 12:38:38,2022,6,2,25,0,0,0,4,False,False,False,False,True,False,False,False,False,False,10.296578414480535
a03de08a-4333-45ae-88e7-fe752900b578,00000000-0000-0000-0000-000000000002,587616fd-ba60-493e-ba92-b68a61b5cdce,9d2a5f48-38f2-46be-b733-c1b9f1c891c4,Marketing,Operational expense,2839.74,2023-04-18,approved,2023-04-18 11:56:26,2023,4,2,16,1,0,0,4,False,False,False,False,True,False,False,False,False,False,7.951819860594791
80cd1f93-fd21-408b-b0c9-6802446f1e41,00000000-0000-0000-0000-000000000001,0eb66abb-0d5d-4e88-a3ff-16776e267d83,aadd1a3f-3f20-499a-b950-51966ac9090c,Insurance,Operational expense,19533.85,2024-03-11,approved,2024-03-11 13:12:42,2024,3,1,11,0,0,0,1,False,True,False,False,False,False,False,False,False,False,9.879955328933967
a424f783-d8a9-4dcc-abd1-4f979a64d6d6,00000000-0000-0000-0000-000000000003,470852ed-b70b-4f24-879a-6edb4193d8b6,29998a31-9af5-4c58-9bfe-cde4f9a96969,Marketing,Operational expense,37456.05,2022-07-20,approved,2022-07-20 10:44:10,2022,7,3,29,2,0,0,4,False,False,False,False,True,False,False,False,False,False,10.530950222229704
70847454-390c-4660-a68f-876fda325721,00000000-0000-0000-0000-000000000001,51fd3682-4888-4a55-92f7-281307c67941,f577e0e3-284e-4c71-8d16-74f51d0fe305,Logistics,Operational expense,8178.13,2024-01-31,approved,2024-01-31 14:46:01,2024,1,1,5,2,0,1,2,False,False,True,False,False,False,False,False,False,False,9.009341066972274
0a35c728-2d59-46c1-bad3-bf7223b56ed6,00000000-0000-0000-0000-000000000001,a01b7f2a-d4d0-48bf-bb89-c1040f55587a,f0e9f4da-9ca0-492d-a21e-3f8a819f9184,IT & Software,Operational expense,2458.62,2022-08-10,approved,2022-08-10 12:34:55,2022,8,3,32,2,0,0,0,True,False,False,False,False,False,False,False,False,False,7.807762145449735
d0a14bd6-c8c6-4ee7-ba4b-29efddaacab4,00000000-0000-0000-0000-000000000003,470852ed-b70b-4f24-879a-6edb4193d8b6,74245d66-8df4-4678-b1e9-76d5e231caff,Office Supplies,Operational expense,1280.01,2024-08-02,approved,2024-08-02 11:32:37,2024,8,3,31,4,0,0,5,False,False,False,False,False,True,False,False,False,False,7.155404108267513
0a3637c2-9924-4a1e-a7e1-f10066dc1272,00000000-0000-0000-0000-000000000001,a01b7f2a-d4d0-48bf-bb89-c1040f55587a,4736f247-39f8-400c-b9ea-519dfbb485f6,Travel,Operational expense,14265.72,2023-10-14,pending,2023-10-14 10:05:00,2023,10,4,41,5,1,0,8,False,False,False,False,False,False,False,False,True,False,9.565684831212549
874cdf90-d702-4692-bf6b-b1804f728ed4,00000000-0000-0000-0000-000000000002,587616fd-ba60-493e-ba92-b68a61b5cdce,c75c1d53-938d-4640-b118-e5ada06ce255,Logistics,Operational expense,3224.14,2023-04-20,approved,2023-04-20 18:50:23,2023,4,2,16,3,0,0,2,False,False,True,False,False,False,False,False,False,False,8.078731639140361
40f93d32-7b8c-45f0-9300-a8f12f5b3c0e,00000000-0000-0000-0000-000000000001,a01b7f2a-d4d0-48bf-bb89-c1040f55587a,aadd1a3f-3f20-499a-b950-51966ac9090c,Insurance,Operational expense,24108.65,2024-06-16,rejected,2024-06-16 13:02:43,2024,6,2,24,6,1,0,1,False,True,False,False,False,False,False,False,False,False,10.090367454271838
5c9c3533-6a77-4983-9cb6-4b28c6345f73,00000000-0000-0000-0000-000000000003,7227b311-834f-4815-aa86-c5d464758be1,79c1732a-a6d1-4565-b515-c59de4dbdfe5,Marketing,Operational expense,26631.12,2024-04-06,approved,2024-04-06 15:03:06,2024,4,2,14,5,1,0,4,False,False,False,False,True,False,False,False,False,False,10.189873285102324
199d6234-8703-4487-b047-403fe69620c8,00000000-0000-0000-0000-000000000003,7227b311-834f-4815-aa86-c5d464758be1,74245d66-8df4-4678-b1e9-76d5e231caff,Office Supplies,Operational expense,28523.46,2024-08-09,pending,2024-08-09 15:12:50,2024,8,3,32,4,0,0,5,False,False,False,False,False,True,False,False,False,False,10.258517243788598
6774d3a3-10a1-4fd8-89a1-ad3286d23fc2,00000000-0000-0000-0000-000000000002,5f6c98b4-4360-41ee-83a3-efc700651a04,7f514159-0b19-4321-a308-daec53995d5a,IT & Software,Operational expense,45146.47,2023-05-13,pending,2023-05-13 11:51:17,2023,5,2,19,5,1,0,0,True,False,False,False,False,False,False,False,False,False,10.717689521837658
b638d308-299c-4c93-9438-4785150e5ca9,00000000-0000-0000-0000-000000000003,470852ed-b70b-4f24-879a-6edb4193d8b6,355d120a-98dd-4393-a62e-df5f4b8a455b,Office Supplies,Operational expense,31322.69,2022-12-03,approved,2022-12-03 08:43:46,2022,12,4,48,5,1,0,5,False,False,False,False,False,True,False,False,False,False,10.352129959256922
6d81b0cb-ba7b-4e8f-928e-129b6b575a0c,00000000-0000-0000-0000-000000000003,470852ed-b70b-4f24-879a-6edb4193d8b6,045901bc-3a1a-4a0b-bd8b-876c218464f4,Office Supplies,Operational expense,13495.1,2023-03-05,approved,2023-03-05 11:24:02,2023,3,1,9,6,1,0,5,False,False,False,False,False,True,False,False,False,False,9.510156033801199
17a59a68-e3c3-4459-b530-6a1ad5db4cf3,00000000-0000-0000-0000-000000000001,51fd3682-4888-4a55-92f7-281307c67941,4736f247-39f8-400c-b9ea-519dfbb485f6,Logistics,Operational expense,38593.94,2023-10-29,pending,2023-10-29 10:57:38,2023,10,4,43,6,1,0,2,False,False,True,False,False,False,False,False,False,False,10.560876458777226
5938b7bb-e0d7-4ec6-950d-2b2bccde166f,00000000-0000-0000-0000-000000000001,a01b7f2a-d4d0-48bf-bb89-c1040f55587a,f0e9f4da-9ca0-492d-a21e-3f8a819f9184,Maintenance,Operational expense,6479.43,2022-05-24,approved,2022-05-24 08:25:11,2022,5,2,21,1,0,0,3,False,False,False,True,False,False,False,False,False,False,8.776542145169415
b5945c86-2fc3-407d-a6e0-561696ea19e3,00000000-0000-0000-0000-000000000003,9b1ac5ce-ad4f-40d1-8b7c-0005176b143d,8626b762-d8ef-4e32-8446-33cdac213522,Logistics,Operational expense,25459.52,2022-07-10,approved,2022-07-10 10:53:32,2022,7,3,27,6,1,0,2,False,False,True,False,False,False,False,False,False,False,10.144884296097642
b27029c2-8e3e-4249-99bd-3b9b384f1ea3,00000000-0000-0000-0000-000000000001,0eb66abb-0d5d-4e88-a3ff-16776e267d83,ea13a2c7-2a88-40f3-b073-4e507c524f18,Logistics,Operational expense,4162.27,2024-06-21,pending,2024-06-21 08:15:29,2024,6,2,25,4,0,0,2,False,False,True,False,False,False,False,False,False,False,8.334056102166072
44bc0c11-7580-419f-b3d4-d09a288f8be9,00000000-0000-0000-0000-000000000001,0eb66abb-0d5d-4e88-a3ff-16776e267d83,9a16d7d2-dc18-4141-a14f-3394de4b98bc,Logistics,Operational expense,30281.59,2022-03-15,approved,2022-03-15 16:27:49,2022,3,1,11,1,0,0,2,False,False,True,False,False,False,False,False,False,False,10.31832823890008
40be47e9-22a5-4cf5-883a-f99ecc2e5c62,00000000-0000-0000-0000-000000000002,b961632b-814f-4481-946b-17a792487aa7,e213801b-a706-48c3-9ba4-7db14d3912f3,Insurance,Operational expense,22553.6,2024-12-20,approved,2024-12-20 13:22:14,2024,12,4,51,4,0,0,1,False,True,False,False,False,False,False,False,False,False,10.023694315258282
7027d003-ec7d-4ff8-8671-84ac7767381f,00000000-0000-0000-0000-000000000003,7227b311-834f-4815-aa86-c5d464758be1,e452be79-f94b-4709-88bf-8f66053789c4,Insurance,Operational expense,851.66,2022-01-19,pending,2022-01-19 14:50:11,2022,1,1,3,2,0,0,1,False,True,False,False,False,False,False,False,False,False,6.748360874831825
a23a11da-4b95-4dc3-862e-395f5a5e455d,00000000-0000-0000-0000-000000000002,5f6c98b4-4360-41ee-83a3-efc700651a04,07274486-6344-4009-ae28-b9027a51f93f,Maintenance,Operational expense,30047.35,2022-03-05,approved,2022-03-05 12:31:03,2022,3,1,9,5,1,0,3,False,False,False,True,False,False,False,False,False,False,10.31056302996997
d58edac7-215e-4051-ace5-d59511d9b7a4,00000000-0000-0000-0000-000000000001,51fd3682-4888-4a55-92f7-281307c67941,aadd1a3f-3f20-499a-b950-51966ac9090c,Insurance,Operational expense,2017.38,2024-04-25,approved,2024-04-25 17:19:46,2024,4,2,17,3,0,0,1,False,True,False,False,False,False,False,False,False,False,7.610050488439071
262da3f9-89f6-45d7-8575-e7c09531a3c9,00000000-0000-0000-0000-000000000002,5f6c98b4-4360-41ee-83a3-efc700651a04,9d2a5f48-38f2-46be-b733-c1b9f1c891c4,Marketing,Operational expense,33556.5,2022-09-23,approved,2022-09-23 14:51:30,2022,9,3,38,4,0,0,4,False,False,False,False,True,False,False,False,False,False,10.421015664361791
0ecaf808-0638-4fd6-bc9f-a905a44fd318,00000000-0000-0000-0000-000000000001,a01b7f2a-d4d0-48bf-bb89-c1040f55587a,eaefa70d-63c2-4537-b86d-2205b826bb2e,Travel,Operational expense,11023.24,2023-05-19,approved,2023-05-19 10:34:55,2023,5,2,20,4,0,0,8,False,False,False,False,False,False,False,False,True,False,9.30785176369861
7d965349-9e59-4a1b-a23e-bb995fa81f6b,00000000-0000-0000-0000-000000000001,0eb66abb-0d5d-4e88-a3ff-16776e267d83,4736f247-39f8-400c-b9ea-519dfbb485f6,Office Supplies,Operational expense,22308.41,2022-06-03,pending,2022-06-03 14:32:11,2022,6,2,22,4,0,0,5,False,False,False,False,False,True,False,False,False,False,10.012763841536772
976eb3b3-f739-4925-990c-b2309114018f,00000000-0000-0000-0000-000000000001,51fd3682-4888-4a55-92f7-281307c67941,f17772cf-7a8e-4e04-aeef-8c148fe1a7e5,Travel,Operational expense,29646.33,2022-03-21,approved,2022-03-21 13:30:06,2022,3,1,12,0,0,0,8,False,False,False,False,False,False,False,False,True,False,10.297127349780855
dc07a51a-6004-48c8-990f-7e0ba9a3e7d8,00000000-0000-0000-0000-000000000001,51fd3682-4888-4a55-92f7-281307c67941,f0e9f4da-9ca0-492d-a21e-3f8a819f9184,IT & Software,Operational expense,39076.93,2024-08-02,pending,2024-08-02 17:12:46,2024,8,3,31,4,0,0,0,True,False,False,False,False,False,False,False,False,False,10.573313136483636
acfad71c-d3a8-4ac6-b2f4-ac8e1dbca4ce,00000000-0000-0000-0000-000000000003,9b1ac5ce-ad4f-40d1-8b7c-0005176b143d,3b9ffffd-ca39-4330-b08f-59cdb916323f,Maintenance,Operational expense,17048.95,2024-12-02,rejected,2024-12-02 14:13:26,2024,12,4,49,0,0,0,3,False,False,False,True,False,False,False,False,False,False,9.743902550156044
fcca1e6f-4315-46ce-b0e1-5c6629e0eea2,00000000-0000-0000-0000-000000000002,b961632b-814f-4481-946b-17a792487aa7,07274486-6344-4009-ae28-b9027a51f93f,IT & Software,Operational expense,10848.8,2024-12-09,pending,2024-12-09 17:03:08,2024,12,4,50,0,0,0,0,True,False,False,False,False,False,False,False,False,False,9.291901925618989
2ac13c28-c5fd-49bc-8ac3-eb419f429a3e,00000000-0000-0000-0000-000000000001,0eb66abb-0d5d-4e88-a3ff-16776e267d83,9a16d7d2-dc18-4141-a14f-3394de4b98bc,Insurance,Operational expense,19817.77,2024-04-23,approved,2024-04-23 16:02:26,2024,4,2,17,1,0,0,1,False,True,False,False,False,False,False,False,False,False,9.894384747431529
f03fbd91-94d3-4e5c-9536-0784d718a561,00000000-0000-0000-0000-000000000002,587616fd-ba60-493e-ba92-b68a61b5cdce,2afe7cda-5682-4c01-a59f-5f13090047f6,IT & Software,Operational expense,48520.89,2022-04-28,approved,2022-04-28 11:56:34,2022,4,2,17,3,0,0,0,True,False,False,False,False,False,False,False,False,False,10.789770315308406
517ed1bf-61e2-4f71-ae78-2d4d03cec20a,00000000-0000-0000-0000-000000000002,5f6c98b4-4360-41ee-83a3-efc700651a04,c75c1d53-938d-4640-b118-e5ada06ce255,Travel,Operational expense,29992.58,2023-01-03,approved,2023-01-03 16:30:25,2023,1,1,1,1,0,0,8,False,False,False,False,False,False,False,False,True,False,10.308738637743025
618cfcd9-1146-4412-b455-6fbc05842cbf,00000000-0000-0000-0000-000000000001,51fd3682-4888-4a55-92f7-281307c67941,4736f247-39f8-400c-b9ea-519dfbb485f6,Marketing,Operational expense,42526.2,2023-09-14,approved,2023-09-14 13:58:19,2023,9,3,37,3,0,0,4,False,False,False,False,True,False,False,False,False,False,10.657899150199848
13ae3895-f8b3-4cbe-8857-e501b70d67ac,00000000-0000-0000-0000-000000000002,b961632b-814f-4481-946b-17a792487aa7,f72410dd-3260-4ece-a477-1ae69ac1e84e,Office Supplies,Operational expense,2045.86,2022-07-02,approved,2022-07-02 10:47:03,2022,7,3,26,5,1,0,5,False,False,False,False,False,True,False,False,False,False,7.624062190552491
811e3209-9d0f-4ad0-a9bb-9cde816e4136,00000000-0000-0000-0000-000000000002,587616fd-ba60-493e-ba92-b68a61b5cdce,bcde24c7-84f3-4459-afee-eba83339896c,Logistics,Operational expense,8699.66,2023-01-28,approved,2023-01-28 12:35:48,2023,1,1,4,5,1,0,2,False,False,True,False,False,False,False,False,False,False,9.07115416383426
507fc920-66d4-4252-9e97-9286822541e6,00000000-0000-0000-0000-000000000001,51fd3682-4888-4a55-92f7-281307c67941,f0e9f4da-9ca0-492d-a21e-3f8a819f9184,Logistics,Operational expense,9369.4,2024-01-24,approved,2024-01-24 12:19:17,2024,1,1,4,2,0,0,2,False,False,True,False,False,False,False,False,False,False,9.145311063755665
59525b3e-49e4-4588-ab73-fbb9637e661a,00000000-0000-0000-0000-000000000002,5f6c98b4-4360-41ee-83a3-efc700651a04,07274486-6344-4009-ae28-b9027a51f93f,Logistics,Operational expense,752.01,2024-12-07,approved,2024-12-07 10:55:53,2024,12,4,49,5,1,0,2,False,False,True,False,False,False,False,False,False,False,6.624078507924196
66c34dad-d238-4469-8021-866b4b76debe,00000000-0000-0000-0000-000000000001,51fd3682-4888-4a55-92f7-281307c67941,f17772cf-7a8e-4e04-aeef-8c148fe1a7e5,Office Supplies,Operational expense,16352.54,2024-05-12,approved,2024-05-12 09:29:17,2024,5,2,19,6,1,0,5,False,False,False,False,False,True,False,False,False,False,9.702199666651145
a9f631a6-3fdf-4a0c-b1f7-3c0cd168565f,00000000-0000-0000-0000-000000000003,7227b311-834f-4815-aa86-c5d464758be1,33baaf1c-3618-44b5-b42a-4673992689f8,Travel,Operational expense,29515.25,2022-05-07,approved,2022-05-07 08:19:36,2022,5,2,18,5,1,0,8,False,False,False,False,False,False,False,False,True,False,10.292696238124769
9804671a-bdf6-4872-abab-1fea165993ae,00000000-0000-0000-0000-000000000003,9b1ac5ce-ad4f-40d1-8b7c-0005176b143d,9dd0c56d-a9cf-4c8d-a998-9df89eb48a85,Maintenance,Operational expense,6152.79,2024-02-28,approved,2024-02-28 16:38:11,2024,2,1,9,2,0,0,3,False,False,False,True,False,False,False,False,False,False,8.72482343115285
5cfc918a-9bee-40f2-bf1c-d81b0cf7fb99,00000000-0000-0000-0000-000000000001,51fd3682-4888-4a55-92f7-281307c67941,aadd1a3f-3f20-499a-b950-51966ac9090c,Maintenance,Operational expense,24372.32,2024-12-08,pending,2024-12-08 14:40:00,2024,12,4,49,6,1,0,3,False,False,False,True,False,False,False,False,False,False,10.10124437041382
81324438-9331-4ede-8728-3d9a8bcdc018,00000000-0000-0000-0000-000000000001,a01b7f2a-d4d0-48bf-bb89-c1040f55587a,ea13a2c7-2a88-40f3-b073-4e507c524f18,Insurance,Operational expense,10482.75,2024-05-17,approved,2024-05-17 11:55:44,2024,5,2,20,4,0,0,1,False,True,False,False,False,False,False,False,False,False,9.25758171829862
e6663272-676e-4dc7-b42d-2489556802b7,00000000-0000-0000-0000-000000000003,7227b311-834f-4815-aa86-c5d464758be1,045901bc-3a1a-4a0b-bd8b-876c218464f4,IT & Software,Operational expense,43683.85,2022-09-05,pending,2022-09-05 10:33:25,2022,9,3,36,0,0,0,0,True,False,False,False,False,False,False,False,False,False,10.684756639053415
1e50db7c-f74f-4c75-a7a3-700895b5589c,00000000-0000-0000-0000-000000000001,51fd3682-4888-4a55-92f7-281307c67941,f577e0e3-284e-4c71-8d16-74f51d0fe305,Travel,Operational expense,47422.77,2023-06-26,approved,2023-06-26 16:23:50,2023,6,2,26,0,0,0,8,False,False,False,False,False,False,False,False,True,False,10.76687885877895
b8e39c50-f9a2-4aed-a22a-960630e1cb38,00000000-0000-0000-0000-000000000001,51fd3682-4888-4a55-92f7-281307c67941,f17772cf-7a8e-4e04-aeef-8c148fe1a7e5,Maintenance,Operational expense,34911.04,2024-09-19,approved,2024-09-19 09:48:33,2024,9,3,38,3,0,0,3,False,False,False,True,False,False,False,False,False,False,10.460587034369997
e9e6db35-a50e-4832-b8e1-8eecc8cccb71,00000000-0000-0000-0000-000000000003,7227b311-834f-4815-aa86-c5d464758be1,74245d66-8df4-4678-b1e9-76d5e231caff,Office Supplies,Operational expense,21943.19,2022-08-15,approved,2022-08-15 15:56:22,2022,8,3,33,0,0,0,5,False,False,False,False,False,True,False,False,False,False,9.996257690983164
e72214a3-ed23-454e-a8d7-536ab764a6c9,00000000-0000-0000-0000-000000000003,7227b311-834f-4815-aa86-c5d464758be1,e452be79-f94b-4709-88bf-8f66053789c4,Maintenance,Operational expense,40007.16,2024-12-11,approved,2024-12-11 15:00:44,2024,12,4,50,2,0,0,3,False,False,False,True,False,False,False,False,False,False,10.596838712290904
6ab05000-3281-4b51-8898-fd30b04b613d,00000000-0000-0000-0000-000000000002,587616fd-ba60-493e-ba92-b68a61b5cdce,9d2a5f48-38f2-46be-b733-c1b9f1c891c4,Travel,Operational expense,36111.34,2022-05-01,pending,2022-05-01 18:26:32,2022,5,2,17,6,1,0,8,False,False,False,False,False,False,False,False,True,False,10.494389914165852
484b76d3-2112-4a3c-b186-91585ee7cf72,00000000-0000-0000-0000-000000000002,b961632b-814f-4481-946b-17a792487aa7,6708a3ae-03ac-432d-8065-25bbf8f3a753,Logistics,Operational expense,22699.04,2022-02-08,approved,2022-02-08 18:33:35,2022,2,1,6,1,0,0,2,False,False,True,False,False,False,False,False,False,False,10.03012196558248
bdd0641c-2d76-41b6-8696-df9012695875,00000000-0000-0000-0000-000000000002,5f6c98b4-4360-41ee-83a3-efc700651a04,e213801b-a706-48c3-9ba4-7db14d3912f3,Logistics,Operational expense,42606.18,2022-06-02,rejected,2022-06-02 17:53:07,2022,6,2,22,3,0,0,2,False,False,True,False,False,False,False,False,False,False,10.659778062656356
95f2d068-2ece-48e1-b3c5-1cc3bf09c324,00000000-0000-0000-0000-000000000002,587616fd-ba60-493e-ba92-b68a61b5cdce,81c496fc-1d35-4405-9a7d-ae0a15104d5b,Office Supplies,Operational expense,38998.05,2024-10-02,approved,2024-10-02 14:28:09,2024,10,4,40,2,0,0,5,False,False,False,False,False,True,False,False,False,False,10.57129256584074
cd714d48-0cc4-41ca-8284-b5fde6074878,00000000-0000-0000-0000-000000000003,470852ed-b70b-4f24-879a-6edb4193d8b6,29998a31-9af5-4c58-9bfe-cde4f9a96969,Marketing,Operational expense,22272.57,2022-12-23,approved,2022-12-23 11:02:21,2022,12,4,51,4,0,0,4,False,False,False,False,True,False,False,False,False,False,10.011156052747396
22ed1645-5856-4a94-84bd-83fcc7157976,00000000-0000-0000-0000-000000000001,0eb66abb-0d5d-4e88-a3ff-16776e267d83,eaefa70d-63c2-4537-b86d-2205b826bb2e,Maintenance,Operational expense,4465.22,2024-09-26,approved,2024-09-26 18:43:33,2024,9,3,39,3,0,0,3,False,False,False,True,False,False,False,False,False,False,8.40429769227056
73b9401d-de67-45a2-8695-d00f129297a2,00000000-0000-0000-0000-000000000003,470852ed-b70b-4f24-879a-6edb4193d8b6,3b9ffffd-ca39-4330-b08f-59cdb916323f,Travel,Operational expense,13845.18,2022-12-27,approved,2022-12-27 09:14:07,2022,12,4,52,1,0,0,8,False,False,False,False,False,False,False,False,True,False,9.535764661297916
dca20523-d628-49dc-a259-8556962731e6,00000000-0000-0000-0000-000000000003,9b1ac5ce-ad4f-40d1-8b7c-0005176b143d,8626b762-d8ef-4e32-8446-33cdac213522,Logistics,Operational expense,3028.0,2023-03-26,pending,2023-03-26 18:00:18,2023,3,1,12,6,1,0,2,False,False,True,False,False,False,False,False,False,False,8.015987811027237
62de209e-ad25-4cd9-ae1c-c82d36c1be17,00000000-0000-0000-0000-000000000002,587616fd-ba60-493e-ba92-b68a61b5cdce,517d046e-f5e7-4244-8dab-e8995b9bfdc4,Maintenance,Operational expense,21878.54,2022-08-07,approved,2022-08-07 12:04:25,2022,8,3,31,6,1,0,3,False,False,False,True,False,False,False,False,False,False,9.993307232548919
9fb7979a-3ccc-41dc-b267-667deda272c2,00000000-0000-0000-0000-000000000002,b961632b-814f-4481-946b-17a792487aa7,bcde24c7-84f3-4459-afee-eba83339896c,Marketing,Operational expense,5700.95,2022-03-08,approved,2022-03-08 12:20:32,2022,3,1,10,1,0,0,4,False,False,False,False,True,False,False,False,False,False,8.648563500581137
95003cec-740a-480f-aba9-082eb8cc135c,00000000-0000-0000-0000-000000000002,5f6c98b4-4360-41ee-83a3-efc700651a04,6708a3ae-03ac-432d-8065-25bbf8f3a753,Maintenance,Operational expense,12400.82,2023-02-28,approved,2023-02-28 15:18:49,2023,2,1,9,1,0,1,3,False,False,False,True,False,False,False,False,False,False,9.425598515016398
96a2562a-77c4-4f55-a824-e1d3c0233b70,00000000-0000-0000-0000-000000000003,9b1ac5ce-ad4f-40d1-8b7c-0005176b143d,74245d66-8df4-4678-b1e9-76d5e231caff,Marketing,Operational expense,5447.96,2022-05-21,approved,2022-05-21 16:27:48,2022,5,2,20,5,1,0,4,False,False,False,False,True,False,False,False,False,False,8.603180043759679
ac7fb49c-44d5-4fff-a632-ca021d39c64a,00000000-0000-0000-0000-000000000003,9b1ac5ce-ad4f-40d1-8b7c-0005176b143d,79c1732a-a6d1-4565-b515-c59de4dbdfe5,Office Supplies,Operational expense,14370.94,2022-05-09,approved,2022-05-09 10:52:00,2022,5,2,19,0,0,0,5,False,False,False,False,False,True,False,False,False,False,9.573032973440393
df24eb70-ed94-472d-a1f0-71cc79e6aaf6,00000000-0000-0000-0000-000000000003,9b1ac5ce-ad4f-40d1-8b7c-0005176b143d,33baaf1c-3618-44b5-b42a-4673992689f8,Marketing,Operational expense,31336.6,2024-10-14,approved,2024-10-14 12:05:44,2024,10,4,42,0,0,0,4,False,False,False,False,True,False,False,False,False,False,10.352573933526475
cb63a3b7-cfd5-49a0-bc3d-b3b482ca3e75,00000000-0000-0000-0000-000000000001,0eb66abb-0d5d-4e88-a3ff-16776e267d83,9a16d7d2-dc18-4141-a14f-3394de4b98bc,Logistics,Operational expense,19962.62,2023-09-21,approved,2023-09-21 13:53:30,2023,9,3,38,3,0,0,2,False,False,True,False,False,False,False,False,False,False,9.901666896146676
6bff7958-0089-44c7-a64b-ca18509d95f5,00000000-0000-0000-0000-000000000001,0eb66abb-0d5d-4e88-a3ff-16776e267d83,ea13a2c7-2a88-40f3-b073-4e507c524f18,Travel,Operational expense,10791.78,2022-10-12,approved,2022-10-12 14:42:36,2022,10,4,41,2,0,0,8,False,False,False,False,False,False,False,False,True,False,9.286632671035647
90034f89-9360-48f4-8d40-d4b3010c81ab,00000000-0000-0000-0000-000000000001,a01b7f2a-d4d0-48bf-bb89-c1040f55587a,3f0519f3-383c-48a1-8609-f4b51fd5ecd4,Marketing,Operational expense,14008.91,2023-06-30,rejected,2023-06-30 15:00:52,2023,6,2,26,4,0,1,4,False,False,False,False,True,False,False,False,False,False,9.54752021532755
698c9237-1467-4dfa-a438-09b0dc7575a1,00000000-0000-0000-0000-000000000003,9b1ac5ce-ad4f-40d1-8b7c-0005176b143d,355d120a-98dd-4393-a62e-df5f4b8a455b,Marketing,Operational expense,37622.06,2022-05-21,approved,2022-05-21 14:23:44,2022,5,2,20,5,1,0,4,False,False,False,False,True,False,False,False,False,False,10.535372439260044
93538664-3229-4421-ad9c-55494fac67b7,00000000-0000-0000-0000-000000000003,9b1ac5ce-ad4f-40d1-8b7c-0005176b143d,e452be79-f94b-4709-88bf-8f66053789c4,Marketing,Operational expense,34042.0,2023-05-05,pending,2023-05-05 17:31:40,2023,5,2,18,4,0,0,4,False,False,False,False,True,False,False,False,False,False,10.43537971041382
e7c15144-086b-4e7f-bf55-a73811e097ce,00000000-0000-0000-0000-000000000001,0eb66abb-0d5d-4e88-a3ff-16776e267d83,eaefa70d-63c2-4537-b86d-2205b826bb2e,Office Supplies,Operational expense,30759.13,2024-11-04,approved,2024-11-04 10:54:13,2024,11,4,45,0,0,0,5,False,False,False,False,False,True,False,False,False,False,10.33397464987853
a833fab5-2ea5-4e9d-8487-a4e8792a5629,00000000-0000-0000-0000-000000000003,470852ed-b70b-4f24-879a-6edb4193d8b6,3b9ffffd-ca39-4330-b08f-59cdb916323f,IT & Software,Operational expense,17882.33,2022-06-15,approved,2022-06-15 18:51:48,2022,6,2,24,2,0,0,0,True,False,False,False,False,False,False,False,False,False,9.791624272997428
41455f6c-c71e-4412-b00a-cd3dc4c26779,00000000-0000-0000-0000-000000000001,0eb66abb-0d5d-4e88-a3ff-16776e267d83,4736f247-39f8-400c-b9ea-519dfbb485f6,IT & Software,Operational expense,14687.45,2022-12-07,approved,2022-12-07 10:52:59,2022,12,4,49,2,0,0,0,True,False,False,False,False,False,False,False,False,False,9.594816749645863
1208fff4-0b77-45f3-9693-d78a6f9824f0,00000000-0000-0000-0000-000000000001,0eb66abb-0d5d-4e88-a3ff-16776e267d83,5a96b78c-2c6b-4aaa-88b5-7c7485705113,Insurance,Operational expense,38304.11,2023-03-08,approved,2023-03-08 15:02:59,2023,3,1,10,2,0,0,1,False,True,False,False,False,False,False,False,False,False,10.553338586634567
90677503-96cd-46ed-87bf-dee685040cd7,00000000-0000-0000-0000-000000000003,9b1ac5ce-ad4f-40d1-8b7c-0005176b143d,3b9ffffd-ca39-4330-b08f-59cdb916323f,IT & Software,Operational expense,11354.6,2023-06-26,pending,2023-06-26 09:37:57,2023,6,2,26,0,0,0,0,True,False,False,False,False,False,False,False,False,False,9.337466293302187
10ec2d5a-8f5a-4635-830b-98e54ad54e8d,00000000-0000-0000-0000-000000000002,b961632b-814f-4481-946b-17a792487aa7,bcde24c7-84f3-4459-afee-eba83339896c,Logistics,Operational expense,49153.5,2022-10-01,approved,2022-10-01 14:26:40,2022,10,4,39,5,1,0,2,False,False,True,False,False,False,False,False,False,False,10.802723677844092
3c2dcc95-702b-4637-92ee-9f7df821689d,00000000-0000-0000-0000-000000000002,5f6c98b4-4360-41ee-83a3-efc700651a04,07274486-6344-4009-ae28-b9027a51f93f,Maintenance,Operational expense,7192.07,2024-11-23,approved,2024-11-23 12:42:19,2024,11,4,47,5,1,0,3,False,False,False,True,False,False,False,False,False,False,8.880873341503586
608ceefb-849b-470f-876e-d6e16a7eb61e,00000000-0000-0000-0000-000000000003,9b1ac5ce-ad4f-40d1-8b7c-0005176b143d,045901bc-3a1a-4a0b-bd8b-876c218464f4,IT & Software,Operational expense,41339.32,2022-08-13,rejected,2022-08-13 18:43:06,2022,8,3,32,5,1,0,0,True,False,False,False,False,False,False,False,False,False,10.629593573892786
ff209796-f169-4608-b7a4-cd7174cff2db,00000000-0000-0000-0000-000000000003,9b1ac5ce-ad4f-40d1-8b7c-0005176b143d,33baaf1c-3618-44b5-b42a-4673992689f8,Office Supplies,Operational expense,30668.94,2024-02-05,pending,2024-02-05 09:27:23,2024,2,1,6,0,0,0,5,False,False,False,False,False,True,False,False,False,False,10.331038300797287
3c2f0c0e-a0fe-45c2-94bd-2701dc4052bb,00000000-0000-0000-0000-000000000003,470852ed-b70b-4f24-879a-6edb4193d8b6,33baaf1c-3618-44b5-b42a-4673992689f8,Travel,Operational expense,40678.16,2022-11-04,pending,2022-11-04 18:19:32,2022,11,4,44,4,0,0,8,False,False,False,False,False,False,False,False,True,False,10.613471200981753
7a2993d6-d797-44a6-8559-68151e41cf17,00000000-0000-0000-0000-000000000003,7227b311-834f-4815-aa86-c5d464758be1,29998a31-9af5-4c58-9bfe-cde4f9a96969,Travel,Operational expense,26353.04,2024-12-02,approved,2024-12-02 12:51:55,2024,12,4,49,0,0,0,8,False,False,False,False,False,False,False,False,True,False,10.179376862900206
d98d5589-44c1-4e7d-88c5-0902f290e30f,00000000-0000-0000-0000-000000000001,51fd3682-4888-4a55-92f7-281307c67941,f17772cf-7a8e-4e04-aeef-8c148fe1a7e5,Insurance,Operational expense,35565.97,2022-08-09,rejected,2022-08-09 15:49:33,2022,8,3,32,1,0,0,1,False,True,False,False,False,False,False,False,False,False,10.479172677170185
0f6f3064-1ad0-4076-9edc-71104dad5952,00000000-0000-0000-0000-000000000003,7227b311-834f-4815-aa86-c5d464758be1,29998a31-9af5-4c58-9bfe-cde4f9a96969,Travel,Operational expense,13244.56,2024-02-26,approved,2024-02-26 15:58:24,2024,2,1,9,0,0,0,8,False,False,False,False,False,False,False,False,True,False,9.491417680918092
f56339af-7b76-4800-9092-5cba0a610d84,00000000-0000-0000-0000-000000000002,b961632b-814f-4481-946b-17a792487aa7,517d046e-f5e7-4244-8dab-e8995b9bfdc4,Insurance,Operational expense,2626.78,2022-10-05,approved,2022-10-05 10:14:37,2022,10,4,40,2,0,0,1,False,True,False,False,False,False,False,False,False,False,7.873894662249464
129fc035-ee6b-4236-aa09-99d5b9b61b91,00000000-0000-0000-0000-000000000001,0eb66abb-0d5d-4e88-a3ff-16776e267d83,eaefa70d-63c2-4537-b86d-2205b826bb2e,Marketing,Operational expense,44495.35,2024-08-15,approved,2024-08-15 17:18:42,2024,8,3,33,3,0,0,4,False,False,False,False,True,False,False,False,False,False,10.703162442318394
6af8b205-76a2-4df1-9158-ddd233fe4edc,00000000-0000-0000-0000-000000000001,51fd3682-4888-4a55-92f7-281307c67941,163b0e08-1801-4ae5-af8c-f287fbcdff7c,Insurance,Operational expense,12789.03,2022-10-08,approved,2022-10-08 18:59:16,2022,10,4,40,5,1,0,1,False,True,False,False,False,False,False,False,False,False,9.456421240152624
8f02e0d4-4a28-4782-93ac-5537d4f6b8a5,00000000-0000-0000-0000-000000000002,5f6c98b4-4360-41ee-83a3-efc700651a04,2afe7cda-5682-4c01-a59f-5f13090047f6,Insurance,Operational expense,26114.6,2022-07-26,approved,2022-07-26 18:05:26,2022,7,3,30,1,0,0,1,False,True,False,False,False,False,False,False,False,False,10.170288115908022
6509473a-8db2-445e-8bc1-86adaae0f3d3,00000000-0000-0000-0000-000000000002,b961632b-814f-4481-946b-17a792487aa7,7f514159-0b19-4321-a308-daec53995d5a,Insurance,Operational expense,3735.54,2024-05-05,approved,2024-05-05 12:19:28,2024,5,2,18,6,1,0,1,False,True,False,False,False,False,False,False,False,False,8.22591532851845
0e284bad-af13-410c-9fd5-8c031aee6029,00000000-0000-0000-0000-000000000002,b961632b-814f-4481-946b-17a792487aa7,bcde24c7-84f3-4459-afee-eba83339896c,IT & Software,Operational expense,20884.44,2022-07-10,approved,2022-07-10 16:30:24,2022,7,3,27,6,1,0,0,True,False,False,False,False,False,False,False,False,False,9.946807544461329
21e7d06a-6e25-46ad-b218-dd540e8acd0c,00000000-0000-0000-0000-000000000001,0eb66abb-0d5d-4e88-a3ff-16776e267d83,eaefa70d-63c2-4537-b86d-2205b826bb2e,Marketing,Operational expense,48518.73,2022-07-03,approved,2022-07-03 13:11:53,2022,7,3,26,6,1,0,4,False,False,False,False,True,False,False,False,False,False,10.789725798326922
de038610-f8ec-4d1c-8b2b-421a119aef1a,00000000-0000-0000-0000-000000000002,5f6c98b4-4360-41ee-83a3-efc700651a04,81c496fc-1d35-4405-9a7d-ae0a15104d5b,IT & Software,Operational expense,39805.29,2023-07-13,approved,2023-07-13 09:03:22,2023,7,3,28,3,0,0,0,True,False,False,False,False,False,False,False,False,False,10.591780218986496
85aa05d2-493e-4ab5-8833-2198aa41cc45,00000000-0000-0000-0000-000000000001,a01b7f2a-d4d0-48bf-bb89-c1040f55587a,5a96b78c-2c6b-4aaa-88b5-7c7485705113,Maintenance,Operational expense,7020.16,2023-10-07,pending,2023-10-07 14:14:48,2023,10,4,40,5,1,0,3,False,False,False,True,False,False,False,False,False,False,8.856683725534117
23ad68a5-32c1-4f3c-bd86-11700ce6f099,00000000-0000-0000-0000-000000000001,0eb66abb-0d5d-4e88-a3ff-16776e267d83,9a16d7d2-dc18-4141-a14f-3394de4b98bc,IT & Software,Operational expense,18375.9,2023-08-21,approved,2023-08-21 13:14:24,2023,8,3,34,0,0,0,0,True,False,False,False,False,False,False,False,False,False,9.81884972009603
c059f663-0345-47fa-8387-41610d61a9a9,00000000-0000-0000-0000-000000000002,587616fd-ba60-493e-ba92-b68a61b5cdce,09cd08c0-c83a-42f5-96cc-b9c13c2aa7e4,Logistics,Operational expense,3235.98,2024-12-22,approved,2024-12-22 17:59:20,2024,12,4,51,6,1,0,2,False,False,True,False,False,False,False,False,False,False,8.082396075346761
a37e361b-3bde-4c2b-ae43-08c4ca672cd6,00000000-0000-0000-0000-000000000001,0eb66abb-0d5d-4e88-a3ff-16776e267d83,ea13a2c7-2a88-40f3-b073-4e507c524f18,Logistics,Operational expense,19305.83,2022-05-06,rejected,2022-05-06 09:02:55,2022,5,2,18,4,0,0,2,False,False,True,False,False,False,False,False,False,False,9.868214198300455
328bd1b6-32ca-4bca-9459-e21783b8199e,00000000-0000-0000-0000-000000000003,9b1ac5ce-ad4f-40d1-8b7c-0005176b143d,33baaf1c-3618-44b5-b42a-4673992689f8,Marketing,Operational expense,4345.44,2022-10-14,approved,2022-10-14 09:58:45,2022,10,4,41,4,0,0,4,False,False,False,False,True,False,False,False,False,False,8.377112398213557
0e7f0de5-77e5-40d9-8d3a-3354186774e8,00000000-0000-0000-0000-000000000002,5f6c98b4-4360-41ee-83a3-efc700651a04,c75c1d53-938d-4640-b118-e5ada06ce255,Logistics,Operational expense,32217.37,2024-07-13,approved,2024-07-13 08:33:22,2024,7,3,28,5,1,0,2,False,False,True,False,False,False,False,False,False,False,10.380292065755423
451d74a0-42ec-4f42-b6cd-48ab95ae2735,00000000-0000-0000-0000-000000000001,a01b7f2a-d4d0-48bf-bb89-c1040f55587a,f0e9f4da-9ca0-492d-a21e-3f8a819f9184,IT & Software,Operational expense,9815.38,2023-08-30,approved,2023-08-30 15:30:38,2023,8,3,35,2,0,0,0,True,False,False,False,False,False,False,False,False,False,9.191807697947883
255a48f7-502a-43bd-8519-b97e963e9372,00000000-0000-0000-0000-000000000003,9b1ac5ce-ad4f-40d1-8b7c-0005176b143d,045901bc-3a1a-4a0b-bd8b-876c218464f4,Travel,Operational expense,2468.66,2022-02-19,approved,2022-02-19 08:20:28,2022,2,1,7,5,1,0,8,False,False,False,False,False,False,False,False,True,False,7.811835768325279
d22f1e7d-2100-41c4-aecb-8820d5c015cb,00000000-0000-0000-0000-000000000003,470852ed-b70b-4f24-879a-6edb4193d8b6,61d2418d-6936-4075-a481-1d994952d89b,Logistics,Operational expense,15178.66,2024-01-10,pending,2024-01-10 08:48:54,2024,1,1,2,2,0,0,2,False,False,True,False,False,False,False,False,False,False,9.627711652806822
b6a63468-3c7e-4990-805d-dde5aaa70d05,00000000-0000-0000-0000-000000000002,587616fd-ba60-493e-ba92-b68a61b5cdce,f72410dd-3260-4ece-a477-1ae69ac1e84e,Office Supplies,Operational expense,33837.47,2023-08-21,approved,2023-08-21 10:23:35,2023,8,3,34,0,0,0,5,False,False,False,False,False,True,False,False,False,False,10.429353599932075
9d307914-d986-4bdf-b2dd-ecad795b1db0,00000000-0000-0000-0000-000000000002,5f6c98b4-4360-41ee-83a3-efc700651a04,2afe7cda-5682-4c01-a59f-5f13090047f6,Logistics,Operational expense,21229.88,2023-04-24,approved,2023-04-24 13:21:45,2023,4,2,17,0,0,0,2,False,False,True,False,False,False,False,False,False,False,9.963212004615444
094640ea-0b01-4ab3-8160-b242a0a3fb05,00000000-0000-0000-0000-000000000003,470852ed-b70b-4f24-879a-6edb4193d8b6,1db94196-443a-440f-ad7e-c4422bb047e3,Insurance,Operational expense,35024.0,2024-02-26,approved,2024-02-26 14:02:30,2024,2,1,9,0,0,0,1,False,True,False,False,False,False,False,False,False,False,10.463817371205208
273c0a2c-a385-4f57-acae-67bf546f4aac,00000000-0000-0000-0000-000000000001,51fd3682-4888-4a55-92f7-281307c67941,5a96b78c-2c6b-4aaa-88b5-7c7485705113,Logistics,Operational expense,28603.5,2022-11-04,approved,2022-11-04 09:41:18,2022,11,4,44,4,0,0,2,False,False,True,False,False,False,False,False,False,False,10.261319327088229
656ff1fd-805c-4899-b0b2-85095b9931af,00000000-0000-0000-0000-000000000003,7227b311-834f-4815-aa86-c5d464758be1,61d2418d-6936-4075-a481-1d994952d89b,Insurance,Operational expense,31454.72,2022-12-10,approved,2022-12-10 12:49:01,2022,12,4,49,5,1,0,1,False,True,False,False,False,False,False,False,False,False,10.356336121584794
1d244f37-82c0-4bb0-8720-1a3b4d1d18b8,00000000-0000-0000-0000-000000000003,9b1ac5ce-ad4f-40d1-8b7c-0005176b143d,29998a31-9af5-4c58-9bfe-cde4f9a96969,Insurance,Operational expense,49599.72,2023-04-18,pending,2023-04-18 08:08:18,2023,4,2,16,1,0,0,1,False,True,False,False,False,False,False,False,False,False,10.811760628736693
76c4709c-44ca-4057-b980-7ab97cc148d4,00000000-0000-0000-0000-000000000003,9b1ac5ce-ad4f-40d1-8b7c-0005176b143d,74245d66-8df4-4678-b1e9-76d5e231caff,Logistics,Operational expense,3264.37,2022-06-20,approved,2022-06-20 09:32:22,2022,6,2,25,0,0,0,2,False,False,True,False,False,False,False,False,False,False,8.091128358413995
e305e6f1-a225-4bf4-97bb-ff12c8b9369c,00000000-0000-0000-0000-000000000001,a01b7f2a-d4d0-48bf-bb89-c1040f55587a,f0e9f4da-9ca0-492d-a21e-3f8a819f9184,IT & Software,Operational expense,48613.81,2022-11-26,approved,2022-11-26 15:58:26,2022,11,4,47,5,1,0,0,True,False,False,False,False,False,False,False,False,False,10.791683495977352
888b1630-ac2c-413e-908d-002b187a7470,00000000-0000-0000-0000-000000000003,470852ed-b70b-4f24-879a-6edb4193d8b6,33baaf1c-3618-44b5-b42a-4673992689f8,Marketing,Operational expense,16781.13,2024-08-10,pending,2024-08-10 15:16:29,2024,8,3,32,5,1,0,4,False,False,False,False,True,False,False,False,False,False,9.728069908794959
21f86bb4-8d47-4ff5-ba4b-31df3f9b39e2,00000000-0000-0000-0000-000000000001,0eb66abb-0d5d-4e88-a3ff-16776e267d83,eaefa70d-63c2-4537-b86d-2205b826bb2e,Travel,Operational expense,1100.01,2023-10-05,approved,2023-10-05 14:27:57,2023,10,4,40,3,0,0,8,False,False,False,False,False,False,False,False,True,False,7.003983219333567
63dd1e9c-8369-4db6-aecf-5e50064c9bf5,00000000-0000-0000-0000-000000000002,b961632b-814f-4481-946b-17a792487aa7,07274486-6344-4009-ae28-b9027a51f93f,Insurance,Operational expense,20915.35,2024-06-19,approved,2024-06-19 18:13:17,2024,6,2,25,2,0,0,1,False,True,False,False,False,False,False,False,False,False,9.948286428769087
ff74e759-27be-4c53-994b-34745df171a3,00000000-0000-0000-0000-000000000003,470852ed-b70b-4f24-879a-6edb4193d8b6,8626b762-d8ef-4e32-8446-33cdac213522,IT & Software,Operational expense,3836.99,2024-03-14,approved,2024-03-14 15:52:11,2024,3,1,11,3,0,0,0,True,False,False,False,False,False,False,False,False,False,8.25270407104054
3e130267-bd07-4664-86d5-a056c9ae6a24,00000000-0000-0000-0000-000000000003,470852ed-b70b-4f24-879a-6edb4193d8b6,8626b762-d8ef-4e32-8446-33cdac213522,Office Supplies,Operational expense,10550.05,2022-12-20,approved,2022-12-20 10:45:22,2022,12,4,51,1,0,0,5,False,False,False,False,False,True,False,False,False,False,9.263980660018174
22e0312f-a07a-49f8-a9a6-54a591a0a20d,00000000-0000-0000-0000-000000000001,a01b7f2a-d4d0-48bf-bb89-c1040f55587a,7760d86e-b342-473c-8c64-b55d64aa491a,Insurance,Operational expense,4397.01,2023-12-07,approved,2023-12-07 09:47:21,2023,12,4,49,3,0,0,1,False,True,False,False,False,False,False,False,False,False,8.388907444872922
f408b802-10e6-4d18-9330-c232f7e58fed,00000000-0000-0000-0000-000000000003,9b1ac5ce-ad4f-40d1-8b7c-0005176b143d,8626b762-d8ef-4e32-8446-33cdac213522,Office Supplies,Operational expense,5237.23,2024-09-19,approved,2024-09-19 15:46:00,2024,9,3,38,3,0,0,5,False,False,False,False,False,True,False,False,False,False,8.563738933992918
a8f30aa3-30bd-4d9d-993a-ee12e753307b,00000000-0000-0000-0000-000000000003,470852ed-b70b-4f24-879a-6edb4193d8b6,9dd0c56d-a9cf-4c8d-a998-9df89eb48a85,IT & Software,Operational expense,48232.45,2023-11-19,rejected,2023-11-19 11:47:35,2023,11,4,46,6,1,0,0,True,False,False,False,False,False,False,False,False,False,10.783808042746053
90f0e978-1fd8-444d-b9f4-592aa14fe749,00000000-0000-0000-0000-000000000001,51fd3682-4888-4a55-92f7-281307c67941,aadd1a3f-3f20-499a-b950-51966ac9090c,Office Supplies,Operational expense,42579.33,2024-10-03,approved,2024-10-03 12:23:22,2024,10,4,40,3,0,0,5,False,False,False,False,False,True,False,False,False,False,10.659147688534864
271eed86-5866-41de-af17-394f2e70d8fe,00000000-0000-0000-0000-000000000003,7227b311-834f-4815-aa86-c5d464758be1,74245d66-8df4-4678-b1e9-76d5e231caff,Office Supplies,Operational expense,24134.92,2023-05-13,approved,2023-05-13 16:20:14,2023,5,2,19,5,1,0,5,False,False,False,False,False,True,False,False,False,False,10.091456466282525
fd8e2bfe-6707-46e9-8724-64d0b372c8dc,00000000-0000-0000-0000-000000000001,a01b7f2a-d4d0-48bf-bb89-c1040f55587a,aadd1a3f-3f20-499a-b950-51966ac9090c,Travel,Operational expense,21252.05,2022-12-17,approved,2022-12-17 11:48:05,2022,12,4,50,5,1,0,8,False,False,False,False,False,False,False,False,True,False,9.964255693464967
74e2b04b-cebe-4961-a361-3ec36d0c61cf,00000000-0000-0000-0000-000000000001,51fd3682-4888-4a55-92f7-281307c67941,f17772cf-7a8e-4e04-aeef-8c148fe1a7e5,Logistics,Operational expense,41104.29,2023-02-28,approved,2023-02-28 15:56:17,2023,2,1,9,1,0,1,2,False,False,True,False,False,False,False,False,False,False,10.623892102664133
bc41bcc5-e2be-4fd9-bcf0-9975d69ab781,00000000-0000-0000-0000-000000000002,5f6c98b4-4360-41ee-83a3-efc700651a04,e213801b-a706-48c3-9ba4-7db14d3912f3,Maintenance,Operational expense,18172.14,2024-07-18,approved,2024-07-18 12:52:05,2024,7,3,29,3,0,0,3,False,False,False,True,False,False,False,False,False,False,9.8076999587879
2224bf0e-3bbd-4c52-a298-4d2e86d9386d,00000000-0000-0000-0000-000000000002,5f6c98b4-4360-41ee-83a3-efc700651a04,e213801b-a706-48c3-9ba4-7db14d3912f3,Office Supplies,Operational expense,4321.48,2022-12-17,approved,2022-12-17 16:43:04,2022,12,4,50,5,1,0,5,False,False,False,False,False,True,False,False,False,False,8.371584590594745
883c52aa-4eed-4dc3-a610-9a39378a4402,00000000-0000-0000-0000-000000000003,7227b311-834f-4815-aa86-c5d464758be1,9dd0c56d-a9cf-4c8d-a998-9df89eb48a85,Office Supplies,Operational expense,48998.7,2024-07-15,approved,2024-07-15 12:05:16,2024,7,3,29,0,0,0,5,False,False,False,False,False,True,False,False,False,False,10.799569454625042
dda71e52-7042-442c-9c63-df5498dcd129,00000000-0000-0000-0000-000000000001,0eb66abb-0d5d-4e88-a3ff-16776e267d83,5a96b78c-2c6b-4aaa-88b5-7c7485705113,Insurance,Operational expense,19196.35,2022-01-04,approved,2022-01-04 18:03:01,2022,1,1,1,1,0,0,1,False,True,False,False,False,False,False,False,False,False,9.862527527656788
4f18b15c-375b-4a5b-850c-c0053f66804e,00000000-0000-0000-0000-000000000001,51fd3682-4888-4a55-92f7-281307c67941,aadd1a3f-3f20-499a-b950-51966ac9090c,IT & Software,Operational expense,1192.39,2023-04-03,approved,2023-04-03 10:41:19,2023,4,2,14,0,0,0,0,True,False,False,False,False,False,False,False,False,False,7.08455327563273
b6ee7181-85b9-4011-94d9-62ec8a9f952c,00000000-0000-0000-0000-000000000002,5f6c98b4-4360-41ee-83a3-efc700651a04,09cd08c0-c83a-42f5-96cc-b9c13c2aa7e4,Marketing,Operational expense,4190.53,2022-04-19,approved,2022-04-19 09:55:36,2022,4,2,16,1,0,0,4,False,False,False,False,True,False,False,False,False,False,8.340821101394539
5228c370-d0c1-43b7-9dd7-f52fe2eb5703,00000000-0000-0000-0000-000000000001,a01b7f2a-d4d0-48bf-bb89-c1040f55587a,f0e9f4da-9ca0-492d-a21e-3f8a819f9184,IT & Software,Operational expense,42538.47,2023-07-02,approved,2023-07-02 10:29:10,2023,7,3,26,6,1,0,0,True,False,False,False,False,False,False,False,False,False,10.65818762981437
46ef6903-a170-4110-8d87-d61d9da8425c,00000000-0000-0000-0000-000000000003,470852ed-b70b-4f24-879a-6edb4193d8b6,1db94196-443a-440f-ad7e-c4422bb047e3,Insurance,Operational expense,40913.17,2023-07-29,approved,2023-07-29 10:12:23,2023,7,3,30,5,1,0,1,False,True,False,False,False,False,False,False,False,False,10.619231736797024
4b0f5abe-bc53-47a6-b5ad-48b2408954a0,00000000-0000-0000-0000-000000000002,b961632b-814f-4481-946b-17a792487aa7,9d2a5f48-38f2-46be-b733-c1b9f1c891c4,Office Supplies,Operational expense,22964.1,2024-05-14,pending,2024-05-14 08:52:14,2024,5,2,20,1,0,0,5,False,False,False,False,False,True,False,False,False,False,10.04173095120284
4b46c853-78ab-4daa-9837-9ab24b375ea1,00000000-0000-0000-0000-000000000001,51fd3682-4888-4a55-92f7-281307c67941,7760d86e-b342-473c-8c64-b55d64aa491a,Travel,Operational expense,40777.72,2024-08-16,approved,2024-08-16 11:46:21,2024,8,3,33,4,0,0,8,False,False,False,False,False,False,False,False,True,False,10.615915655700572
dc531365-1b11-46f3-9bfb-20dbaefbad6f,00000000-0000-0000-0000-000000000001,0eb66abb-0d5d-4e88-a3ff-16776e267d83,3f0519f3-383c-48a1-8609-f4b51fd5ecd4,Office Supplies,Operational expense,19837.21,2022-02-24,approved,2022-02-24 08:45:13,2022,2,1,8,3,0,0,5,False,False,False,False,False,True,False,False,False,False,9.89536515499444
c32987f7-3b29-4091-bc4b-8bcd711b4977,00000000-0000-0000-0000-000000000003,7227b311-834f-4815-aa86-c5d464758be1,33baaf1c-3618-44b5-b42a-4673992689f8,Logistics,Operational expense,44262.18,2024-11-22,approved,2024-11-22 14:22:06,2024,11,4,47,4,0,0,2,False,False,True,False,False,False,False,False,False,False,10.69790845919399
e23b1958-735e-4d84-ba84-84c40fc3a5ed,00000000-0000-0000-0000-000000000001,51fd3682-4888-4a55-92f7-281307c67941,f577e0e3-284e-4c71-8d16-74f51d0fe305,Logistics,Operational expense,14613.69,2024-11-06,approved,2024-11-06 11:47:02,2024,11,4,45,2,0,0,2,False,False,True,False,False,False,False,False,False,False,9.589782466235885
ee727811-d68b-450c-8b4f-680cae89844e,00000000-0000-0000-0000-000000000001,a01b7f2a-d4d0-48bf-bb89-c1040f55587a,f17772cf-7a8e-4e04-aeef-8c148fe1a7e5,IT & Software,Operational expense,34187.25,2022-04-08,approved,2022-04-08 11:23:04,2022,4,2,14,4,0,0,0,True,False,False,False,False,False,False,False,False,False,10.439637296766485
bb212ee5-df5d-4568-bb47-9e1fa471bfa0,00000000-0000-0000-0000-000000000003,470852ed-b70b-4f24-879a-6edb4193d8b6,045901bc-3a1a-4a0b-bd8b-876c218464f4,Logistics,Operational expense,690.24,2022-04-12,approved,2022-04-12 12:27:28,2022,4,2,15,1,0,0,2,False,False,True,False,False,False,False,False,False,False,6.538487086185791
4633131f-1b90-4a91-911c-7f11933c82f4,00000000-0000-0000-0000-000000000001,51fd3682-4888-4a55-92f7-281307c67941,3f0519f3-383c-48a1-8609-f4b51fd5ecd4,Marketing,Operational expense,10395.98,2023-03-26,approved,2023-03-26 10:29:38,2023,3,1,12,6,1,0,4,False,False,False,False,True,False,False,False,False,False,9.249270658344303
ef30727e-9c44-4325-81bb-e971bbb4e50f,00000000-0000-0000-0000-000000000003,9b1ac5ce-ad4f-40d1-8b7c-0005176b143d,9dd0c56d-a9cf-4c8d-a998-9df89eb48a85,IT & Software,Operational expense,12281.28,2023-01-07,approved,2023-01-07 12:16:33,2023,1,1,1,5,1,0,0,True,False,False,False,False,False,False,False,False,False,9.415912852219453
51e04e18-7164-4b4a-97dc-25384222c6ef,00000000-0000-0000-0000-000000000003,9b1ac5ce-ad4f-40d1-8b7c-0005176b143d,1db94196-443a-440f-ad7e-c4422bb047e3,Maintenance,Operational expense,1216.44,2023-12-07,approved,2023-12-07 18:47:59,2023,12,4,49,3,0,0,3,False,False,False,True,False,False,False,False,False,False,7.104505572428213
7ca10759-c1b4-44e8-811c-ab8aa40b53e2,00000000-0000-0000-0000-000000000001,a01b7f2a-d4d0-48bf-bb89-c1040f55587a,aadd1a3f-3f20-499a-b950-51966ac9090c,Office Supplies,Operational expense,3044.56,2022-06-01,pending,2022-06-01 09:41:35,2022,6,2,22,2,0,0,5,False,False,False,False,False,True,False,False,False,False,8.021440071280963
3866663d-5445-4bbd-b656-bd5a299b4a52,00000000-0000-0000-0000-000000000001,51fd3682-4888-4a55-92f7-281307c67941,3f0519f3-383c-48a1-8609-f4b51fd5ecd4,Insurance,Operational expense,22235.2,2024-09-24,approved,2024-09-24 15:11:38,2024,9,3,39,1,0,0,1,False,True,False,False,False,False,False,False,False,False,10.009476870456368
4d566905-c89b-4b23-a304-d6b772839808,00000000-0000-0000-0000-000000000002,b961632b-814f-4481-946b-17a792487aa7,07274486-6344-4009-ae28-b9027a51f93f,Office Supplies,Operational expense,40823.47,2024-05-24,approved,2024-05-24 15:33:14,2024,5,2,21,4,0,0,5,False,False,False,False,False,True,False,False,False,False,10.617036935513122
f8e85317-2521-4aa3-85e1-5ae892b380c8,00000000-0000-0000-0000-000000000001,a01b7f2a-d4d0-48bf-bb89-c1040f55587a,f17772cf-7a8e-4e04-aeef-8c148fe1a7e5,Maintenance,Operational expense,48610.22,2022-06-02,approved,2022-06-02 09:15:04,2022,6,2,22,3,0,0,3,False,False,False,True,False,False,False,False,False,False,10.791609647441078
878d0ea2-2129-439a-8704-5e39f7819558,00000000-0000-0000-0000-000000000001,51fd3682-4888-4a55-92f7-281307c67941,f0e9f4da-9ca0-492d-a21e-3f8a819f9184,Travel,Operational expense,22109.93,2024-06-12,approved,2024-06-12 17:29:47,2024,6,2,24,2,0,0,8,False,False,False,False,False,False,False,False,True,False,10.00382733538209
aa0d371d-a7c3-46e0-88fd-15514927177c,00000000-0000-0000-0000-000000000001,a01b7f2a-d4d0-48bf-bb89-c1040f55587a,f17772cf-7a8e-4e04-aeef-8c148fe1a7e5,Travel,Operational expense,16565.86,2022-02-26,approved,2022-02-26 13:52:13,2022,2,1,8,5,1,0,8,False,False,False,False,False,False,False,False,True,False,9.715159593368638
07c74214-31ab-4ffe-bfc8-3b5a76a517a4,00000000-0000-0000-0000-000000000002,5f6c98b4-4360-41ee-83a3-efc700651a04,517d046e-f5e7-4244-8dab-e8995b9bfdc4,Insurance,Operational expense,20517.36,2023-05-03,approved,2023-05-03 09:27:30,2023,5,2,18,2,0,0,1,False,True,False,False,False,False,False,False,False,False,9.92907537406348
b20c683d-4f33-422e-a979-f9da2c6b331e,00000000-0000-0000-0000-000000000001,51fd3682-4888-4a55-92f7-281307c67941,f17772cf-7a8e-4e04-aeef-8c148fe1a7e5,Insurance,Operational expense,28010.59,2024-10-13,approved,2024-10-13 08:42:27,2024,10,4,41,6,1,0,1,False,True,False,False,False,False,False,False,False,False,10.240373632083971
90f08bce-93f0-46d1-af99-f3fdf0e282de,00000000-0000-0000-0000-000000000003,7227b311-834f-4815-aa86-c5d464758be1,79c1732a-a6d1-4565-b515-c59de4dbdfe5,Office Supplies,Operational expense,12209.48,2024-09-28,approved,2024-09-28 15:55:29,2024,9,3,39,5,1,0,5,False,False,False,False,False,True,False,False,False,False,9.410049878371364
3c12358f-015c-4bc3-87e2-b63dd29cf15f,00000000-0000-0000-0000-000000000003,9b1ac5ce-ad4f-40d1-8b7c-0005176b143d,3b9ffffd-ca39-4330-b08f-59cdb916323f,IT & Software,Operational expense,47531.95,2024-03-01,approved,2024-03-01 11:46:32,2024,3,1,9,4,0,0,0,True,False,False,False,False,False,False,False,False,False,10.769178433745575
ba0eff30-6d42-400c-822d-167d1d48c51c,00000000-0000-0000-0000-000000000002,5f6c98b4-4360-41ee-83a3-efc700651a04,2afe7cda-5682-4c01-a59f-5f13090047f6,Travel,Operational expense,41398.46,2023-01-11,rejected,2023-01-11 16:46:34,2023,1,1,2,2,0,0,8,False,False,False,False,False,False,False,False,True,False,10.631023116250079
93446394-4ba6-4591-baa7-0aca31282d55,00000000-0000-0000-0000-000000000003,470852ed-b70b-4f24-879a-6edb4193d8b6,3b9ffffd-ca39-4330-b08f-59cdb916323f,Insurance,Operational expense,34586.29,2023-08-07,approved,2023-08-07 09:10:48,2023,8,3,32,0,0,0,1,False,True,False,False,False,False,False,False,False,False,10.451241552519106
44460f7d-ea49-4b37-82f8-d7955961118e,00000000-0000-0000-0000-000000000002,b961632b-814f-4481-946b-17a792487aa7,2afe7cda-5682-4c01-a59f-5f13090047f6,Logistics,Operational expense,21890.03,2023-10-01,pending,2023-10-01 08:38:28,2023,10,4,39,6,1,0,2,False,False,True,False,False,False,False,False,False,False,9.993832242858993
0959125f-3bed-4c41-a33a-db0badf2a4da,00000000-0000-0000-0000-000000000002,587616fd-ba60-493e-ba92-b68a61b5cdce,2afe7cda-5682-4c01-a59f-5f13090047f6,IT & Software,Operational expense,8749.11,2022-06-28,approved,2022-06-28 18:16:18,2022,6,2,26,1,0,0,0,True,False,False,False,False,False,False,False,False,False,9.076821550701212
c8d65e15-dcb9-44e3-923f-96754b91170d,00000000-0000-0000-0000-000000000002,587616fd-ba60-493e-ba92-b68a61b5cdce,c75c1d53-938d-4640-b118-e5ada06ce255,IT & Software,Operational expense,21848.86,2022-12-22,pending,2022-12-22 13:04:40,2022,12,4,51,3,0,0,0,True,False,False,False,False,False,False,False,False,False,9.991949793180554
0e6e9125-b548-4c6a-accb-c36e8347e980,00000000-0000-0000-0000-000000000003,9b1ac5ce-ad4f-40d1-8b7c-0005176b143d,74245d66-8df4-4678-b1e9-76d5e231caff,Insurance,Operational expense,34061.02,2024-11-18,approved,2024-11-18 17:11:43,2024,11,4,47,0,0,0,1,False,True,False,False,False,False,False,False,False,False,10.43593825956319
49258277-4e3f-4d50-b32e-6544cc45c4c2,00000000-0000-0000-0000-000000000003,7227b311-834f-4815-aa86-c5d464758be1,74245d66-8df4-4678-b1e9-76d5e231caff,Office Supplies,Operational expense,9745.54,2023-08-16,approved,2023-08-16 18:56:39,2023,8,3,33,2,0,0,5,False,False,False,False,False,True,False,False,False,False,9.184667629215125
eb8fa4cf-798d-4015-aebb-dae01f62a265,00000000-0000-0000-0000-000000000003,470852ed-b70b-4f24-879a-6edb4193d8b6,9dd0c56d-a9cf-4c8d-a998-9df89eb48a85,Logistics,Operational expense,11180.05,2023-07-09,pending,2023-07-09 18:33:21,2023,7,3,27,6,1,0,2,False,False,True,False,False,False,False,False,False,False,9.321975660009295
5f96d5fb-0434-4f17-b1c6-941ae8da628a,00000000-0000-0000-0000-000000000002,5f6c98b4-4360-41ee-83a3-efc700651a04,517d046e-f5e7-4244-8dab-e8995b9bfdc4,Maintenance,Operational expense,47789.92,2023-06-28,approved,2023-06-28 09:25:53,2023,6,2,26,2,0,0,3,False,False,False,True,False,False,False,False,False,False,10.774590942276216
47c601e1-2552-4b8b-8c10-e5a2be09a396,00000000-0000-0000-0000-000000000001,0eb66abb-0d5d-4e88-a3ff-16776e267d83,f0e9f4da-9ca0-492d-a21e-3f8a819f9184,Maintenance,Operational expense,30019.59,2022-05-19,pending,2022-05-19 09:12:02,2022,5,2,20,3,0,0,3,False,False,False,True,False,False,False,False,False,False,10.309638758558615
95472134-c603-4906-b0ea-9ba612d80926,00000000-0000-0000-0000-000000000001,51fd3682-4888-4a55-92f7-281307c67941,ea13a2c7-2a88-40f3-b073-4e507c524f18,Maintenance,Operational expense,6915.28,2022-09-18,rejected,2022-09-18 16:26:04,2022,9,3,37,6,1,0,3,False,False,False,True,False,False,False,False,False,False,8.841633331813611
0a8ea33b-ec0d-4af6-ae18-0dd7203b0140,00000000-0000-0000-0000-000000000001,0eb66abb-0d5d-4e88-a3ff-16776e267d83,7760d86e-b342-473c-8c64-b55d64aa491a,Travel,Operational expense,9514.44,2024-06-07,pending,2024-06-07 09:44:06,2024,6,2,23,4,0,0,8,False,False,False,False,False,False,False,False,True,False,9.160671021435652
7eedd3eb-8401-4df5-bd64-744a81222fe6,00000000-0000-0000-0000-000000000002,5f6c98b4-4360-41ee-83a3-efc700651a04,517d046e-f5e7-4244-8dab-e8995b9bfdc4,Maintenance,Operational expense,27564.68,2024-03-03,approved,2024-03-03 16:52:41,2024,3,1,9,6,1,0,3,False,False,False,True,False,False,False,False,False,False,10.224326799683777
7ccf6e26-35d1-4cb0-af70-b47f04eeb706,00000000-0000-0000-0000-000000000001,0eb66abb-0d5d-4e88-a3ff-16776e267d83,f17772cf-7a8e-4e04-aeef-8c148fe1a7e5,Logistics,Operational expense,7385.56,2022-06-17,pending,2022-06-17 10:58:56,2022,6,2,24,4,0,0,2,False,False,True,False,False,False,False,False,False,False,8.907417411655633
314e4a19-49c4-466e-bfcb-f11169b9795b,00000000-0000-0000-0000-000000000003,9b1ac5ce-ad4f-40d1-8b7c-0005176b143d,61d2418d-6936-4075-a481-1d994952d89b,Marketing,Operational expense,24710.08,2023-10-19,approved,2023-10-19 16:43:02,2023,10,4,42,3,0,0,4,False,False,False,False,True,False,False,False,False,False,10.115007005028747
a2acdc41-ea0a-47e5-8e21-4797d4a16f34,00000000-0000-0000-0000-000000000003,470852ed-b70b-4f24-879a-6edb4193d8b6,3b9ffffd-ca39-4330-b08f-59cdb916323f,Travel,Operational expense,5230.44,2023-11-03,approved,2023-11-03 12:26:46,2023,11,4,44,4,0,0,8,False,False,False,False,False,False,False,False,True,False,8.562441853769382
334fb00d-ea1e-4fc8-86f5-e826f5a6961c,00000000-0000-0000-0000-000000000001,51fd3682-4888-4a55-92f7-281307c67941,163b0e08-1801-4ae5-af8c-f287fbcdff7c,Maintenance,Operational expense,18391.8,2024-01-27,approved,2024-01-27 11:30:41,2024,1,1,4,5,1,0,3,False,False,False,True,False,False,False,False,False,False,9.819714562669727
a7261e9c-ddd3-4bc9-8745-b5a6ddf419c1,00000000-0000-0000-0000-000000000002,b961632b-814f-4481-946b-17a792487aa7,517d046e-f5e7-4244-8dab-e8995b9bfdc4,Maintenance,Operational expense,14013.91,2022-03-04,approved,2022-03-04 17:16:29,2022,3,1,9,4,0,0,3,False,False,False,True,False,False,False,False,False,False,9.547877041887224
55c60dff-bdcd-4231-b283-1a8480a1018b,00000000-0000-0000-0000-000000000002,5f6c98b4-4360-41ee-83a3-efc700651a04,c75c1d53-938d-4640-b118-e5ada06ce255,Office Supplies,Operational expense,5038.98,2022-06-11,pending,2022-06-11 15:00:42,2022,6,2,23,5,1,0,5,False,False,False,False,False,True,False,False,False,False,8.525157392803573
1ee36225-d5a0-4cd5-99a8-5a2b1cc13d5b,00000000-0000-0000-0000-000000000003,7227b311-834f-4815-aa86-c5d464758be1,79c1732a-a6d1-4565-b515-c59de4dbdfe5,IT & Software,Operational expense,22340.0,2022-02-13,approved,2022-02-13 16:18:51,2022,2,1,6,6,1,0,0,True,False,False,False,False,False,False,False,False,False,10.014178834378756
353dbde4-c2ff-422a-8a63-d450d941fa6b,00000000-0000-0000-0000-000000000002,b961632b-814f-4481-946b-17a792487aa7,7f514159-0b19-4321-a308-daec53995d5a,IT & Software,Operational expense,17075.07,2023-09-23,approved,2023-09-23 09:29:40,2023,9,3,38,5,1,0,0,True,False,False,False,False,False,False,False,False,False,9.745433347190135
9fe6c0fc-e0bc-4691-83da-61453dcb5416,00000000-0000-0000-0000-000000000002,b961632b-814f-4481-946b-17a792487aa7,bcde24c7-84f3-4459-afee-eba83339896c,Insurance,Operational expense,25358.33,2023-07-06,approved,2023-07-06 17:38:55,2023,7,3,27,3,0,0,1,False,True,False,False,False,False,False,False,False,False,10.1409019886438
c3918929-43b4-4cfb-aed5-0221b2823704,00000000-0000-0000-0000-000000000001,a01b7f2a-d4d0-48bf-bb89-c1040f55587a,5a96b78c-2c6b-4aaa-88b5-7c7485705113,Maintenance,Operational expense,15863.52,2024-04-16,pending,2024-04-16 09:21:58,2024,4,2,16,1,0,0,3,False,False,False,True,False,False,False,False,False,False,9.67184044828068
4eba2539-2a76-4d30-bc53-28f76cd6cf18,00000000-0000-0000-0000-000000000003,9b1ac5ce-ad4f-40d1-8b7c-0005176b143d,8626b762-d8ef-4e32-8446-33cdac213522,Marketing,Operational expense,19571.09,2024-10-04,approved,2024-10-04 09:54:14,2024,10,4,40,4,0,0,4,False,False,False,False,True,False,False,False,False,False,9.881859850804327
121da335-4e70-46a7-b5a9-b80c0d9896cb,00000000-0000-0000-0000-000000000002,5f6c98b4-4360-41ee-83a3-efc700651a04,e213801b-a706-48c3-9ba4-7db14d3912f3,Maintenance,Operational expense,10864.09,2023-11-07,approved,2023-11-07 14:03:06,2023,11,4,45,1,0,0,3,False,False,False,True,False,False,False,False,False,False,9.293310176135284
df59e5aa-88b4-4ef5-9c14-8abc299c8568,00000000-0000-0000-0000-000000000003,7227b311-834f-4815-aa86-c5d464758be1,61d2418d-6936-4075-a481-1d994952d89b,IT & Software,Operational expense,27857.23,2024-04-29,approved,2024-04-29 08:38:15,2024,4,2,18,0,0,0,0,True,False,False,False,False,False,False,False,False,False,10.234883713370115
3ccc9a18-68fd-4e62-b457-71c60c43e881,00000000-0000-0000-0000-000000000001,a01b7f2a-d4d0-48bf-bb89-c1040f55587a,9a16d7d2-dc18-4141-a14f-3394de4b98bc,Logistics,Operational expense,20382.51,2023-08-03,approved,2023-08-03 09:27:05,2023,8,3,31,3,0,0,2,False,False,True,False,False,False,False,False,False,False,9.922481519621423
33c510cb-4151-4c5d-bbbf-645553e0ebf7,00000000-0000-0000-0000-000000000003,9b1ac5ce-ad4f-40d1-8b7c-0005176b143d,74245d66-8df4-4678-b1e9-76d5e231caff,Insurance,Operational expense,29327.32,2024-11-01,approved,2024-11-01 12:34:21,2024,11,4,44,4,0,0,1,False,True,False,False,False,False,False,False,False,False,10.286308881094701
cb281396-9c2e-4a12-9d2e-c8563ee06f38,00000000-0000-0000-0000-000000000003,470852ed-b70b-4f24-879a-6edb4193d8b6,74245d66-8df4-4678-b1e9-76d5e231caff,Office Supplies,Operational expense,2724.33,2023-07-03,approved,2023-07-03 15:59:57,2023,7,3,27,0,0,0,5,False,False,False,False,False,True,False,False,False,False,7.910344800682651
61370c6f-d522-49f3-b760-17e38444fd52,00000000-0000-0000-0000-000000000001,51fd3682-4888-4a55-92f7-281307c67941,aadd1a3f-3f20-499a-b950-51966ac9090c,Office Supplies,Operational expense,39058.28,2024-07-16,approved,2024-07-16 14:08:35,2024,7,3,29,1,0,0,5,False,False,False,False,False,True,False,False,False,False,10.572835771081053
16e7d05b-951b-4e51-8fd1-2f3e40007a15,00000000-0000-0000-0000-000000000003,9b1ac5ce-ad4f-40d1-8b7c-0005176b143d,1db94196-443a-440f-ad7e-c4422bb047e3,Insurance,Operational expense,7433.11,2024-02-14,approved,2024-02-14 12:02:17,2024,2,1,7,2,0,0,1,False,True,False,False,False,False,False,False,False,False,8.913834147626929
f24095ba-bf40-4513-bd81-2d78b5aaf790,00000000-0000-0000-0000-000000000002,b961632b-814f-4481-946b-17a792487aa7,7f514159-0b19-4321-a308-daec53995d5a,IT & Software,Operational expense,9359.29,2023-09-12,pending,2023-09-12 14:57:16,2023,9,3,37,1,0,0,0,True,False,False,False,False,False,False,False,False,False,9.14423155189766
0acf6096-65af-4afb-aeb3-9973d833bcb7,00000000-0000-0000-0000-000000000003,9b1ac5ce-ad4f-40d1-8b7c-0005176b143d,355d120a-98dd-4393-a62e-df5f4b8a455b,Logistics,Operational expense,44395.02,2022-01-30,pending,2022-01-30 15:37:01,2022,1,1,4,6,1,0,2,False,False,True,False,False,False,False,False,False,False,10.700905104762803
7988a7dc-f830-4782-8d1d-776c84f36e86,00000000-0000-0000-0000-000000000003,9b1ac5ce-ad4f-40d1-8b7c-0005176b143d,33baaf1c-3618-44b5-b42a-4673992689f8,Logistics,Operational expense,46724.69,2022-12-16,pending,2022-12-16 12:40:46,2022,12,4,50,4,0,0,2,False,False,True,False,False,False,False,False,False,False,10.752049399469945
47c031df-1fb8-41a5-8d30-66926a383dcd,00000000-0000-0000-0000-000000000001,0eb66abb-0d5d-4e88-a3ff-16776e267d83,4736f247-39f8-400c-b9ea-519dfbb485f6,Maintenance,Operational expense,38584.84,2024-08-09,approved,2024-08-09 08:42:14,2024,8,3,32,4,0,0,3,False,False,False,True,False,False,False,False,False,False,10.56064064877266
54ff80bd-3627-44de-ada3-27cfff0dffee,00000000-0000-0000-0000-000000000001,0eb66abb-0d5d-4e88-a3ff-16776e267d83,4736f247-39f8-400c-b9ea-519dfbb485f6,Travel,Operational expense,14829.52,2024-08-25,approved,2024-08-25 08:59:24,2024,8,3,34,6,1,0,8,False,False,False,False,False,False,False,False,True,False,9.604442498576587
14f39866-4591-460d-8322-f1913dfc06c5,00000000-0000-0000-0000-000000000001,51fd3682-4888-4a55-92f7-281307c67941,7760d86e-b342-473c-8c64-b55d64aa491a,Logistics,Operational expense,14016.84,2024-08-31,approved,2024-08-31 09:55:30,2024,8,3,35,5,1,1,2,False,False,True,False,False,False,False,False,False,False,9.548086083098712
1fb38670-e9d1-4c1e-966c-cab7449e21dc,00000000-0000-0000-0000-000000000002,b961632b-814f-4481-946b-17a792487aa7,81c496fc-1d35-4405-9a7d-ae0a15104d5b,Insurance,Operational expense,22264.45,2024-03-24,approved,2024-03-24 17:13:50,2024,3,1,12,6,1,0,1,False,True,False,False,False,False,False,False,False,False,10.010791428645206
76eadea8-f1ce-4956-8241-747cebd7c98b,00000000-0000-0000-0000-000000000003,7227b311-834f-4815-aa86-c5d464758be1,355d120a-98dd-4393-a62e-df5f4b8a455b,Logistics,Operational expense,45507.64,2022-02-08,approved,2022-02-08 15:40:37,2022,2,1,6,1,0,0,2,False,False,True,False,False,False,False,False,False,False,10.725657477022088
c2cb8f6c-ce4d-404e-9724-2649ca39d2de,00000000-0000-0000-0000-000000000002,b961632b-814f-4481-946b-17a792487aa7,c75c1d53-938d-4640-b118-e5ada06ce255,Office Supplies,Operational expense,5147.55,2024-12-05,approved,2024-12-05 10:16:43,2024,12,4,49,3,0,0,5,False,False,False,False,False,True,False,False,False,False,8.546470400616125
4b8f64ee-cc12-4108-85a7-e636c49b6bf3,00000000-0000-0000-0000-000000000001,a01b7f2a-d4d0-48bf-bb89-c1040f55587a,eaefa70d-63c2-4537-b86d-2205b826bb2e,Logistics,Operational expense,35555.54,2024-08-19,pending,2024-08-19 08:46:40,2024,8,3,34,0,0,0,2,False,False,True,False,False,False,False,False,False,False,10.478879384556398
63daf6d6-c7d1-4a0f-9a4c-26e7faac48b2,00000000-0000-0000-0000-000000000003,470852ed-b70b-4f24-879a-6edb4193d8b6,e452be79-f94b-4709-88bf-8f66053789c4,IT & Software,Operational expense,10256.16,2022-10-24,approved,2022-10-24 17:17:03,2022,10,4,43,0,0,0,0,True,False,False,False,False,False,False,False,False,False,9.235731277288798
99b76ac5-9a7d-45a9-a1aa-d3c1a15d1767,00000000-0000-0000-0000-000000000002,b961632b-814f-4481-946b-17a792487aa7,6708a3ae-03ac-432d-8065-25bbf8f3a753,Travel,Operational expense,22675.39,2022-12-20,approved,2022-12-20 10:49:39,2022,12,4,51,1,0,0,8,False,False,False,False,False,False,False,False,True,False,10.02907957409679
b92fe024-af4b-47e8-b47d-b1e42cb5ede4,00000000-0000-0000-0000-000000000001,a01b7f2a-d4d0-48bf-bb89-c1040f55587a,163b0e08-1801-4ae5-af8c-f287fbcdff7c,Marketing,Operational expense,30268.71,2023-12-06,pending,2023-12-06 09:26:41,2023,12,4,49,2,0,0,4,False,False,False,False,True,False,False,False,False,False,10.31790282152719
60344b9f-debb-40a5-a586-bb04c82ce5ec,00000000-0000-0000-0000-000000000001,51fd3682-4888-4a55-92f7-281307c67941,7760d86e-b342-473c-8c64-b55d64aa491a,IT & Software,Operational expense,36489.78,2023-09-02,approved,2023-09-02 14:33:43,2023,9,3,35,5,1,0,0,True,False,False,False,False,False,False,False,False,False,10.50481490492141
4d599e74-349e-46c3-a973-fb2fb275f436,00000000-0000-0000-0000-000000000002,587616fd-ba60-493e-ba92-b68a61b5cdce,9d2a5f48-38f2-46be-b733-c1b9f1c891c4,Travel,Operational expense,44631.97,2022-04-12,approved,2022-04-12 09:15:50,2022,4,2,15,1,0,0,8,False,False,False,False,False,False,False,False,True,False,10.706228102574736
55156603-6437-4fe5-9121-b7218be32295,00000000-0000-0000-0000-000000000001,a01b7f2a-d4d0-48bf-bb89-c1040f55587a,eaefa70d-63c2-4537-b86d-2205b826bb2e,Marketing,Operational expense,29731.4,2023-08-30,approved,2023-08-30 11:33:27,2023,8,3,35,2,0,0,4,False,False,False,False,True,False,False,False,False,False,10.299992639272782
4abce420-5526-4771-8f65-b33d6361460c,00000000-0000-0000-0000-000000000003,470852ed-b70b-4f24-879a-6edb4193d8b6,33baaf1c-3618-44b5-b42a-4673992689f8,Office Supplies,Operational expense,25984.59,2023-01-15,approved,2023-01-15 11:12:28,2023,1,1,2,6,1,0,5,False,False,False,False,False,True,False,False,False,False,10.165297432591744
71188aa2-5d7d-4d2b-b3c7-6adde247c62e,00000000-0000-0000-0000-000000000001,a01b7f2a-d4d0-48bf-bb89-c1040f55587a,163b0e08-1801-4ae5-af8c-f287fbcdff7c,IT & Software,Operational expense,10319.83,2022-01-23,approved,2022-01-23 13:53:39,2022,1,1,3,6,1,0,0,True,False,False,False,False,False,False,False,False,False,9.241919462158117
3d909197-228b-4f3f-9c36-85ffc5cdbd5f,00000000-0000-0000-0000-000000000001,51fd3682-4888-4a55-92f7-281307c67941,7760d86e-b342-473c-8c64-b55d64aa491a,IT & Software,Operational expense,25251.91,2023-09-25,approved,2023-09-25 13:02:24,2023,9,3,39,0,0,0,0,True,False,False,False,False,False,False,False,False,False,10.136696675587773
63672c5c-0395-4f51-884b-3c624a84a8ec,00000000-0000-0000-0000-000000000003,9b1ac5ce-ad4f-40d1-8b7c-0005176b143d,3b9ffffd-ca39-4330-b08f-59cdb916323f,Travel,Operational expense,41497.7,2022-02-19,approved,2022-02-19 13:33:14,2022,2,1,7,5,1,0,8,False,False,False,False,False,False,False,False,True,False,10.633417380426938
51b79db9-b35e-4467-9708-ec608cbdf9b4,00000000-0000-0000-0000-000000000002,b961632b-814f-4481-946b-17a792487aa7,09cd08c0-c83a-42f5-96cc-b9c13c2aa7e4,Office Supplies,Operational expense,33115.14,2024-04-25,pending,2024-04-25 17:32:41,2024,4,2,17,3,0,0,5,False,False,False,False,False,True,False,False,False,False,10.407776055813477
80784980-d08c-497f-97ba-86210e51a189,00000000-0000-0000-0000-000000000001,a01b7f2a-d4d0-48bf-bb89-c1040f55587a,163b0e08-1801-4ae5-af8c-f287fbcdff7c,IT & Software,Operational expense,18865.46,2022-05-12,approved,2022-05-12 17:07:03,2022,5,2,19,3,0,0,0,True,False,False,False,False,False,False,False,False,False,9.845141021399565
bf072b81-30c9-4a77-ac5c-804be1c69cc7,00000000-0000-0000-0000-000000000003,7227b311-834f-4815-aa86-c5d464758be1,1db94196-443a-440f-ad7e-c4422bb047e3,IT & Software,Operational expense,10630.71,2023-10-14,approved,2023-10-14 08:41:44,2023,10,4,41,5,1,0,0,True,False,False,False,False,False,False,False,False,False,9.2715963238736
a3046140-6c5b-4ca4-938e-36d784901635,00000000-0000-0000-0000-000000000002,5f6c98b4-4360-41ee-83a3-efc700651a04,e213801b-a706-48c3-9ba4-7db14d3912f3,Insurance,Operational expense,39772.65,2024-12-22,approved,2024-12-22 08:54:31,2024,12,4,51,6,1,0,1,False,True,False,False,False,False,False,False,False,False,10.59095991171232
7f450bc5-b400-418a-976a-38b2d2766975,00000000-0000-0000-0000-000000000002,b961632b-814f-4481-946b-17a792487aa7,f72410dd-3260-4ece-a477-1ae69ac1e84e,Office Supplies,Operational expense,43158.45,2024-11-26,pending,2024-11-26 13:20:54,2024,11,4,48,1,0,0,5,False,False,False,False,False,True,False,False,False,False,10.672656676010059
e583fcb9-bbd9-4cff-ab9b-5093c2086cbb,00000000-0000-0000-0000-000000000003,470852ed-b70b-4f24-879a-6edb4193d8b6,79c1732a-a6d1-4565-b515-c59de4dbdfe5,Insurance,Operational expense,28649.55,2024-08-04,approved,2024-08-04 17:13:17,2024,8,3,31,6,1,0,1,False,True,False,False,False,False,False,False,False,False,10.2629279191663
635abcca-fe30-4824-9c92-f7b131ab03e3,00000000-0000-0000-0000-000000000003,9b1ac5ce-ad4f-40d1-8b7c-0005176b143d,355d120a-98dd-4393-a62e-df5f4b8a455b,Maintenance,Operational expense,20439.76,2022-01-05,approved,2022-01-05 09:44:44,2022,1,1,1,2,0,0,3,False,False,False,True,False,False,False,False,False,False,9.925286225622493
1095237e-0e8b-45b2-b383-59198b8a4656,00000000-0000-0000-0000-000000000001,0eb66abb-0d5d-4e88-a3ff-16776e267d83,f0e9f4da-9ca0-492d-a21e-3f8a819f9184,IT & Software,Operational expense,3031.61,2024-11-07,approved,2024-11-07 09:32:36,2024,11,4,45,3,0,0,0,True,False,False,False,False,False,False,False,False,False,8.017178913861898
beeaa345-8e07-4ce6-a3c2-e712c2f6a692,00000000-0000-0000-0000-000000000002,5f6c98b4-4360-41ee-83a3-efc700651a04,81c496fc-1d35-4405-9a7d-ae0a15104d5b,Marketing,Operational expense,31985.03,2024-05-24,pending,2024-05-24 09:28:24,2024,5,2,21,4,0,0,4,False,False,False,False,True,False,False,False,False,False,10.373054523960711
0de25c2a-2da5-480e-862e-ae9fe541e442,00000000-0000-0000-0000-000000000002,b961632b-814f-4481-946b-17a792487aa7,e213801b-a706-48c3-9ba4-7db14d3912f3,Marketing,Operational expense,45364.86,2023-04-17,pending,2023-04-17 15:50:52,2023,4,2,16,0,0,0,4,False,False,False,False,True,False,False,False,False,False,10.722515118770012
a18e5f6e-ad34-42c8-a8d1-76e26ec82a04,00000000-0000-0000-0000-000000000001,51fd3682-4888-4a55-92f7-281307c67941,aadd1a3f-3f20-499a-b950-51966ac9090c,Travel,Operational expense,30830.55,2024-05-16,approved,2024-05-16 09:46:35,2024,5,2,20,3,0,0,8,False,False,False,False,False,False,False,False,True,False,10.336293795321897
da0a04b0-d60d-42c2-a53d-121a8adf229d,00000000-0000-0000-0000-000000000001,51fd3682-4888-4a55-92f7-281307c67941,eaefa70d-63c2-4537-b86d-2205b826bb2e,Logistics,Operational expense,4435.71,2022-06-18,approved,2022-06-18 12:30:44,2022,6,2,24,5,1,0,2,False,False,True,False,False,False,False,False,False,False,8.397668389765762
a245e902-abb4-4002-8942-e6e12c88bff8,00000000-0000-0000-0000-000000000001,51fd3682-4888-4a55-92f7-281307c67941,ea13a2c7-2a88-40f3-b073-4e507c524f18,Insurance,Operational expense,6188.77,2024-11-24,pending,2024-11-24 11:09:13,2024,11,4,47,6,1,0,1,False,True,False,False,False,False,False,False,False,False,8.730653208283952
3f4fa51f-0af9-4c3b-97e6-82a178f07cfb,00000000-0000-0000-0000-000000000002,b961632b-814f-4481-946b-17a792487aa7,f72410dd-3260-4ece-a477-1ae69ac1e84e,IT & Software,Operational expense,44242.66,2024-04-02,approved,2024-04-02 12:50:45,2024,4,2,14,1,0,0,0,True,False,False,False,False,False,False,False,False,False,10.69746736333481
51400291-d370-420f-9d72-548bdbdbceaf,00000000-0000-0000-0000-000000000002,587616fd-ba60-493e-ba92-b68a61b5cdce,2afe7cda-5682-4c01-a59f-5f13090047f6,Maintenance,Operational expense,34043.88,2023-07-09,approved,2023-07-09 10:16:56,2023,7,3,27,6,1,0,3,False,False,False,True,False,False,False,False,False,False,10.435434933164196
7b371ca6-3269-4462-91aa-2e67590ac772,00000000-0000-0000-0000-000000000002,b961632b-814f-4481-946b-17a792487aa7,07274486-6344-4009-ae28-b9027a51f93f,Travel,Operational expense,32891.81,2023-11-12,rejected,2023-11-12 09:28:32,2023,11,4,45,6,1,0,8,False,False,False,False,False,False,False,False,True,False,10.401009371836457
1f5552b5-fe60-47e8-bc41-0ebfdd8db9ae,00000000-0000-0000-0000-000000000003,9b1ac5ce-ad4f-40d1-8b7c-0005176b143d,1db94196-443a-440f-ad7e-c4422bb047e3,Maintenance,Operational expense,1032.07,2022-11-03,approved,2022-11-03 16:12:05,2022,11,4,44,3,0,0,3,False,False,False,True,False,False,False,False,False,False,6.940290230618548
28c0b14f-f996-4a6a-aeb7-c1bf6b428bc1,00000000-0000-0000-0000-000000000001,a01b7f2a-d4d0-48bf-bb89-c1040f55587a,7760d86e-b342-473c-8c64-b55d64aa491a,Office Supplies,Operational expense,45399.51,2022-09-22,approved,2022-09-22 09:09:52,2022,9,3,38,3,0,0,5,False,False,False,False,False,True,False,False,False,False,10.723278617446521
83f8c103-f251-43b0-9f56-e760fc2ee310,00000000-0000-0000-0000-000000000002,5f6c98b4-4360-41ee-83a3-efc700651a04,f72410dd-3260-4ece-a477-1ae69ac1e84e,IT & Software,Operational expense,14088.04,2023-08-23,pending,2023-08-23 17:54:43,2023,8,3,34,2,0,0,0,True,False,False,False,False,False,False,False,False,False,9.553152469143576
f0eb5e25-1507-4839-8833-a5c6ef3c29ac,00000000-0000-0000-0000-000000000003,7227b311-834f-4815-aa86-c5d464758be1,045901bc-3a1a-4a0b-bd8b-876c218464f4,IT & Software,Operational expense,14414.95,2024-09-17,approved,2024-09-17 17:48:47,2024,9,3,38,1,0,0,0,True,False,False,False,False,False,False,False,False,False,9.576090511473625
1c561348-6f63-43fe-9719-04bcc00bb9d3,00000000-0000-0000-0000-000000000001,51fd3682-4888-4a55-92f7-281307c67941,4736f247-39f8-400c-b9ea-519dfbb485f6,Maintenance,Operational expense,18773.75,2024-01-16,approved,2024-01-16 14:32:05,2024,1,1,3,1,0,0,3,False,False,False,True,False,False,False,False,False,False,9.840268160964454
adb4f6e4-1200-476b-8830-b3764169a829,00000000-0000-0000-0000-000000000002,587616fd-ba60-493e-ba92-b68a61b5cdce,7f514159-0b19-4321-a308-daec53995d5a,Insurance,Operational expense,46995.45,2024-01-14,approved,2024-01-14 17:13:21,2024,1,1,2,6,1,0,1,False,True,False,False,False,False,False,False,False,False,10.757827345924623
8b9d0639-06a5-4b6d-ba17-14e812e582ff,00000000-0000-0000-0000-000000000002,587616fd-ba60-493e-ba92-b68a61b5cdce,bcde24c7-84f3-4459-afee-eba83339896c,IT & Software,Operational expense,14053.73,2023-03-04,approved,2023-03-04 14:51:29,2023,3,1,9,5,1,0,0,True,False,False,False,False,False,False,False,False,False,9.550714272910648
e4abf876-dab7-422b-8da5-aba678d1808d,00000000-0000-0000-0000-000000000001,51fd3682-4888-4a55-92f7-281307c67941,9a16d7d2-dc18-4141-a14f-3394de4b98bc,Insurance,Operational expense,20789.45,2022-09-12,approved,2022-09-12 08:26:27,2022,9,3,37,0,0,0,1,False,True,False,False,False,False,False,False,False,False,9.942249025639454
8f899222-1484-428e-9823-87c75885ba65,00000000-0000-0000-0000-000000000001,a01b7f2a-d4d0-48bf-bb89-c1040f55587a,7760d86e-b342-473c-8c64-b55d64aa491a,Logistics,Operational expense,7776.56,2023-01-13,approved,2023-01-13 08:33:52,2023,1,1,2,4,0,0,2,False,False,True,False,False,False,False,False,False,False,8.95899794330327
a94ed264-fbb9-426d-85b9-295cc8b5c73f,00000000-0000-0000-0000-000000000001,0eb66abb-0d5d-4e88-a3ff-16776e267d83,9a16d7d2-dc18-4141-a14f-3394de4b98bc,Marketing,Operational expense,20098.25,2022-01-06,approved,2022-01-06 17:08:01,2022,1,1,1,3,0,0,4,False,False,False,False,True,False,False,False,False,False,9.908437779918168
d24bd0ea-fcd6-44b5-a959-c6edaff3cc11,00000000-0000-0000-0000-000000000002,587616fd-ba60-493e-ba92-b68a61b5cdce,517d046e-f5e7-4244-8dab-e8995b9bfdc4,IT & Software,Operational expense,47171.04,2022-12-16,approved,2022-12-16 09:47:53,2022,12,4,50,4,0,0,0,True,False,False,False,False,False,False,False,False,False,10.761556623170156
7c3bc0d5-adf9-459f-baae-0d31ee04f1bd,00000000-0000-0000-0000-000000000001,a01b7f2a-d4d0-48bf-bb89-c1040f55587a,aadd1a3f-3f20-499a-b950-51966ac9090c,Maintenance,Operational expense,22896.11,2024-05-11,approved,2024-05-11 16:13:45,2024,5,2,19,5,1,0,3,False,False,False,True,False,False,False,False,False,False,10.038765980704968
872199c2-6f8d-43fd-8f97-57cba13e9b56,00000000-0000-0000-0000-000000000002,587616fd-ba60-493e-ba92-b68a61b5cdce,e213801b-a706-48c3-9ba4-7db14d3912f3,Logistics,Operational expense,23803.99,2024-11-17,approved,2024-11-17 15:46:43,2024,11,4,46,6,1,0,2,False,False,True,False,False,False,False,False,False,False,10.077650501548716
2cd5633c-fb59-4d62-ba72-3d37e7bbe6dc,00000000-0000-0000-0000-000000000002,587616fd-ba60-493e-ba92-b68a61b5cdce,517d046e-f5e7-4244-8dab-e8995b9bfdc4,Marketing,Operational expense,21617.57,2022-07-26,approved,2022-07-26 10:48:22,2022,7,3,30,1,0,0,4,False,False,False,False,True,False,False,False,False,False,9.981307946545005
5b7f6eaf-478c-492a-a22f-5fc2abb5bd11,00000000-0000-0000-0000-000000000003,7227b311-834f-4815-aa86-c5d464758be1,355d120a-98dd-4393-a62e-df5f4b8a455b,Office Supplies,Operational expense,41724.13,2024-08-18,approved,2024-08-18 13:27:35,2024,8,3,33,6,1,0,5,False,False,False,False,False,True,False,False,False,False,10.63885886416329
aa8dd12f-377e-491b-9b3a-a7e6c6038ee3,00000000-0000-0000-0000-000000000003,470852ed-b70b-4f24-879a-6edb4193d8b6,e452be79-f94b-4709-88bf-8f66053789c4,IT & Software,Operational expense,22933.68,2023-12-14,pending,2023-12-14 12:38:34,2023,12,4,50,3,0,0,0,True,False,False,False,False,False,False,False,False,False,10.040405454459552
4da7f307-e142-4334-9d36-aae017ec6e2e,00000000-0000-0000-0000-000000000002,5f6c98b4-4360-41ee-83a3-efc700651a04,07274486-6344-4009-ae28-b9027a51f93f,IT & Software,Operational expense,45277.9,2023-06-10,approved,2023-06-10 14:45:37,2023,6,2,23,5,1,0,0,True,False,False,False,False,False,False,False,False,False,10.72059641929576
d66d4a31-3104-4035-a433-9b7bc2a260f3,00000000-0000-0000-0000-000000000001,a01b7f2a-d4d0-48bf-bb89-c1040f55587a,3f0519f3-383c-48a1-8609-f4b51fd5ecd4,Travel,Operational expense,32252.33,2022-11-19,approved,2022-11-19 12:08:25,2022,11,4,46,5,1,0,8,False,False,False,False,False,False,False,False,True,False,10.381376572707357
731150bc-2917-4cbc-aebb-193fc19f414e,00000000-0000-0000-0000-000000000003,7227b311-834f-4815-aa86-c5d464758be1,9dd0c56d-a9cf-4c8d-a998-9df89eb48a85,Marketing,Operational expense,17340.17,2024-10-03,pending,2024-10-03 13:07:16,2024,10,4,40,3,0,0,4,False,False,False,False,True,False,False,False,False,False,9.760838722106705
7eb8e2ed-9cc6-4d5f-bcfb-91756750d2b4,00000000-0000-0000-0000-000000000001,a01b7f2a-d4d0-48bf-bb89-c1040f55587a,f17772cf-7a8e-4e04-aeef-8c148fe1a7e5,Maintenance,Operational expense,16039.68,2024-05-19,approved,2024-05-19 14:27:08,2024,5,2,20,6,1,0,3,False,False,False,True,False,False,False,False,False,False,9.682883274536866
00ebb6a8-48de-45f8-80a3-f38e72a1b647,00000000-0000-0000-0000-000000000003,7227b311-834f-4815-aa86-c5d464758be1,79c1732a-a6d1-4565-b515-c59de4dbdfe5,Insurance,Operational expense,20513.96,2023-01-30,approved,2023-01-30 08:42:43,2023,1,1,5,0,0,0,1,False,True,False,False,False,False,False,False,False,False,9.92890965508155
369f55c4-4307-4ab5-9894-8314cb34ea66,00000000-0000-0000-0000-000000000003,470852ed-b70b-4f24-879a-6edb4193d8b6,9dd0c56d-a9cf-4c8d-a998-9df89eb48a85,Logistics,Operational expense,21985.62,2022-02-04,approved,2022-02-04 10:08:45,2022,2,1,5,4,0,0,2,False,False,True,False,False,False,False,False,False,False,9.99818936550469
394a5bf1-4017-4fe5-81c5-16fce08a0720,00000000-0000-0000-0000-000000000001,a01b7f2a-d4d0-48bf-bb89-c1040f55587a,aadd1a3f-3f20-499a-b950-51966ac9090c,Logistics,Operational expense,49865.7,2024-11-03,approved,2024-11-03 10:46:22,2024,11,4,44,6,1,0,2,False,False,True,False,False,False,False,False,False,False,10.81710872430338
0ae1f384-8f17-4c25-a4c1-3cf830da8658,00000000-0000-0000-0000-000000000003,7227b311-834f-4815-aa86-c5d464758be1,1db94196-443a-440f-ad7e-c4422bb047e3,Insurance,Operational expense,35776.38,2023-12-22,pending,2023-12-22 10:07:17,2023,12,4,51,4,0,0,1,False,True,False,False,False,False,False,False,False,False,10.485071129116099
148a0e73-c17d-4395-85a6-ed796320b33d,00000000-0000-0000-0000-000000000003,7227b311-834f-4815-aa86-c5d464758be1,9dd0c56d-a9cf-4c8d-a998-9df89eb48a85,Marketing,Operational expense,10104.73,2023-03-25,pending,2023-03-25 18:21:03,2023,3,1,12,5,1,0,4,False,False,False,False,True,False,False,False,False,False,9.220857868693054
b542827c-5be7-4ccf-bcfb-c764af7ef5b1,00000000-0000-0000-0000-000000000001,51fd3682-4888-4a55-92f7-281307c67941,f17772cf-7a8e-4e04-aeef-8c148fe1a7e5,Office Supplies,Operational expense,14677.99,2023-09-16,pending,2023-09-16 14:40:33,2023,9,3,37,5,1,0,5,False,False,False,False,False,True,False,False,False,False,9.594172498711684
9a03b506-3641-4cc0-bd87-a389b734cac0,00000000-0000-0000-0000-000000000002,587616fd-ba60-493e-ba92-b68a61b5cdce,09cd08c0-c83a-42f5-96cc-b9c13c2aa7e4,Office Supplies,Operational expense,46964.96,2024-09-02,approved,2024-09-02 13:15:50,2024,9,3,36,0,0,0,5,False,False,False,False,False,True,False,False,False,False,10.757178362973459
236f207d-a1c1-477f-b842-d8aa727dd934,00000000-0000-0000-0000-000000000002,587616fd-ba60-493e-ba92-b68a61b5cdce,07274486-6344-4009-ae28-b9027a51f93f,Marketing,Operational expense,49413.98,2023-09-14,approved,2023-09-14 13:33:00,2023,9,3,37,3,0,0,4,False,False,False,False,True,False,False,False,False,False,10.808008896074798
6b94aca1-6cb6-4c72-a573-d19aceba4f05,00000000-0000-0000-0000-000000000003,9b1ac5ce-ad4f-40d1-8b7c-0005176b143d,79c1732a-a6d1-4565-b515-c59de4dbdfe5,Marketing,Operational expense,40710.7,2022-07-08,approved,2022-07-08 10:21:57,2022,7,3,27,4,0,0,4,False,False,False,False,True,False,False,False,False,False,10.614270799406777
c9ec853d-8881-4bec-a7b2-899431b61dd3,00000000-0000-0000-0000-000000000002,b961632b-814f-4481-946b-17a792487aa7,f72410dd-3260-4ece-a477-1ae69ac1e84e,Maintenance,Operational expense,43326.57,2023-08-01,approved,2023-08-01 14:32:51,2023,8,3,31,1,0,0,3,False,False,False,True,False,False,False,False,False,False,10.676544431924325
6ed2e8c2-e858-4714-a850-09a4cf20bda1,00000000-0000-0000-0000-000000000001,0eb66abb-0d5d-4e88-a3ff-16776e267d83,7760d86e-b342-473c-8c64-b55d64aa491a,IT & Software,Operational expense,8808.75,2022-09-12,pending,2022-09-12 09:32:23,2022,9,3,37,0,0,0,0,True,False,False,False,False,False,False,False,False,False,9.0836143416831
cd204c20-9a80-4304-b43b-71020dad2e4f,00000000-0000-0000-0000-000000000001,0eb66abb-0d5d-4e88-a3ff-16776e267d83,9a16d7d2-dc18-4141-a14f-3394de4b98bc,Insurance,Operational expense,39431.93,2022-01-15,approved,2022-01-15 15:29:29,2022,1,1,2,5,1,0,1,False,True,False,False,False,False,False,False,False,False,10.582356533012755
8edfab0f-d98f-4087-ad63-7c4598dcf8a5,00000000-0000-0000-0000-000000000001,a01b7f2a-d4d0-48bf-bb89-c1040f55587a,3f0519f3-383c-48a1-8609-f4b51fd5ecd4,Logistics,Operational expense,11317.62,2024-09-26,pending,2024-09-26 13:18:11,2024,9,3,39,3,0,0,2,False,False,True,False,False,False,False,False,False,False,9.334204436198565
881ea7c1-eacf-4e42-9d8b-bbc2a1cd9e2e,00000000-0000-0000-0000-000000000003,7227b311-834f-4815-aa86-c5d464758be1,79c1732a-a6d1-4565-b515-c59de4dbdfe5,Insurance,Operational expense,21869.6,2022-02-17,approved,2022-02-17 10:20:20,2022,2,1,7,3,0,0,1,False,True,False,False,False,False,False,False,False,False,9.992898548136735
5f47f826-bc3c-42a6-be5f-ece0a422827b,00000000-0000-0000-0000-000000000002,5f6c98b4-4360-41ee-83a3-efc700651a04,e213801b-a706-48c3-9ba4-7db14d3912f3,Travel,Operational expense,12268.03,2023-06-07,pending,2023-06-07 09:40:36,2023,6,2,23,2,0,0,8,False,False,False,False,False,False,False,False,True,False,9.41483347997525
384246a6-92de-48ed-8a33-938a014c1d7f,00000000-0000-0000-0000-000000000001,0eb66abb-0d5d-4e88-a3ff-16776e267d83,4736f247-39f8-400c-b9ea-519dfbb485f6,Logistics,Operational expense,6723.13,2022-04-28,approved,2022-04-28 12:46:08,2022,4,2,17,3,0,0,2,False,False,True,False,False,False,False,False,False,False,8.813457828071535
0c1b7ec4-a0a7-428f-b8fe-fb5c15fbcf31,00000000-0000-0000-0000-000000000002,587616fd-ba60-493e-ba92-b68a61b5cdce,7f514159-0b19-4321-a308-daec53995d5a,Travel,Operational expense,5111.9,2023-05-06,pending,2023-05-06 14:53:27,2023,5,2,18,5,1,0,8,False,False,False,False,False,False,False,False,True,False,8.539522036899301
d1081251-5802-4c0d-b39c-18a10de0f8f0,00000000-0000-0000-0000-000000000003,9b1ac5ce-ad4f-40d1-8b7c-0005176b143d,9dd0c56d-a9cf-4c8d-a998-9df89eb48a85,Marketing,Operational expense,48721.24,2022-12-11,approved,2022-12-11 16:53:03,2022,12,4,49,6,1,0,4,False,False,False,False,True,False,False,False,False,False,10.793890878338363
a2fc1f4e-8d10-4d8b-9516-52b6412a3f08,00000000-0000-0000-0000-000000000003,9b1ac5ce-ad4f-40d1-8b7c-0005176b143d,9dd0c56d-a9cf-4c8d-a998-9df89eb48a85,IT & Software,Operational expense,44818.77,2024-07-10,pending,2024-07-10 17:35:58,2024,7,3,28,2,0,0,0,True,False,False,False,False,False,False,False,False,False,10.710404615704089
522dbfa4-4106-4de3-88a0-d0149adb7dd1,00000000-0000-0000-0000-000000000001,a01b7f2a-d4d0-48bf-bb89-c1040f55587a,4736f247-39f8-400c-b9ea-519dfbb485f6,Marketing,Operational expense,8270.91,2024-03-06,pending,2024-03-06 11:58:41,2024,3,1,10,2,0,0,4,False,False,False,False,True,False,False,False,False,False,9.020620716611653
b4cfa073-f892-4058-87f8-b34e3db86f27,00000000-0000-0000-0000-000000000003,470852ed-b70b-4f24-879a-6edb4193d8b6,29998a31-9af5-4c58-9bfe-cde4f9a96969,Insurance,Operational expense,25920.39,2024-01-27,approved,2024-01-27 18:31:25,2024,1,1,4,5,1,0,1,False,True,False,False,False,False,False,False,False,False,10.16282377557157
6741fcb9-29d8-4724-935c-35c0e5e7d160,00000000-0000-0000-0000-000000000003,7227b311-834f-4815-aa86-c5d464758be1,74245d66-8df4-4678-b1e9-76d5e231caff,Logistics,Operational expense,42546.45,2023-10-02,approved,2023-10-02 15:41:07,2023,10,4,40,0,0,0,2,False,False,True,False,False,False,False,False,False,False,10.658375202710964
a354ad95-6125-4fe1-aab7-3cfda7b8f355,00000000-0000-0000-0000-000000000002,5f6c98b4-4360-41ee-83a3-efc700651a04,517d046e-f5e7-4244-8dab-e8995b9bfdc4,Insurance,Operational expense,3738.2,2023-07-16,approved,2023-07-16 14:50:59,2023,7,3,28,6,1,0,1,False,True,False,False,False,False,False,False,False,False,8.226626963784593
19b96483-e589-479b-9a28-624f0b6180df,00000000-0000-0000-0000-000000000001,a01b7f2a-d4d0-48bf-bb89-c1040f55587a,f17772cf-7a8e-4e04-aeef-8c148fe1a7e5,Marketing,Operational expense,43936.23,2024-07-09,rejected,2024-07-09 13:00:10,2024,7,3,28,1,0,0,4,False,False,False,False,True,False,False,False,False,False,10.690517303441679
cc76857b-369c-47ce-be55-ad3eb1b545c3,00000000-0000-0000-0000-000000000002,5f6c98b4-4360-41ee-83a3-efc700651a04,9d2a5f48-38f2-46be-b733-c1b9f1c891c4,Office Supplies,Operational expense,24079.73,2023-03-14,approved,2023-03-14 17:38:04,2023,3,1,11,1,0,0,5,False,False,False,False,False,True,False,False,False,False,10.089167214577866
63c4bccc-dfa9-4e1d-bb7e-a2c662ba44a2,00000000-0000-0000-0000-000000000002,587616fd-ba60-493e-ba92-b68a61b5cdce,2afe7cda-5682-4c01-a59f-5f13090047f6,Maintenance,Operational expense,7202.77,2022-11-05,pending,2022-11-05 14:13:29,2022,11,4,44,5,1,0,3,False,False,False,True,False,False,False,False,False,False,8.882359779078794
41e2e6f3-c45f-4a13-adb1-1d7a2710d97f,00000000-0000-0000-0000-000000000003,9b1ac5ce-ad4f-40d1-8b7c-0005176b143d,29998a31-9af5-4c58-9bfe-cde4f9a96969,Travel,Operational expense,42479.41,2023-07-08,approved,2023-07-08 11:06:05,2023,7,3,27,5,1,0,8,False,False,False,False,False,False,False,False,True,False,10.656798307469998
f388b060-44df-4c35-a7e7-732448f8007e,00000000-0000-0000-0000-000000000001,0eb66abb-0d5d-4e88-a3ff-16776e267d83,7760d86e-b342-473c-8c64-b55d64aa491a,Logistics,Operational expense,4776.75,2023-09-24,approved,2023-09-24 09:35:16,2023,9,3,38,6,1,0,2,False,False,True,False,False,False,False,False,False,False,8.471725003369091
a13c0c68-6c37-4eec-a7a9-9b388cbb6b28,00000000-0000-0000-0000-000000000001,51fd3682-4888-4a55-92f7-281307c67941,f0e9f4da-9ca0-492d-a21e-3f8a819f9184,Logistics,Operational expense,19224.91,2023-12-14,approved,2023-12-14 09:05:32,2023,12,4,50,3,0,0,2,False,False,True,False,False,False,False,False,False,False,9.864014127453878
3b0c4141-4d35-4aa2-ae42-424c33a3690f,00000000-0000-0000-0000-000000000003,7227b311-834f-4815-aa86-c5d464758be1,33baaf1c-3618-44b5-b42a-4673992689f8,Logistics,Operational expense,41462.33,2024-07-20,pending,2024-07-20 08:00:47,2024,7,3,29,5,1,0,2,False,False,True,False,False,False,False,False,False,False,10.632564701143583
aee5ba0e-a020-44af-9f60-53c8fadc28ba,00000000-0000-0000-0000-000000000001,0eb66abb-0d5d-4e88-a3ff-16776e267d83,ea13a2c7-2a88-40f3-b073-4e507c524f18,Insurance,Operational expense,42026.63,2023-11-14,pending,2023-11-14 11:40:59,2023,11,4,46,1,0,0,1,False,True,False,False,False,False,False,False,False,False,10.646082538115207
73d0b3a9-b963-4aa4-a4b0-666a0235c9fd,00000000-0000-0000-0000-000000000003,9b1ac5ce-ad4f-40d1-8b7c-0005176b143d,61d2418d-6936-4075-a481-1d994952d89b,IT & Software,Operational expense,13823.62,2024-09-03,approved,2024-09-03 10:54:46,2024,9,3,36,1,0,0,0,True,False,False,False,False,False,False,False,False,False,9.534206339575164
d8dfe260-7528-4a9b-9f67-34eb5d29ef4c,00000000-0000-0000-0000-000000000002,b961632b-814f-4481-946b-17a792487aa7,09cd08c0-c83a-42f5-96cc-b9c13c2aa7e4,Maintenance,Operational expense,14610.29,2024-11-24,pending,2024-11-24 14:36:09,2024,11,4,47,6,1,0,3,False,False,False,True,False,False,False,False,False,False,9.589549796534795
335e8eb7-0df1-43c7-9042-45f53c34ee3b,00000000-0000-0000-0000-000000000001,51fd3682-4888-4a55-92f7-281307c67941,eaefa70d-63c2-4537-b86d-2205b826bb2e,Logistics,Operational expense,28411.38,2023-09-13,approved,2023-09-13 14:59:35,2023,9,3,37,2,0,0,2,False,False,True,False,False,False,False,False,False,False,10.2545802446587
27bc7ffb-9b9e-4864-b104-7898c4c6c85d,00000000-0000-0000-0000-000000000002,b961632b-814f-4481-946b-17a792487aa7,9d2a5f48-38f2-46be-b733-c1b9f1c891c4,Marketing,Operational expense,15889.09,2023-02-25,pending,2023-02-25 14:54:59,2023,2,1,8,5,1,0,4,False,False,False,False,True,False,False,False,False,False,9.673450923454306
d65f0343-6df0-4923-a0c8-cb14c28f0403,00000000-0000-0000-0000-000000000003,9b1ac5ce-ad4f-40d1-8b7c-0005176b143d,e452be79-f94b-4709-88bf-8f66053789c4,Travel,Operational expense,33556.41,2022-10-26,approved,2022-10-26 15:20:38,2022,10,4,43,2,0,0,8,False,False,False,False,False,False,False,False,True,False,10.421012982394402
e445a1a8-6e60-4d20-90ca-46a2efc7fcee,00000000-0000-0000-0000-000000000001,a01b7f2a-d4d0-48bf-bb89-c1040f55587a,7760d86e-b342-473c-8c64-b55d64aa491a,Insurance,Operational expense,25863.62,2022-01-01,approved,2022-01-01 11:34:02,2022,1,1,52,5,1,0,1,False,True,False,False,False,False,False,False,False,False,10.160631290661414
f0f84519-0feb-4e00-9ddb-94557402e469,00000000-0000-0000-0000-000000000001,a01b7f2a-d4d0-48bf-bb89-c1040f55587a,3f0519f3-383c-48a1-8609-f4b51fd5ecd4,Office Supplies,Operational expense,28784.01,2022-07-27,pending,2022-07-27 14:14:24,2022,7,3,30,2,0,0,5,False,False,False,False,False,True,False,False,False,False,10.267610044513011
1c4d3b67-f449-4f38-92da-242f0d71b1a8,00000000-0000-0000-0000-000000000003,470852ed-b70b-4f24-879a-6edb4193d8b6,1db94196-443a-440f-ad7e-c4422bb047e3,Maintenance,Operational expense,3512.66,2022-12-29,approved,2022-12-29 14:17:31,2022,12,4,52,3,0,0,3,False,False,False,True,False,False,False,False,False,False,8.164413508232087
edbf4425-e1fc-44f9-bc12-0162d80d712d,00000000-0000-0000-0000-000000000003,470852ed-b70b-4f24-879a-6edb4193d8b6,79c1732a-a6d1-4565-b515-c59de4dbdfe5,Insurance,Operational expense,9519.86,2024-12-31,approved,2024-12-31 09:08:49,2024,12,4,1,1,0,1,1,False,True,False,False,False,False,False,False,False,False,9.161240459839801
930b8bd2-a199-497f-a493-af44867d0b26,00000000-0000-0000-0000-000000000001,51fd3682-4888-4a55-92f7-281307c67941,5a96b78c-2c6b-4aaa-88b5-7c7485705113,IT & Software,Operational expense,29694.87,2022-04-04,approved,2022-04-04 13:32:02,2022,4,2,14,0,0,0,0,True,False,False,False,False,False,False,False,False,False,10.29876325788238
e04d02d7-f3a3-4a7c-b409-c5dda613b2a0,00000000-0000-0000-0000-000000000003,470852ed-b70b-4f24-879a-6edb4193d8b6,355d120a-98dd-4393-a62e-df5f4b8a455b,Maintenance,Operational expense,14593.42,2022-12-26,approved,2022-12-26 11:09:12,2022,12,4,52,0,0,0,3,False,False,False,True,False,False,False,False,False,False,9.588394542861712
4fb9a0f6-e0a6-4cfc-a908-13eaf0676cee,00000000-0000-0000-0000-000000000002,5f6c98b4-4360-41ee-83a3-efc700651a04,c75c1d53-938d-4640-b118-e5ada06ce255,Logistics,Operational expense,39904.65,2022-02-22,approved,2022-02-22 12:53:52,2022,2,1,8,1,0,0,2,False,False,True,False,False,False,False,False,False,False,10.594273196863078
3df419bf-d7a5-44c5-b551-1b1778c2ffc5,00000000-0000-0000-0000-000000000002,5f6c98b4-4360-41ee-83a3-efc700651a04,09cd08c0-c83a-42f5-96cc-b9c13c2aa7e4,IT & Software,Operational expense,22730.68,2024-10-07,pending,2024-10-07 17:50:12,2024,10,4,41,0,0,0,0,True,False,False,False,False,False,False,False,False,False,10.03151482524596
2a2f638d-b6ca-477c-9ec3-04eb47412ec1,00000000-0000-0000-0000-000000000001,0eb66abb-0d5d-4e88-a3ff-16776e267d83,f17772cf-7a8e-4e04-aeef-8c148fe1a7e5,IT & Software,Operational expense,1205.37,2024-07-19,approved,2024-07-19 13:29:32,2024,7,3,29,4,0,0,0,True,False,False,False,False,False,False,False,False,False,7.095371129570488
270b63c2-fdbc-4d96-9e12-0bbc879d937a,00000000-0000-0000-0000-000000000003,9b1ac5ce-ad4f-40d1-8b7c-0005176b143d,79c1732a-a6d1-4565-b515-c59de4dbdfe5,Logistics,Operational expense,42771.86,2022-04-08,approved,2022-04-08 17:53:36,2022,4,2,14,4,0,0,2,False,False,True,False,False,False,False,False,False,False,10.663659068286215
4ae9ee09-cec5-4737-971d-74088d389118,00000000-0000-0000-0000-000000000001,0eb66abb-0d5d-4e88-a3ff-16776e267d83,eaefa70d-63c2-4537-b86d-2205b826bb2e,Travel,Operational expense,45491.01,2024-12-31,approved,2024-12-31 18:01:29,2024,12,4,1,1,0,1,8,False,False,False,False,False,False,False,False,True,False,10.72529198512318
c0f73d77-3d77-40c0-88b9-37d746d054c9,00000000-0000-0000-0000-000000000003,9b1ac5ce-ad4f-40d1-8b7c-0005176b143d,8626b762-d8ef-4e32-8446-33cdac213522,Marketing,Operational expense,3030.63,2022-09-22,approved,2022-09-22 11:10:53,2022,9,3,38,3,0,0,4,False,False,False,False,True,False,False,False,False,False,8.016855707653525
d5976910-6177-4dee-9fa0-0cf21056d349,00000000-0000-0000-0000-000000000001,a01b7f2a-d4d0-48bf-bb89-c1040f55587a,f577e0e3-284e-4c71-8d16-74f51d0fe305,Maintenance,Operational expense,38044.57,2022-12-06,pending,2022-12-06 08:16:23,2022,12,4,49,1,0,0,3,False,False,False,True,False,False,False,False,False,False,10.546539930756243
29dc1823-f57e-4bd5-aa36-c33e8a885e30,00000000-0000-0000-0000-000000000002,5f6c98b4-4360-41ee-83a3-efc700651a04,bcde24c7-84f3-4459-afee-eba83339896c,Marketing,Operational expense,48091.72,2023-04-02,approved,2023-04-02 18:20:37,2023,4,2,13,6,1,0,4,False,False,False,False,True,False,False,False,False,False,10.78088609328773
46880f21-0a5e-46ba-90aa-abb1076a8341,00000000-0000-0000-0000-000000000002,b961632b-814f-4481-946b-17a792487aa7,6708a3ae-03ac-432d-8065-25bbf8f3a753,Maintenance,Operational expense,10323.93,2024-07-06,rejected,2024-07-06 16:39:13,2024,7,3,27,5,1,0,3,False,False,False,True,False,False,False,False,False,False,9.242316638145235
3ea36d40-d418-4635-b323-fdcb4f3f1ebb,00000000-0000-0000-0000-000000000001,51fd3682-4888-4a55-92f7-281307c67941,3f0519f3-383c-48a1-8609-f4b51fd5ecd4,Insurance,Operational expense,33845.6,2022-09-20,approved,2022-09-20 18:59:01,2022,9,3,38,1,0,0,1,False,True,False,False,False,False,False,False,False,False,10.42959383016421
ccb52958-04fe-4c5c-a39b-91dc834e21ac,00000000-0000-0000-0000-000000000001,51fd3682-4888-4a55-92f7-281307c67941,eaefa70d-63c2-4537-b86d-2205b826bb2e,Marketing,Operational expense,33635.47,2023-08-04,approved,2023-08-04 13:04:29,2023,8,3,31,4,0,0,4,False,False,False,False,True,False,False,False,False,False,10.423366173979199
e9db899d-7cba-489d-980c-92e4ff8082d1,00000000-0000-0000-0000-000000000001,0eb66abb-0d5d-4e88-a3ff-16776e267d83,eaefa70d-63c2-4537-b86d-2205b826bb2e,Office Supplies,Operational expense,42505.27,2023-12-30,pending,2023-12-30 09:28:58,2023,12,4,52,5,1,0,5,False,False,False,False,False,True,False,False,False,False,10.657406873442879
3abebf2d-5fce-4972-8c82-a9708df08c7e,00000000-0000-0000-0000-000000000003,470852ed-b70b-4f24-879a-6edb4193d8b6,8626b762-d8ef-4e32-8446-33cdac213522,Insurance,Operational expense,32827.76,2022-05-04,approved,2022-05-04 09:53:16,2022,5,2,18,2,0,0,1,False,True,False,False,False,False,False,False,False,False,10.399060239450309
3cb8fa2b-d0cd-4498-9a82-8188e6ce785c,00000000-0000-0000-0000-000000000003,470852ed-b70b-4f24-879a-6edb4193d8b6,9dd0c56d-a9cf-4c8d-a998-9df89eb48a85,Office Supplies,Operational expense,37825.64,2023-09-25,approved,2023-09-25 14:40:05,2023,9,3,39,0,0,0,5,False,False,False,False,False,True,False,False,False,False,10.54076889528439
28e27dde-cb59-4faf-99fc-876563c6f941,00000000-0000-0000-0000-000000000002,5f6c98b4-4360-41ee-83a3-efc700651a04,2afe7cda-5682-4c01-a59f-5f13090047f6,Logistics,Operational expense,8487.84,2024-02-21,approved,2024-02-21 10:37:53,2024,2,1,8,2,0,0,2,False,False,True,False,False,False,False,False,False,False,9.046507638639504
938313f7-6ffd-4926-9987-22a7f3c5b49d,00000000-0000-0000-0000-000000000001,0eb66abb-0d5d-4e88-a3ff-16776e267d83,5a96b78c-2c6b-4aaa-88b5-7c7485705113,Maintenance,Operational expense,45024.51,2024-01-11,approved,2024-01-11 15:01:05,2024,1,1,2,3,0,0,3,False,False,False,True,False,False,False,False,False,False,10.71498449702054
865acc5d-5122-4ed6-ae79-4a9d630bf9a1,00000000-0000-0000-0000-000000000001,a01b7f2a-d4d0-48bf-bb89-c1040f55587a,eaefa70d-63c2-4537-b86d-2205b826bb2e,Logistics,Operational expense,35282.39,2024-05-05,approved,2024-05-05 13:52:53,2024,5,2,18,6,1,0,2,False,False,True,False,False,False,False,False,False,False,10.471167593939903
fa332732-5e58-4aa3-b8e0-d3464d58a4a3,00000000-0000-0000-0000-000000000003,470852ed-b70b-4f24-879a-6edb4193d8b6,1db94196-443a-440f-ad7e-c4422bb047e3,Marketing,Operational expense,23241.85,2023-04-18,approved,2023-04-18 08:34:10,2023,4,2,16,1,0,0,4,False,False,False,False,True,False,False,False,False,False,10.053752836837694
fb018726-6e6f-4244-baa1-801e88a9c730,00000000-0000-0000-0000-000000000001,a01b7f2a-d4d0-48bf-bb89-c1040f55587a,f0e9f4da-9ca0-492d-a21e-3f8a819f9184,Office Supplies,Operational expense,3875.86,2023-05-25,approved,2023-05-25 12:09:05,2023,5,2,21,3,0,0,5,False,False,False,False,False,True,False,False,False,False,8.262780826624299
09cafffd-5fed-431d-82bc-8ee3ec0ec8a3,00000000-0000-0000-0000-000000000001,0eb66abb-0d5d-4e88-a3ff-16776e267d83,9a16d7d2-dc18-4141-a14f-3394de4b98bc,Marketing,Operational expense,32176.54,2023-06-22,approved,2023-06-22 11:52:07,2023,6,2,25,3,0,0,4,False,False,False,False,True,False,False,False,False,False,10.379023972627413
158791ee-0150-4e8e-8701-ca45d8660ce9,00000000-0000-0000-0000-000000000002,587616fd-ba60-493e-ba92-b68a61b5cdce,9d2a5f48-38f2-46be-b733-c1b9f1c891c4,Maintenance,Operational expense,30920.58,2022-12-30,approved,2022-12-30 17:16:43,2022,12,4,52,4,0,0,3,False,False,False,True,False,False,False,False,False,False,10.339209601007719
a4ab41df-f522-4c5e-b034-17b281c66d18,00000000-0000-0000-0000-000000000002,b961632b-814f-4481-946b-17a792487aa7,c75c1d53-938d-4640-b118-e5ada06ce255,Marketing,Operational expense,44675.4,2022-02-14,approved,2022-02-14 08:08:12,2022,2,1,7,0,0,0,4,False,False,False,False,True,False,False,False,False,False,10.707200676973667
d6c3520f-aa62-4bd0-a632-2c822341cdce,00000000-0000-0000-0000-000000000001,51fd3682-4888-4a55-92f7-281307c67941,9a16d7d2-dc18-4141-a14f-3394de4b98bc,Maintenance,Operational expense,951.43,2023-11-15,approved,2023-11-15 17:09:58,2023,11,4,46,2,0,0,3,False,False,False,True,False,False,False,False,False,False,6.8590166134866255
72582f9c-fd61-48d9-9823-bf4ede6a8a09,00000000-0000-0000-0000-000000000002,b961632b-814f-4481-946b-17a792487aa7,9d2a5f48-38f2-46be-b733-c1b9f1c891c4,IT & Software,Operational expense,13515.41,2024-10-06,approved,2024-10-06 18:19:00,2024,10,4,40,6,1,0,0,True,False,False,False,False,False,False,False,False,False,9.511659781792568
1336201a-cf7a-4a46-9db3-64d284544f78,00000000-0000-0000-0000-000000000001,51fd3682-4888-4a55-92f7-281307c67941,ea13a2c7-2a88-40f3-b073-4e507c524f18,Marketing,Operational expense,27425.64,2022-09-22,pending,2022-09-22 11:30:53,2022,9,3,38,3,0,0,4,False,False,False,False,True,False,False,False,False,False,10.219270082808569
b4302f2f-8185-4f14-b347-5fb1b7c61bc5,00000000-0000-0000-0000-000000000001,0eb66abb-0d5d-4e88-a3ff-16776e267d83,f577e0e3-284e-4c71-8d16-74f51d0fe305,IT & Software,Operational expense,48894.44,2023-03-13,approved,2023-03-13 18:33:04,2023,3,1,11,0,0,0,0,True,False,False,False,False,False,False,False,False,False,10.797439419581027
58435f27-3085-47ce-a8a3-78249d3e6cb1,00000000-0000-0000-0000-000000000003,470852ed-b70b-4f24-879a-6edb4193d8b6,8626b762-d8ef-4e32-8446-33cdac213522,Marketing,Operational expense,22062.85,2024-10-12,approved,2024-10-12 08:01:53,2024,10,4,41,5,1,0,4,False,False,False,False,True,False,False,False,False,False,10.001695801605333
46cc88b8-0987-40f0-a302-b835a28ae555,00000000-0000-0000-0000-000000000002,b961632b-814f-4481-946b-17a792487aa7,09cd08c0-c83a-42f5-96cc-b9c13c2aa7e4,Travel,Operational expense,30666.36,2024-01-05,rejected,2024-01-05 09:02:51,2024,1,1,1,4,0,0,8,False,False,False,False,False,False,False,False,True,False,10.330954175803146
7441519a-9076-43c6-8d84-608cd98cbc47,00000000-0000-0000-0000-000000000002,587616fd-ba60-493e-ba92-b68a61b5cdce,e213801b-a706-48c3-9ba4-7db14d3912f3,Office Supplies,Operational expense,38132.67,2024-12-16,pending,2024-12-16 12:27:48,2024,12,4,51,0,0,0,5,False,False,False,False,False,True,False,False,False,False,10.54885289789208
a3b5544d-409e-426c-924d-7f33a3e8c884,00000000-0000-0000-0000-000000000001,51fd3682-4888-4a55-92f7-281307c67941,4736f247-39f8-400c-b9ea-519dfbb485f6,Insurance,Operational expense,36193.46,2024-07-25,approved,2024-07-25 10:03:12,2024,7,3,30,3,0,0,1,False,True,False,False,False,False,False,False,False,False,10.496661347428217
c80077c7-6d83-4756-963c-e160cb2d775b,00000000-0000-0000-0000-000000000001,0eb66abb-0d5d-4e88-a3ff-16776e267d83,ea13a2c7-2a88-40f3-b073-4e507c524f18,Maintenance,Operational expense,31841.72,2024-04-14,pending,2024-04-14 10:03:30,2024,4,2,15,6,1,0,3,False,False,False,True,False,False,False,False,False,False,10.368564063445307
c09c9102-98e9-4b22-ae68-6d6ee91835b3,00000000-0000-0000-0000-000000000001,0eb66abb-0d5d-4e88-a3ff-16776e267d83,4736f247-39f8-400c-b9ea-519dfbb485f6,Marketing,Operational expense,22642.81,2023-03-27,pending,2023-03-27 16:06:48,2023,3,1,13,0,0,0,4,False,False,False,False,True,False,False,False,False,False,10.027641804377664
8e9c5c99-cefa-4ab5-86a4-e99e71a9da33,00000000-0000-0000-0000-000000000001,51fd3682-4888-4a55-92f7-281307c67941,aadd1a3f-3f20-499a-b950-51966ac9090c,IT & Software,Operational expense,20237.91,2022-11-25,pending,2022-11-25 11:58:17,2022,11,4,47,4,0,0,0,True,False,False,False,False,False,False,False,False,False,9.915362268196295
bd7cef2f-058b-462f-960b-b2a41372435a,00000000-0000-0000-0000-000000000001,51fd3682-4888-4a55-92f7-281307c67941,5a96b78c-2c6b-4aaa-88b5-7c7485705113,Marketing,Operational expense,20729.22,2023-06-22,approved,2023-06-22 11:56:36,2023,6,2,25,3,0,0,4,False,False,False,False,True,False,False,False,False,False,9.9393478180122
68e158c6-681c-4270-8194-c9fb303ed240,00000000-0000-0000-0000-000000000003,7227b311-834f-4815-aa86-c5d464758be1,3b9ffffd-ca39-4330-b08f-59cdb916323f,Travel,Operational expense,9184.78,2023-03-22,approved,2023-03-22 15:23:32,2023,3,1,12,2,0,0,8,False,False,False,False,False,False,False,False,True,False,9.125411915110593
926635bf-8a38-43f3-b75c-6911e3fbd1b4,00000000-0000-0000-0000-000000000003,470852ed-b70b-4f24-879a-6edb4193d8b6,1db94196-443a-440f-ad7e-c4422bb047e3,Travel,Operational expense,23673.96,2024-09-29,pending,2024-09-29 09:27:44,2024,9,3,39,6,1,0,8,False,False,False,False,False,False,False,False,True,False,10.072173228506918
5eb31869-edab-45dd-978c-7df5e5939a7c,00000000-0000-0000-0000-000000000001,a01b7f2a-d4d0-48bf-bb89-c1040f55587a,163b0e08-1801-4ae5-af8c-f287fbcdff7c,Travel,Operational expense,39534.72,2023-09-22,pending,2023-09-22 16:15:26,2023,9,3,38,4,0,0,8,False,False,False,False,False,False,False,False,True,False,10.584959846050339
545baae3-49f1-4d0b-a000-54a974768e2a,00000000-0000-0000-0000-000000000001,0eb66abb-0d5d-4e88-a3ff-16776e267d83,aadd1a3f-3f20-499a-b950-51966ac9090c,Marketing,Operational expense,27161.13,2022-04-13,approved,2022-04-13 18:35:30,2022,4,2,15,2,0,0,4,False,False,False,False,True,False,False,False,False,False,10.209579002750786
8e77d7fc-a966-4a43-94d8-19c860548b9b,00000000-0000-0000-0000-000000000003,9b1ac5ce-ad4f-40d1-8b7c-0005176b143d,355d120a-98dd-4393-a62e-df5f4b8a455b,Travel,Operational expense,4946.23,2024-09-02,approved,2024-09-02 14:50:38,2024,9,3,36,0,0,0,8,False,False,False,False,False,False,False,False,True,False,8.506583102970884
7e515f3f-c3a8-4ddd-9d99-99b8fd694875,00000000-0000-0000-0000-000000000002,587616fd-ba60-493e-ba92-b68a61b5cdce,07274486-6344-4009-ae28-b9027a51f93f,Insurance,Operational expense,30862.33,2024-10-29,pending,2024-10-29 10:00:15,2024,10,4,44,1,0,0,1,False,True,False,False,False,False,False,False,False,False,10.337324026770954
498c2b1e-08a9-4791-a39b-e94962a8c59a,00000000-0000-0000-0000-000000000003,470852ed-b70b-4f24-879a-6edb4193d8b6,3b9ffffd-ca39-4330-b08f-59cdb916323f,Logistics,Operational expense,6011.48,2022-12-23,rejected,2022-12-23 17:27:26,2022,12,4,51,4,0,0,2,False,False,True,False,False,False,False,False,False,False,8.701592588005157
fc49afa9-7588-4642-994b-1383c36ea999,00000000-0000-0000-0000-000000000003,470852ed-b70b-4f24-879a-6edb4193d8b6,9dd0c56d-a9cf-4c8d-a998-9df89eb48a85,Marketing,Operational expense,1920.23,2024-01-18,pending,2024-01-18 15:42:48,2024,1,1,3,3,0,0,4,False,False,False,False,True,False,False,False,False,False,7.560720884909228
9c54ffe2-8fa5-4a05-b5cf-c4e6b364b9c8,00000000-0000-0000-0000-000000000003,7227b311-834f-4815-aa86-c5d464758be1,79c1732a-a6d1-4565-b515-c59de4dbdfe5,IT & Software,Operational expense,43137.83,2023-07-04,approved,2023-07-04 12:09:58,2023,7,3,27,1,0,0,0,True,False,False,False,False,False,False,False,False,False,10.672178798573976
6d98f305-deeb-493d-822e-9cfdcfff0ce4,00000000-0000-0000-0000-000000000002,587616fd-ba60-493e-ba92-b68a61b5cdce,6708a3ae-03ac-432d-8065-25bbf8f3a753,Travel,Operational expense,33497.6,2022-05-27,approved,2022-05-27 08:32:44,2022,5,2,21,4,0,0,8,False,False,False,False,False,False,False,False,True,False,10.419258925895111
f2bfe8b1-f136-4bf2-95cb-e66418473c03,00000000-0000-0000-0000-000000000001,a01b7f2a-d4d0-48bf-bb89-c1040f55587a,5a96b78c-2c6b-4aaa-88b5-7c7485705113,Maintenance,Operational expense,28234.4,2024-05-25,approved,2024-05-25 10:20:22,2024,5,2,21,5,1,0,3,False,False,False,True,False,False,False,False,False,False,10.248331788820826
d25d72d7-6a90-4393-8840-888263b92926,00000000-0000-0000-0000-000000000003,9b1ac5ce-ad4f-40d1-8b7c-0005176b143d,9dd0c56d-a9cf-4c8d-a998-9df89eb48a85,Insurance,Operational expense,22312.66,2022-04-11,approved,2022-04-11 10:29:26,2022,4,2,15,0,0,0,1,False,True,False,False,False,False,False,False,False,False,10.012954325966142
4eab3bf1-690d-4e23-b8e4-89a3c6ec348d,00000000-0000-0000-0000-000000000001,51fd3682-4888-4a55-92f7-281307c67941,163b0e08-1801-4ae5-af8c-f287fbcdff7c,Marketing,Operational expense,44203.08,2024-11-21,approved,2024-11-21 08:18:55,2024,11,4,47,3,0,0,4,False,False,False,False,True,False,False,False,False,False,10.696572371498004
79d19eaa-c217-442e-becd-165a63be63cf,00000000-0000-0000-0000-000000000001,a01b7f2a-d4d0-48bf-bb89-c1040f55587a,f577e0e3-284e-4c71-8d16-74f51d0fe305,Maintenance,Operational expense,33549.71,2024-09-05,pending,2024-09-05 18:48:13,2024,9,3,36,3,0,0,3,False,False,False,True,False,False,False,False,False,False,10.420813304620019
b1fc1fd6-10c3-42c2-9a69-224c94a738c6,00000000-0000-0000-0000-000000000002,b961632b-814f-4481-946b-17a792487aa7,07274486-6344-4009-ae28-b9027a51f93f,Maintenance,Operational expense,5912.17,2023-02-18,approved,2023-02-18 13:24:46,2023,2,1,7,5,1,0,3,False,False,False,True,False,False,False,False,False,False,8.684937345618948
a67ff018-78d5-40c2-bae8-827cadcbd3df,00000000-0000-0000-0000-000000000001,a01b7f2a-d4d0-48bf-bb89-c1040f55587a,eaefa70d-63c2-4537-b86d-2205b826bb2e,Office Supplies,Operational expense,39912.54,2022-03-14,approved,2022-03-14 12:56:54,2022,3,1,11,0,0,0,5,False,False,False,False,False,True,False,False,False,False,10.594470893683246
2f887381-04f7-4094-ae45-39a76362f9d6,00000000-0000-0000-0000-000000000001,51fd3682-4888-4a55-92f7-281307c67941,5a96b78c-2c6b-4aaa-88b5-7c7485705113,Travel,Operational expense,33749.26,2024-01-20,pending,2024-01-20 14:00:24,2024,1,1,3,5,1,0,8,False,False,False,False,False,False,False,False,True,False,10.426743399974706
e4d4c8e7-47c7-4a94-874a-0aed692869bd,00000000-0000-0000-0000-000000000003,470852ed-b70b-4f24-879a-6edb4193d8b6,3b9ffffd-ca39-4330-b08f-59cdb916323f,Office Supplies,Operational expense,48281.24,2022-03-31,rejected,2022-03-31 09:22:20,2022,3,1,13,3,0,1,5,False,False,False,False,False,True,False,False,False,False,10.784819070158404
8e121152-0ddc-4368-bb26-f2fecbb9024a,00000000-0000-0000-0000-000000000002,b961632b-814f-4481-946b-17a792487aa7,07274486-6344-4009-ae28-b9027a51f93f,Insurance,Operational expense,8682.45,2022-07-02,approved,2022-07-02 09:52:46,2022,7,3,26,5,1,0,1,False,True,False,False,False,False,False,False,False,False,9.069174194123722
469a0f1c-c380-4e40-9fe1-b36160f31185,00000000-0000-0000-0000-000000000002,587616fd-ba60-493e-ba92-b68a61b5cdce,81c496fc-1d35-4405-9a7d-ae0a15104d5b,Logistics,Operational expense,26070.44,2023-03-27,approved,2023-03-27 16:53:59,2023,3,1,13,0,0,0,2,False,False,True,False,False,False,False,False,False,False,10.168595741305438
245e063f-438a-43bb-9673-dc27aa94cba2,00000000-0000-0000-0000-000000000001,0eb66abb-0d5d-4e88-a3ff-16776e267d83,f0e9f4da-9ca0-492d-a21e-3f8a819f9184,Insurance,Operational expense,24151.27,2023-04-12,approved,2023-04-12 11:46:25,2023,4,2,15,2,0,0,1,False,True,False,False,False,False,False,False,False,False,10.092133650522598
1f4955ea-9473-451a-aecd-af0692e79c08,00000000-0000-0000-0000-000000000002,b961632b-814f-4481-946b-17a792487aa7,81c496fc-1d35-4405-9a7d-ae0a15104d5b,Office Supplies,Operational expense,12138.59,2022-07-10,approved,2022-07-10 16:43:58,2022,7,3,27,6,1,0,5,False,False,False,False,False,True,False,False,False,False,9.404227291390791
98c0e7cd-89c5-4ea2-ab63-b706cb7a2d8b,00000000-0000-0000-0000-000000000003,9b1ac5ce-ad4f-40d1-8b7c-0005176b143d,61d2418d-6936-4075-a481-1d994952d89b,Travel,Operational expense,31699.09,2022-07-01,approved,2022-07-01 17:26:21,2022,7,3,26,4,0,0,8,False,False,False,False,False,False,False,False,True,False,10.364074798978061
ebbbb17d-1459-471e-86ff-3edfcbcaa115,00000000-0000-0000-0000-000000000003,9b1ac5ce-ad4f-40d1-8b7c-0005176b143d,29998a31-9af5-4c58-9bfe-cde4f9a96969,Maintenance,Operational expense,25326.46,2024-12-23,approved,2024-12-23 09:15:12,2024,12,4,52,0,0,0,3,False,False,False,True,False,False,False,False,False,False,10.13964446161556
45021d18-b13f-4ea9-b35f-51912f111b8f,00000000-0000-0000-0000-000000000003,7227b311-834f-4815-aa86-c5d464758be1,9dd0c56d-a9cf-4c8d-a998-9df89eb48a85,Logistics,Operational expense,33833.58,2023-03-13,approved,2023-03-13 09:41:41,2023,3,1,11,0,0,0,2,False,False,True,False,False,False,False,False,False,False,10.429238635407666
e5aa3f44-17fb-4e13-a766-c77414aeba28,00000000-0000-0000-0000-000000000003,7227b311-834f-4815-aa86-c5d464758be1,3b9ffffd-ca39-4330-b08f-59cdb916323f,IT & Software,Operational expense,15192.55,2024-01-01,approved,2024-01-01 12:20:30,2024,1,1,1,0,0,0,0,True,False,False,False,False,False,False,False,False,False,9.628626274670516
11d237b3-9e85-4a09-b03e-c8b67c1a56ad,00000000-0000-0000-0000-000000000001,0eb66abb-0d5d-4e88-a3ff-16776e267d83,aadd1a3f-3f20-499a-b950-51966ac9090c,Maintenance,Operational expense,10274.23,2024-05-06,approved,2024-05-06 15:52:18,2024,5,2,19,0,0,0,3,False,False,False,True,False,False,False,False,False,False,9.237491423542131
473c1d63-472c-4000-89bf-cff45f6772f2,00000000-0000-0000-0000-000000000002,587616fd-ba60-493e-ba92-b68a61b5cdce,bcde24c7-84f3-4459-afee-eba83339896c,Office Supplies,Operational expense,29386.13,2022-09-03,pending,2022-09-03 15:50:24,2022,9,3,35,5,1,0,5,False,False,False,False,False,True,False,False,False,False,10.288312102381996
f47a4d00-7e82-4f71-8a6b-c427399751cf,00000000-0000-0000-0000-000000000003,7227b311-834f-4815-aa86-c5d464758be1,045901bc-3a1a-4a0b-bd8b-876c218464f4,Travel,Operational expense,35785.64,2022-09-08,approved,2022-09-08 12:45:39,2022,9,3,36,3,0,0,8,False,False,False,False,False,False,False,False,True,False,10.48532991838064
8dc89e91-a69a-43a4-901a-199be5c0d12f,00000000-0000-0000-0000-000000000003,9b1ac5ce-ad4f-40d1-8b7c-0005176b143d,79c1732a-a6d1-4565-b515-c59de4dbdfe5,IT & Software,Operational expense,27531.33,2024-11-06,approved,2024-11-06 18:53:07,2024,11,4,45,2,0,0,0,True,False,False,False,False,False,False,False,False,False,10.223116229499016
c52ba968-1889-42bc-9b63-0fb93f8657bc,00000000-0000-0000-0000-000000000003,7227b311-834f-4815-aa86-c5d464758be1,61d2418d-6936-4075-a481-1d994952d89b,Maintenance,Operational expense,22096.92,2022-12-25,approved,2022-12-25 09:07:51,2022,12,4,51,6,1,0,3,False,False,False,True,False,False,False,False,False,False,10.003238765429442
262ee41f-18e6-497f-9cf1-a0ec57850ba1,00000000-0000-0000-0000-000000000003,9b1ac5ce-ad4f-40d1-8b7c-0005176b143d,29998a31-9af5-4c58-9bfe-cde4f9a96969,Marketing,Operational expense,13950.83,2023-06-30,pending,2023-06-30 11:08:50,2023,6,2,26,4,0,1,4,False,False,False,False,True,False,False,False,False,False,9.5433659614415
325455d7-a4d1-452e-809f-49ec5d67b413,00000000-0000-0000-0000-000000000003,9b1ac5ce-ad4f-40d1-8b7c-0005176b143d,3b9ffffd-ca39-4330-b08f-59cdb916323f,Maintenance,Operational expense,11939.32,2022-08-13,pending,2022-08-13 14:35:51,2022,8,3,32,5,1,0,3,False,False,False,True,False,False,False,False,False,False,9.387676187257478
22c4367a-7ba3-4730-a0ba-00492d824018,00000000-0000-0000-0000-000000000003,470852ed-b70b-4f24-879a-6edb4193d8b6,8626b762-d8ef-4e32-8446-33cdac213522,Office Supplies,Operational expense,2284.09,2023-01-10,approved,2023-01-10 12:11:38,2023,1,1,2,1,0,0,5,False,False,False,False,False,True,False,False,False,False,7.734160689861179
4437132f-9490-4079-a271-9e53587b4a50,00000000-0000-0000-0000-000000000003,7227b311-834f-4815-aa86-c5d464758be1,e452be79-f94b-4709-88bf-8f66053789c4,Insurance,Operational expense,38880.91,2024-04-28,approved,2024-04-28 08:32:02,2024,4,2,17,6,1,0,1,False,True,False,False,False,False,False,False,False,False,10.56828438288216
ab33da0d-8450-4774-8842-8d15fb7034e4,00000000-0000-0000-0000-000000000001,a01b7f2a-d4d0-48bf-bb89-c1040f55587a,4736f247-39f8-400c-b9ea-519dfbb485f6,Maintenance,Operational expense,18228.78,2023-07-17,pending,2023-07-17 09:04:54,2023,7,3,29,0,0,0,3,False,False,False,True,False,False,False,False,False,False,9.810811799580142
bb6062a6-3501-4a32-acc8-6fed4565b855,00000000-0000-0000-0000-000000000001,a01b7f2a-d4d0-48bf-bb89-c1040f55587a,ea13a2c7-2a88-40f3-b073-4e507c524f18,Travel,Operational expense,18731.85,2024-07-01,approved,2024-07-01 18:38:00,2024,7,3,27,0,0,0,8,False,False,False,False,False,False,False,False,True,False,9.838033946169086
29f130d1-0aeb-4338-a5ba-9cd3d2e655c3,00000000-0000-0000-0000-000000000001,a01b7f2a-d4d0-48bf-bb89-c1040f55587a,163b0e08-1801-4ae5-af8c-f287fbcdff7c,Insurance,Operational expense,4148.01,2024-09-02,pending,2024-09-02 09:47:09,2024,9,3,36,0,0,0,1,False,True,False,False,False,False,False,False,False,False,8.330625030549294
1528f8ee-d160-4d45-bc67-db8cb8fa4e02,00000000-0000-0000-0000-000000000003,470852ed-b70b-4f24-879a-6edb4193d8b6,3b9ffffd-ca39-4330-b08f-59cdb916323f,IT & Software,Operational expense,48848.69,2022-01-29,approved,2022-01-29 08:56:36,2022,1,1,4,5,1,0,0,True,False,False,False,False,False,False,False,False,False,10.796503311493781
8ba6685f-0ac9-427e-8124-9238e6e4a5b3,00000000-0000-0000-0000-000000000001,0eb66abb-0d5d-4e88-a3ff-16776e267d83,eaefa70d-63c2-4537-b86d-2205b826bb2e,Travel,Operational expense,45609.98,2022-05-17,pending,2022-05-17 11:07:54,2022,5,2,20,1,0,0,8,False,False,False,False,False,False,False,False,True,False,10.72790375599103
6137f4d0-8836-4a3e-98d0-fb768c037281,00000000-0000-0000-0000-000000000002,5f6c98b4-4360-41ee-83a3-efc700651a04,f72410dd-3260-4ece-a477-1ae69ac1e84e,Logistics,Operational expense,22809.07,2023-11-28,approved,2023-11-28 14:05:54,2023,11,4,48,1,0,0,2,False,False,True,False,False,False,False,False,False,False,10.034957384103185
e6ec9beb-4e3a-47b7-818c-fdbb27564630,00000000-0000-0000-0000-000000000003,7227b311-834f-4815-aa86-c5d464758be1,61d2418d-6936-4075-a481-1d994952d89b,IT & Software,Operational expense,34116.14,2024-04-17,approved,2024-04-17 16:27:58,2024,4,2,16,2,0,0,0,True,False,False,False,False,False,False,False,False,False,10.43755517628698
1eb7d52c-4e19-452a-b84a-7cd3750243c0,00000000-0000-0000-0000-000000000003,9b1ac5ce-ad4f-40d1-8b7c-0005176b143d,29998a31-9af5-4c58-9bfe-cde4f9a96969,IT & Software,Operational expense,12411.01,2024-09-19,approved,2024-09-19 17:27:01,2024,9,3,38,3,0,0,0,True,False,False,False,False,False,False,False,False,False,9.426419831239876
ef732dc9-5c2c-4f16-b49b-87f4dbf30f8b,00000000-0000-0000-0000-000000000003,470852ed-b70b-4f24-879a-6edb4193d8b6,29998a31-9af5-4c58-9bfe-cde4f9a96969,Travel,Operational expense,11564.87,2022-04-14,approved,2022-04-14 11:44:29,2022,4,2,15,3,0,0,8,False,False,False,False,False,False,False,False,True,False,9.355813798814083
6765fd4c-398e-46cd-8ab2-2144427d772d,00000000-0000-0000-0000-000000000003,9b1ac5ce-ad4f-40d1-8b7c-0005176b143d,8626b762-d8ef-4e32-8446-33cdac213522,Marketing,Operational expense,40890.55,2024-08-06,approved,2024-08-06 13:20:27,2024,8,3,32,1,0,0,4,False,False,False,False,True,False,False,False,False,False,10.618678719218877
0d88a90b-8071-4eea-9ba2-5b6a0feab745,00000000-0000-0000-0000-000000000001,0eb66abb-0d5d-4e88-a3ff-16776e267d83,5a96b78c-2c6b-4aaa-88b5-7c7485705113,Marketing,Operational expense,18360.75,2024-03-29,pending,2024-03-29 11:51:24,2024,3,1,13,4,0,0,4,False,False,False,False,True,False,False,False,False,False,9.818024975536348
ce9cc19f-51a7-4173-a123-d3b5cc7c3fb2,00000000-0000-0000-0000-000000000001,a01b7f2a-d4d0-48bf-bb89-c1040f55587a,4736f247-39f8-400c-b9ea-519dfbb485f6,Office Supplies,Operational expense,20649.16,2024-05-06,approved,2024-05-06 13:40:00,2024,5,2,19,0,0,0,5,False,False,False,False,False,True,False,False,False,False,9.935478346543182
ff888de5-81fd-4d15-8d5f-d00ebe96d89a,00000000-0000-0000-0000-000000000003,7227b311-834f-4815-aa86-c5d464758be1,e452be79-f94b-4709-88bf-8f66053789c4,Insurance,Operational expense,43242.17,2024-02-21,approved,2024-02-21 18:39:21,2024,2,1,8,2,0,0,1,False,True,False,False,False,False,False,False,False,False,10.67459458081435
cd4b8603-e219-4a7e-be54-029c2e08ea07,00000000-0000-0000-0000-000000000003,7227b311-834f-4815-aa86-c5d464758be1,29998a31-9af5-4c58-9bfe-cde4f9a96969,Maintenance,Operational expense,49155.96,2023-07-03,approved,2023-07-03 14:05:32,2023,7,3,27,0,0,0,3,False,False,False,True,False,False,False,False,False,False,10.80277372287446
2ab2641b-ab0e-4e4c-9627-a78c5f9df984,00000000-0000-0000-0000-000000000002,5f6c98b4-4360-41ee-83a3-efc700651a04,9d2a5f48-38f2-46be-b733-c1b9f1c891c4,Logistics,Operational expense,47615.74,2022-06-07,approved,2022-06-07 18:52:15,2022,6,2,23,1,0,0,2,False,False,True,False,False,False,False,False,False,False,10.770939659066627
ebafd1dd-6e4b-4f49-a299-48de3961c71b,00000000-0000-0000-0000-000000000002,587616fd-ba60-493e-ba92-b68a61b5cdce,07274486-6344-4009-ae28-b9027a51f93f,Office Supplies,Operational expense,26485.36,2024-11-26,approved,2024-11-26 18:12:56,2024,11,4,48,1,0,0,5,False,False,False,False,False,True,False,False,False,False,10.184385162480924
5e75b30c-14e3-4bfd-a053-5bfaefd74aff,00000000-0000-0000-0000-000000000001,0eb66abb-0d5d-4e88-a3ff-16776e267d83,ea13a2c7-2a88-40f3-b073-4e507c524f18,Office Supplies,Operational expense,7449.63,2023-12-06,pending,2023-12-06 17:00:00,2023,12,4,49,2,0,0,5,False,False,False,False,False,True,False,False,False,False,8.91605387155668
5b0e47f6-169f-4528-8f19-857165144286,00000000-0000-0000-0000-000000000001,a01b7f2a-d4d0-48bf-bb89-c1040f55587a,3f0519f3-383c-48a1-8609-f4b51fd5ecd4,Marketing,Operational expense,32132.7,2024-01-11,approved,2024-01-11 14:08:27,2024,1,1,2,3,0,0,4,False,False,False,False,True,False,False,False,False,False,10.377660602653807
a98a8c73-2310-4a4d-93e4-313bb8fe5965,00000000-0000-0000-0000-000000000002,587616fd-ba60-493e-ba92-b68a61b5cdce,bcde24c7-84f3-4459-afee-eba83339896c,Marketing,Operational expense,41847.4,2024-07-07,approved,2024-07-07 14:25:03,2024,7,3,27,6,1,0,4,False,False,False,False,True,False,False,False,False,False,10.6418088434066
5b164005-193b-4b6e-8fe8-b7dcfad68028,00000000-0000-0000-0000-000000000001,a01b7f2a-d4d0-48bf-bb89-c1040f55587a,4736f247-39f8-400c-b9ea-519dfbb485f6,Office Supplies,Operational expense,34135.75,2022-12-30,pending,2022-12-30 13:59:44,2022,12,4,52,4,0,0,5,False,False,False,False,False,True,False,False,False,False,10.43812979556625
c5402cbd-b8a2-4618-99ee-f08a109590d0,00000000-0000-0000-0000-000000000001,a01b7f2a-d4d0-48bf-bb89-c1040f55587a,9a16d7d2-dc18-4141-a14f-3394de4b98bc,Travel,Operational expense,14214.98,2023-01-27,approved,2023-01-27 18:39:15,2023,1,1,4,4,0,0,8,False,False,False,False,False,False,False,False,True,False,9.562121962967995
0eca669e-ce97-49e8-9baf-e4e858c78541,00000000-0000-0000-0000-000000000002,587616fd-ba60-493e-ba92-b68a61b5cdce,9d2a5f48-38f2-46be-b733-c1b9f1c891c4,Marketing,Operational expense,27365.35,2022-09-25,approved,2022-09-25 16:29:05,2022,9,3,38,6,1,0,4,False,False,False,False,True,False,False,False,False,False,10.217069435450895
b374c830-623b-49c9-aa9e-a4d0ce322e22,00000000-0000-0000-0000-000000000001,a01b7f2a-d4d0-48bf-bb89-c1040f55587a,f0e9f4da-9ca0-492d-a21e-3f8a819f9184,Office Supplies,Operational expense,15961.19,2024-05-14,pending,2024-05-14 14:32:54,2024,5,2,20,1,0,0,5,False,False,False,False,False,True,False,False,False,False,9.677978079635377
55518039-2055-480b-9f90-7729f0454495,00000000-0000-0000-0000-000000000003,470852ed-b70b-4f24-879a-6edb4193d8b6,1db94196-443a-440f-ad7e-c4422bb047e3,Travel,Operational expense,26582.41,2023-04-01,approved,2023-04-01 11:18:48,2023,4,2,13,5,1,0,8,False,False,False,False,False,False,False,False,True,False,10.188042615987362
35ae05aa-ab17-4d2f-8d28-045bb94bdf80,00000000-0000-0000-0000-000000000002,b961632b-814f-4481-946b-17a792487aa7,2afe7cda-5682-4c01-a59f-5f13090047f6,IT & Software,Operational expense,3572.9,2022-01-18,approved,2022-01-18 14:37:41,2022,1,1,3,1,0,0,0,True,False,False,False,False,False,False,False,False,False,8.181412715473424
07b20127-d3a2-41f4-a8ab-2641dc9e6c51,00000000-0000-0000-0000-000000000002,587616fd-ba60-493e-ba92-b68a61b5cdce,e213801b-a706-48c3-9ba4-7db14d3912f3,IT & Software,Operational expense,11936.51,2022-05-30,approved,2022-05-30 16:34:55,2022,5,2,22,0,0,0,0,True,False,False,False,False,False,False,False,False,False,9.38744082248497
45a94296-4216-4ab2-a8e0-e3a3e40a9f15,00000000-0000-0000-0000-000000000001,0eb66abb-0d5d-4e88-a3ff-16776e267d83,eaefa70d-63c2-4537-b86d-2205b826bb2e,Travel,Operational expense,15129.62,2023-11-27,approved,2023-11-27 11:54:58,2023,11,4,48,0,0,0,8,False,False,False,False,False,False,False,False,True,False,9.624475784131848
2c5590da-3a0c-4329-b45f-a9d68a95770a,00000000-0000-0000-0000-000000000003,470852ed-b70b-4f24-879a-6edb4193d8b6,045901bc-3a1a-4a0b-bd8b-876c218464f4,Insurance,Operational expense,32765.5,2023-07-06,pending,2023-07-06 15:32:26,2023,7,3,27,3,0,0,1,False,True,False,False,False,False,False,False,False,False,10.397161930984222
6bbe0baf-98bd-4df7-bbb8-e8c11579dea5,00000000-0000-0000-0000-000000000001,0eb66abb-0d5d-4e88-a3ff-16776e267d83,4736f247-39f8-400c-b9ea-519dfbb485f6,Maintenance,Operational expense,24673.31,2024-12-03,approved,2024-12-03 18:19:16,2024,12,4,49,1,0,0,3,False,False,False,True,False,False,False,False,False,False,10.11351790038486
b0b91a1b-bf02-4e96-b01e-1400a03154b6,00000000-0000-0000-0000-000000000003,470852ed-b70b-4f24-879a-6edb4193d8b6,045901bc-3a1a-4a0b-bd8b-876c218464f4,Marketing,Operational expense,48205.68,2024-02-21,approved,2024-02-21 18:13:02,2024,2,1,8,2,0,0,4,False,False,False,False,True,False,False,False,False,False,10.783252879647712
54682fe8-4181-4c17-bf16-6ddbeb8cbe6f,00000000-0000-0000-0000-000000000003,470852ed-b70b-4f24-879a-6edb4193d8b6,9dd0c56d-a9cf-4c8d-a998-9df89eb48a85,Maintenance,Operational expense,41428.83,2024-07-23,approved,2024-07-23 16:45:12,2024,7,3,30,1,0,0,3,False,False,False,True,False,False,False,False,False,False,10.631756431756246
e11b542c-da13-4eb2-8d33-0c78af57e37a,00000000-0000-0000-0000-000000000003,7227b311-834f-4815-aa86-c5d464758be1,1db94196-443a-440f-ad7e-c4422bb047e3,Travel,Operational expense,5918.11,2023-08-30,approved,2023-08-30 17:52:04,2023,8,3,35,2,0,0,8,False,False,False,False,False,False,False,False,True,False,8.685941378738349
8b84a281-1198-4f07-ba56-fc6d1d67cd84,00000000-0000-0000-0000-000000000002,587616fd-ba60-493e-ba92-b68a61b5cdce,9d2a5f48-38f2-46be-b733-c1b9f1c891c4,Maintenance,Operational expense,3557.12,2022-11-16,approved,2022-11-16 17:53:19,2022,11,4,46,2,0,0,3,False,False,False,True,False,False,False,False,False,False,8.17698759446986
b7a3815a-8c5e-4ab6-972a-04b7fe0a8982,00000000-0000-0000-0000-000000000003,470852ed-b70b-4f24-879a-6edb4193d8b6,8626b762-d8ef-4e32-8446-33cdac213522,Maintenance,Operational expense,42894.99,2024-12-01,approved,2024-12-01 08:39:55,2024,12,4,48,6,1,0,3,False,False,False,True,False,False,False,False,False,False,10.666533627353743
b53cee63-36e0-4f74-a8a3-0dcbd381e71a,00000000-0000-0000-0000-000000000001,a01b7f2a-d4d0-48bf-bb89-c1040f55587a,f0e9f4da-9ca0-492d-a21e-3f8a819f9184,Office Supplies,Operational expense,45809.36,2023-02-09,approved,2023-02-09 16:35:20,2023,2,1,6,3,0,0,5,False,False,False,False,False,True,False,False,False,False,10.732265545396078
ea2d150c-14bf-4c46-b662-150996ea8adb,00000000-0000-0000-0000-000000000002,b961632b-814f-4481-946b-17a792487aa7,2afe7cda-5682-4c01-a59f-5f13090047f6,Insurance,Operational expense,9149.27,2024-06-11,pending,2024-06-11 16:04:14,2024,6,2,24,1,0,0,1,False,True,False,False,False,False,False,False,False,False,9.12153866603093
a85029e9-5ab8-42be-965f-1c115e365d0b,00000000-0000-0000-0000-000000000001,51fd3682-4888-4a55-92f7-281307c67941,f17772cf-7a8e-4e04-aeef-8c148fe1a7e5,Logistics,Operational expense,17947.1,2023-07-08,approved,2023-07-08 09:30:23,2023,7,3,27,5,1,0,2,False,False,True,False,False,False,False,False,False,False,9.79523953873179
b9c803aa-f730-4037-a4d0-434796c318d0,00000000-0000-0000-0000-000000000003,7227b311-834f-4815-aa86-c5d464758be1,3b9ffffd-ca39-4330-b08f-59cdb916323f,Logistics,Operational expense,13377.07,2022-07-19,approved,2022-07-19 11:01:36,2022,7,3,29,1,0,0,2,False,False,True,False,False,False,False,False,False,False,9.501372078135885
a6f724d0-1039-489b-9117-b8e5a96dfb56,00000000-0000-0000-0000-000000000002,b961632b-814f-4481-946b-17a792487aa7,2afe7cda-5682-4c01-a59f-5f13090047f6,Logistics,Operational expense,11199.77,2022-02-11,approved,2022-02-11 15:11:29,2022,2,1,6,4,0,0,2,False,False,True,False,False,False,False,False,False,False,9.323737804920013
6dd93dde-9bbb-4d18-8484-ef64af16007a,00000000-0000-0000-0000-000000000002,5f6c98b4-4360-41ee-83a3-efc700651a04,81c496fc-1d35-4405-9a7d-ae0a15104d5b,Logistics,Operational expense,21563.88,2023-11-14,approved,2023-11-14 16:38:10,2023,11,4,46,1,0,0,2,False,False,True,False,False,False,False,False,False,False,9.978821344494238
912d7564-97c0-4b84-a260-f263c86dc67c,00000000-0000-0000-0000-000000000002,5f6c98b4-4360-41ee-83a3-efc700651a04,2afe7cda-5682-4c01-a59f-5f13090047f6,Maintenance,Operational expense,48072.51,2024-04-22,approved,2024-04-22 17:19:57,2024,4,2,17,0,0,0,3,False,False,False,True,False,False,False,False,False,False,10.780486576736951
a9400aef-f806-423b-9d38-724cda8961f6,00000000-0000-0000-0000-000000000001,51fd3682-4888-4a55-92f7-281307c67941,f0e9f4da-9ca0-492d-a21e-3f8a819f9184,Marketing,Operational expense,34311.57,2024-11-28,approved,2024-11-28 08:26:36,2024,11,4,48,3,0,0,4,False,False,False,False,True,False,False,False,False,False,10.443267038322665
7527972c-5ca9-4407-b4f2-f60eb537517e,00000000-0000-0000-0000-000000000001,51fd3682-4888-4a55-92f7-281307c67941,f577e0e3-284e-4c71-8d16-74f51d0fe305,IT & Software,Operational expense,31031.45,2023-08-17,pending,2023-08-17 14:00:38,2023,8,3,33,3,0,0,0,True,False,False,False,False,False,False,False,False,False,10.342788710174755
e811806e-0190-441f-a694-6164442da6ca,00000000-0000-0000-0000-000000000002,587616fd-ba60-493e-ba92-b68a61b5cdce,9d2a5f48-38f2-46be-b733-c1b9f1c891c4,Maintenance,Operational expense,31208.5,2024-09-19,approved,2024-09-19 13:00:33,2024,9,3,38,3,0,0,3,False,False,False,True,False,False,False,False,False,False,10.348477814630247
809d0aa8-3508-42f6-9971-d6657ab1135a,00000000-0000-0000-0000-000000000001,51fd3682-4888-4a55-92f7-281307c67941,3f0519f3-383c-48a1-8609-f4b51fd5ecd4,Maintenance,Operational expense,26349.58,2024-08-19,approved,2024-08-19 11:34:13,2024,8,3,34,0,0,0,3,False,False,False,True,False,False,False,False,False,False,10.179245565112462
1110995b-8e1f-409f-bbd4-96f761c95c81,00000000-0000-0000-0000-000000000003,470852ed-b70b-4f24-879a-6edb4193d8b6,8626b762-d8ef-4e32-8446-33cdac213522,IT & Software,Operational expense,49975.87,2022-02-06,pending,2022-02-06 14:33:14,2022,2,1,5,6,1,0,0,True,False,False,False,False,False,False,False,False,False,10.819315577377893
587fbf5e-3c8b-4ceb-8b7a-78fdf662f93c,00000000-0000-0000-0000-000000000002,587616fd-ba60-493e-ba92-b68a61b5cdce,9d2a5f48-38f2-46be-b733-c1b9f1c891c4,IT & Software,Operational expense,20347.6,2024-08-11,approved,2024-08-11 10:42:43,2024,8,3,32,6,1,0,0,True,False,False,False,False,False,False,False,False,False,9.920767392435387
dbf6b943-7319-4ebd-a9ea-9008e6228a0c,00000000-0000-0000-0000-000000000001,0eb66abb-0d5d-4e88-a3ff-16776e267d83,ea13a2c7-2a88-40f3-b073-4e507c524f18,Logistics,Operational expense,26206.67,2024-11-23,approved,2024-11-23 15:09:46,2024,11,4,47,5,1,0,2,False,False,True,False,False,False,False,False,False,False,10.17380739499843
ede1a271-eb69-454c-825a-734259fa7ff1,00000000-0000-0000-0000-000000000002,b961632b-814f-4481-946b-17a792487aa7,bcde24c7-84f3-4459-afee-eba83339896c,Insurance,Operational expense,3139.37,2024-07-05,approved,2024-07-05 14:45:46,2024,7,3,27,4,0,0,1,False,True,False,False,False,False,False,False,False,False,8.052095906355277
332c9f04-449e-4c2d-bf05-e592526efdcb,00000000-0000-0000-0000-000000000002,5f6c98b4-4360-41ee-83a3-efc700651a04,517d046e-f5e7-4244-8dab-e8995b9bfdc4,Office Supplies,Operational expense,5420.64,2022-12-15,approved,2022-12-15 15:51:23,2022,12,4,50,3,0,0,5,False,False,False,False,False,True,False,False,False,False,8.598153631690511
929d0151-9d31-47cd-9065-210252382021,00000000-0000-0000-0000-000000000003,7227b311-834f-4815-aa86-c5d464758be1,1db94196-443a-440f-ad7e-c4422bb047e3,Maintenance,Operational expense,15990.58,2023-04-20,approved,2023-04-20 08:21:30,2023,4,2,16,3,0,0,3,False,False,False,True,False,False,False,False,False,False,9.679817612703788
317c650b-7f24-4fac-bee5-95054fe8de59,00000000-0000-0000-0000-000000000001,0eb66abb-0d5d-4e88-a3ff-16776e267d83,4736f247-39f8-400c-b9ea-519dfbb485f6,Maintenance,Operational expense,16696.89,2023-12-26,pending,2023-12-26 18:50:13,2023,12,4,52,1,0,0,3,False,False,False,True,False,False,False,False,False,False,9.723037643116964
3ff51594-f183-4cb1-8bd9-9cf49bf2d54a,00000000-0000-0000-0000-000000000002,587616fd-ba60-493e-ba92-b68a61b5cdce,9d2a5f48-38f2-46be-b733-c1b9f1c891c4,IT & Software,Operational expense,36816.57,2023-03-31,approved,2023-03-31 15:44:33,2023,3,1,13,4,0,1,0,True,False,False,False,False,False,False,False,False,False,10.513730455868286
ee039127-59d5-4ed3-bbcc-17dbf7b39d14,00000000-0000-0000-0000-000000000001,0eb66abb-0d5d-4e88-a3ff-16776e267d83,ea13a2c7-2a88-40f3-b073-4e507c524f18,Insurance,Operational expense,47995.82,2024-10-23,approved,2024-10-23 15:07:04,2024,10,4,43,2,0,0,1,False,True,False,False,False,False,False,False,False,False,10.7788900376954
e4e70952-e88f-4f98-84e2-8558682b2258,00000000-0000-0000-0000-000000000003,7227b311-834f-4815-aa86-c5d464758be1,8626b762-d8ef-4e32-8446-33cdac213522,Logistics,Operational expense,6488.45,2022-07-12,pending,2022-07-12 13:30:14,2022,7,3,28,1,0,0,2,False,False,True,False,False,False,False,False,False,False,8.7779330603443
728c6050-e761-4cc8-8ec9-d34232e1e40d,00000000-0000-0000-0000-000000000002,5f6c98b4-4360-41ee-83a3-efc700651a04,2afe7cda-5682-4c01-a59f-5f13090047f6,Logistics,Operational expense,5523.19,2022-04-07,approved,2022-04-07 12:26:36,2022,4,2,14,3,0,0,2,False,False,True,False,False,False,False,False,False,False,8.616891909303353
cdef23fa-e636-4788-ae67-ef8ead9b6338,00000000-0000-0000-0000-000000000003,7227b311-834f-4815-aa86-c5d464758be1,9dd0c56d-a9cf-4c8d-a998-9df89eb48a85,Marketing,Operational expense,1347.53,2022-01-26,approved,2022-01-26 17:24:35,2022,1,1,4,2,0,0,4,False,False,False,False,True,False,False,False,False,False,7.2067703892733705
b359bfab-5192-4725-b0af-825993601d8d,00000000-0000-0000-0000-000000000001,51fd3682-4888-4a55-92f7-281307c67941,ea13a2c7-2a88-40f3-b073-4e507c524f18,Marketing,Operational expense,16852.33,2023-07-02,approved,2023-07-02 16:43:46,2023,7,3,26,6,1,0,4,False,False,False,False,True,False,False,False,False,False,9.7323035423678
c5c66f1d-2837-4978-bd4e-edc7e95f6c22,00000000-0000-0000-0000-000000000002,587616fd-ba60-493e-ba92-b68a61b5cdce,f72410dd-3260-4ece-a477-1ae69ac1e84e,Travel,Operational expense,13887.57,2024-04-17,pending,2024-04-17 17:12:01,2024,4,2,16,2,0,0,8,False,False,False,False,False,False,False,False,True,False,9.538821478684634
fa44f0b5-f8f4-4f45-b4b3-9986331cc1a5,00000000-0000-0000-0000-000000000002,b961632b-814f-4481-946b-17a792487aa7,9d2a5f48-38f2-46be-b733-c1b9f1c891c4,Maintenance,Operational expense,46392.26,2022-08-08,approved,2022-08-08 17:07:58,2022,8,3,32,0,0,0,3,False,False,False,True,False,False,False,False,False,False,10.744909469042602
c036da3d-5dc7-48d1-879f-f11c78368b81,00000000-0000-0000-0000-000000000002,5f6c98b4-4360-41ee-83a3-efc700651a04,07274486-6344-4009-ae28-b9027a51f93f,Travel,Operational expense,10748.26,2024-05-29,approved,2024-05-29 14:17:09,2024,5,2,22,2,0,0,8,False,False,False,False,False,False,False,False,True,False,9.282592193977116
902fc0aa-26a6-41d9-8dab-20e15a767420,00000000-0000-0000-0000-000000000003,7227b311-834f-4815-aa86-c5d464758be1,e452be79-f94b-4709-88bf-8f66053789c4,Maintenance,Operational expense,2139.61,2022-02-05,approved,2022-02-05 10:08:55,2022,2,1,5,5,1,0,3,False,False,False,True,False,False,False,False,False,False,7.668846114126769
ec461286-6cda-4f2d-a76e-76797e7c6a12,00000000-0000-0000-0000-000000000001,a01b7f2a-d4d0-48bf-bb89-c1040f55587a,eaefa70d-63c2-4537-b86d-2205b826bb2e,IT & Software,Operational expense,20600.79,2023-06-19,approved,2023-06-19 13:55:23,2023,6,2,25,0,0,0,0,True,False,False,False,False,False,False,False,False,False,9.93313324420656
c1b5aca6-847f-47eb-9227-efb1ffee1f2f,00000000-0000-0000-0000-000000000002,b961632b-814f-4481-946b-17a792487aa7,517d046e-f5e7-4244-8dab-e8995b9bfdc4,IT & Software,Operational expense,30701.7,2023-10-30,approved,2023-10-30 09:29:37,2023,10,4,44,0,0,0,0,True,False,False,False,False,False,False,False,False,False,10.332105877590836
1a89c85b-cdc0-4c1e-b3a6-dbc92b653ca5,00000000-0000-0000-0000-000000000003,9b1ac5ce-ad4f-40d1-8b7c-0005176b143d,74245d66-8df4-4678-b1e9-76d5e231caff,Office Supplies,Operational expense,48167.25,2022-06-08,approved,2022-06-08 10:58:24,2022,6,2,23,2,0,0,5,False,False,False,False,False,True,False,False,False,False,10.78245536929856
b8257b93-189a-4aaf-93ca-0620ec3aa6a9,00000000-0000-0000-0000-000000000002,587616fd-ba60-493e-ba92-b68a61b5cdce,9d2a5f48-38f2-46be-b733-c1b9f1c891c4,Travel,Operational expense,6937.21,2023-03-28,approved,2023-03-28 09:54:20,2023,3,1,13,1,0,0,8,False,False,False,False,False,False,False,False,True,False,8.844799095160411
0381d17e-ef18-4026-aff9-7dd0fa403c67,00000000-0000-0000-0000-000000000002,587616fd-ba60-493e-ba92-b68a61b5cdce,7f514159-0b19-4321-a308-daec53995d5a,Office Supplies,Operational expense,20466.67,2022-04-30,approved,2022-04-30 10:04:10,2022,4,2,17,5,1,1,5,False,False,False,False,False,True,False,False,False,False,9.926601847066848
e94d7fe7-6d42-4939-9924-13eb5d09b2b9,00000000-0000-0000-0000-000000000001,0eb66abb-0d5d-4e88-a3ff-16776e267d83,9a16d7d2-dc18-4141-a14f-3394de4b98bc,Insurance,Operational expense,45209.61,2022-09-18,rejected,2022-09-18 18:18:16,2022,9,3,37,6,1,0,1,False,True,False,False,False,False,False,False,False,False,10.719087072787762
ae278b57-aa63-468b-86dd-c425f891ae82,00000000-0000-0000-0000-000000000002,5f6c98b4-4360-41ee-83a3-efc700651a04,6708a3ae-03ac-432d-8065-25bbf8f3a753,Maintenance,Operational expense,23654.73,2024-06-11,approved,2024-06-11 12:04:24,2024,6,2,24,1,0,0,3,False,False,False,True,False,False,False,False,False,False,10.071360647872318
53cd46ad-44f8-47dd-aca6-7a77b55a5486,00000000-0000-0000-0000-000000000002,587616fd-ba60-493e-ba92-b68a61b5cdce,bcde24c7-84f3-4459-afee-eba83339896c,Maintenance,Operational expense,48989.55,2024-08-04,approved,2024-08-04 11:21:12,2024,8,3,31,6,1,0,3,False,False,False,True,False,False,False,False,False,False,10.799382701350577
ac5d3ab8-6350-47cd-98a0-2e4b50e24702,00000000-0000-0000-0000-000000000002,5f6c98b4-4360-41ee-83a3-efc700651a04,6708a3ae-03ac-432d-8065-25bbf8f3a753,Travel,Operational expense,29437.53,2023-07-14,approved,2023-07-14 17:28:33,2023,7,3,28,4,0,0,8,False,False,False,False,False,False,False,False,True,False,10.290059639530948
9c5080b3-076f-457f-8cfe-4ad84f41ecd1,00000000-0000-0000-0000-000000000001,0eb66abb-0d5d-4e88-a3ff-16776e267d83,f17772cf-7a8e-4e04-aeef-8c148fe1a7e5,Office Supplies,Operational expense,32207.72,2022-07-18,rejected,2022-07-18 17:34:47,2022,7,3,29,0,0,0,5,False,False,False,False,False,True,False,False,False,False,10.379992502324196
b7201fea-b342-42d5-9819-48e1f69dd65d,00000000-0000-0000-0000-000000000002,587616fd-ba60-493e-ba92-b68a61b5cdce,517d046e-f5e7-4244-8dab-e8995b9bfdc4,Maintenance,Operational expense,21985.97,2024-06-21,approved,2024-06-21 10:08:45,2024,6,2,25,4,0,0,3,False,False,False,True,False,False,False,False,False,False,9.998205284150403
63148bf6-c8ef-4f9b-b452-5d1c5e822006,00000000-0000-0000-0000-000000000002,5f6c98b4-4360-41ee-83a3-efc700651a04,f72410dd-3260-4ece-a477-1ae69ac1e84e,Logistics,Operational expense,17546.84,2023-04-03,pending,2023-04-03 13:11:04,2023,4,2,14,0,0,0,2,False,False,True,False,False,False,False,False,False,False,9.77268614439635
bf3e099a-4c34-4779-88af-73b0ecfc1290,00000000-0000-0000-0000-000000000003,7227b311-834f-4815-aa86-c5d464758be1,9dd0c56d-a9cf-4c8d-a998-9df89eb48a85,Logistics,Operational expense,17994.33,2022-11-10,approved,2022-11-10 18:25:58,2022,11,4,45,3,0,0,2,False,False,True,False,False,False,False,False,False,False,9.797867558772325
5d453f13-e926-415a-90ff-a9523eb5408b,00000000-0000-0000-0000-000000000001,a01b7f2a-d4d0-48bf-bb89-c1040f55587a,5a96b78c-2c6b-4aaa-88b5-7c7485705113,Insurance,Operational expense,36962.57,2023-01-28,pending,2023-01-28 18:11:13,2023,1,1,4,5,1,0,1,False,True,False,False,False,False,False,False,False,False,10.51768811200011
d5aff029-a8ee-4157-a21d-e761ced62cb3,00000000-0000-0000-0000-000000000003,7227b311-834f-4815-aa86-c5d464758be1,79c1732a-a6d1-4565-b515-c59de4dbdfe5,Logistics,Operational expense,6849.29,2024-08-23,approved,2024-08-23 08:23:14,2024,8,3,34,4,0,0,2,False,False,True,False,False,False,False,False,False,False,8.83204626612656
a9304f3b-7291-4880-8965-bd26b7ce1d3c,00000000-0000-0000-0000-000000000001,51fd3682-4888-4a55-92f7-281307c67941,f577e0e3-284e-4c71-8d16-74f51d0fe305,Office Supplies,Operational expense,11163.11,2023-04-10,approved,2023-04-10 16:19:38,2023,4,2,15,0,0,0,5,False,False,False,False,False,True,False,False,False,False,9.320459447706918
69ca70b1-56b9-422c-a712-e8071b518724,00000000-0000-0000-0000-000000000003,9b1ac5ce-ad4f-40d1-8b7c-0005176b143d,355d120a-98dd-4393-a62e-df5f4b8a455b,Insurance,Operational expense,28764.03,2023-01-07,approved,2023-01-07 18:50:16,2023,1,1,1,5,1,0,1,False,True,False,False,False,False,False,False,False,False,10.266915692230972
876d268b-e10f-4f3e-8e02-d1f958af09c9,00000000-0000-0000-0000-000000000003,470852ed-b70b-4f24-879a-6edb4193d8b6,3b9ffffd-ca39-4330-b08f-59cdb916323f,Maintenance,Operational expense,32728.95,2022-05-04,approved,2022-05-04 13:47:44,2022,5,2,18,2,0,0,3,False,False,False,True,False,False,False,False,False,False,10.396045839843586
f02c0fa0-b678-49ef-ae8c-6999f2d94d77,00000000-0000-0000-0000-000000000003,470852ed-b70b-4f24-879a-6edb4193d8b6,29998a31-9af5-4c58-9bfe-cde4f9a96969,Logistics,Operational expense,33085.74,2022-05-19,rejected,2022-05-19 18:22:06,2022,5,2,20,3,0,0,2,False,False,True,False,False,False,False,False,False,False,10.406887876872236
915c28b1-777a-4e28-97c1-5a1db7d8938e,00000000-0000-0000-0000-000000000001,0eb66abb-0d5d-4e88-a3ff-16776e267d83,163b0e08-1801-4ae5-af8c-f287fbcdff7c,Office Supplies,Operational expense,8943.05,2022-01-10,approved,2022-01-10 17:00:01,2022,1,1,2,0,0,0,5,False,False,False,False,False,True,False,False,False,False,9.098743785719147
7bcefdc6-cc4d-437f-afe8-bdd75aeab099,00000000-0000-0000-0000-000000000001,a01b7f2a-d4d0-48bf-bb89-c1040f55587a,163b0e08-1801-4ae5-af8c-f287fbcdff7c,Insurance,Operational expense,49791.65,2024-11-01,approved,2024-11-01 10:56:59,2024,11,4,44,4,0,0,1,False,True,False,False,False,False,False,False,False,False,10.81562266175877
3788cdd4-0cf6-4fb7-8993-a8ba3ae9408b,00000000-0000-0000-0000-000000000001,a01b7f2a-d4d0-48bf-bb89-c1040f55587a,5a96b78c-2c6b-4aaa-88b5-7c7485705113,Marketing,Operational expense,8207.53,2024-05-30,approved,2024-05-30 15:23:28,2024,5,2,22,3,0,0,4,False,False,False,False,True,False,False,False,False,False,9.012929136476021
c55cae8e-ece7-43c8-ac4b-ca3f2374b477,00000000-0000-0000-0000-000000000003,9b1ac5ce-ad4f-40d1-8b7c-0005176b143d,79c1732a-a6d1-4565-b515-c59de4dbdfe5,Insurance,Operational expense,31643.93,2022-11-20,approved,2022-11-20 16:45:29,2022,11,4,46,6,1,0,1,False,True,False,False,False,False,False,False,False,False,10.362333225167143
b49217d8-b5d1-42a5-9a69-8d18479596e4,00000000-0000-0000-0000-000000000002,b961632b-814f-4481-946b-17a792487aa7,e213801b-a706-48c3-9ba4-7db14d3912f3,Office Supplies,Operational expense,33714.51,2022-10-08,approved,2022-10-08 14:51:29,2022,10,4,40,5,1,0,5,False,False,False,False,False,True,False,False,False,False,10.425713247852434
3c499c3a-7090-4979-ab63-3bbefd4834ce,00000000-0000-0000-0000-000000000002,b961632b-814f-4481-946b-17a792487aa7,9d2a5f48-38f2-46be-b733-c1b9f1c891c4,Office Supplies,Operational expense,7219.36,2022-04-24,approved,2022-04-24 15:14:17,2022,4,2,16,6,1,0,5,False,False,False,False,False,True,False,False,False,False,8.884660092139674
ca1f80f7-4235-40bd-9448-e81e9346fad7,00000000-0000-0000-0000-000000000001,51fd3682-4888-4a55-92f7-281307c67941,7760d86e-b342-473c-8c64-b55d64aa491a,Logistics,Operational expense,16158.44,2022-12-09,pending,2022-12-09 10:48:19,2022,12,4,49,4,0,0,2,False,False,True,False,False,False,False,False,False,False,9.690259678009294
5759a0a6-2dfa-4341-a113-b74b827217b3,00000000-0000-0000-0000-000000000001,0eb66abb-0d5d-4e88-a3ff-16776e267d83,eaefa70d-63c2-4537-b86d-2205b826bb2e,Logistics,Operational expense,5169.64,2022-12-14,approved,2022-12-14 17:34:58,2022,12,4,50,2,0,0,2,False,False,True,False,False,False,False,False,False,False,8.550751750943503
2fc27f81-41ca-4484-8e20-ab8f8d244646,00000000-0000-0000-0000-000000000002,587616fd-ba60-493e-ba92-b68a61b5cdce,c75c1d53-938d-4640-b118-e5ada06ce255,Insurance,Operational expense,13650.46,2023-07-09,approved,2023-07-09 11:08:17,2023,7,3,27,6,1,0,1,False,True,False,False,False,False,False,False,False,False,9.521601754600283
a7115a00-fc86-42a5-8f16-f2847056a080,00000000-0000-0000-0000-000000000003,7227b311-834f-4815-aa86-c5d464758be1,9dd0c56d-a9cf-4c8d-a998-9df89eb48a85,Maintenance,Operational expense,14147.44,2022-10-12,pending,2022-10-12 17:33:09,2022,10,4,41,2,0,0,3,False,False,False,True,False,False,False,False,False,False,9.557359649643875
24592484-378d-4dc0-9f92-60754cf5fb4d,00000000-0000-0000-0000-000000000001,a01b7f2a-d4d0-48bf-bb89-c1040f55587a,5a96b78c-2c6b-4aaa-88b5-7c7485705113,Insurance,Operational expense,18078.19,2023-10-09,pending,2023-10-09 09:00:16,2023,10,4,41,0,0,0,1,False,True,False,False,False,False,False,False,False,False,9.802516832057622
ab10c8ce-6edd-4726-af63-74f79b0dea2c,00000000-0000-0000-0000-000000000002,b961632b-814f-4481-946b-17a792487aa7,9d2a5f48-38f2-46be-b733-c1b9f1c891c4,Travel,Operational expense,18589.67,2024-12-03,pending,2024-12-03 17:12:10,2024,12,4,49,1,0,0,8,False,False,False,False,False,False,False,False,True,False,9.830415120948228
8463e93f-ae59-488f-a68f-2fceec937cca,00000000-0000-0000-0000-000000000002,b961632b-814f-4481-946b-17a792487aa7,81c496fc-1d35-4405-9a7d-ae0a15104d5b,Maintenance,Operational expense,31184.3,2024-07-18,approved,2024-07-18 12:27:24,2024,7,3,29,3,0,0,3,False,False,False,True,False,False,False,False,False,False,10.34770210892357
b7f6a3bb-11c0-441e-b98c-fa49d6dfac5b,00000000-0000-0000-0000-000000000002,b961632b-814f-4481-946b-17a792487aa7,09cd08c0-c83a-42f5-96cc-b9c13c2aa7e4,Office Supplies,Operational expense,40269.75,2023-02-03,pending,2023-02-03 17:09:08,2023,2,1,5,4,0,0,5,False,False,False,False,False,True,False,False,False,False,10.603380677958139
215904ce-5ae2-4666-a087-eb191e03d540,00000000-0000-0000-0000-000000000002,b961632b-814f-4481-946b-17a792487aa7,7f514159-0b19-4321-a308-daec53995d5a,Insurance,Operational expense,9085.31,2022-08-03,approved,2022-08-03 08:57:43,2022,8,3,31,2,0,0,1,False,True,False,False,False,False,False,False,False,False,9.114524164161278
b33ceee1-d9bf-4339-a4ba-9303890655e8,00000000-0000-0000-0000-000000000003,7227b311-834f-4815-aa86-c5d464758be1,29998a31-9af5-4c58-9bfe-cde4f9a96969,IT & Software,Operational expense,19579.95,2024-02-11,rejected,2024-02-11 09:58:25,2024,2,1,6,6,1,0,0,True,False,False,False,False,False,False,False,False,False,9.882312433804332
9f2d9d59-6175-47be-ba8d-fdd377be75ec,00000000-0000-0000-0000-000000000001,0eb66abb-0d5d-4e88-a3ff-16776e267d83,3f0519f3-383c-48a1-8609-f4b51fd5ecd4,Logistics,Operational expense,35691.14,2023-01-06,approved,2023-01-06 16:36:06,2023,1,1,1,4,0,0,2,False,False,True,False,False,False,False,False,False,False,10.482685775459956
22c4aa70-6918-4eb3-a510-1971ea939d86,00000000-0000-0000-0000-000000000002,b961632b-814f-4481-946b-17a792487aa7,2afe7cda-5682-4c01-a59f-5f13090047f6,Office Supplies,Operational expense,33527.36,2023-12-24,pending,2023-12-24 13:18:54,2023,12,4,51,6,1,0,5,False,False,False,False,False,True,False,False,False,False,10.420146926841465
def93b2f-c4f6-45fa-961b-e4799bff8660,00000000-0000-0000-0000-000000000001,51fd3682-4888-4a55-92f7-281307c67941,eaefa70d-63c2-4537-b86d-2205b826bb2e,IT & Software,Operational expense,29151.23,2023-06-10,approved,2023-06-10 15:26:56,2023,6,2,23,5,1,0,0,True,False,False,False,False,False,False,False,False,False,10.28028668971023
906e2ddc-ee8d-4cbd-a9d8-94ab0aa297df,00000000-0000-0000-0000-000000000002,5f6c98b4-4360-41ee-83a3-efc700651a04,7f514159-0b19-4321-a308-daec53995d5a,Travel,Operational expense,47011.27,2024-01-29,approved,2024-01-29 11:57:22,2024,1,1,5,0,0,0,8,False,False,False,False,False,False,False,False,True,False,10.758163910450751
ebc48dbd-5518-4bb1-bb1d-ab5119898bcf,00000000-0000-0000-0000-000000000003,470852ed-b70b-4f24-879a-6edb4193d8b6,045901bc-3a1a-4a0b-bd8b-876c218464f4,Logistics,Operational expense,18900.38,2023-01-28,approved,2023-01-28 16:05:14,2023,1,1,4,5,1,0,2,False,False,True,False,False,False,False,False,False,False,9.84699021425522
3c1ba85d-66f7-47a5-b0b1-7c014ced1bad,00000000-0000-0000-0000-000000000001,a01b7f2a-d4d0-48bf-bb89-c1040f55587a,4736f247-39f8-400c-b9ea-519dfbb485f6,Insurance,Operational expense,38491.22,2023-01-01,approved,2023-01-01 09:37:31,2023,1,1,52,6,1,0,1,False,True,False,False,False,False,False,False,False,False,10.558211421933303
a0114f7b-9b8b-4b41-9b98-b16310c5574f,00000000-0000-0000-0000-000000000003,470852ed-b70b-4f24-879a-6edb4193d8b6,e452be79-f94b-4709-88bf-8f66053789c4,Marketing,Operational expense,49043.51,2024-07-03,approved,2024-07-03 17:56:24,2024,7,3,27,2,0,0,4,False,False,False,False,True,False,False,False,False,False,10.800483532123755
ce1dc72e-bbc1-4487-b7e1-ce1f154099a2,00000000-0000-0000-0000-000000000001,0eb66abb-0d5d-4e88-a3ff-16776e267d83,9a16d7d2-dc18-4141-a14f-3394de4b98bc,IT & Software,Operational expense,44432.5,2024-04-16,approved,2024-04-16 16:21:46,2024,4,2,16,1,0,0,0,True,False,False,False,False,False,False,False,False,False,10.70174896842939
202c0fb0-c683-4ced-b7e1-567b211db394,00000000-0000-0000-0000-000000000001,a01b7f2a-d4d0-48bf-bb89-c1040f55587a,7760d86e-b342-473c-8c64-b55d64aa491a,Marketing,Operational expense,15565.88,2022-06-28,approved,2022-06-28 18:32:08,2022,6,2,26,1,0,0,4,False,False,False,False,True,False,False,False,False,False,9.652900859391762
67715d6c-4cfc-4b35-aee4-5fdbc254ca1b,00000000-0000-0000-0000-000000000003,7227b311-834f-4815-aa86-c5d464758be1,e452be79-f94b-4709-88bf-8f66053789c4,Maintenance,Operational expense,22047.77,2023-08-12,approved,2023-08-12 13:08:32,2023,8,3,32,5,1,0,3,False,False,False,True,False,False,False,False,False,False,10.001012097006177
2b31b9bf-4a6d-4a7c-b19a-6f82677e4713,00000000-0000-0000-0000-000000000001,51fd3682-4888-4a55-92f7-281307c67941,9a16d7d2-dc18-4141-a14f-3394de4b98bc,Maintenance,Operational expense,13408.06,2022-05-30,approved,2022-05-30 08:56:52,2022,5,2,22,0,0,0,3,False,False,False,True,False,False,False,False,False,False,9.503685876876238
74d36b37-90a7-4056-aa7a-23b1e21357ee,00000000-0000-0000-0000-000000000002,5f6c98b4-4360-41ee-83a3-efc700651a04,f72410dd-3260-4ece-a477-1ae69ac1e84e,Marketing,Operational expense,26619.84,2023-03-03,approved,2023-03-03 11:00:24,2023,3,1,9,4,0,0,4,False,False,False,False,True,False,False,False,False,False,10.189449646672886
b96193f7-1971-48a7-945c-481d1b9eabe9,00000000-0000-0000-0000-000000000001,0eb66abb-0d5d-4e88-a3ff-16776e267d83,f17772cf-7a8e-4e04-aeef-8c148fe1a7e5,Logistics,Operational expense,17161.77,2023-05-15,approved,2023-05-15 15:29:20,2023,5,2,20,0,0,0,2,False,False,True,False,False,False,False,False,False,False,9.75049778192626
19565709-f823-4b58-8183-80ca46473a11,00000000-0000-0000-0000-000000000002,b961632b-814f-4481-946b-17a792487aa7,9d2a5f48-38f2-46be-b733-c1b9f1c891c4,Maintenance,Operational expense,26517.96,2024-01-26,pending,2024-01-26 09:36:41,2024,1,1,4,4,0,0,3,False,False,False,True,False,False,False,False,False,False,10.185615227844568
0a80f6f9-e84d-4773-bf8a-d72c310e8a5b,00000000-0000-0000-0000-000000000001,51fd3682-4888-4a55-92f7-281307c67941,4736f247-39f8-400c-b9ea-519dfbb485f6,Maintenance,Operational expense,29701.47,2022-12-08,approved,2022-12-08 15:46:29,2022,12,4,49,3,0,0,3,False,False,False,True,False,False,False,False,False,False,10.29898548631594
66e0a93a-ca39-4aa2-85ba-02eb7cb8bfa7,00000000-0000-0000-0000-000000000003,7227b311-834f-4815-aa86-c5d464758be1,74245d66-8df4-4678-b1e9-76d5e231caff,Office Supplies,Operational expense,38256.87,2023-08-03,pending,2023-08-03 12:19:27,2023,8,3,31,3,0,0,5,False,False,False,False,False,True,False,False,False,False,10.552104569724705
943936cf-745c-4c93-9852-279f514a8435,00000000-0000-0000-0000-000000000001,a01b7f2a-d4d0-48bf-bb89-c1040f55587a,eaefa70d-63c2-4537-b86d-2205b826bb2e,Insurance,Operational expense,42131.42,2024-06-17,approved,2024-06-17 17:35:41,2024,6,2,25,0,0,0,1,False,True,False,False,False,False,False,False,False,False,10.64857279457664
4c9c3ba0-b9f8-4974-a394-32abf3111698,00000000-0000-0000-0000-000000000001,0eb66abb-0d5d-4e88-a3ff-16776e267d83,7760d86e-b342-473c-8c64-b55d64aa491a,Insurance,Operational expense,21034.55,2022-10-10,approved,2022-10-10 14:09:11,2022,10,4,41,0,0,0,1,False,True,False,False,False,False,False,False,False,False,9.953969142580824
8bfa15a6-86b6-43cd-a754-28e0318ff23f,00000000-0000-0000-0000-000000000002,587616fd-ba60-493e-ba92-b68a61b5cdce,517d046e-f5e7-4244-8dab-e8995b9bfdc4,IT & Software,Operational expense,10845.52,2022-09-28,rejected,2022-09-28 16:54:04,2022,9,3,39,2,0,0,0,True,False,False,False,False,False,False,False,False,False,9.2915995701942
31aa9a67-ab2b-4a02-b6d3-086bfe6ce278,00000000-0000-0000-0000-000000000001,a01b7f2a-d4d0-48bf-bb89-c1040f55587a,3f0519f3-383c-48a1-8609-f4b51fd5ecd4,Marketing,Operational expense,38745.0,2023-04-16,approved,2023-04-16 11:14:58,2023,4,2,15,6,1,0,4,False,False,False,False,True,False,False,False,False,False,10.56478280364689
31848528-534d-45a4-85e4-714de5169646,00000000-0000-0000-0000-000000000003,7227b311-834f-4815-aa86-c5d464758be1,045901bc-3a1a-4a0b-bd8b-876c218464f4,Marketing,Operational expense,1980.15,2023-11-20,pending,2023-11-20 11:43:06,2023,11,4,47,0,0,0,4,False,False,False,False,True,False,False,False,False,False,7.591432763165657
aed19721-bd66-42d2-b189-1e005ba3eb80,00000000-0000-0000-0000-000000000001,51fd3682-4888-4a55-92f7-281307c67941,ea13a2c7-2a88-40f3-b073-4e507c524f18,Maintenance,Operational expense,9412.84,2023-06-03,approved,2023-06-03 08:18:59,2023,6,2,22,5,1,0,3,False,False,False,True,False,False,False,False,False,False,9.149936225853196
14feec66-d0f5-4c58-a8e4-2534cd5dda28,00000000-0000-0000-0000-000000000001,51fd3682-4888-4a55-92f7-281307c67941,ea13a2c7-2a88-40f3-b073-4e507c524f18,IT & Software,Operational expense,5286.53,2023-08-04,approved,2023-08-04 17:58:04,2023,8,3,31,4,0,0,0,True,False,False,False,False,False,False,False,False,False,8.573106497097303
d3f998c1-7dad-4491-a9a5-7ea5b46a4c2d,00000000-0000-0000-0000-000000000002,b961632b-814f-4481-946b-17a792487aa7,7f514159-0b19-4321-a308-daec53995d5a,Office Supplies,Operational expense,23082.95,2022-04-30,approved,2022-04-30 08:07:22,2022,4,2,17,5,1,1,5,False,False,False,False,False,True,False,False,False,False,10.046892849826085
1e31ccbc-f2fd-46a2-aa6b-6372a4c39a99,00000000-0000-0000-0000-000000000002,587616fd-ba60-493e-ba92-b68a61b5cdce,07274486-6344-4009-ae28-b9027a51f93f,Travel,Operational expense,15893.61,2023-11-21,approved,2023-11-21 15:54:39,2023,11,4,47,1,0,0,8,False,False,False,False,False,False,False,False,True,False,9.673735337026274
b009b3a2-8d18-4b2b-93a7-e0eb0727af76,00000000-0000-0000-0000-000000000001,0eb66abb-0d5d-4e88-a3ff-16776e267d83,eaefa70d-63c2-4537-b86d-2205b826bb2e,Maintenance,Operational expense,42289.31,2022-03-02,approved,2022-03-02 09:12:59,2022,3,1,9,2,0,0,3,False,False,False,True,False,False,False,False,False,False,10.65231326077781
56f6968c-b1c5-4e1a-8c88-03616b71c03a,00000000-0000-0000-0000-000000000002,5f6c98b4-4360-41ee-83a3-efc700651a04,e213801b-a706-48c3-9ba4-7db14d3912f3,Office Supplies,Operational expense,2308.43,2022-05-22,approved,2022-05-22 17:08:52,2022,5,2,20,6,1,0,5,False,False,False,False,False,True,False,False,False,False,7.744756019820494
ea43ca45-9c37-4e1b-a5ee-3b3b6f71cd73,00000000-0000-0000-0000-000000000002,b961632b-814f-4481-946b-17a792487aa7,c75c1d53-938d-4640-b118-e5ada06ce255,Insurance,Operational expense,40532.91,2022-12-28,approved,2022-12-28 13:00:08,2022,12,4,52,2,0,0,1,False,True,False,False,False,False,False,False,False,False,10.609894186718575
eb5bafac-3f1e-4fda-bdaa-91135830875d,00000000-0000-0000-0000-000000000003,7227b311-834f-4815-aa86-c5d464758be1,3b9ffffd-ca39-4330-b08f-59cdb916323f,Maintenance,Operational expense,48750.94,2024-07-02,approved,2024-07-02 12:57:34,2024,7,3,27,1,0,0,3,False,False,False,True,False,False,False,False,False,False,10.794500270505994
3956cfac-96ef-4733-8a43-5c7234094509,00000000-0000-0000-0000-000000000003,9b1ac5ce-ad4f-40d1-8b7c-0005176b143d,9dd0c56d-a9cf-4c8d-a998-9df89eb48a85,Insurance,Operational expense,1559.1,2023-08-17,approved,2023-08-17 11:05:43,2023,8,3,33,3,0,0,1,False,True,False,False,False,False,False,False,False,False,7.352505200753203
d52c3c19-9bfb-4cde-8a8c-c8328e5ed046,00000000-0000-0000-0000-000000000001,0eb66abb-0d5d-4e88-a3ff-16776e267d83,f17772cf-7a8e-4e04-aeef-8c148fe1a7e5,IT & Software,Operational expense,35564.31,2023-06-02,approved,2023-06-02 18:44:44,2023,6,2,22,4,0,0,0,True,False,False,False,False,False,False,False,False,False,10.479126003564325
0364614f-c82f-4329-ad0c-4f64f307d1a8,00000000-0000-0000-0000-000000000002,b961632b-814f-4481-946b-17a792487aa7,c75c1d53-938d-4640-b118-e5ada06ce255,Insurance,Operational expense,46044.54,2024-06-23,pending,2024-06-23 13:02:58,2024,6,2,25,6,1,0,1,False,True,False,False,False,False,False,False,False,False,10.737386185744425
fd7763aa-b480-4fe5-a142-334a56fb6ced,00000000-0000-0000-0000-000000000003,470852ed-b70b-4f24-879a-6edb4193d8b6,61d2418d-6936-4075-a481-1d994952d89b,Marketing,Operational expense,25157.49,2023-06-20,approved,2023-06-20 12:01:07,2023,6,2,25,1,0,0,4,False,False,False,False,True,False,False,False,False,False,10.132950693115099
a5718583-5f2f-41de-bd5c-2ac2584915af,00000000-0000-0000-0000-000000000001,a01b7f2a-d4d0-48bf-bb89-c1040f55587a,ea13a2c7-2a88-40f3-b073-4e507c524f18,Marketing,Operational expense,36915.75,2022-07-28,approved,2022-07-28 12:37:49,2022,7,3,30,3,0,0,4,False,False,False,False,True,False,False,False,False,False,10.516420656573068
209c3c4e-0ceb-4db9-937b-15b952a2222d,00000000-0000-0000-0000-000000000002,587616fd-ba60-493e-ba92-b68a61b5cdce,6708a3ae-03ac-432d-8065-25bbf8f3a753,Insurance,Operational expense,23020.81,2022-05-14,pending,2022-05-14 14:35:31,2022,5,2,19,5,1,0,1,False,True,False,False,False,False,False,False,False,False,10.044197306465536
39891e49-083d-4d16-ad43-7f993407c8d8,00000000-0000-0000-0000-000000000002,587616fd-ba60-493e-ba92-b68a61b5cdce,07274486-6344-4009-ae28-b9027a51f93f,IT & Software,Operational expense,39865.9,2024-08-26,approved,2024-08-26 11:01:04,2024,8,3,35,0,0,0,0,True,False,False,False,False,False,False,False,False,False,10.59330168465624
91f8219d-0b1c-46d1-9037-684efad6ad2c,00000000-0000-0000-0000-000000000002,587616fd-ba60-493e-ba92-b68a61b5cdce,2afe7cda-5682-4c01-a59f-5f13090047f6,Insurance,Operational expense,20536.64,2024-04-24,approved,2024-04-24 10:50:22,2024,4,2,17,2,0,0,1,False,True,False,False,False,False,False,False,False,False,9.930014579120828
8d511465-a371-434e-94dc-14d5f8e8996c,00000000-0000-0000-0000-000000000003,470852ed-b70b-4f24-879a-6edb4193d8b6,355d120a-98dd-4393-a62e-df5f4b8a455b,IT & Software,Operational expense,8987.67,2024-09-14,approved,2024-09-14 17:54:50,2024,9,3,37,5,1,0,0,True,False,False,False,False,False,False,False,False,False,9.103720174363191
a1b685d1-712b-4fdb-afcc-2d1fffd48e04,00000000-0000-0000-0000-000000000003,7227b311-834f-4815-aa86-c5d464758be1,33baaf1c-3618-44b5-b42a-4673992689f8,Maintenance,Operational expense,21209.44,2023-07-03,approved,2023-07-03 15:37:32,2023,7,3,27,0,0,0,3,False,False,False,True,False,False,False,False,False,False,9.96224879227519
0e00b085-9101-4451-8635-8ddbeef255ca,00000000-0000-0000-0000-000000000002,b961632b-814f-4481-946b-17a792487aa7,7f514159-0b19-4321-a308-daec53995d5a,Travel,Operational expense,45224.61,2024-06-12,approved,2024-06-12 18:17:02,2024,6,2,24,2,0,0,8,False,False,False,False,False,False,False,False,True,False,10.719418798287514
6c696932-4c92-4288-be2f-6aae07464b44,00000000-0000-0000-0000-000000000003,470852ed-b70b-4f24-879a-6edb4193d8b6,8626b762-d8ef-4e32-8446-33cdac213522,Travel,Operational expense,33014.87,2022-04-18,pending,2022-04-18 12:40:38,2022,4,2,16,0,0,0,8,False,False,False,False,False,False,False,False,True,False,10.40474363393981
9af52eed-9b8a-4400-a828-61326112f406,00000000-0000-0000-0000-000000000001,51fd3682-4888-4a55-92f7-281307c67941,eaefa70d-63c2-4537-b86d-2205b826bb2e,Marketing,Operational expense,41995.39,2023-06-02,approved,2023-06-02 17:19:21,2023,6,2,22,4,0,0,4,False,False,False,False,True,False,False,False,False,False,10.645338941190435
84eb90a8-2f45-4c55-bcc4-d144af21635a,00000000-0000-0000-0000-000000000002,5f6c98b4-4360-41ee-83a3-efc700651a04,e213801b-a706-48c3-9ba4-7db14d3912f3,Travel,Operational expense,8642.02,2023-10-22,approved,2023-10-22 15:30:15,2023,10,4,42,6,1,0,8,False,False,False,False,False,False,False,False,True,False,9.064507337761299
6483374d-0efd-4078-bedf-2d12de02956a,00000000-0000-0000-0000-000000000001,51fd3682-4888-4a55-92f7-281307c67941,3f0519f3-383c-48a1-8609-f4b51fd5ecd4,Travel,Operational expense,48814.19,2022-03-28,approved,2022-03-28 18:25:15,2022,3,1,13,0,0,0,8,False,False,False,False,False,False,False,False,True,False,10.795796813898432
40ab0406-3b26-4c68-a917-c6eb2c70b5a2,00000000-0000-0000-0000-000000000003,470852ed-b70b-4f24-879a-6edb4193d8b6,045901bc-3a1a-4a0b-bd8b-876c218464f4,Marketing,Operational expense,35581.13,2024-03-12,rejected,2024-03-12 17:39:53,2024,3,1,11,1,0,0,4,False,False,False,False,True,False,False,False,False,False,10.479598824520732
0dfc1fb7-4718-41bb-a1e5-8bbc024e362b,00000000-0000-0000-0000-000000000001,a01b7f2a-d4d0-48bf-bb89-c1040f55587a,9a16d7d2-dc18-4141-a14f-3394de4b98bc,Insurance,Operational expense,45414.45,2022-02-01,approved,2022-02-01 12:15:22,2022,2,1,5,1,0,0,1,False,True,False,False,False,False,False,False,False,False,10.723607634507724
e6533580-b33c-4b8a-b3b1-f3356b7f721a,00000000-0000-0000-0000-000000000001,a01b7f2a-d4d0-48bf-bb89-c1040f55587a,f577e0e3-284e-4c71-8d16-74f51d0fe305,Marketing,Operational expense,28099.48,2024-07-28,pending,2024-07-28 10:03:31,2024,7,3,30,6,1,0,4,False,False,False,False,True,False,False,False,False,False,10.243541937026478
f1153406-27fe-4c15-ac41-d7ef7d0ceed1,00000000-0000-0000-0000-000000000001,0eb66abb-0d5d-4e88-a3ff-16776e267d83,9a16d7d2-dc18-4141-a14f-3394de4b98bc,Maintenance,Operational expense,1755.39,2024-06-08,approved,2024-06-08 12:55:24,2024,6,2,23,5,1,0,3,False,False,False,True,False,False,False,False,False,False,7.471015845207451
ab7d337b-298d-41dd-98f2-a1e59e42c5da,00000000-0000-0000-0000-000000000001,51fd3682-4888-4a55-92f7-281307c67941,f0e9f4da-9ca0-492d-a21e-3f8a819f9184,IT & Software,Operational expense,41382.39,2023-12-01,approved,2023-12-01 08:13:19,2023,12,4,48,4,0,0,0,True,False,False,False,False,False,False,False,False,False,10.630634871578582
32e3a2d8-1a28-430b-8b56-7d960c598737,00000000-0000-0000-0000-000000000002,587616fd-ba60-493e-ba92-b68a61b5cdce,07274486-6344-4009-ae28-b9027a51f93f,Travel,Operational expense,44985.76,2022-08-22,rejected,2022-08-22 09:04:37,2022,8,3,34,0,0,0,8,False,False,False,False,False,False,False,False,True,False,10.714123503238385
c6f1038f-94e7-4e2a-bbbb-768fae29c3c0,00000000-0000-0000-0000-000000000003,470852ed-b70b-4f24-879a-6edb4193d8b6,045901bc-3a1a-4a0b-bd8b-876c218464f4,IT & Software,Operational expense,16483.89,2024-02-14,approved,2024-02-14 11:35:51,2024,2,1,7,2,0,0,0,True,False,False,False,False,False,False,False,False,False,9.710199482750781
06422c20-7f48-47ba-bbdf-f29fc7a7b161,00000000-0000-0000-0000-000000000002,b961632b-814f-4481-946b-17a792487aa7,f72410dd-3260-4ece-a477-1ae69ac1e84e,IT & Software,Operational expense,7986.48,2022-04-29,approved,2022-04-29 18:15:02,2022,4,2,17,4,0,0,0,True,False,False,False,False,False,False,False,False,False,8.985630594770292
265973b5-1eb1-4e53-8bcf-a78f5cc16a2a,00000000-0000-0000-0000-000000000001,51fd3682-4888-4a55-92f7-281307c67941,3f0519f3-383c-48a1-8609-f4b51fd5ecd4,Insurance,Operational expense,48188.06,2024-12-17,approved,2024-12-17 10:37:14,2024,12,4,51,1,0,0,1,False,True,False,False,False,False,False,False,False,False,10.78288730332253
cea3551d-3439-473d-8fe3-28f314ca5362,00000000-0000-0000-0000-000000000001,a01b7f2a-d4d0-48bf-bb89-c1040f55587a,ea13a2c7-2a88-40f3-b073-4e507c524f18,IT & Software,Operational expense,15741.66,2022-07-13,approved,2022-07-13 16:22:01,2022,7,3,28,2,0,0,0,True,False,False,False,False,False,False,False,False,False,9.664129503881203
07a1450e-f5a6-456f-96d9-bbae5c7990fc,00000000-0000-0000-0000-000000000002,587616fd-ba60-493e-ba92-b68a61b5cdce,2afe7cda-5682-4c01-a59f-5f13090047f6,Office Supplies,Operational expense,14682.6,2023-11-19,approved,2023-11-19 10:19:34,2023,11,4,46,6,1,0,5,False,False,False,False,False,True,False,False,False,False,9.59448650371178
f42927fd-e9c0-4270-926e-a8316e057c6a,00000000-0000-0000-0000-000000000001,0eb66abb-0d5d-4e88-a3ff-16776e267d83,aadd1a3f-3f20-499a-b950-51966ac9090c,Office Supplies,Operational expense,18778.07,2024-10-31,pending,2024-10-31 15:57:31,2024,10,4,44,3,0,1,5,False,False,False,False,False,True,False,False,False,False,9.840498230769287
868ff5ff-b4f0-4f2e-8c72-5c7749c62406,00000000-0000-0000-0000-000000000003,7227b311-834f-4815-aa86-c5d464758be1,74245d66-8df4-4678-b1e9-76d5e231caff,IT & Software,Operational expense,4351.01,2024-03-02,pending,2024-03-02 14:01:38,2024,3,1,9,5,1,0,0,True,False,False,False,False,False,False,False,False,False,8.378393086327256
98f22c1b-8ef4-4b78-bb1f-61c0af76b04b,00000000-0000-0000-0000-000000000003,7227b311-834f-4815-aa86-c5d464758be1,8626b762-d8ef-4e32-8446-33cdac213522,Maintenance,Operational expense,49035.07,2024-12-28,approved,2024-12-28 10:24:32,2024,12,4,52,5,1,0,3,False,False,False,True,False,False,False,False,False,False,10.800311428736503
4243bf7d-8fb4-4758-8315-f4a05f9d3ea9,00000000-0000-0000-0000-000000000002,5f6c98b4-4360-41ee-83a3-efc700651a04,81c496fc-1d35-4405-9a7d-ae0a15104d5b,Office Supplies,Operational expense,47539.2,2024-08-12,approved,2024-08-12 12:03:13,2024,8,3,33,0,0,0,5,False,False,False,False,False,True,False,False,False,False,10.769330947888928
bcddab96-b9e7-4df8-8c95-71b4257b8e07,00000000-0000-0000-0000-000000000003,470852ed-b70b-4f24-879a-6edb4193d8b6,9dd0c56d-a9cf-4c8d-a998-9df89eb48a85,Office Supplies,Operational expense,15257.51,2023-09-24,approved,2023-09-24 10:42:19,2023,9,3,38,6,1,0,5,False,False,False,False,False,True,False,False,False,False,9.632892659180047
a05eef28-8fa4-440b-a7f3-4bfb0173fd07,00000000-0000-0000-0000-000000000001,a01b7f2a-d4d0-48bf-bb89-c1040f55587a,aadd1a3f-3f20-499a-b950-51966ac9090c,Logistics,Operational expense,7840.07,2024-05-05,pending,2024-05-05 15:02:55,2024,5,2,18,6,1,0,2,False,False,True,False,False,False,False,False,False,False,8.967130583623797
70918a65-7861-4ff2-beee-9a496224aa7d,00000000-0000-0000-0000-000000000001,51fd3682-4888-4a55-92f7-281307c67941,f17772cf-7a8e-4e04-aeef-8c148fe1a7e5,Logistics,Operational expense,22612.52,2023-06-18,approved,2023-06-18 08:06:11,2023,6,2,24,6,1,0,2,False,False,True,False,False,False,False,False,False,False,10.026303236480587
8bfa7a78-dcb5-4479-9195-9b48b62d4b5c,00000000-0000-0000-0000-000000000002,b961632b-814f-4481-946b-17a792487aa7,6708a3ae-03ac-432d-8065-25bbf8f3a753,Office Supplies,Operational expense,15813.55,2024-10-23,pending,2024-10-23 11:32:47,2024,10,4,43,2,0,0,5,False,False,False,False,False,True,False,False,False,False,9.668685681335559
5bb3a209-1c9a-4f05-88bf-15c1ffe52f08,00000000-0000-0000-0000-000000000001,a01b7f2a-d4d0-48bf-bb89-c1040f55587a,ea13a2c7-2a88-40f3-b073-4e507c524f18,Marketing,Operational expense,3410.91,2024-11-04,approved,2024-11-04 18:26:29,2024,11,4,45,0,0,0,4,False,False,False,False,True,False,False,False,False,False,8.13502753077247
770785f9-3fc5-4639-97e5-55b34ace5709,00000000-0000-0000-0000-000000000003,9b1ac5ce-ad4f-40d1-8b7c-0005176b143d,045901bc-3a1a-4a0b-bd8b-876c218464f4,Marketing,Operational expense,48812.81,2022-06-08,approved,2022-06-08 18:28:12,2022,6,2,23,2,0,0,4,False,False,False,False,True,False,False,False,False,False,10.79576854360989
c85e3214-11e2-4ac2-8120-2ee8473ed4a2,00000000-0000-0000-0000-000000000001,51fd3682-4888-4a55-92f7-281307c67941,163b0e08-1801-4ae5-af8c-f287fbcdff7c,Logistics,Operational expense,47657.33,2023-05-23,approved,2023-05-23 12:13:10,2023,5,2,21,1,0,0,2,False,False,True,False,False,False,False,False,False,False,10.771812710173107
36d98a78-a3ca-42c3-8a5a-9c399e015e1b,00000000-0000-0000-0000-000000000001,a01b7f2a-d4d0-48bf-bb89-c1040f55587a,f17772cf-7a8e-4e04-aeef-8c148fe1a7e5,Insurance,Operational expense,46844.91,2022-06-06,approved,2022-06-06 13:45:48,2022,6,2,23,0,0,0,1,False,True,False,False,False,False,False,False,False,False,10.754618983962434
8ebdefd0-3d83-404e-8496-9051f76aa444,00000000-0000-0000-0000-000000000003,7227b311-834f-4815-aa86-c5d464758be1,045901bc-3a1a-4a0b-bd8b-876c218464f4,Travel,Operational expense,41139.57,2024-07-08,approved,2024-07-08 18:30:16,2024,7,3,28,0,0,0,8,False,False,False,False,False,False,False,False,True,False,10.624750018239794
161eb40e-758c-4e3e-9cb5-f8bba7c01a1a,00000000-0000-0000-0000-000000000003,9b1ac5ce-ad4f-40d1-8b7c-0005176b143d,e452be79-f94b-4709-88bf-8f66053789c4,Maintenance,Operational expense,33336.34,2024-01-28,approved,2024-01-28 10:50:29,2024,1,1,4,6,1,0,3,False,False,False,True,False,False,False,False,False,False,10.414433369078678
ca299412-957b-4121-9323-9e44064510d0,00000000-0000-0000-0000-000000000002,5f6c98b4-4360-41ee-83a3-efc700651a04,7f514159-0b19-4321-a308-daec53995d5a,Travel,Operational expense,16731.02,2024-09-21,approved,2024-09-21 16:52:54,2024,9,3,38,5,1,0,8,False,False,False,False,False,False,False,False,True,False,9.725079527875742
f3c0bad6-d2d1-43d6-aafc-20492638a38c,00000000-0000-0000-0000-000000000003,7227b311-834f-4815-aa86-c5d464758be1,8626b762-d8ef-4e32-8446-33cdac213522,IT & Software,Operational expense,43759.93,2023-09-05,pending,2023-09-05 16:03:52,2023,9,3,36,1,0,0,0,True,False,False,False,False,False,False,False,False,False,10.686496689155229
6617b348-e996-4452-a239-061580be5b08,00000000-0000-0000-0000-000000000001,a01b7f2a-d4d0-48bf-bb89-c1040f55587a,f577e0e3-284e-4c71-8d16-74f51d0fe305,Maintenance,Operational expense,2320.96,2023-10-04,approved,2023-10-04 11:04:40,2023,10,4,40,2,0,0,3,False,False,False,True,False,False,False,False,False,False,7.750166935580604
f5c4f1f8-0eb2-4fd7-9260-5e15de7fb57b,00000000-0000-0000-0000-000000000001,a01b7f2a-d4d0-48bf-bb89-c1040f55587a,eaefa70d-63c2-4537-b86d-2205b826bb2e,Travel,Operational expense,41672.66,2024-09-20,approved,2024-09-20 14:19:32,2024,9,3,38,4,0,0,8,False,False,False,False,False,False,False,False,True,False,10.637624553532772
1fc9d487-8674-41ee-b4cb-e4e1e0370637,00000000-0000-0000-0000-000000000002,5f6c98b4-4360-41ee-83a3-efc700651a04,7f514159-0b19-4321-a308-daec53995d5a,Travel,Operational expense,14046.93,2023-04-10,approved,2023-04-10 17:18:47,2023,4,2,15,0,0,0,8,False,False,False,False,False,False,False,False,True,False,9.550230332946766
c5c9af7d-4968-4818-80ea-3faf5eccc3db,00000000-0000-0000-0000-000000000002,587616fd-ba60-493e-ba92-b68a61b5cdce,e213801b-a706-48c3-9ba4-7db14d3912f3,Insurance,Operational expense,8593.82,2022-03-17,approved,2022-03-17 13:17:10,2022,3,1,11,3,0,0,1,False,True,False,False,False,False,False,False,False,False,9.058914975189277
83b0b4d9-ebb5-45d8-8b04-1eb81d092d84,00000000-0000-0000-0000-000000000002,b961632b-814f-4481-946b-17a792487aa7,81c496fc-1d35-4405-9a7d-ae0a15104d5b,IT & Software,Operational expense,31591.52,2023-10-31,approved,2023-10-31 14:48:56,2023,10,4,44,1,0,1,0,True,False,False,False,False,False,False,False,False,False,10.36067566269428
2028ddb3-0d15-4065-9677-dd21ae30dff8,00000000-0000-0000-0000-000000000002,5f6c98b4-4360-41ee-83a3-efc700651a04,07274486-6344-4009-ae28-b9027a51f93f,Insurance,Operational expense,26240.27,2022-06-28,pending,2022-06-28 10:31:34,2022,6,2,26,1,0,0,1,False,True,False,False,False,False,False,False,False,False,10.175088641277057
cace26b5-c556-40f7-acbb-0eae11d471e4,00000000-0000-0000-0000-000000000001,0eb66abb-0d5d-4e88-a3ff-16776e267d83,4736f247-39f8-400c-b9ea-519dfbb485f6,Insurance,Operational expense,24419.08,2022-04-26,approved,2022-04-26 15:34:03,2022,4,2,17,1,0,0,1,False,True,False,False,False,False,False,False,False,False,10.103161023662606
99b47dc7-d321-42de-b7c7-e19fd388d558,00000000-0000-0000-0000-000000000001,51fd3682-4888-4a55-92f7-281307c67941,9a16d7d2-dc18-4141-a14f-3394de4b98bc,Office Supplies,Operational expense,40423.89,2022-10-11,approved,2022-10-11 09:17:37,2022,10,4,41,1,0,0,5,False,False,False,False,False,True,False,False,False,False,10.60720096335317
913dd59e-b7aa-4200-8f7d-cfd9c5321863,00000000-0000-0000-0000-000000000002,5f6c98b4-4360-41ee-83a3-efc700651a04,9d2a5f48-38f2-46be-b733-c1b9f1c891c4,Logistics,Operational expense,43633.88,2024-05-30,approved,2024-05-30 14:26:37,2024,5,2,22,3,0,0,2,False,False,True,False,False,False,False,False,False,False,10.68361210950769
5a48f5f7-efa3-4c83-af51-02cf65c8eeda,00000000-0000-0000-0000-000000000002,587616fd-ba60-493e-ba92-b68a61b5cdce,6708a3ae-03ac-432d-8065-25bbf8f3a753,Marketing,Operational expense,15903.57,2023-10-19,approved,2023-10-19 18:52:23,2023,10,4,42,3,0,0,4,False,False,False,False,True,False,False,False,False,False,9.674361768294357
6a3aba01-1da1-448b-a571-1200ba5bcb43,00000000-0000-0000-0000-000000000003,9b1ac5ce-ad4f-40d1-8b7c-0005176b143d,355d120a-98dd-4393-a62e-df5f4b8a455b,IT & Software,Operational expense,46888.57,2024-08-06,approved,2024-08-06 16:51:31,2024,8,3,32,1,0,0,0,True,False,False,False,False,False,False,False,False,False,10.755550541642778
5684bd5b-10e4-4120-a1d1-536179187046,00000000-0000-0000-0000-000000000001,51fd3682-4888-4a55-92f7-281307c67941,9a16d7d2-dc18-4141-a14f-3394de4b98bc,IT & Software,Operational expense,22032.58,2022-10-27,approved,2022-10-27 18:11:12,2022,10,4,43,3,0,0,0,True,False,False,False,False,False,False,False,False,False,10.000322932267853
747462a4-ad16-48a0-80c1-831f3b024c41,00000000-0000-0000-0000-000000000001,0eb66abb-0d5d-4e88-a3ff-16776e267d83,f0e9f4da-9ca0-492d-a21e-3f8a819f9184,Marketing,Operational expense,40583.35,2023-06-08,approved,2023-06-08 12:31:44,2023,6,2,23,3,0,0,4,False,False,False,False,True,False,False,False,False,False,10.61113780329765
58669ce1-dfb0-451a-947d-3db9ae02a0f0,00000000-0000-0000-0000-000000000002,b961632b-814f-4481-946b-17a792487aa7,e213801b-a706-48c3-9ba4-7db14d3912f3,Marketing,Operational expense,38422.23,2022-04-13,pending,2022-04-13 08:49:58,2022,4,2,15,2,0,0,4,False,False,False,False,True,False,False,False,False,False,10.556417503585257
a276b86f-e30f-4581-8826-7fc2d8dc2037,00000000-0000-0000-0000-000000000002,b961632b-814f-4481-946b-17a792487aa7,f72410dd-3260-4ece-a477-1ae69ac1e84e,IT & Software,Operational expense,2640.65,2023-10-19,approved,2023-10-19 08:01:57,2023,10,4,42,3,0,0,0,True,False,False,False,False,False,False,False,False,False,7.879159000909204
55fbcc48-919f-45d2-9d04-f9ac4c34b583,00000000-0000-0000-0000-000000000002,5f6c98b4-4360-41ee-83a3-efc700651a04,9d2a5f48-38f2-46be-b733-c1b9f1c891c4,Insurance,Operational expense,30562.66,2024-01-19,approved,2024-01-19 11:42:05,2024,1,1,3,4,0,0,1,False,True,False,False,False,False,False,False,False,False,10.32756700050718
fc898417-3404-4cd1-9732-8246e2c73096,00000000-0000-0000-0000-000000000001,0eb66abb-0d5d-4e88-a3ff-16776e267d83,5a96b78c-2c6b-4aaa-88b5-7c7485705113,Travel,Operational expense,29992.65,2023-09-09,rejected,2023-09-09 11:53:20,2023,9,3,36,5,1,0,8,False,False,False,False,False,False,False,False,True,False,10.308740971573075
a7f840be-ddc1-4f3e-8fbd-982940b4f8e3,00000000-0000-0000-0000-000000000002,5f6c98b4-4360-41ee-83a3-efc700651a04,6708a3ae-03ac-432d-8065-25bbf8f3a753,Maintenance,Operational expense,29325.77,2023-02-27,pending,2023-02-27 09:22:36,2023,2,1,9,0,0,0,3,False,False,False,True,False,False,False,False,False,False,10.286256029756467
47865e87-0b41-40da-8786-363ddfcc37e4,00000000-0000-0000-0000-000000000001,51fd3682-4888-4a55-92f7-281307c67941,f0e9f4da-9ca0-492d-a21e-3f8a819f9184,Office Supplies,Operational expense,18535.09,2023-03-22,approved,2023-03-22 10:01:46,2023,3,1,12,2,0,0,5,False,False,False,False,False,True,False,False,False,False,9.827474921516911
a45ba433-6e19-4140-8fcc-a04ed696a5ef,00000000-0000-0000-0000-000000000003,7227b311-834f-4815-aa86-c5d464758be1,355d120a-98dd-4393-a62e-df5f4b8a455b,Travel,Operational expense,30500.8,2022-09-23,approved,2022-09-23 10:17:13,2022,9,3,38,4,0,0,8,False,False,False,False,False,False,False,False,True,False,10.325540977247547
159ad003-6b25-4553-9649-e0993ac9ee5d,00000000-0000-0000-0000-000000000001,a01b7f2a-d4d0-48bf-bb89-c1040f55587a,eaefa70d-63c2-4537-b86d-2205b826bb2e,Maintenance,Operational expense,29281.12,2022-04-20,approved,2022-04-20 14:36:12,2022,4,2,16,2,0,0,3,False,False,False,True,False,False,False,False,False,False,10.284732369825763
99776952-5dce-4042-a96d-0a5451f07bcc,00000000-0000-0000-0000-000000000003,9b1ac5ce-ad4f-40d1-8b7c-0005176b143d,3b9ffffd-ca39-4330-b08f-59cdb916323f,IT & Software,Operational expense,21989.96,2022-03-15,approved,2022-03-15 15:35:43,2022,3,1,11,1,0,0,0,True,False,False,False,False,False,False,False,False,False,9.99838673880327
76b5c02d-26dc-4f8e-998e-8d2c11666057,00000000-0000-0000-0000-000000000001,51fd3682-4888-4a55-92f7-281307c67941,163b0e08-1801-4ae5-af8c-f287fbcdff7c,Marketing,Operational expense,29225.63,2022-05-06,approved,2022-05-06 08:47:08,2022,5,2,18,4,0,0,4,False,False,False,False,True,False,False,False,False,False,10.282835558950902
44700467-3014-4a07-b491-7fb2550b20eb,00000000-0000-0000-0000-000000000001,51fd3682-4888-4a55-92f7-281307c67941,aadd1a3f-3f20-499a-b950-51966ac9090c,Travel,Operational expense,47451.87,2022-06-10,approved,2022-06-10 14:11:15,2022,6,2,23,4,0,0,8,False,False,False,False,False,False,False,False,True,False,10.767492286929706
865a3835-b422-41fb-8d6e-2445547fece1,00000000-0000-0000-0000-000000000002,5f6c98b4-4360-41ee-83a3-efc700651a04,2afe7cda-5682-4c01-a59f-5f13090047f6,Travel,Operational expense,18034.51,2024-08-02,approved,2024-08-02 15:00:25,2024,8,3,31,4,0,0,8,False,False,False,False,False,False,False,False,True,False,9.800097871285471
660aaa5f-abe4-482f-b582-849b20298165,00000000-0000-0000-0000-000000000002,b961632b-814f-4481-946b-17a792487aa7,f72410dd-3260-4ece-a477-1ae69ac1e84e,Logistics,Operational expense,34983.62,2022-04-28,pending,2022-04-28 14:06:08,2022,4,2,17,3,0,0,2,False,False,True,False,False,False,False,False,False,False,10.462663815323094
4c8a44f9-b1bb-4ccb-a23a-4a86c87b0b23,00000000-0000-0000-0000-000000000001,51fd3682-4888-4a55-92f7-281307c67941,163b0e08-1801-4ae5-af8c-f287fbcdff7c,Marketing,Operational expense,22616.2,2024-01-08,approved,2024-01-08 14:59:49,2024,1,1,2,0,0,0,4,False,False,False,False,True,False,False,False,False,False,10.026465957746492
d223761a-42f9-4d7e-8952-84d68a7f2295,00000000-0000-0000-0000-000000000001,0eb66abb-0d5d-4e88-a3ff-16776e267d83,4736f247-39f8-400c-b9ea-519dfbb485f6,Travel,Operational expense,35063.5,2022-09-06,approved,2022-09-06 17:32:21,2022,9,3,36,1,0,0,8,False,False,False,False,False,False,False,False,True,False,10.464944501636493
c6e4101b-0a62-4a4b-a214-30716f2a28e9,00000000-0000-0000-0000-000000000002,587616fd-ba60-493e-ba92-b68a61b5cdce,f72410dd-3260-4ece-a477-1ae69ac1e84e,Travel,Operational expense,17939.7,2022-04-02,approved,2022-04-02 16:41:24,2022,4,2,13,5,1,0,8,False,False,False,False,False,False,False,False,True,False,9.794827153803631
d003a03e-6a94-424e-b019-ddf228dc2c54,00000000-0000-0000-0000-000000000002,5f6c98b4-4360-41ee-83a3-efc700651a04,f72410dd-3260-4ece-a477-1ae69ac1e84e,Marketing,Operational expense,1880.06,2022-02-26,approved,2022-02-26 09:04:52,2022,2,1,8,5,1,0,4,False,False,False,False,True,False,False,False,False,False,7.539590726718937
181d115a-9101-4c45-9246-5d6d998664be,00000000-0000-0000-0000-000000000002,587616fd-ba60-493e-ba92-b68a61b5cdce,f72410dd-3260-4ece-a477-1ae69ac1e84e,IT & Software,Operational expense,39040.73,2024-07-05,approved,2024-07-05 09:49:24,2024,7,3,27,4,0,0,0,True,False,False,False,False,False,False,False,False,False,10.572386353069804
d72b6408-b3ea-4664-86ca-aeb2dfa77d15,00000000-0000-0000-0000-000000000003,470852ed-b70b-4f24-879a-6edb4193d8b6,29998a31-9af5-4c58-9bfe-cde4f9a96969,Marketing,Operational expense,37863.12,2024-10-02,pending,2024-10-02 17:45:31,2024,10,4,40,2,0,0,4,False,False,False,False,True,False,False,False,False,False,10.541759240818331
1dd73bdd-1043-4f6a-be5d-f118c50c0bc1,00000000-0000-0000-0000-000000000003,9b1ac5ce-ad4f-40d1-8b7c-0005176b143d,e452be79-f94b-4709-88bf-8f66053789c4,Travel,Operational expense,24146.99,2023-08-13,approved,2023-08-13 10:17:43,2023,8,3,32,6,1,0,8,False,False,False,False,False,False,False,False,True,False,10.09195642580326
1ba34e86-0e29-41db-99bf-f4f5b7d7d466,00000000-0000-0000-0000-000000000002,5f6c98b4-4360-41ee-83a3-efc700651a04,7f514159-0b19-4321-a308-daec53995d5a,Logistics,Operational expense,2239.97,2023-06-25,approved,2023-06-25 11:30:12,2023,6,2,25,6,1,0,2,False,False,True,False,False,False,False,False,False,False,7.7146640868304655
a600087a-adcb-4c2a-8656-eeab963d9a9f,00000000-0000-0000-0000-000000000001,a01b7f2a-d4d0-48bf-bb89-c1040f55587a,ea13a2c7-2a88-40f3-b073-4e507c524f18,Maintenance,Operational expense,38367.26,2024-07-08,pending,2024-07-08 13:08:47,2024,7,3,28,0,0,0,3,False,False,False,True,False,False,False,False,False,False,10.55498583428468
70de198a-7b1b-4b49-b0ed-37d7f32cf9f1,00000000-0000-0000-0000-000000000003,9b1ac5ce-ad4f-40d1-8b7c-0005176b143d,355d120a-98dd-4393-a62e-df5f4b8a455b,IT & Software,Operational expense,29051.34,2023-04-19,pending,2023-04-19 12:35:20,2023,4,2,16,2,0,0,0,True,False,False,False,False,False,False,False,False,False,10.276854309810545
9720f414-a835-4984-bdbe-41f3494101ee,00000000-0000-0000-0000-000000000002,587616fd-ba60-493e-ba92-b68a61b5cdce,c75c1d53-938d-4640-b118-e5ada06ce255,Marketing,Operational expense,618.28,2023-01-12,approved,2023-01-12 18:50:53,2023,1,1,2,3,0,0,4,False,False,False,False,True,False,False,False,False,False,6.428557512896458
7ede451d-8aee-4630-a498-baae8a1d78e4,00000000-0000-0000-0000-000000000001,a01b7f2a-d4d0-48bf-bb89-c1040f55587a,f17772cf-7a8e-4e04-aeef-8c148fe1a7e5,Maintenance,Operational expense,17164.29,2022-08-12,approved,2022-08-12 17:11:10,2022,8,3,32,4,0,0,3,False,False,False,True,False,False,False,False,False,False,9.750644600593235
8358afec-90e9-40ba-897a-56632218f0b1,00000000-0000-0000-0000-000000000003,470852ed-b70b-4f24-879a-6edb4193d8b6,61d2418d-6936-4075-a481-1d994952d89b,Maintenance,Operational expense,27074.38,2023-10-15,pending,2023-10-15 16:11:13,2023,10,4,41,6,1,0,3,False,False,False,True,False,False,False,False,False,False,10.20638010685842
43c30781-8f3c-4ee9-b9b8-7e624577eadc,00000000-0000-0000-0000-000000000001,0eb66abb-0d5d-4e88-a3ff-16776e267d83,5a96b78c-2c6b-4aaa-88b5-7c7485705113,Maintenance,Operational expense,41725.93,2022-01-01,approved,2022-01-01 10:01:44,2022,1,1,52,5,1,0,3,False,False,False,True,False,False,False,False,False,False,10.638902002702956
cf04ea3e-6158-4bf8-9010-7d9b5276cf35,00000000-0000-0000-0000-000000000002,587616fd-ba60-493e-ba92-b68a61b5cdce,7f514159-0b19-4321-a308-daec53995d5a,Travel,Operational expense,23261.59,2022-03-28,approved,2022-03-28 15:57:53,2022,3,1,13,0,0,0,8,False,False,False,False,False,False,False,False,True,False,10.054601769830716
58b30112-290a-46f1-95a1-ee618ad2f6c0,00000000-0000-0000-0000-000000000001,51fd3682-4888-4a55-92f7-281307c67941,f0e9f4da-9ca0-492d-a21e-3f8a819f9184,Marketing,Operational expense,33787.19,2024-03-24,approved,2024-03-24 10:38:11,2024,3,1,12,6,1,0,4,False,False,False,False,True,False,False,False,False,False,10.427866612129788
6ae7d827-0118-45be-be7d-ea8bc6e3c482,00000000-0000-0000-0000-000000000001,51fd3682-4888-4a55-92f7-281307c67941,f577e0e3-284e-4c71-8d16-74f51d0fe305,Maintenance,Operational expense,9657.66,2022-03-01,approved,2022-03-01 15:16:11,2022,3,1,9,1,0,0,3,False,False,False,True,False,False,False,False,False,False,9.175610201228453
397eedf9-4de6-4db9-a8a8-1b0c4a997fa7,00000000-0000-0000-0000-000000000002,5f6c98b4-4360-41ee-83a3-efc700651a04,e213801b-a706-48c3-9ba4-7db14d3912f3,Insurance,Operational expense,6564.35,2023-09-15,pending,2023-09-15 15:21:36,2023,9,3,37,4,0,0,1,False,True,False,False,False,False,False,False,False,False,8.789561098339417
889f53b2-08b8-4395-8665-06d52b0f3e2b,00000000-0000-0000-0000-000000000002,5f6c98b4-4360-41ee-83a3-efc700651a04,bcde24c7-84f3-4459-afee-eba83339896c,Logistics,Operational expense,9108.67,2023-05-19,rejected,2023-05-19 15:12:43,2023,5,2,20,4,0,0,2,False,False,True,False,False,False,False,False,False,False,9.117091765668155
d8be86b7-8a9b-4218-a063-21b8f688f3b0,00000000-0000-0000-0000-000000000002,b961632b-814f-4481-946b-17a792487aa7,09cd08c0-c83a-42f5-96cc-b9c13c2aa7e4,Logistics,Operational expense,43324.25,2022-11-24,approved,2022-11-24 16:54:02,2022,11,4,47,3,0,0,2,False,False,True,False,False,False,False,False,False,False,10.676490884907608
9f272a1e-a900-42b5-89c5-8f99f805f3a3,00000000-0000-0000-0000-000000000001,51fd3682-4888-4a55-92f7-281307c67941,f17772cf-7a8e-4e04-aeef-8c148fe1a7e5,Marketing,Operational expense,40902.31,2024-10-28,approved,2024-10-28 11:34:37,2024,10,4,44,0,0,0,4,False,False,False,False,True,False,False,False,False,False,10.618966267851665
1f4c5cfc-6c74-487e-a3d6-09f9631a7d11,00000000-0000-0000-0000-000000000003,7227b311-834f-4815-aa86-c5d464758be1,1db94196-443a-440f-ad7e-c4422bb047e3,Logistics,Operational expense,45376.75,2024-04-21,pending,2024-04-21 18:33:53,2024,4,2,16,6,1,0,2,False,False,True,False,False,False,False,False,False,False,10.722777175791284
6705c849-bb8f-4748-a75d-f989855c3ece,00000000-0000-0000-0000-000000000002,587616fd-ba60-493e-ba92-b68a61b5cdce,6708a3ae-03ac-432d-8065-25bbf8f3a753,Insurance,Operational expense,814.71,2022-08-11,pending,2022-08-11 14:56:59,2022,8,3,32,3,0,0,1,False,True,False,False,False,False,False,False,False,False,6.7040588996404855
c61ac6cd-1e9c-4a02-b413-e442551e9a86,00000000-0000-0000-0000-000000000001,0eb66abb-0d5d-4e88-a3ff-16776e267d83,163b0e08-1801-4ae5-af8c-f287fbcdff7c,Travel,Operational expense,27394.16,2022-07-20,approved,2022-07-20 14:52:51,2022,7,3,29,2,0,0,8,False,False,False,False,False,False,False,False,True,False,10.218121634437301
64fd4b1c-db54-4e84-965c-1ce8588a6bb7,00000000-0000-0000-0000-000000000002,5f6c98b4-4360-41ee-83a3-efc700651a04,07274486-6344-4009-ae28-b9027a51f93f,Marketing,Operational expense,47199.17,2024-01-29,pending,2024-01-29 12:26:36,2024,1,1,5,0,0,0,4,False,False,False,False,True,False,False,False,False,False,10.762152773262075
ed897700-55a8-427a-bbbb-e418329e6f2e,00000000-0000-0000-0000-000000000001,a01b7f2a-d4d0-48bf-bb89-c1040f55587a,163b0e08-1801-4ae5-af8c-f287fbcdff7c,Maintenance,Operational expense,10087.19,2022-01-10,pending,2022-01-10 09:45:18,2022,1,1,2,0,0,0,3,False,False,False,True,False,False,False,False,False,False,9.219120711725918
3cb5e710-c956-4954-a1ca-7d84d0998ab6,00000000-0000-0000-0000-000000000002,b961632b-814f-4481-946b-17a792487aa7,e213801b-a706-48c3-9ba4-7db14d3912f3,Travel,Operational expense,25389.6,2023-12-17,approved,2023-12-17 16:15:51,2023,12,4,50,6,1,0,8,False,False,False,False,False,False,False,False,True,False,10.142134305770433
32aa05cf-2c9e-489e-abe5-3119fb8a71ec,00000000-0000-0000-0000-000000000002,5f6c98b4-4360-41ee-83a3-efc700651a04,c75c1d53-938d-4640-b118-e5ada06ce255,Insurance,Operational expense,48156.81,2024-02-27,approved,2024-02-27 18:40:15,2024,2,1,9,1,0,0,1,False,True,False,False,False,False,False,False,False,False,10.782238605526828
9cc64706-6b7b-44ab-8b4b-19744711090c,00000000-0000-0000-0000-000000000002,587616fd-ba60-493e-ba92-b68a61b5cdce,9d2a5f48-38f2-46be-b733-c1b9f1c891c4,Logistics,Operational expense,23783.97,2023-04-01,approved,2023-04-01 16:12:38,2023,4,2,13,5,1,0,2,False,False,True,False,False,False,False,False,False,False,10.076809147566449
7e88cf29-8aa8-4029-a236-4f42629d4ffa,00000000-0000-0000-0000-000000000001,51fd3682-4888-4a55-92f7-281307c67941,f577e0e3-284e-4c71-8d16-74f51d0fe305,Maintenance,Operational expense,33264.01,2024-06-02,approved,2024-06-02 11:12:22,2024,6,2,22,6,1,0,3,False,False,False,True,False,False,False,False,False,False,10.412261372792207
981fe739-aaf0-4204-bf19-b37e99b0edba,00000000-0000-0000-0000-000000000002,587616fd-ba60-493e-ba92-b68a61b5cdce,f72410dd-3260-4ece-a477-1ae69ac1e84e,IT & Software,Operational expense,41618.36,2022-02-22,approved,2022-02-22 08:44:30,2022,2,1,8,1,0,0,0,True,False,False,False,False,False,False,False,False,False,10.636320722606905
f5496020-9dfe-4b5d-b68a-d215652a1541,00000000-0000-0000-0000-000000000002,587616fd-ba60-493e-ba92-b68a61b5cdce,81c496fc-1d35-4405-9a7d-ae0a15104d5b,Marketing,Operational expense,35521.19,2022-06-20,approved,2022-06-20 14:49:40,2022,6,2,25,0,0,0,4,False,False,False,False,True,False,False,False,False,False,10.477912850610895
88d5161f-c393-4287-afa8-8207302d8162,00000000-0000-0000-0000-000000000002,587616fd-ba60-493e-ba92-b68a61b5cdce,517d046e-f5e7-4244-8dab-e8995b9bfdc4,Insurance,Operational expense,11802.04,2022-08-28,approved,2022-08-28 12:25:28,2022,8,3,34,6,1,0,1,False,True,False,False,False,False,False,False,False,False,9.376112404392233
fd1bf980-ca8c-4199-9276-e6219a8472f5,00000000-0000-0000-0000-000000000003,470852ed-b70b-4f24-879a-6edb4193d8b6,61d2418d-6936-4075-a481-1d994952d89b,Office Supplies,Operational expense,18439.52,2024-10-23,approved,2024-10-23 11:38:07,2024,10,4,43,2,0,0,5,False,False,False,False,False,True,False,False,False,False,9.822305696279145
f538c918-82fc-47aa-a82a-8c324b880ea9,00000000-0000-0000-0000-000000000003,7227b311-834f-4815-aa86-c5d464758be1,8626b762-d8ef-4e32-8446-33cdac213522,Logistics,Operational expense,14856.0,2023-10-01,approved,2023-10-01 08:33:32,2023,10,4,39,6,1,0,2,False,False,True,False,False,False,False,False,False,False,9.606226413637353
1ea12e38-f25e-4d9b-9bf2-c4240419097b,00000000-0000-0000-0000-000000000001,a01b7f2a-d4d0-48bf-bb89-c1040f55587a,9a16d7d2-dc18-4141-a14f-3394de4b98bc,Office Supplies,Operational expense,21618.73,2024-10-07,approved,2024-10-07 12:28:54,2024,10,4,41,0,0,0,5,False,False,False,False,False,True,False,False,False,False,9.981361602678586
b1d0a026-f3bf-44c3-88ce-bd8a693ab763,00000000-0000-0000-0000-000000000001,0eb66abb-0d5d-4e88-a3ff-16776e267d83,9a16d7d2-dc18-4141-a14f-3394de4b98bc,IT & Software,Operational expense,35672.08,2024-09-04,approved,2024-09-04 09:36:58,2024,9,3,36,2,0,0,0,True,False,False,False,False,False,False,False,False,False,10.48215162169561
a1dc8e5a-accf-4180-b28c-6f10d7037af1,00000000-0000-0000-0000-000000000003,470852ed-b70b-4f24-879a-6edb4193d8b6,29998a31-9af5-4c58-9bfe-cde4f9a96969,Office Supplies,Operational expense,49765.18,2022-06-28,approved,2022-06-28 08:02:05,2022,6,2,26,1,0,0,5,False,False,False,False,False,True,False,False,False,False,10.815090915842838
7eeeaa2a-78b7-4dac-aa58-5bed57c81c22,00000000-0000-0000-0000-000000000003,9b1ac5ce-ad4f-40d1-8b7c-0005176b143d,1db94196-443a-440f-ad7e-c4422bb047e3,Office Supplies,Operational expense,2858.07,2024-08-02,approved,2024-08-02 17:51:36,2024,8,3,31,4,0,0,5,False,False,False,False,False,True,False,False,False,False,7.958251676107926
eb3aad1c-a96f-46c1-aeac-93c2568e5ff5,00000000-0000-0000-0000-000000000001,51fd3682-4888-4a55-92f7-281307c67941,f0e9f4da-9ca0-492d-a21e-3f8a819f9184,Marketing,Operational expense,27203.93,2024-06-28,approved,2024-06-28 14:37:26,2024,6,2,26,4,0,0,4,False,False,False,False,True,False,False,False,False,False,10.211153485860292
13f0365f-3a62-4caf-9823-67b88fab6fd1,00000000-0000-0000-0000-000000000003,7227b311-834f-4815-aa86-c5d464758be1,61d2418d-6936-4075-a481-1d994952d89b,Marketing,Operational expense,34176.92,2024-07-24,approved,2024-07-24 16:04:31,2024,7,3,30,2,0,0,4,False,False,False,False,True,False,False,False,False,False,10.439335100517123
0512ad59-9374-4fb9-9209-802ae94824df,00000000-0000-0000-0000-000000000003,470852ed-b70b-4f24-879a-6edb4193d8b6,3b9ffffd-ca39-4330-b08f-59cdb916323f,Office Supplies,Operational expense,12922.07,2023-09-22,approved,2023-09-22 18:15:27,2023,9,3,38,4,0,0,5,False,False,False,False,False,True,False,False,False,False,9.46676936520943
85404b2a-4138-4324-81ab-18a07cea47d8,00000000-0000-0000-0000-000000000003,7227b311-834f-4815-aa86-c5d464758be1,1db94196-443a-440f-ad7e-c4422bb047e3,Marketing,Operational expense,3226.88,2023-09-19,approved,2023-09-19 16:44:23,2023,9,3,38,1,0,0,4,False,False,False,False,True,False,False,False,False,False,8.079580853977653
8940eb15-5091-4945-9226-1390a69fe725,00000000-0000-0000-0000-000000000003,7227b311-834f-4815-aa86-c5d464758be1,29998a31-9af5-4c58-9bfe-cde4f9a96969,Maintenance,Operational expense,13950.54,2024-05-30,approved,2024-05-30 15:29:37,2024,5,2,22,3,0,0,3,False,False,False,True,False,False,False,False,False,False,9.543345175421747
99773cea-4301-4095-a7f2-15ce423874e2,00000000-0000-0000-0000-000000000002,5f6c98b4-4360-41ee-83a3-efc700651a04,81c496fc-1d35-4405-9a7d-ae0a15104d5b,Logistics,Operational expense,14549.18,2022-02-24,approved,2022-02-24 11:40:04,2022,2,1,8,3,0,0,2,False,False,True,False,False,False,False,False,False,False,9.585358643657138
e107708e-8149-41ef-ae57-e41a41a093c3,00000000-0000-0000-0000-000000000001,a01b7f2a-d4d0-48bf-bb89-c1040f55587a,aadd1a3f-3f20-499a-b950-51966ac9090c,Travel,Operational expense,36697.41,2024-09-13,approved,2024-09-13 11:03:13,2024,9,3,37,4,0,0,8,False,False,False,False,False,False,False,False,True,False,10.510488708853458
ba83ffd5-50dc-4ed0-a030-0a62f9d4cdac,00000000-0000-0000-0000-000000000001,0eb66abb-0d5d-4e88-a3ff-16776e267d83,eaefa70d-63c2-4537-b86d-2205b826bb2e,Office Supplies,Operational expense,47817.8,2024-11-20,approved,2024-11-20 08:31:36,2024,11,4,47,2,0,0,5,False,False,False,False,False,True,False,False,False,False,10.775174146594567
f7f58850-2d95-4735-acb3-411aa7bf84e0,00000000-0000-0000-0000-000000000001,51fd3682-4888-4a55-92f7-281307c67941,5a96b78c-2c6b-4aaa-88b5-7c7485705113,Marketing,Operational expense,43551.25,2023-06-13,pending,2023-06-13 12:23:02,2023,6,2,24,1,0,0,4,False,False,False,False,True,False,False,False,False,False,10.681716645699229
1f980b23-5491-4546-b31a-507d222c4e75,00000000-0000-0000-0000-000000000003,7227b311-834f-4815-aa86-c5d464758be1,3b9ffffd-ca39-4330-b08f-59cdb916323f,Office Supplies,Operational expense,5743.29,2023-10-27,approved,2023-10-27 11:01:54,2023,10,4,43,4,0,0,5,False,False,False,False,False,True,False,False,False,False,8.655961596918791
b7837e42-a2f1-4d5c-bfc7-03ce57539b04,00000000-0000-0000-0000-000000000001,a01b7f2a-d4d0-48bf-bb89-c1040f55587a,aadd1a3f-3f20-499a-b950-51966ac9090c,IT & Software,Operational expense,19176.12,2023-12-08,approved,2023-12-08 16:09:20,2023,12,4,49,4,0,0,0,True,False,False,False,False,False,False,False,False,False,9.861473180749897
26e1f598-708c-4862-9992-af8907298ade,00000000-0000-0000-0000-000000000002,587616fd-ba60-493e-ba92-b68a61b5cdce,2afe7cda-5682-4c01-a59f-5f13090047f6,Marketing,Operational expense,23813.21,2022-03-29,approved,2022-03-29 15:42:15,2022,3,1,13,1,0,0,4,False,False,False,False,True,False,False,False,False,False,10.078037740314391
ae16b742-03b8-4e8d-899f-5f9b4ed6bfa5,00000000-0000-0000-0000-000000000001,a01b7f2a-d4d0-48bf-bb89-c1040f55587a,eaefa70d-63c2-4537-b86d-2205b826bb2e,Office Supplies,Operational expense,14364.29,2023-09-25,approved,2023-09-25 17:27:42,2023,9,3,39,0,0,0,5,False,False,False,False,False,True,False,False,False,False,9.572570159166455
67f04db0-c376-43d4-a238-0105a7edd509,00000000-0000-0000-0000-000000000002,587616fd-ba60-493e-ba92-b68a61b5cdce,2afe7cda-5682-4c01-a59f-5f13090047f6,Maintenance,Operational expense,17631.42,2024-07-09,approved,2024-07-09 08:49:53,2024,7,3,28,1,0,0,3,False,False,False,True,False,False,False,False,False,False,9.77749453199562
f599c9fa-cf3a-461d-843d-9c14d397581f,00000000-0000-0000-0000-000000000002,5f6c98b4-4360-41ee-83a3-efc700651a04,7f514159-0b19-4321-a308-daec53995d5a,Insurance,Operational expense,42049.38,2022-05-24,approved,2022-05-24 08:48:21,2022,5,2,21,1,0,0,1,False,True,False,False,False,False,False,False,False,False,10.646623702221142
94524195-e52f-4391-a718-388513b03ebc,00000000-0000-0000-0000-000000000002,587616fd-ba60-493e-ba92-b68a61b5cdce,bcde24c7-84f3-4459-afee-eba83339896c,Logistics,Operational expense,21773.54,2022-11-09,approved,2022-11-09 11:49:25,2022,11,4,45,2,0,0,2,False,False,True,False,False,False,False,False,False,False,9.988496676354051
5ebf9197-f3b4-4a28-882f-9fadb445670a,00000000-0000-0000-0000-000000000002,5f6c98b4-4360-41ee-83a3-efc700651a04,81c496fc-1d35-4405-9a7d-ae0a15104d5b,Office Supplies,Operational expense,6144.99,2022-10-28,approved,2022-10-28 13:47:49,2022,10,4,43,4,0,0,5,False,False,False,False,False,True,False,False,False,False,8.723555115614586
142f908e-a70e-4101-a357-c0d4c6b055ab,00000000-0000-0000-0000-000000000002,b961632b-814f-4481-946b-17a792487aa7,81c496fc-1d35-4405-9a7d-ae0a15104d5b,Office Supplies,Operational expense,15425.68,2022-12-05,approved,2022-12-05 15:00:18,2022,12,4,49,0,0,0,5,False,False,False,False,False,True,False,False,False,False,9.643853756943365
492bae91-f834-4c47-a83b-e6a5ece98995,00000000-0000-0000-0000-000000000002,587616fd-ba60-493e-ba92-b68a61b5cdce,c75c1d53-938d-4640-b118-e5ada06ce255,Logistics,Operational expense,35589.83,2022-11-29,approved,2022-11-29 10:38:48,2022,11,4,48,1,0,0,2,False,False,True,False,False,False,False,False,False,False,10.479843299389932
3795d0f0-caf1-4e04-a223-2d9ed4bb2858,00000000-0000-0000-0000-000000000001,0eb66abb-0d5d-4e88-a3ff-16776e267d83,ea13a2c7-2a88-40f3-b073-4e507c524f18,Maintenance,Operational expense,2211.0,2023-05-17,approved,2023-05-17 10:57:41,2023,5,2,20,2,0,0,3,False,False,False,True,False,False,False,False,False,False,7.701652362642226
2e10feed-0ac3-43ff-bd0a-871295e1f4e8,00000000-0000-0000-0000-000000000003,9b1ac5ce-ad4f-40d1-8b7c-0005176b143d,74245d66-8df4-4678-b1e9-76d5e231caff,IT & Software,Operational expense,45832.8,2024-05-12,approved,2024-05-12 14:44:28,2024,5,2,19,6,1,0,0,True,False,False,False,False,False,False,False,False,False,10.732777089187001
e4e4fbd7-2482-4d1c-9684-e7dc9a893dcf,00000000-0000-0000-0000-000000000002,5f6c98b4-4360-41ee-83a3-efc700651a04,9d2a5f48-38f2-46be-b733-c1b9f1c891c4,Logistics,Operational expense,17009.8,2023-09-02,approved,2023-09-02 10:18:15,2023,9,3,35,5,1,0,2,False,False,True,False,False,False,False,False,False,False,9.74160371544212
dac566ec-f41a-42ee-9ad8-1fc863a0107e,00000000-0000-0000-0000-000000000001,51fd3682-4888-4a55-92f7-281307c67941,eaefa70d-63c2-4537-b86d-2205b826bb2e,Office Supplies,Operational expense,30245.2,2022-04-13,approved,2022-04-13 10:48:48,2022,4,2,15,2,0,0,5,False,False,False,False,False,True,False,False,False,False,10.317125835733444
1f554fa3-a5d1-49f9-85b5-222d3f07dfec,00000000-0000-0000-0000-000000000003,7227b311-834f-4815-aa86-c5d464758be1,74245d66-8df4-4678-b1e9-76d5e231caff,Travel,Operational expense,49534.04,2023-08-20,pending,2023-08-20 18:10:52,2023,8,3,33,6,1,0,8,False,False,False,False,False,False,False,False,True,False,10.810435576916646
99e76337-d207-47a8-ae0e-2865f7f11711,00000000-0000-0000-0000-000000000002,b961632b-814f-4481-946b-17a792487aa7,bcde24c7-84f3-4459-afee-eba83339896c,Travel,Operational expense,5718.79,2024-07-21,approved,2024-07-21 15:57:57,2024,7,3,29,6,1,0,8,False,False,False,False,False,False,False,False,True,False,8.651687370413182
d5decc9e-1281-4518-9303-f324a72de1b0,00000000-0000-0000-0000-000000000002,587616fd-ba60-493e-ba92-b68a61b5cdce,07274486-6344-4009-ae28-b9027a51f93f,Office Supplies,Operational expense,30960.75,2022-04-29,pending,2022-04-29 11:35:22,2022,4,2,17,4,0,0,5,False,False,False,False,False,True,False,False,False,False,10.340507850654015
01824e56-3455-4984-b28e-220b93d19e6b,00000000-0000-0000-0000-000000000001,0eb66abb-0d5d-4e88-a3ff-16776e267d83,eaefa70d-63c2-4537-b86d-2205b826bb2e,Logistics,Operational expense,10419.46,2024-04-27,approved,2024-04-27 18:37:08,2024,4,2,17,5,1,0,2,False,False,True,False,False,False,False,False,False,False,9.251526460206279
952915f5-1db8-40fd-a92c-ed05c25a1555,00000000-0000-0000-0000-000000000002,b961632b-814f-4481-946b-17a792487aa7,2afe7cda-5682-4c01-a59f-5f13090047f6,Travel,Operational expense,17430.88,2023-01-24,pending,2023-01-24 11:40:33,2023,1,1,4,1,0,0,8,False,False,False,False,False,False,False,False,True,False,9.766055992709068
8e1abb5f-c4d2-45da-8f3a-6aa95bf1eb1f,00000000-0000-0000-0000-000000000003,470852ed-b70b-4f24-879a-6edb4193d8b6,61d2418d-6936-4075-a481-1d994952d89b,Insurance,Operational expense,30956.17,2023-04-15,approved,2023-04-15 16:05:21,2023,4,2,15,5,1,0,1,False,True,False,False,False,False,False,False,False,False,10.34035991525694
fc150f61-553a-4e00-af4e-e05d5777f751,00000000-0000-0000-0000-000000000003,9b1ac5ce-ad4f-40d1-8b7c-0005176b143d,9dd0c56d-a9cf-4c8d-a998-9df89eb48a85,Insurance,Operational expense,39017.04,2023-03-20,approved,2023-03-20 18:38:27,2023,3,1,12,0,0,0,1,False,True,False,False,False,False,False,False,False,False,10.571779382264552
33e78cd8-1a78-4241-8c14-8aa1a3a74a8b,00000000-0000-0000-0000-000000000001,a01b7f2a-d4d0-48bf-bb89-c1040f55587a,4736f247-39f8-400c-b9ea-519dfbb485f6,Maintenance,Operational expense,20310.94,2022-12-05,approved,2022-12-05 09:20:57,2022,12,4,49,0,0,0,3,False,False,False,True,False,False,False,False,False,False,9.918964169461285
0282de04-4cc5-4348-ab31-670908962513,00000000-0000-0000-0000-000000000001,0eb66abb-0d5d-4e88-a3ff-16776e267d83,f577e0e3-284e-4c71-8d16-74f51d0fe305,Insurance,Operational expense,1019.8,2024-11-05,approved,2024-11-05 11:32:55,2024,11,4,45,1,0,0,1,False,True,False,False,False,False,False,False,False,False,6.9283419125905255
ae2bb33f-23e9-4b15-906a-fc830b00b8b7,00000000-0000-0000-0000-000000000003,7227b311-834f-4815-aa86-c5d464758be1,8626b762-d8ef-4e32-8446-33cdac213522,Maintenance,Operational expense,29280.5,2022-02-12,approved,2022-02-12 10:27:24,2022,2,1,6,5,1,0,3,False,False,False,True,False,False,False,False,False,False,10.284711196271259
8f7f54e0-e784-4d3a-9b03-a1d12146e5ac,00000000-0000-0000-0000-000000000001,0eb66abb-0d5d-4e88-a3ff-16776e267d83,9a16d7d2-dc18-4141-a14f-3394de4b98bc,Office Supplies,Operational expense,3824.24,2024-11-20,approved,2024-11-20 10:18:19,2024,11,4,47,2,0,0,5,False,False,False,False,False,True,False,False,False,False,8.249376489390285
d500979e-a2ff-4618-9647-1ff70779b47e,00000000-0000-0000-0000-000000000002,5f6c98b4-4360-41ee-83a3-efc700651a04,7f514159-0b19-4321-a308-daec53995d5a,IT & Software,Operational expense,6298.29,2023-11-12,approved,2023-11-12 15:14:11,2023,11,4,45,6,1,0,0,True,False,False,False,False,False,False,False,False,False,8.748192207615983
6701efaf-d30b-456a-a5d9-e968bd017344,00000000-0000-0000-0000-000000000002,5f6c98b4-4360-41ee-83a3-efc700651a04,81c496fc-1d35-4405-9a7d-ae0a15104d5b,Logistics,Operational expense,18794.61,2023-04-02,pending,2023-04-02 12:15:42,2023,4,2,13,6,1,0,2,False,False,True,False,False,False,False,False,False,False,9.841378610911889
6afa581c-3128-4868-8573-59d47eca2292,00000000-0000-0000-0000-000000000001,0eb66abb-0d5d-4e88-a3ff-16776e267d83,7760d86e-b342-473c-8c64-b55d64aa491a,Maintenance,Operational expense,36506.21,2024-06-03,approved,2024-06-03 08:34:58,2024,6,2,23,0,0,0,3,False,False,False,True,False,False,False,False,False,False,10.505265054309838
513ecc82-1efa-40a6-b47e-946b0106a14d,00000000-0000-0000-0000-000000000001,51fd3682-4888-4a55-92f7-281307c67941,ea13a2c7-2a88-40f3-b073-4e507c524f18,Travel,Operational expense,12856.59,2022-07-18,pending,2022-07-18 15:16:29,2022,7,3,29,0,0,0,8,False,False,False,False,False,False,False,False,True,False,9.461689577430134
8a31fb37-c857-47da-b673-a12ccee4155e,00000000-0000-0000-0000-000000000002,b961632b-814f-4481-946b-17a792487aa7,09cd08c0-c83a-42f5-96cc-b9c13c2aa7e4,Office Supplies,Operational expense,11247.3,2022-01-24,approved,2022-01-24 12:27:57,2022,1,1,4,0,0,0,5,False,False,False,False,False,True,False,False,False,False,9.327972285103021
a6a92505-88c2-45a2-821f-2c9c1b6f80fe,00000000-0000-0000-0000-000000000001,0eb66abb-0d5d-4e88-a3ff-16776e267d83,163b0e08-1801-4ae5-af8c-f287fbcdff7c,Travel,Operational expense,9173.56,2022-03-05,approved,2022-03-05 16:40:53,2022,3,1,9,5,1,0,8,False,False,False,False,False,False,False,False,True,False,9.124189715369557
0d7c3388-7018-4843-b4ea-fb3c67542f18,00000000-0000-0000-0000-000000000003,9b1ac5ce-ad4f-40d1-8b7c-0005176b143d,e452be79-f94b-4709-88bf-8f66053789c4,Logistics,Operational expense,47310.97,2022-12-06,approved,2022-12-06 11:03:10,2022,12,4,49,1,0,0,2,False,False,True,False,False,False,False,False,False,False,10.764518608003455
3773efeb-4359-477d-9eb9-a6c03a74bc84,00000000-0000-0000-0000-000000000001,0eb66abb-0d5d-4e88-a3ff-16776e267d83,ea13a2c7-2a88-40f3-b073-4e507c524f18,Logistics,Operational expense,23844.21,2022-10-23,approved,2022-10-23 15:14:19,2022,10,4,42,6,1,0,2,False,False,True,False,False,False,False,False,False,False,10.079338637571297
fec2ab12-549f-40ae-b535-63775cc4bbb9,00000000-0000-0000-0000-000000000001,0eb66abb-0d5d-4e88-a3ff-16776e267d83,f17772cf-7a8e-4e04-aeef-8c148fe1a7e5,Travel,Operational expense,41628.59,2024-11-08,approved,2024-11-08 12:33:39,2024,11,4,45,4,0,0,8,False,False,False,False,False,False,False,False,True,False,10.636566491473696
ee10be08-1e50-47e0-be4f-bb1fdc8c9d11,00000000-0000-0000-0000-000000000001,0eb66abb-0d5d-4e88-a3ff-16776e267d83,4736f247-39f8-400c-b9ea-519dfbb485f6,Travel,Operational expense,24489.39,2022-11-01,rejected,2022-11-01 11:07:27,2022,11,4,44,1,0,0,8,False,False,False,False,False,False,False,False,True,False,10.106036074686706
6d7b4161-7303-4637-b430-b5f5bf413dc3,00000000-0000-0000-0000-000000000001,a01b7f2a-d4d0-48bf-bb89-c1040f55587a,4736f247-39f8-400c-b9ea-519dfbb485f6,IT & Software,Operational expense,7875.56,2024-06-13,approved,2024-06-13 12:56:29,2024,6,2,24,3,0,0,0,True,False,False,False,False,False,False,False,False,False,8.971646539313658
0b3b35c6-445d-4106-babc-217feb38e8d2,00000000-0000-0000-0000-000000000001,0eb66abb-0d5d-4e88-a3ff-16776e267d83,5a96b78c-2c6b-4aaa-88b5-7c7485705113,Maintenance,Operational expense,37676.97,2023-12-08,approved,2023-12-08 11:21:51,2023,12,4,49,4,0,0,3,False,False,False,True,False,False,False,False,False,False,10.536830852504396
542c8ace-59c0-4a6a-8dc5-232283ad6e4a,00000000-0000-0000-0000-000000000002,587616fd-ba60-493e-ba92-b68a61b5cdce,c75c1d53-938d-4640-b118-e5ada06ce255,IT & Software,Operational expense,38615.07,2023-06-17,approved,2023-06-17 15:22:54,2023,6,2,24,5,1,0,0,True,False,False,False,False,False,False,False,False,False,10.561423790058802
b1d807b0-82f2-4f4a-b7b4-71421de04cba,00000000-0000-0000-0000-000000000003,7227b311-834f-4815-aa86-c5d464758be1,74245d66-8df4-4678-b1e9-76d5e231caff,Office Supplies,Operational expense,39818.47,2022-07-10,approved,2022-07-10 10:25:37,2022,7,3,27,6,1,0,5,False,False,False,False,False,True,False,False,False,False,10.592111267635085
bc66e540-c45b-4f8b-8135-6a48ce10fded,00000000-0000-0000-0000-000000000002,587616fd-ba60-493e-ba92-b68a61b5cdce,f72410dd-3260-4ece-a477-1ae69ac1e84e,Logistics,Operational expense,25005.62,2022-02-27,approved,2022-02-27 14:28:26,2022,2,1,8,6,1,0,2,False,False,True,False,False,False,False,False,False,False,10.126895868797005
ac939805-54eb-4a89-ac55-6f2728c53801,00000000-0000-0000-0000-000000000002,5f6c98b4-4360-41ee-83a3-efc700651a04,bcde24c7-84f3-4459-afee-eba83339896c,Office Supplies,Operational expense,20052.75,2023-10-17,approved,2023-10-17 09:02:35,2023,10,4,42,1,0,0,5,False,False,False,False,False,True,False,False,False,False,9.906171447665285
7d60023b-5eba-4b83-a904-fecac950570f,00000000-0000-0000-0000-000000000003,9b1ac5ce-ad4f-40d1-8b7c-0005176b143d,355d120a-98dd-4393-a62e-df5f4b8a455b,Logistics,Operational expense,28240.35,2023-05-27,approved,2023-05-27 15:52:23,2023,5,2,21,5,1,0,2,False,False,True,False,False,False,False,False,False,False,10.248542494997157
b44177bc-d525-431f-9a9d-ff6582f9164d,00000000-0000-0000-0000-000000000003,9b1ac5ce-ad4f-40d1-8b7c-0005176b143d,33baaf1c-3618-44b5-b42a-4673992689f8,Logistics,Operational expense,2360.3,2023-01-30,approved,2023-01-30 17:38:45,2023,1,1,5,0,0,0,2,False,False,True,False,False,False,False,False,False,False,7.766967593816514
53244e38-d573-465e-bb28-56fb54f1358b,00000000-0000-0000-0000-000000000001,a01b7f2a-d4d0-48bf-bb89-c1040f55587a,f0e9f4da-9ca0-492d-a21e-3f8a819f9184,Maintenance,Operational expense,36544.46,2024-11-01,approved,2024-11-01 13:34:47,2024,11,4,44,4,0,0,3,False,False,False,True,False,False,False,False,False,False,10.506312244056508
af05a8ec-8dc9-4bb2-b583-6bb2d4934a29,00000000-0000-0000-0000-000000000001,51fd3682-4888-4a55-92f7-281307c67941,3f0519f3-383c-48a1-8609-f4b51fd5ecd4,Insurance,Operational expense,11277.91,2022-01-02,approved,2022-01-02 10:32:35,2022,1,1,52,6,1,0,1,False,True,False,False,False,False,False,False,False,False,9.33068988917728
a089b8f0-baeb-418f-95fb-d1dd6903d7c7,00000000-0000-0000-0000-000000000003,9b1ac5ce-ad4f-40d1-8b7c-0005176b143d,9dd0c56d-a9cf-4c8d-a998-9df89eb48a85,Insurance,Operational expense,28984.56,2022-06-13,approved,2022-06-13 12:51:11,2022,6,2,24,0,0,0,1,False,True,False,False,False,False,False,False,False,False,10.274553053925304
74a351be-a06e-4f26-9ebb-f72d2016b7bb,00000000-0000-0000-0000-000000000003,7227b311-834f-4815-aa86-c5d464758be1,8626b762-d8ef-4e32-8446-33cdac213522,Travel,Operational expense,37221.11,2023-07-15,pending,2023-07-15 13:54:55,2023,7,3,28,5,1,0,8,False,False,False,False,False,False,False,False,True,False,10.524658218541067
9c76cd81-9b85-4cbd-bea0-495eba2640f9,00000000-0000-0000-0000-000000000003,9b1ac5ce-ad4f-40d1-8b7c-0005176b143d,045901bc-3a1a-4a0b-bd8b-876c218464f4,IT & Software,Operational expense,48964.67,2023-09-26,approved,2023-09-26 13:42:26,2023,9,3,39,1,0,0,0,True,False,False,False,False,False,False,False,False,False,10.798874719304413
1a0ec197-a19c-43b8-aaf7-e5233351a706,00000000-0000-0000-0000-000000000001,0eb66abb-0d5d-4e88-a3ff-16776e267d83,aadd1a3f-3f20-499a-b950-51966ac9090c,Marketing,Operational expense,47038.05,2023-05-18,approved,2023-05-18 10:39:23,2023,5,2,20,3,0,0,4,False,False,False,False,True,False,False,False,False,False,10.758733386790343
4675e3da-753b-4ad6-9ca4-ca77adf5e0c6,00000000-0000-0000-0000-000000000003,470852ed-b70b-4f24-879a-6edb4193d8b6,79c1732a-a6d1-4565-b515-c59de4dbdfe5,Marketing,Operational expense,2431.13,2022-05-22,approved,2022-05-22 14:41:07,2022,5,2,20,6,1,0,4,False,False,False,False,True,False,False,False,False,False,7.796522695604815
ec957ba9-189d-4cd7-a357-dee0ce88441b,00000000-0000-0000-0000-000000000001,51fd3682-4888-4a55-92f7-281307c67941,9a16d7d2-dc18-4141-a14f-3394de4b98bc,IT & Software,Operational expense,49740.83,2024-07-29,approved,2024-07-29 11:11:32,2024,7,3,31,0,0,0,0,True,False,False,False,False,False,False,False,False,False,10.81460150799545
d5a81abb-423d-4975-b4a3-18512945cec3,00000000-0000-0000-0000-000000000001,a01b7f2a-d4d0-48bf-bb89-c1040f55587a,aadd1a3f-3f20-499a-b950-51966ac9090c,Insurance,Operational expense,29821.1,2024-03-03,approved,2024-03-03 11:37:48,2024,3,1,9,6,1,0,1,False,True,False,False,False,False,False,False,False,False,10.30300500837439
6caf3e2e-26fc-4650-b95d-8fc6d989c2b3,00000000-0000-0000-0000-000000000003,470852ed-b70b-4f24-879a-6edb4193d8b6,1db94196-443a-440f-ad7e-c4422bb047e3,Travel,Operational expense,48878.61,2023-10-27,rejected,2023-10-27 18:40:36,2023,10,4,43,4,0,0,8,False,False,False,False,False,False,False,False,True,False,10.797115615090242
48d74ac3-30ba-4af5-8dcb-2b1674461079,00000000-0000-0000-0000-000000000001,a01b7f2a-d4d0-48bf-bb89-c1040f55587a,eaefa70d-63c2-4537-b86d-2205b826bb2e,IT & Software,Operational expense,13687.85,2023-08-26,approved,2023-08-26 13:29:22,2023,8,3,34,5,1,0,0,True,False,False,False,False,False,False,False,False,False,9.524336911832211
6dcdf426-6afa-44df-ab00-a6f730dae9d7,00000000-0000-0000-0000-000000000001,51fd3682-4888-4a55-92f7-281307c67941,eaefa70d-63c2-4537-b86d-2205b826bb2e,Maintenance,Operational expense,9997.52,2022-04-25,approved,2022-04-25 15:47:08,2022,4,2,17,0,0,0,3,False,False,False,True,False,False,False,False,False,False,9.210192361023102
a412049d-ea54-431b-90e1-61f18f14e644,00000000-0000-0000-0000-000000000003,7227b311-834f-4815-aa86-c5d464758be1,e452be79-f94b-4709-88bf-8f66053789c4,Office Supplies,Operational expense,34206.46,2024-11-02,approved,2024-11-02 10:45:00,2024,11,4,44,5,1,0,5,False,False,False,False,False,True,False,False,False,False,10.440199027919071
0fac06ee-dfb5-4919-91fc-aa8a68ab3fe5,00000000-0000-0000-0000-000000000003,7227b311-834f-4815-aa86-c5d464758be1,355d120a-98dd-4393-a62e-df5f4b8a455b,Marketing,Operational expense,45182.79,2024-04-29,approved,2024-04-29 11:24:46,2024,4,2,18,0,0,0,4,False,False,False,False,True,False,False,False,False,False,10.718493673179225
9c61abfe-47b2-471d-812a-5341fe1dd74c,00000000-0000-0000-0000-000000000002,b961632b-814f-4481-946b-17a792487aa7,7f514159-0b19-4321-a308-daec53995d5a,IT & Software,Operational expense,36083.77,2023-02-01,approved,2023-02-01 14:10:46,2023,2,1,5,2,0,0,0,True,False,False,False,False,False,False,False,False,False,10.493626171646515
8e241017-4fef-4076-ab93-583e5e144837,00000000-0000-0000-0000-000000000001,a01b7f2a-d4d0-48bf-bb89-c1040f55587a,aadd1a3f-3f20-499a-b950-51966ac9090c,Maintenance,Operational expense,43337.18,2022-05-28,approved,2022-05-28 17:45:00,2022,5,2,21,5,1,0,3,False,False,False,True,False,False,False,False,False,False,10.67678928066914
24901509-8cc9-4f91-aa72-88b6929cffee,00000000-0000-0000-0000-000000000002,587616fd-ba60-493e-ba92-b68a61b5cdce,bcde24c7-84f3-4459-afee-eba83339896c,Office Supplies,Operational expense,3038.23,2022-11-11,approved,2022-11-11 09:18:47,2022,11,4,45,4,0,0,5,False,False,False,False,False,True,False,False,False,False,8.019359472843387
d91f35cf-b381-40aa-8d3c-bc3c28c46466,00000000-0000-0000-0000-000000000003,470852ed-b70b-4f24-879a-6edb4193d8b6,8626b762-d8ef-4e32-8446-33cdac213522,Insurance,Operational expense,22486.49,2024-01-07,approved,2024-01-07 13:19:37,2024,1,1,1,6,1,0,1,False,True,False,False,False,False,False,False,False,False,10.020714433567194
6e39a081-7604-4275-999b-64ed71e8abbb,00000000-0000-0000-0000-000000000001,51fd3682-4888-4a55-92f7-281307c67941,4736f247-39f8-400c-b9ea-519dfbb485f6,Maintenance,Operational expense,28865.09,2024-10-09,approved,2024-10-09 12:01:21,2024,10,4,41,2,0,0,3,False,False,False,True,False,False,False,False,False,False,10.270422828777564
5664e7a1-efa8-4c29-856c-65da70a23980,00000000-0000-0000-0000-000000000003,470852ed-b70b-4f24-879a-6edb4193d8b6,29998a31-9af5-4c58-9bfe-cde4f9a96969,Marketing,Operational expense,13277.53,2022-09-01,approved,2022-09-01 18:27:51,2022,9,3,35,3,0,0,4,False,False,False,False,True,False,False,False,False,False,9.493903724132444
f501c10a-c808-4621-9388-2524e9a0d440,00000000-0000-0000-0000-000000000002,587616fd-ba60-493e-ba92-b68a61b5cdce,9d2a5f48-38f2-46be-b733-c1b9f1c891c4,Marketing,Operational expense,2636.12,2023-03-21,pending,2023-03-21 13:44:59,2023,3,1,12,1,0,0,4,False,False,False,False,True,False,False,False,False,False,7.877442691575019
2582ed44-6cc5-4128-a3f6-546be0c50fb1,00000000-0000-0000-0000-000000000003,9b1ac5ce-ad4f-40d1-8b7c-0005176b143d,29998a31-9af5-4c58-9bfe-cde4f9a96969,Insurance,Operational expense,22205.69,2022-12-31,approved,2022-12-31 15:09:08,2022,12,4,52,5,1,1,1,False,True,False,False,False,False,False,False,False,False,10.008148873814523
a856db2c-b53b-4222-ae67-7d41207224dc,00000000-0000-0000-0000-000000000003,7227b311-834f-4815-aa86-c5d464758be1,74245d66-8df4-4678-b1e9-76d5e231caff,Travel,Operational expense,12327.31,2022-02-18,approved,2022-02-18 12:18:45,2022,2,1,7,4,0,0,8,False,False,False,False,False,False,False,False,True,False,9.419653522692881
5300cddc-0965-42a0-9bd7-6c29cbb54fc6,00000000-0000-0000-0000-000000000001,a01b7f2a-d4d0-48bf-bb89-c1040f55587a,3f0519f3-383c-48a1-8609-f4b51fd5ecd4,Travel,Operational expense,32416.48,2024-11-02,approved,2024-11-02 15:13:06,2024,11,4,44,5,1,0,8,False,False,False,False,False,False,False,False,True,False,10.386453062472128
5d96a27f-e83c-4afd-ba44-9d7389a9acc6,00000000-0000-0000-0000-000000000001,0eb66abb-0d5d-4e88-a3ff-16776e267d83,5a96b78c-2c6b-4aaa-88b5-7c7485705113,IT & Software,Operational expense,11089.33,2023-02-14,approved,2023-02-14 14:15:58,2023,2,1,7,1,0,0,0,True,False,False,False,False,False,False,False,False,False,9.313828836439116
a306b53d-eef5-4922-b155-69fd6b3b2630,00000000-0000-0000-0000-000000000002,b961632b-814f-4481-946b-17a792487aa7,2afe7cda-5682-4c01-a59f-5f13090047f6,Office Supplies,Operational expense,49605.04,2022-11-11,pending,2022-11-11 17:54:13,2022,11,4,45,4,0,0,5,False,False,False,False,False,True,False,False,False,False,10.811867879492691
b5aebdc2-481c-4da4-92d6-803c495f8fcc,00000000-0000-0000-0000-000000000001,a01b7f2a-d4d0-48bf-bb89-c1040f55587a,aadd1a3f-3f20-499a-b950-51966ac9090c,Travel,Operational expense,8154.92,2024-02-18,approved,2024-02-18 14:24:51,2024,2,1,7,6,1,0,8,False,False,False,False,False,False,False,False,True,False,9.00649932291647
52467122-dab6-4312-b6ff-0f482762a5f7,00000000-0000-0000-0000-000000000002,b961632b-814f-4481-946b-17a792487aa7,81c496fc-1d35-4405-9a7d-ae0a15104d5b,Travel,Operational expense,31845.31,2023-08-04,approved,2023-08-04 10:40:04,2023,8,3,31,4,0,0,8,False,False,False,False,False,False,False,False,True,False,10.368676798715535
42af39fa-515a-4c81-856c-38cfabad4275,00000000-0000-0000-0000-000000000001,51fd3682-4888-4a55-92f7-281307c67941,3f0519f3-383c-48a1-8609-f4b51fd5ecd4,Logistics,Operational expense,33178.96,2024-12-14,approved,2024-12-14 13:06:56,2024,12,4,50,5,1,0,2,False,False,True,False,False,False,False,False,False,False,10.4097013581982
87f95458-02aa-4fc2-8ac9-53b687e52504,00000000-0000-0000-0000-000000000003,9b1ac5ce-ad4f-40d1-8b7c-0005176b143d,61d2418d-6936-4075-a481-1d994952d89b,Maintenance,Operational expense,33771.89,2023-05-10,pending,2023-05-10 15:18:49,2023,5,2,19,2,0,0,3,False,False,False,True,False,False,False,False,False,False,10.427413688634145
504c1e62-6d31-4368-a042-b17b07f24a0d,00000000-0000-0000-0000-000000000003,470852ed-b70b-4f24-879a-6edb4193d8b6,8626b762-d8ef-4e32-8446-33cdac213522,IT & Software,Operational expense,3766.07,2023-01-03,approved,2023-01-03 09:06:11,2023,1,1,1,1,0,0,0,True,False,False,False,False,False,False,False,False,False,8.234052789945723
90ee2d3f-cdc4-46df-b5e0-b6d824e836e0,00000000-0000-0000-0000-000000000001,0eb66abb-0d5d-4e88-a3ff-16776e267d83,9a16d7d2-dc18-4141-a14f-3394de4b98bc,Maintenance,Operational expense,33394.4,2022-10-18,approved,2022-10-18 10:13:38,2022,10,4,42,1,0,0,3,False,False,False,True,False,False,False,False,False,False,10.416173444928997
542f4596-94e2-4e57-9ad0-48ef7f1389b7,00000000-0000-0000-0000-000000000003,7227b311-834f-4815-aa86-c5d464758be1,355d120a-98dd-4393-a62e-df5f4b8a455b,Travel,Operational expense,11935.19,2024-01-03,approved,2024-01-03 12:16:18,2024,1,1,1,2,0,0,8,False,False,False,False,False,False,False,False,True,False,9.387330240547412
d4795e4d-4007-4f92-a331-59a90e31824f,00000000-0000-0000-0000-000000000003,7227b311-834f-4815-aa86-c5d464758be1,79c1732a-a6d1-4565-b515-c59de4dbdfe5,Office Supplies,Operational expense,49453.52,2023-11-01,pending,2023-11-01 12:05:59,2023,11,4,44,2,0,0,5,False,False,False,False,False,True,False,False,False,False,10.808808738333694
17d80762-235d-4153-833f-227098b19d63,00000000-0000-0000-0000-000000000002,5f6c98b4-4360-41ee-83a3-efc700651a04,09cd08c0-c83a-42f5-96cc-b9c13c2aa7e4,Logistics,Operational expense,7251.95,2024-10-25,pending,2024-10-25 18:08:07,2024,10,4,43,4,0,0,2,False,False,True,False,False,False,False,False,False,False,8.889163561640492
e094c753-57e8-4ac2-ada1-1c10568df144,00000000-0000-0000-0000-000000000001,a01b7f2a-d4d0-48bf-bb89-c1040f55587a,7760d86e-b342-473c-8c64-b55d64aa491a,Office Supplies,Operational expense,4602.87,2024-01-21,approved,2024-01-21 16:48:55,2024,1,1,3,6,1,0,5,False,False,False,False,False,True,False,False,False,False,8.434652533126874
66e2fb33-8d42-4122-b6df-f8bf187061f0,00000000-0000-0000-0000-000000000002,b961632b-814f-4481-946b-17a792487aa7,e213801b-a706-48c3-9ba4-7db14d3912f3,IT & Software,Operational expense,28525.1,2022-04-02,approved,2022-04-02 11:15:43,2022,4,2,13,5,1,0,0,True,False,False,False,False,False,False,False,False,False,10.258574736651086
0783f8be-b2e2-4934-aec2-76d2c521b666,00000000-0000-0000-0000-000000000003,470852ed-b70b-4f24-879a-6edb4193d8b6,8626b762-d8ef-4e32-8446-33cdac213522,Maintenance,Operational expense,48879.21,2024-02-05,approved,2024-02-05 17:46:37,2024,2,1,6,0,0,0,3,False,False,False,True,False,False,False,False,False,False,10.797127890071927
5f9a4b0a-820c-4aaa-b722-220fd5f12f9d,00000000-0000-0000-0000-000000000003,7227b311-834f-4815-aa86-c5d464758be1,74245d66-8df4-4678-b1e9-76d5e231caff,Logistics,Operational expense,42222.21,2024-10-30,pending,2024-10-30 08:28:55,2024,10,4,44,2,0,0,2,False,False,True,False,False,False,False,False,False,False,10.650725348829539
1428d81f-2142-4862-9f90-07cc6498ba87,00000000-0000-0000-0000-000000000002,587616fd-ba60-493e-ba92-b68a61b5cdce,81c496fc-1d35-4405-9a7d-ae0a15104d5b,Marketing,Operational expense,26292.03,2022-04-30,approved,2022-04-30 09:48:18,2022,4,2,17,5,1,1,4,False,False,False,False,True,False,False,False,False,False,10.177059164030705
fcd78f7d-a172-44bd-be05-bd4b871ff6f3,00000000-0000-0000-0000-000000000002,5f6c98b4-4360-41ee-83a3-efc700651a04,6708a3ae-03ac-432d-8065-25bbf8f3a753,Office Supplies,Operational expense,3060.72,2024-06-01,pending,2024-06-01 18:43:31,2024,6,2,22,5,1,0,5,False,False,False,False,False,True,False,False,False,False,8.026732128535437
a7e52ed4-7a8f-4983-a88f-ab12a11dfe5e,00000000-0000-0000-0000-000000000001,51fd3682-4888-4a55-92f7-281307c67941,163b0e08-1801-4ae5-af8c-f287fbcdff7c,Marketing,Operational expense,48558.8,2023-04-25,approved,2023-04-25 18:31:31,2023,4,2,17,1,0,0,4,False,False,False,False,True,False,False,False,False,False,10.790551307108753
b920efd6-07cd-44bd-aad0-ad253ff21a5b,00000000-0000-0000-0000-000000000003,9b1ac5ce-ad4f-40d1-8b7c-0005176b143d,79c1732a-a6d1-4565-b515-c59de4dbdfe5,Maintenance,Operational expense,6867.17,2023-05-24,rejected,2023-05-24 09:24:24,2023,5,2,21,2,0,0,3,False,False,False,True,False,False,False,False,False,False,8.834652974186277
c2730946-9960-46c0-a489-c71d8dae8868,00000000-0000-0000-0000-000000000003,9b1ac5ce-ad4f-40d1-8b7c-0005176b143d,e452be79-f94b-4709-88bf-8f66053789c4,Office Supplies,Operational expense,12403.52,2024-06-16,approved,2024-06-16 09:41:07,2024,6,2,24,6,1,0,5,False,False,False,False,False,True,False,False,False,False,9.425816201302297
ced509a6-d964-43ee-a441-13b171b62441,00000000-0000-0000-0000-000000000001,51fd3682-4888-4a55-92f7-281307c67941,aadd1a3f-3f20-499a-b950-51966ac9090c,Travel,Operational expense,39880.46,2023-05-11,approved,2023-05-11 16:33:00,2023,5,2,19,3,0,0,8,False,False,False,False,False,False,False,False,True,False,10.59366683323514
27d93da9-451b-47e1-ac12-ccc08db5057b,00000000-0000-0000-0000-000000000001,a01b7f2a-d4d0-48bf-bb89-c1040f55587a,eaefa70d-63c2-4537-b86d-2205b826bb2e,Office Supplies,Operational expense,29460.58,2022-10-30,approved,2022-10-30 17:45:04,2022,10,4,43,6,1,0,5,False,False,False,False,False,True,False,False,False,False,10.290842320621923
b10e14c3-82fa-4cb5-aa63-dc9f5ef40085,00000000-0000-0000-0000-000000000003,9b1ac5ce-ad4f-40d1-8b7c-0005176b143d,33baaf1c-3618-44b5-b42a-4673992689f8,Office Supplies,Operational expense,16839.74,2022-02-25,pending,2022-02-25 11:25:14,2022,2,1,8,4,0,0,5,False,False,False,False,False,True,False,False,False,False,9.731556229823727
740acd5b-28dc-4315-bd05-8fa7d4e2938d,00000000-0000-0000-0000-000000000002,587616fd-ba60-493e-ba92-b68a61b5cdce,6708a3ae-03ac-432d-8065-25bbf8f3a753,Maintenance,Operational expense,39056.25,2023-04-29,approved,2023-04-29 13:15:32,2023,4,2,17,5,1,0,3,False,False,False,True,False,False,False,False,False,False,10.572783797446268
48ecf52f-f0d7-48fe-a093-b982b1ded41d,00000000-0000-0000-0000-000000000003,470852ed-b70b-4f24-879a-6edb4193d8b6,9dd0c56d-a9cf-4c8d-a998-9df89eb48a85,IT & Software,Operational expense,48872.58,2022-01-12,approved,2022-01-12 17:49:53,2022,1,1,2,2,0,0,0,True,False,False,False,False,False,False,False,False,False,10.79699224315716
7ef01546-0a84-4172-b7b8-aa578d759ca0,00000000-0000-0000-0000-000000000001,51fd3682-4888-4a55-92f7-281307c67941,3f0519f3-383c-48a1-8609-f4b51fd5ecd4,Travel,Operational expense,10802.5,2022-06-06,approved,2022-06-06 15:50:15,2022,6,2,23,0,0,0,8,False,False,False,False,False,False,False,False,True,False,9.287625434685724
3a68b6b6-bd4d-4c41-9fa7-b31eac9ac2c7,00000000-0000-0000-0000-000000000003,7227b311-834f-4815-aa86-c5d464758be1,9dd0c56d-a9cf-4c8d-a998-9df89eb48a85,IT & Software,Operational expense,20482.07,2023-10-14,approved,2023-10-14 10:23:39,2023,10,4,41,5,1,0,0,True,False,False,False,False,False,False,False,False,False,9.92735397026296
6827cf92-ecf4-4cd3-ac28-508f6b762160,00000000-0000-0000-0000-000000000001,0eb66abb-0d5d-4e88-a3ff-16776e267d83,f0e9f4da-9ca0-492d-a21e-3f8a819f9184,Insurance,Operational expense,16941.88,2024-08-14,approved,2024-08-14 08:56:24,2024,8,3,33,2,0,0,1,False,True,False,False,False,False,False,False,False,False,9.737602965562052
6f0e6b55-ea7b-45d4-ac7d-bab4928a2718,00000000-0000-0000-0000-000000000001,51fd3682-4888-4a55-92f7-281307c67941,4736f247-39f8-400c-b9ea-519dfbb485f6,Logistics,Operational expense,5423.9,2024-07-03,approved,2024-07-03 08:01:45,2024,7,3,27,2,0,0,2,False,False,True,False,False,False,False,False,False,False,8.598754745059043
d7bfcd2a-02ef-4124-97c5-fb0158373713,00000000-0000-0000-0000-000000000003,470852ed-b70b-4f24-879a-6edb4193d8b6,355d120a-98dd-4393-a62e-df5f4b8a455b,Marketing,Operational expense,37924.19,2023-08-14,approved,2023-08-14 10:05:31,2023,8,3,33,0,0,0,4,False,False,False,False,True,False,False,False,False,False,10.543370814092121
3f1284d4-c968-4e49-84d5-b01f56214479,00000000-0000-0000-0000-000000000001,0eb66abb-0d5d-4e88-a3ff-16776e267d83,aadd1a3f-3f20-499a-b950-51966ac9090c,Logistics,Operational expense,23059.35,2022-08-25,approved,2022-08-25 11:06:51,2022,8,3,34,3,0,0,2,False,False,True,False,False,False,False,False,False,False,10.045869971504919
b3642e1b-198e-47c5-996e-ca134a079c91,00000000-0000-0000-0000-000000000003,9b1ac5ce-ad4f-40d1-8b7c-0005176b143d,3b9ffffd-ca39-4330-b08f-59cdb916323f,Insurance,Operational expense,28133.32,2022-01-16,approved,2022-01-16 12:01:22,2022,1,1,2,6,1,0,1,False,True,False,False,False,False,False,False,False,False,10.244745462391009
e2920ac7-ff30-4b3e-bc20-a0ce499d7dbf,00000000-0000-0000-0000-000000000003,470852ed-b70b-4f24-879a-6edb4193d8b6,3b9ffffd-ca39-4330-b08f-59cdb916323f,Marketing,Operational expense,42708.23,2023-09-24,approved,2023-09-24 16:30:27,2023,9,3,38,6,1,0,4,False,False,False,False,True,False,False,False,False,False,10.662170335108257
50da8e42-3e53-4272-87aa-81f664ee74d0,00000000-0000-0000-0000-000000000001,51fd3682-4888-4a55-92f7-281307c67941,f577e0e3-284e-4c71-8d16-74f51d0fe305,Travel,Operational expense,36756.46,2024-02-12,approved,2024-02-12 13:19:15,2024,2,1,7,0,0,0,8,False,False,False,False,False,False,False,False,True,False,10.51209647723793
b4174af6-7210-40f9-a8fc-8670974ae10e,00000000-0000-0000-0000-000000000003,7227b311-834f-4815-aa86-c5d464758be1,355d120a-98dd-4393-a62e-df5f4b8a455b,Maintenance,Operational expense,1363.93,2023-03-12,pending,2023-03-12 13:16:24,2023,3,1,10,6,1,0,3,False,False,False,True,False,False,False,False,False,False,7.218858424252809
dbfc792d-fcdc-41e1-8709-38bed1b23e48,00000000-0000-0000-0000-000000000001,51fd3682-4888-4a55-92f7-281307c67941,f17772cf-7a8e-4e04-aeef-8c148fe1a7e5,Office Supplies,Operational expense,2177.12,2022-02-24,approved,2022-02-24 10:22:22,2022,2,1,8,3,0,0,5,False,False,False,False,False,True,False,False,False,False,7.686217398393887
95066327-562b-49ef-83e8-6d8024806c36,00000000-0000-0000-0000-000000000003,9b1ac5ce-ad4f-40d1-8b7c-0005176b143d,9dd0c56d-a9cf-4c8d-a998-9df89eb48a85,Travel,Operational expense,34743.47,2022-12-21,pending,2022-12-21 12:44:19,2022,12,4,51,2,0,0,8,False,False,False,False,False,False,False,False,True,False,10.455775701638704
4229a7e7-5cae-4ab2-88de-cd1d80547deb,00000000-0000-0000-0000-000000000001,a01b7f2a-d4d0-48bf-bb89-c1040f55587a,7760d86e-b342-473c-8c64-b55d64aa491a,IT & Software,Operational expense,21276.33,2024-01-05,pending,2024-01-05 08:32:22,2024,1,1,1,4,0,0,0,True,False,False,False,False,False,False,False,False,False,9.965397465658759
e740e3fc-4a26-487c-9824-531e00356574,00000000-0000-0000-0000-000000000002,587616fd-ba60-493e-ba92-b68a61b5cdce,e213801b-a706-48c3-9ba4-7db14d3912f3,Marketing,Operational expense,7246.46,2024-10-04,approved,2024-10-04 17:02:08,2024,10,4,40,4,0,0,4,False,False,False,False,True,False,False,False,False,False,8.888406341636047
4020831f-4f20-400f-b34b-def2ab1aa6bd,00000000-0000-0000-0000-000000000001,0eb66abb-0d5d-4e88-a3ff-16776e267d83,163b0e08-1801-4ae5-af8c-f287fbcdff7c,Logistics,Operational expense,18276.45,2023-06-16,approved,2023-06-16 17:28:56,2023,6,2,24,4,0,0,2,False,False,True,False,False,False,False,False,False,False,9.813423338559845
85b2a26c-705b-4514-9778-db0c79afeec1,00000000-0000-0000-0000-000000000002,587616fd-ba60-493e-ba92-b68a61b5cdce,81c496fc-1d35-4405-9a7d-ae0a15104d5b,Insurance,Operational expense,5210.22,2022-12-12,pending,2022-12-12 12:37:05,2022,12,4,50,0,0,0,1,False,True,False,False,False,False,False,False,False,False,8.55856927240223
046c87e5-15f3-4925-a1d8-927ddc890599,00000000-0000-0000-0000-000000000003,470852ed-b70b-4f24-879a-6edb4193d8b6,e452be79-f94b-4709-88bf-8f66053789c4,Travel,Operational expense,12272.0,2024-12-17,approved,2024-12-17 09:33:58,2024,12,4,51,1,0,0,8,False,False,False,False,False,False,False,False,True,False,9.415157006597509
28589ac5-33a5-49ea-ab43-258076649070,00000000-0000-0000-0000-000000000002,b961632b-814f-4481-946b-17a792487aa7,517d046e-f5e7-4244-8dab-e8995b9bfdc4,Maintenance,Operational expense,47611.59,2023-02-26,approved,2023-02-26 16:04:07,2023,2,1,8,6,1,0,3,False,False,False,True,False,False,False,False,False,False,10.770852501044983
7c60a830-b5f2-498a-a9b9-79a2b6fb0d4a,00000000-0000-0000-0000-000000000001,a01b7f2a-d4d0-48bf-bb89-c1040f55587a,9a16d7d2-dc18-4141-a14f-3394de4b98bc,Office Supplies,Operational expense,20192.47,2024-05-23,approved,2024-05-23 09:07:26,2024,5,2,21,3,0,0,5,False,False,False,False,False,True,False,False,False,False,9.913114563800418
77eb2433-2682-4a3b-8bc1-ff1502acfba6,00000000-0000-0000-0000-000000000001,a01b7f2a-d4d0-48bf-bb89-c1040f55587a,f17772cf-7a8e-4e04-aeef-8c148fe1a7e5,Marketing,Operational expense,26331.45,2022-09-08,approved,2022-09-08 14:07:12,2022,9,3,36,3,0,0,4,False,False,False,False,True,False,False,False,False,False,10.17855729791463
5ca8c9b0-ef75-4437-b003-33d893c84454,00000000-0000-0000-0000-000000000003,470852ed-b70b-4f24-879a-6edb4193d8b6,9dd0c56d-a9cf-4c8d-a998-9df89eb48a85,Travel,Operational expense,13062.81,2023-02-07,rejected,2023-02-07 14:46:39,2023,2,1,6,1,0,0,8,False,False,False,False,False,False,False,False,True,False,9.477601090760093
2b33f030-5191-4e71-9ba7-cff66ba58075,00000000-0000-0000-0000-000000000001,a01b7f2a-d4d0-48bf-bb89-c1040f55587a,7760d86e-b342-473c-8c64-b55d64aa491a,Insurance,Operational expense,46784.73,2022-11-25,approved,2022-11-25 08:33:11,2022,11,4,47,4,0,0,1,False,True,False,False,False,False,False,False,False,False,10.753333520879936
9b377e66-3404-4f45-ba35-ba86d21ae732,00000000-0000-0000-0000-000000000003,470852ed-b70b-4f24-879a-6edb4193d8b6,61d2418d-6936-4075-a481-1d994952d89b,Logistics,Operational expense,16574.42,2024-05-01,pending,2024-05-01 15:18:23,2024,5,2,18,2,0,0,2,False,False,True,False,False,False,False,False,False,False,9.715676154099542
4bee1a34-445d-4dfe-b455-b2ce458a2fc1,00000000-0000-0000-0000-000000000002,587616fd-ba60-493e-ba92-b68a61b5cdce,bcde24c7-84f3-4459-afee-eba83339896c,Travel,Operational expense,29425.46,2023-08-21,approved,2023-08-21 14:37:20,2023,8,3,34,0,0,0,8,False,False,False,False,False,False,False,False,True,False,10.289649548569608
d8febf1f-d1cf-4937-b284-de98d77c4278,00000000-0000-0000-0000-000000000002,5f6c98b4-4360-41ee-83a3-efc700651a04,6708a3ae-03ac-432d-8065-25bbf8f3a753,Logistics,Operational expense,24188.55,2023-07-27,approved,2023-07-27 09:19:43,2023,7,3,30,3,0,0,2,False,False,True,False,False,False,False,False,False,False,10.09367600070264
4e86a62f-cde1-4c5e-b23c-d2f64b396cd5,00000000-0000-0000-0000-000000000003,7227b311-834f-4815-aa86-c5d464758be1,045901bc-3a1a-4a0b-bd8b-876c218464f4,Logistics,Operational expense,14813.36,2024-05-04,pending,2024-05-04 09:55:25,2024,5,2,18,5,1,0,2,False,False,True,False,False,False,False,False,False,False,9.603352259614535
2e979160-9ffd-4be0-87ca-7f971dd81ff6,00000000-0000-0000-0000-000000000001,a01b7f2a-d4d0-48bf-bb89-c1040f55587a,ea13a2c7-2a88-40f3-b073-4e507c524f18,Office Supplies,Operational expense,22609.49,2023-05-06,approved,2023-05-06 17:47:52,2023,5,2,18,5,1,0,5,False,False,False,False,False,True,False,False,False,False,10.02616923686381
4a084ed7-77fd-4780-8188-a92fe55c4653,00000000-0000-0000-0000-000000000003,7227b311-834f-4815-aa86-c5d464758be1,8626b762-d8ef-4e32-8446-33cdac213522,Maintenance,Operational expense,6881.93,2024-12-20,pending,2024-12-20 16:53:59,2024,12,4,51,4,0,0,3,False,False,False,True,False,False,False,False,False,False,8.83679971236263
aea5a00c-99c7-4016-9ffc-3a5099041091,00000000-0000-0000-0000-000000000001,0eb66abb-0d5d-4e88-a3ff-16776e267d83,ea13a2c7-2a88-40f3-b073-4e507c524f18,Insurance,Operational expense,16944.83,2022-07-07,approved,2022-07-07 13:30:14,2022,7,3,27,3,0,0,1,False,True,False,False,False,False,False,False,False,False,9.737777064842163
eff8e0cb-a4c2-4693-8ab5-ef03fe279495,00000000-0000-0000-0000-000000000002,b961632b-814f-4481-946b-17a792487aa7,f72410dd-3260-4ece-a477-1ae69ac1e84e,Marketing,Operational expense,48720.94,2023-06-25,approved,2023-06-25 12:42:54,2023,6,2,25,6,1,0,4,False,False,False,False,True,False,False,False,False,False,10.793884720967034
35e78706-f431-462b-be85-8c3631993ad6,00000000-0000-0000-0000-000000000002,b961632b-814f-4481-946b-17a792487aa7,f72410dd-3260-4ece-a477-1ae69ac1e84e,Office Supplies,Operational expense,32439.2,2022-01-04,approved,2022-01-04 15:06:21,2022,1,1,1,1,0,0,5,False,False,False,False,False,True,False,False,False,False,10.387153673438458
17a8e85a-2876-4ac0-a5a7-d92c6f994656,00000000-0000-0000-0000-000000000002,5f6c98b4-4360-41ee-83a3-efc700651a04,e213801b-a706-48c3-9ba4-7db14d3912f3,IT & Software,Operational expense,28158.09,2023-03-29,pending,2023-03-29 14:36:02,2023,3,1,13,2,0,0,0,True,False,False,False,False,False,False,False,False,False,10.245625494408918
b2381aab-43ee-4b8c-84d1-82190524f91e,00000000-0000-0000-0000-000000000003,470852ed-b70b-4f24-879a-6edb4193d8b6,74245d66-8df4-4678-b1e9-76d5e231caff,Maintenance,Operational expense,705.67,2023-12-01,approved,2023-12-01 12:20:16,2023,12,4,48,4,0,0,3,False,False,False,True,False,False,False,False,False,False,6.560563795967956
76410529-c450-4f91-9d6c-329c19890687,00000000-0000-0000-0000-000000000002,587616fd-ba60-493e-ba92-b68a61b5cdce,9d2a5f48-38f2-46be-b733-c1b9f1c891c4,Travel,Operational expense,33722.97,2023-05-04,approved,2023-05-04 12:37:23,2023,5,2,18,3,0,0,8,False,False,False,False,False,False,False,False,True,False,10.42596413946798
80a47d24-419f-4360-9351-efb088b0e4ca,00000000-0000-0000-0000-000000000002,587616fd-ba60-493e-ba92-b68a61b5cdce,81c496fc-1d35-4405-9a7d-ae0a15104d5b,Travel,Operational expense,29519.61,2024-01-26,pending,2024-01-26 18:47:50,2024,1,1,4,4,0,0,8,False,False,False,False,False,False,False,False,True,False,10.292843942457552
fb695cd0-0fb1-48a1-ada0-8375d8157fea,00000000-0000-0000-0000-000000000002,b961632b-814f-4481-946b-17a792487aa7,517d046e-f5e7-4244-8dab-e8995b9bfdc4,Logistics,Operational expense,46945.73,2023-05-13,rejected,2023-05-13 15:13:53,2023,5,2,19,5,1,0,2,False,False,True,False,False,False,False,False,False,False,10.756768833648534
afae191c-8e39-4202-9b2e-b114bf491ad3,00000000-0000-0000-0000-000000000002,5f6c98b4-4360-41ee-83a3-efc700651a04,e213801b-a706-48c3-9ba4-7db14d3912f3,Office Supplies,Operational expense,1397.12,2023-03-06,approved,2023-03-06 11:45:29,2023,3,1,10,0,0,0,5,False,False,False,False,False,True,False,False,False,False,7.24288375601985
e0be1b10-3c80-43de-9cf0-507f09ef4019,00000000-0000-0000-0000-000000000003,9b1ac5ce-ad4f-40d1-8b7c-0005176b143d,9dd0c56d-a9cf-4c8d-a998-9df89eb48a85,IT & Software,Operational expense,35055.78,2022-02-15,rejected,2022-02-15 15:39:22,2022,2,1,7,1,0,0,0,True,False,False,False,False,False,False,False,False,False,10.46472431170182
b30d711e-84c1-4d09-ac83-2aedfb12e1fd,00000000-0000-0000-0000-000000000001,51fd3682-4888-4a55-92f7-281307c67941,7760d86e-b342-473c-8c64-b55d64aa491a,Logistics,Operational expense,48544.81,2024-12-08,pending,2024-12-08 14:58:57,2024,12,4,49,6,1,0,2,False,False,True,False,False,False,False,False,False,False,10.790263167214533
e9bd3f56-31a8-4e07-ba5a-5729813d22ea,00000000-0000-0000-0000-000000000001,0eb66abb-0d5d-4e88-a3ff-16776e267d83,aadd1a3f-3f20-499a-b950-51966ac9090c,Logistics,Operational expense,21416.76,2024-06-03,approved,2024-06-03 13:17:00,2024,6,2,23,0,0,0,2,False,False,True,False,False,False,False,False,False,False,9.971975763369977
43d0eff2-d256-441f-82af-36f461b05710,00000000-0000-0000-0000-000000000002,b961632b-814f-4481-946b-17a792487aa7,517d046e-f5e7-4244-8dab-e8995b9bfdc4,Marketing,Operational expense,5741.51,2024-11-07,approved,2024-11-07 15:28:01,2024,11,4,45,3,0,0,4,False,False,False,False,True,False,False,False,False,False,8.655651675963565
23449a08-58db-4760-87c8-423525af40e9,00000000-0000-0000-0000-000000000001,0eb66abb-0d5d-4e88-a3ff-16776e267d83,5a96b78c-2c6b-4aaa-88b5-7c7485705113,Travel,Operational expense,4493.33,2022-02-25,approved,2022-02-25 18:47:20,2022,2,1,8,4,0,0,8,False,False,False,False,False,False,False,False,True,False,8.410571881290988
a8aa5d53-ef17-47ec-9645-ad933bfb42e5,00000000-0000-0000-0000-000000000001,0eb66abb-0d5d-4e88-a3ff-16776e267d83,f0e9f4da-9ca0-492d-a21e-3f8a819f9184,IT & Software,Operational expense,20748.18,2022-08-22,approved,2022-08-22 10:20:58,2022,8,3,34,0,0,0,0,True,False,False,False,False,False,False,False,False,False,9.940262006805696
851d62df-4991-4b13-a5d8-ef3e119ab52d,00000000-0000-0000-0000-000000000001,51fd3682-4888-4a55-92f7-281307c67941,f577e0e3-284e-4c71-8d16-74f51d0fe305,Maintenance,Operational expense,46956.49,2024-02-16,approved,2024-02-16 11:00:10,2024,2,1,7,4,0,0,3,False,False,False,True,False,False,False,False,False,False,10.756998003329025
48a08822-d2ea-4c23-a22b-183d7e30e1cc,00000000-0000-0000-0000-000000000002,b961632b-814f-4481-946b-17a792487aa7,9d2a5f48-38f2-46be-b733-c1b9f1c891c4,Maintenance,Operational expense,11493.73,2023-06-14,pending,2023-06-14 12:51:06,2023,6,2,24,2,0,0,3,False,False,False,True,False,False,False,False,False,False,9.349643948448174
b16e1e3f-7f88-4d2c-8566-1e0f1c738eac,00000000-0000-0000-0000-000000000003,9b1ac5ce-ad4f-40d1-8b7c-0005176b143d,e452be79-f94b-4709-88bf-8f66053789c4,Marketing,Operational expense,42646.7,2024-12-06,approved,2024-12-06 08:00:02,2024,12,4,49,4,0,0,4,False,False,False,False,True,False,False,False,False,False,10.660728624150337
c8c4c00a-dac8-4e51-8669-3452d6ed0a97,00000000-0000-0000-0000-000000000002,5f6c98b4-4360-41ee-83a3-efc700651a04,517d046e-f5e7-4244-8dab-e8995b9bfdc4,Logistics,Operational expense,8456.64,2022-01-08,approved,2022-01-08 10:21:52,2022,1,1,1,5,1,0,2,False,False,True,False,False,False,False,False,False,False,9.042825453872869
7e822979-3f91-4689-8c6d-e52940ee9b8c,00000000-0000-0000-0000-000000000001,a01b7f2a-d4d0-48bf-bb89-c1040f55587a,9a16d7d2-dc18-4141-a14f-3394de4b98bc,Travel,Operational expense,46833.6,2024-04-28,approved,2024-04-28 11:29:02,2024,4,2,17,6,1,0,8,False,False,False,False,False,False,False,False,True,False,10.75437752498543
4bd2b981-81f4-4eb7-805c-0fdca04f509b,00000000-0000-0000-0000-000000000002,5f6c98b4-4360-41ee-83a3-efc700651a04,517d046e-f5e7-4244-8dab-e8995b9bfdc4,Marketing,Operational expense,692.93,2022-02-24,pending,2022-02-24 13:16:19,2022,2,1,8,3,0,0,4,False,False,False,False,True,False,False,False,False,False,6.542371090866319
d844b353-36d6-43ce-a2a7-82434b68697d,00000000-0000-0000-0000-000000000001,51fd3682-4888-4a55-92f7-281307c67941,eaefa70d-63c2-4537-b86d-2205b826bb2e,Travel,Operational expense,36620.38,2023-11-13,pending,2023-11-13 12:12:51,2023,11,4,46,0,0,0,8,False,False,False,False,False,False,False,False,True,False,10.50838750184397
d2b02936-8f03-4782-9acd-2f4ec618e8d5,00000000-0000-0000-0000-000000000003,470852ed-b70b-4f24-879a-6edb4193d8b6,3b9ffffd-ca39-4330-b08f-59cdb916323f,Office Supplies,Operational expense,34513.5,2024-05-30,pending,2024-05-30 13:53:25,2024,5,2,22,3,0,0,5,False,False,False,False,False,True,False,False,False,False,10.449134804577481
a868fa6d-cb45-4790-911c-5c78c4136ec1,00000000-0000-0000-0000-000000000003,9b1ac5ce-ad4f-40d1-8b7c-0005176b143d,045901bc-3a1a-4a0b-bd8b-876c218464f4,Maintenance,Operational expense,18864.7,2024-05-11,pending,2024-05-11 15:37:58,2024,5,2,19,5,1,0,3,False,False,False,True,False,False,False,False,False,False,9.8451007374614
c2ed23b0-91ce-410a-90a1-8d61177ebd11,00000000-0000-0000-0000-000000000002,b961632b-814f-4481-946b-17a792487aa7,6708a3ae-03ac-432d-8065-25bbf8f3a753,Insurance,Operational expense,44792.6,2023-11-10,approved,2023-11-10 16:26:51,2023,11,4,45,4,0,0,1,False,True,False,False,False,False,False,False,False,False,10.709820551055167
e850b7a5-7c2a-4abb-b480-21737c4030fe,00000000-0000-0000-0000-000000000001,51fd3682-4888-4a55-92f7-281307c67941,f17772cf-7a8e-4e04-aeef-8c148fe1a7e5,Insurance,Operational expense,1223.3,2023-03-15,approved,2023-03-15 11:09:24,2023,3,1,11,2,0,0,1,False,True,False,False,False,False,False,False,False,False,7.11012453107987
118fcfc0-d704-44d2-8599-3eb70dac8e6b,00000000-0000-0000-0000-000000000003,470852ed-b70b-4f24-879a-6edb4193d8b6,3b9ffffd-ca39-4330-b08f-59cdb916323f,Logistics,Operational expense,3542.19,2023-09-10,pending,2023-09-10 15:07:46,2023,9,3,36,6,1,0,2,False,False,True,False,False,False,False,False,False,False,8.172782730297486
4a775c9a-a9d3-4607-9598-715dc1936a4b,00000000-0000-0000-0000-000000000001,a01b7f2a-d4d0-48bf-bb89-c1040f55587a,3f0519f3-383c-48a1-8609-f4b51fd5ecd4,Logistics,Operational expense,44126.53,2023-11-30,approved,2023-11-30 14:44:58,2023,11,4,48,3,0,1,2,False,False,True,False,False,False,False,False,False,False,10.69483912970237
461d737f-52a4-4f80-8e49-83b841ec88f9,00000000-0000-0000-0000-000000000002,5f6c98b4-4360-41ee-83a3-efc700651a04,81c496fc-1d35-4405-9a7d-ae0a15104d5b,Office Supplies,Operational expense,32992.06,2024-07-24,approved,2024-07-24 11:01:33,2024,7,3,30,2,0,0,5,False,False,False,False,False,True,False,False,False,False,10.404052515301531
5aba30a2-8dcd-42b7-875c-44fcd2449dc1,00000000-0000-0000-0000-000000000002,587616fd-ba60-493e-ba92-b68a61b5cdce,bcde24c7-84f3-4459-afee-eba83339896c,Maintenance,Operational expense,24624.38,2024-10-25,approved,2024-10-25 15:34:43,2024,10,4,43,4,0,0,3,False,False,False,True,False,False,False,False,False,False,10.111532897393307
8dd21b63-dbd8-4dec-97a3-e0091b629640,00000000-0000-0000-0000-000000000001,51fd3682-4888-4a55-92f7-281307c67941,aadd1a3f-3f20-499a-b950-51966ac9090c,IT & Software,Operational expense,33501.04,2022-09-05,approved,2022-09-05 16:11:57,2022,9,3,36,0,0,0,0,True,False,False,False,False,False,False,False,False,False,10.419361611481488
15f6b230-b785-423e-8f68-b72cec83bee4,00000000-0000-0000-0000-000000000002,b961632b-814f-4481-946b-17a792487aa7,f72410dd-3260-4ece-a477-1ae69ac1e84e,Office Supplies,Operational expense,34485.08,2023-06-24,approved,2023-06-24 14:33:49,2023,6,2,25,5,1,0,5,False,False,False,False,False,True,False,False,False,False,10.448311043339327
ab0b23a0-9d9a-44df-b4aa-0fb9bb5d2e64,00000000-0000-0000-0000-000000000003,9b1ac5ce-ad4f-40d1-8b7c-0005176b143d,355d120a-98dd-4393-a62e-df5f4b8a455b,Travel,Operational expense,13479.24,2022-01-25,approved,2022-01-25 15:45:02,2022,1,1,4,1,0,0,8,False,False,False,False,False,False,False,False,True,False,9.50898018846211
3bcef19d-3a3b-4ee7-8c99-592e712f9067,00000000-0000-0000-0000-000000000001,51fd3682-4888-4a55-92f7-281307c67941,aadd1a3f-3f20-499a-b950-51966ac9090c,Office Supplies,Operational expense,5510.48,2022-08-11,pending,2022-08-11 16:34:34,2022,8,3,32,3,0,0,5,False,False,False,False,False,True,False,False,False,False,8.61458846862059
a8290214-36e4-49ef-b47c-6df80fdd6f44,00000000-0000-0000-0000-000000000001,a01b7f2a-d4d0-48bf-bb89-c1040f55587a,4736f247-39f8-400c-b9ea-519dfbb485f6,Maintenance,Operational expense,16284.16,2022-03-13,pending,2022-03-13 10:24:07,2022,3,1,10,6,1,0,3,False,False,False,True,False,False,False,False,False,False,9.698009542654393
54de3498-3768-40cf-91c6-43fd0d3a624f,00000000-0000-0000-0000-000000000002,587616fd-ba60-493e-ba92-b68a61b5cdce,2afe7cda-5682-4c01-a59f-5f13090047f6,Office Supplies,Operational expense,15395.12,2022-12-13,approved,2022-12-13 15:41:12,2022,12,4,50,1,0,0,5,False,False,False,False,False,True,False,False,False,False,9.64187080860553
f6dd4857-35ba-42e1-9155-1c5f456362d0,00000000-0000-0000-0000-000000000002,b961632b-814f-4481-946b-17a792487aa7,9d2a5f48-38f2-46be-b733-c1b9f1c891c4,Maintenance,Operational expense,5774.34,2023-06-05,approved,2023-06-05 12:44:32,2023,6,2,23,0,0,0,3,False,False,False,True,False,False,False,False,False,False,8.661352408115835
0807cb80-cb73-4784-a2ae-8ad1c7773489,00000000-0000-0000-0000-000000000002,b961632b-814f-4481-946b-17a792487aa7,07274486-6344-4009-ae28-b9027a51f93f,Marketing,Operational expense,35941.14,2024-05-04,approved,2024-05-04 08:58:24,2024,5,2,18,5,1,0,4,False,False,False,False,True,False,False,False,False,False,10.489665702248812
bd4eafb8-53a3-4d68-a87d-65297d1e72dd,00000000-0000-0000-0000-000000000002,587616fd-ba60-493e-ba92-b68a61b5cdce,9d2a5f48-38f2-46be-b733-c1b9f1c891c4,Insurance,Operational expense,39178.36,2022-04-27,pending,2022-04-27 10:53:54,2022,4,2,17,2,0,0,1,False,True,False,False,False,False,False,False,False,False,10.575905356500389
af704974-fabd-4f35-a949-bdb1348b0773,00000000-0000-0000-0000-000000000003,9b1ac5ce-ad4f-40d1-8b7c-0005176b143d,e452be79-f94b-4709-88bf-8f66053789c4,Insurance,Operational expense,32415.89,2022-10-11,approved,2022-10-11 11:46:30,2022,10,4,41,1,0,0,1,False,True,False,False,False,False,False,False,False,False,10.386434862249006
0cfd4d13-1dc3-464c-9f86-ea9c03df2d1b,00000000-0000-0000-0000-000000000001,0eb66abb-0d5d-4e88-a3ff-16776e267d83,f17772cf-7a8e-4e04-aeef-8c148fe1a7e5,Travel,Operational expense,24569.21,2022-11-26,approved,2022-11-26 17:16:53,2022,11,4,47,5,1,0,8,False,False,False,False,False,False,False,False,True,False,10.109290012487246
5c0c1a7b-fdd7-4709-8c78-4cb02ef9d03f,00000000-0000-0000-0000-000000000002,5f6c98b4-4360-41ee-83a3-efc700651a04,bcde24c7-84f3-4459-afee-eba83339896c,Travel,Operational expense,21997.01,2022-11-16,approved,2022-11-16 08:33:15,2022,11,4,46,2,0,0,8,False,False,False,False,False,False,False,False,True,False,9.998707273703738
c3ba1d0f-7802-420f-87e5-ff06fa58f58c,00000000-0000-0000-0000-000000000001,0eb66abb-0d5d-4e88-a3ff-16776e267d83,163b0e08-1801-4ae5-af8c-f287fbcdff7c,Marketing,Operational expense,39904.4,2022-10-23,rejected,2022-10-23 09:09:56,2022,10,4,42,6,1,0,4,False,False,False,False,True,False,False,False,False,False,10.594266932066413
0a8c0cb9-9ac6-47a4-92f0-f16f24972b15,00000000-0000-0000-0000-000000000003,470852ed-b70b-4f24-879a-6edb4193d8b6,8626b762-d8ef-4e32-8446-33cdac213522,Marketing,Operational expense,23524.33,2023-05-12,pending,2023-05-12 10:31:52,2023,5,2,19,4,0,0,4,False,False,False,False,True,False,False,False,False,False,10.065832991985374
2b6c0ed8-cae4-41d7-a68c-d93a665cc12c,00000000-0000-0000-0000-000000000002,b961632b-814f-4481-946b-17a792487aa7,07274486-6344-4009-ae28-b9027a51f93f,Maintenance,Operational expense,34798.42,2022-11-12,pending,2022-11-12 12:10:50,2022,11,4,45,5,1,0,3,False,False,False,True,False,False,False,False,False,False,10.45735599895701
33839330-e5a7-41fb-a92f-d3712e5d6e79,00000000-0000-0000-0000-000000000003,9b1ac5ce-ad4f-40d1-8b7c-0005176b143d,29998a31-9af5-4c58-9bfe-cde4f9a96969,IT & Software,Operational expense,23345.08,2022-09-04,approved,2022-09-04 16:47:21,2022,9,3,35,6,1,0,0,True,False,False,False,False,False,False,False,False,False,10.058184368917951
8a43db8c-42d2-46ba-a06f-b846a2a849c9,00000000-0000-0000-0000-000000000001,0eb66abb-0d5d-4e88-a3ff-16776e267d83,3f0519f3-383c-48a1-8609-f4b51fd5ecd4,IT & Software,Operational expense,20819.98,2022-10-29,approved,2022-10-29 14:20:46,2022,10,4,43,5,1,0,0,True,False,False,False,False,False,False,False,False,False,9.943716411186076
576f02bb-ba4d-4fa1-8bc7-bfa819b6cbd6,00000000-0000-0000-0000-000000000003,9b1ac5ce-ad4f-40d1-8b7c-0005176b143d,8626b762-d8ef-4e32-8446-33cdac213522,Insurance,Operational expense,9533.91,2023-09-08,approved,2023-09-08 09:54:56,2023,9,3,36,4,0,0,1,False,True,False,False,False,False,False,False,False,False,9.16271507908069
6a720acd-4e91-47b4-a4d1-09ed6c74b838,00000000-0000-0000-0000-000000000002,b961632b-814f-4481-946b-17a792487aa7,09cd08c0-c83a-42f5-96cc-b9c13c2aa7e4,Logistics,Operational expense,35078.12,2024-11-13,approved,2024-11-13 08:26:52,2024,11,4,46,2,0,0,2,False,False,True,False,False,False,False,False,False,False,10.465361360652658
84ff2ecd-f378-4a66-a588-33c25fa2cea0,00000000-0000-0000-0000-000000000003,7227b311-834f-4815-aa86-c5d464758be1,e452be79-f94b-4709-88bf-8f66053789c4,Maintenance,Operational expense,31933.75,2022-12-12,pending,2022-12-12 08:04:32,2022,12,4,50,0,0,0,3,False,False,False,True,False,False,False,False,False,False,10.371450037563607
991c45c0-6d27-4fb9-8dca-f657799e96f3,00000000-0000-0000-0000-000000000003,470852ed-b70b-4f24-879a-6edb4193d8b6,79c1732a-a6d1-4565-b515-c59de4dbdfe5,IT & Software,Operational expense,22941.14,2024-10-25,rejected,2024-10-25 17:03:37,2024,10,4,43,4,0,0,0,True,False,False,False,False,False,False,False,False,False,10.040730673167637
2d7d343f-8a24-4f5c-acf6-1de4850b14e4,00000000-0000-0000-0000-000000000003,7227b311-834f-4815-aa86-c5d464758be1,29998a31-9af5-4c58-9bfe-cde4f9a96969,Office Supplies,Operational expense,34683.61,2022-11-04,approved,2022-11-04 15:52:16,2022,11,4,44,4,0,0,5,False,False,False,False,False,True,False,False,False,False,10.454051351702562
35612686-e96b-45f0-9503-1f5b066c8780,00000000-0000-0000-0000-000000000001,a01b7f2a-d4d0-48bf-bb89-c1040f55587a,ea13a2c7-2a88-40f3-b073-4e507c524f18,Maintenance,Operational expense,41764.02,2022-04-30,pending,2022-04-30 10:24:06,2022,4,2,17,5,1,1,3,False,False,False,True,False,False,False,False,False,False,10.63981442605976
aa70c23c-d214-48c6-a00a-46192f006c6f,00000000-0000-0000-0000-000000000002,587616fd-ba60-493e-ba92-b68a61b5cdce,9d2a5f48-38f2-46be-b733-c1b9f1c891c4,Marketing,Operational expense,40082.54,2022-01-22,approved,2022-01-22 17:49:12,2022,1,1,3,5,1,0,4,False,False,False,False,True,False,False,False,False,False,10.598721055211762
469dc04e-5754-4d0b-92dd-e3f6bdc2d41f,00000000-0000-0000-0000-000000000001,a01b7f2a-d4d0-48bf-bb89-c1040f55587a,f0e9f4da-9ca0-492d-a21e-3f8a819f9184,Travel,Operational expense,26650.77,2023-05-11,approved,2023-05-11 09:11:14,2023,5,2,19,3,0,0,8,False,False,False,False,False,False,False,False,True,False,10.190610843898831
00d45f16-7c51-44e4-a7b2-2396a8380529,00000000-0000-0000-0000-000000000002,5f6c98b4-4360-41ee-83a3-efc700651a04,2afe7cda-5682-4c01-a59f-5f13090047f6,Travel,Operational expense,37257.83,2022-06-30,pending,2022-06-30 15:14:13,2022,6,2,26,3,0,1,8,False,False,False,False,False,False,False,False,True,False,10.525644242696375
cb333f7a-85b0-4855-9493-870ab4ac4ec4,00000000-0000-0000-0000-000000000001,0eb66abb-0d5d-4e88-a3ff-16776e267d83,163b0e08-1801-4ae5-af8c-f287fbcdff7c,Maintenance,Operational expense,7534.11,2024-09-18,approved,2024-09-18 10:42:29,2024,9,3,38,2,0,0,3,False,False,False,True,False,False,False,False,False,False,8.927328709494184
445aa64b-db64-4e1a-b32d-0bbf38de4ec3,00000000-0000-0000-0000-000000000001,0eb66abb-0d5d-4e88-a3ff-16776e267d83,9a16d7d2-dc18-4141-a14f-3394de4b98bc,Travel,Operational expense,2414.06,2022-07-29,rejected,2022-07-29 16:31:55,2022,7,3,30,4,0,0,8,False,False,False,False,False,False,False,False,True,False,7.789479410498545
3025e4dc-fed9-43ec-bfff-543b8fb66258,00000000-0000-0000-0000-000000000002,5f6c98b4-4360-41ee-83a3-efc700651a04,e213801b-a706-48c3-9ba4-7db14d3912f3,Travel,Operational expense,37055.12,2024-06-24,approved,2024-06-24 16:11:01,2024,6,2,26,0,0,0,8,False,False,False,False,False,False,False,False,True,False,10.520188799269393
be724a6f-78ec-4bf1-b6c9-23a6f4ad49b8,00000000-0000-0000-0000-000000000003,470852ed-b70b-4f24-879a-6edb4193d8b6,33baaf1c-3618-44b5-b42a-4673992689f8,Marketing,Operational expense,9467.42,2023-06-21,rejected,2023-06-21 13:04:27,2023,6,2,25,2,0,0,4,False,False,False,False,True,False,False,False,False,False,9.155717329599304
bbf78526-aec0-4e44-ab98-2fe300aa363d,00000000-0000-0000-0000-000000000002,5f6c98b4-4360-41ee-83a3-efc700651a04,e213801b-a706-48c3-9ba4-7db14d3912f3,Maintenance,Operational expense,21058.59,2024-03-21,approved,2024-03-21 18:30:27,2024,3,1,12,3,0,0,3,False,False,False,True,False,False,False,False,False,False,9.955111317312324
b7e82db1-ef33-4862-b7d4-9d5a07298eb3,00000000-0000-0000-0000-000000000001,51fd3682-4888-4a55-92f7-281307c67941,ea13a2c7-2a88-40f3-b073-4e507c524f18,Insurance,Operational expense,17649.17,2022-12-07,approved,2022-12-07 14:31:00,2022,12,4,49,2,0,0,1,False,True,False,False,False,False,False,False,False,False,9.778500694043103
73050372-2184-4b10-956c-157de9e25cd4,00000000-0000-0000-0000-000000000002,587616fd-ba60-493e-ba92-b68a61b5cdce,9d2a5f48-38f2-46be-b733-c1b9f1c891c4,Maintenance,Operational expense,43768.0,2023-03-11,approved,2023-03-11 09:33:55,2023,3,1,10,5,1,0,3,False,False,False,True,False,False,False,False,False,False,10.686681083225299
35dfc45e-bbbf-49d6-b672-8ff8e14cd40d,00000000-0000-0000-0000-000000000002,b961632b-814f-4481-946b-17a792487aa7,7f514159-0b19-4321-a308-daec53995d5a,Travel,Operational expense,38308.21,2024-10-06,pending,2024-10-06 11:20:49,2024,10,4,40,6,1,0,8,False,False,False,False,False,False,False,False,True,False,10.553445616234358
8c5a2e87-7822-4997-a517-6eb66411d080,00000000-0000-0000-0000-000000000002,5f6c98b4-4360-41ee-83a3-efc700651a04,f72410dd-3260-4ece-a477-1ae69ac1e84e,Travel,Operational expense,5294.49,2024-07-30,approved,2024-07-30 09:18:55,2024,7,3,31,1,0,0,8,False,False,False,False,False,False,False,False,True,False,8.574610793886134
85f59fe9-9aae-4b02-91c4-01ffc490bbfc,00000000-0000-0000-0000-000000000002,b961632b-814f-4481-946b-17a792487aa7,7f514159-0b19-4321-a308-daec53995d5a,Travel,Operational expense,30882.16,2023-06-29,approved,2023-06-29 18:53:27,2023,6,2,26,3,0,0,8,False,False,False,False,False,False,False,False,True,False,10.337966330509408
4df04728-2f40-495b-aebe-5b8410b33283,00000000-0000-0000-0000-000000000002,5f6c98b4-4360-41ee-83a3-efc700651a04,f72410dd-3260-4ece-a477-1ae69ac1e84e,Marketing,Operational expense,1716.72,2024-04-15,approved,2024-04-15 15:19:37,2024,4,2,16,0,0,0,4,False,False,False,False,True,False,False,False,False,False,7.448753109051937
2038bb10-6b51-492f-addb-0223464a963d,00000000-0000-0000-0000-000000000001,51fd3682-4888-4a55-92f7-281307c67941,5a96b78c-2c6b-4aaa-88b5-7c7485705113,Maintenance,Operational expense,13692.5,2024-10-08,rejected,2024-10-08 16:36:18,2024,10,4,41,1,0,0,3,False,False,False,True,False,False,False,False,False,False,9.524676546673245
88ca89f6-cf61-4571-93ba-b35fd160965a,00000000-0000-0000-0000-000000000003,9b1ac5ce-ad4f-40d1-8b7c-0005176b143d,79c1732a-a6d1-4565-b515-c59de4dbdfe5,Travel,Operational expense,48605.1,2024-08-11,approved,2024-08-11 10:19:51,2024,8,3,32,6,1,0,8,False,False,False,False,False,False,False,False,True,False,10.791504316415603
76fb9ad0-17d7-4e9c-86d9-41553f9de1bd,00000000-0000-0000-0000-000000000002,587616fd-ba60-493e-ba92-b68a61b5cdce,bcde24c7-84f3-4459-afee-eba83339896c,Logistics,Operational expense,4294.69,2022-07-22,approved,2022-07-22 08:24:45,2022,7,3,29,4,0,0,2,False,False,True,False,False,False,False,False,False,False,8.365367473436056
927a3a26-6a0f-4b6d-81bf-6c23dbe6a23a,00000000-0000-0000-0000-000000000001,51fd3682-4888-4a55-92f7-281307c67941,7760d86e-b342-473c-8c64-b55d64aa491a,Office Supplies,Operational expense,39918.82,2024-03-16,rejected,2024-03-16 16:54:52,2024,3,1,11,5,1,0,5,False,False,False,False,False,True,False,False,False,False,10.5946282213972
43bbf8bf-5aab-40cb-bab4-ee7177e25932,00000000-0000-0000-0000-000000000003,7227b311-834f-4815-aa86-c5d464758be1,29998a31-9af5-4c58-9bfe-cde4f9a96969,Logistics,Operational expense,47077.64,2022-06-01,rejected,2022-06-01 14:58:51,2022,6,2,22,2,0,0,2,False,False,True,False,False,False,False,False,False,False,10.759574673956125
29841714-195f-4848-b543-c709bedc1f3c,00000000-0000-0000-0000-000000000003,7227b311-834f-4815-aa86-c5d464758be1,79c1732a-a6d1-4565-b515-c59de4dbdfe5,Office Supplies,Operational expense,34272.89,2023-11-21,approved,2023-11-21 13:14:53,2023,11,4,47,1,0,0,5,False,False,False,False,False,True,False,False,False,False,10.442139118785756
f8105eba-c511-496f-b505-432d0131823f,00000000-0000-0000-0000-000000000002,5f6c98b4-4360-41ee-83a3-efc700651a04,c75c1d53-938d-4640-b118-e5ada06ce255,IT & Software,Operational expense,11064.72,2023-10-31,approved,2023-10-31 16:49:46,2023,10,4,44,1,0,1,0,True,False,False,False,False,False,False,False,False,False,9.311607320408855
75abb7d6-8e5b-484f-bf82-d4978092eb6e,00000000-0000-0000-0000-000000000003,7227b311-834f-4815-aa86-c5d464758be1,29998a31-9af5-4c58-9bfe-cde4f9a96969,Travel,Operational expense,9915.5,2024-11-09,approved,2024-11-09 10:29:12,2024,11,4,45,5,1,0,8,False,False,False,False,False,False,False,False,True,False,9.201955315441742
78304c5e-5083-4b0d-ba55-7c68524e1c60,00000000-0000-0000-0000-000000000001,a01b7f2a-d4d0-48bf-bb89-c1040f55587a,f577e0e3-284e-4c71-8d16-74f51d0fe305,Travel,Operational expense,41019.18,2022-02-08,pending,2022-02-08 15:22:54,2022,2,1,6,1,0,0,8,False,False,False,False,False,False,False,False,True,False,10.621819419720108
955151f0-18bb-4e37-9cc6-8c319c160c07,00000000-0000-0000-0000-000000000003,470852ed-b70b-4f24-879a-6edb4193d8b6,3b9ffffd-ca39-4330-b08f-59cdb916323f,Marketing,Operational expense,49105.19,2023-09-26,pending,2023-09-26 10:00:43,2023,9,3,39,1,0,0,4,False,False,False,False,True,False,False,False,False,False,10.801740375082987
91ba1746-76ad-4b4c-9162-bb4d0b371560,00000000-0000-0000-0000-000000000002,b961632b-814f-4481-946b-17a792487aa7,09cd08c0-c83a-42f5-96cc-b9c13c2aa7e4,Maintenance,Operational expense,47444.2,2024-01-12,approved,2024-01-12 12:46:36,2024,1,1,2,4,0,0,3,False,False,False,True,False,False,False,False,False,False,10.767330639806287
436e1343-1520-493c-a57e-2ecefe5f95ad,00000000-0000-0000-0000-000000000003,7227b311-834f-4815-aa86-c5d464758be1,8626b762-d8ef-4e32-8446-33cdac213522,IT & Software,Operational expense,13257.39,2024-02-26,approved,2024-02-26 17:11:59,2024,2,1,9,0,0,0,0,True,False,False,False,False,False,False,False,False,False,9.492385838570227
bf0b39e7-fb91-4118-8d83-fdf55e3fea09,00000000-0000-0000-0000-000000000002,b961632b-814f-4481-946b-17a792487aa7,f72410dd-3260-4ece-a477-1ae69ac1e84e,Maintenance,Operational expense,48553.88,2022-03-24,approved,2022-03-24 08:30:17,2022,3,1,12,3,0,0,3,False,False,False,True,False,False,False,False,False,False,10.790449983601242
49f4b0d0-e9af-4da5-b1c1-1a2968d94991,00000000-0000-0000-0000-000000000001,a01b7f2a-d4d0-48bf-bb89-c1040f55587a,ea13a2c7-2a88-40f3-b073-4e507c524f18,Insurance,Operational expense,27986.42,2023-03-10,approved,2023-03-10 13:50:46,2023,3,1,10,4,0,0,1,False,True,False,False,False,False,False,False,False,False,10.239510402483988
49ac18d8-99cd-4cde-96ed-6c2a95706ea8,00000000-0000-0000-0000-000000000002,5f6c98b4-4360-41ee-83a3-efc700651a04,517d046e-f5e7-4244-8dab-e8995b9bfdc4,Office Supplies,Operational expense,47323.81,2022-01-23,pending,2022-01-23 14:02:47,2022,1,1,3,6,1,0,5,False,False,False,False,False,True,False,False,False,False,10.764789961278128
27442bc4-1c2c-4bee-813a-d47084f2fb06,00000000-0000-0000-0000-000000000001,a01b7f2a-d4d0-48bf-bb89-c1040f55587a,4736f247-39f8-400c-b9ea-519dfbb485f6,Insurance,Operational expense,15319.41,2024-05-11,approved,2024-05-11 08:36:55,2024,5,2,19,5,1,0,1,False,True,False,False,False,False,False,False,False,False,9.636941205338564
8b98bf74-ef4b-4a18-b7c5-d70bf0d0b2f9,00000000-0000-0000-0000-000000000002,b961632b-814f-4481-946b-17a792487aa7,bcde24c7-84f3-4459-afee-eba83339896c,Insurance,Operational expense,12664.96,2022-05-04,approved,2022-05-04 08:06:48,2022,5,2,18,2,0,0,1,False,True,False,False,False,False,False,False,False,False,9.446673359010438
fe5aac22-f1ac-4858-9ca2-42c491bc0950,00000000-0000-0000-0000-000000000001,0eb66abb-0d5d-4e88-a3ff-16776e267d83,5a96b78c-2c6b-4aaa-88b5-7c7485705113,IT & Software,Operational expense,35317.91,2024-05-14,approved,2024-05-14 18:49:28,2024,5,2,20,1,0,0,0,True,False,False,False,False,False,False,False,False,False,10.472173793539543
4cbd3931-7f46-4b5d-b64e-573f90185da4,00000000-0000-0000-0000-000000000002,b961632b-814f-4481-946b-17a792487aa7,bcde24c7-84f3-4459-afee-eba83339896c,Office Supplies,Operational expense,33617.32,2024-10-08,pending,2024-10-08 15:01:55,2024,10,4,41,1,0,0,5,False,False,False,False,False,True,False,False,False,False,10.422826435458251
28fe3251-a0a1-4868-8330-0dac7994174c,00000000-0000-0000-0000-000000000001,0eb66abb-0d5d-4e88-a3ff-16776e267d83,eaefa70d-63c2-4537-b86d-2205b826bb2e,Insurance,Operational expense,3154.27,2023-04-23,approved,2023-04-23 15:59:03,2023,4,2,16,6,1,0,1,False,True,False,False,False,False,False,False,False,False,8.056829349760596
52c83f8a-c6a8-4d39-bd56-2671d7b345d7,00000000-0000-0000-0000-000000000001,51fd3682-4888-4a55-92f7-281307c67941,9a16d7d2-dc18-4141-a14f-3394de4b98bc,Travel,Operational expense,47694.7,2023-04-22,pending,2023-04-22 17:34:50,2023,4,2,16,5,1,0,8,False,False,False,False,False,False,False,False,True,False,10.772596526062445
be1ffe3f-15c9-4da6-8164-ff7e2936aa7c,00000000-0000-0000-0000-000000000001,a01b7f2a-d4d0-48bf-bb89-c1040f55587a,163b0e08-1801-4ae5-af8c-f287fbcdff7c,Maintenance,Operational expense,5144.37,2024-05-29,approved,2024-05-29 18:41:16,2024,5,2,22,2,0,0,3,False,False,False,True,False,False,False,False,False,False,8.545852560162505
bbf6bd8d-bd9f-476b-98fd-682a10fb57f3,00000000-0000-0000-0000-000000000003,470852ed-b70b-4f24-879a-6edb4193d8b6,74245d66-8df4-4678-b1e9-76d5e231caff,Maintenance,Operational expense,8180.03,2024-02-09,approved,2024-02-09 13:06:58,2024,2,1,6,4,0,0,3,False,False,False,True,False,False,False,False,False,False,9.009573338540344
41ff11d0-5042-4827-8ff3-0ea3c8f6e0a3,00000000-0000-0000-0000-000000000001,51fd3682-4888-4a55-92f7-281307c67941,7760d86e-b342-473c-8c64-b55d64aa491a,Marketing,Operational expense,19401.55,2024-06-11,approved,2024-06-11 16:35:32,2024,6,2,24,1,0,0,4,False,False,False,False,True,False,False,False,False,False,9.873159779712475
c52df74c-b05e-4e11-8b90-da605302c55a,00000000-0000-0000-0000-000000000002,5f6c98b4-4360-41ee-83a3-efc700651a04,7f514159-0b19-4321-a308-daec53995d5a,Maintenance,Operational expense,10718.44,2022-09-29,rejected,2022-09-29 08:16:17,2022,9,3,39,3,0,0,3,False,False,False,True,False,False,False,False,False,False,9.279814194454328
34299991-efa4-4971-8e0a-d91a3af82389,00000000-0000-0000-0000-000000000002,5f6c98b4-4360-41ee-83a3-efc700651a04,c75c1d53-938d-4640-b118-e5ada06ce255,Marketing,Operational expense,47389.78,2024-08-10,pending,2024-08-10 18:37:06,2024,8,3,32,5,1,0,4,False,False,False,False,True,False,False,False,False,False,10.766182973994784
ba178b08-67d9-4c23-8b93-79f750f8e33c,00000000-0000-0000-0000-000000000001,0eb66abb-0d5d-4e88-a3ff-16776e267d83,3f0519f3-383c-48a1-8609-f4b51fd5ecd4,Logistics,Operational expense,4006.69,2023-01-28,approved,2023-01-28 16:55:15,2023,1,1,4,5,1,0,2,False,False,True,False,False,False,False,False,False,False,8.295970294464016
5cf00bd0-d58e-4307-9dab-1517fc7e88c0,00000000-0000-0000-0000-000000000001,0eb66abb-0d5d-4e88-a3ff-16776e267d83,4736f247-39f8-400c-b9ea-519dfbb485f6,Maintenance,Operational expense,2602.21,2024-04-25,approved,2024-04-25 09:00:13,2024,4,2,17,3,0,0,3,False,False,False,True,False,False,False,False,False,False,7.864500577883333
a8ba123f-8f16-4cae-a206-611890d5e1e1,00000000-0000-0000-0000-000000000002,b961632b-814f-4481-946b-17a792487aa7,e213801b-a706-48c3-9ba4-7db14d3912f3,Insurance,Operational expense,24123.09,2022-06-25,approved,2022-06-25 10:20:21,2022,6,2,25,5,1,0,1,False,True,False,False,False,False,False,False,False,False,10.090966205288508
9e71727f-ab12-480b-91c4-9aeeec74fdb9,00000000-0000-0000-0000-000000000002,b961632b-814f-4481-946b-17a792487aa7,517d046e-f5e7-4244-8dab-e8995b9bfdc4,Travel,Operational expense,27696.93,2022-01-06,approved,2022-01-06 17:48:39,2022,1,1,1,3,0,0,8,False,False,False,False,False,False,False,False,True,False,10.229112960141183
e8e8e29f-3ec2-49ee-9898-85cf148a8bba,00000000-0000-0000-0000-000000000001,51fd3682-4888-4a55-92f7-281307c67941,f577e0e3-284e-4c71-8d16-74f51d0fe305,Insurance,Operational expense,35790.27,2022-12-06,approved,2022-12-06 16:39:56,2022,12,4,49,1,0,0,1,False,True,False,False,False,False,False,False,False,False,10.485459287902785
647f8568-034c-49ae-86f2-deb13e8bd51f,00000000-0000-0000-0000-000000000002,b961632b-814f-4481-946b-17a792487aa7,bcde24c7-84f3-4459-afee-eba83339896c,Logistics,Operational expense,31803.86,2022-09-25,pending,2022-09-25 16:02:19,2022,9,3,38,6,1,0,2,False,False,True,False,False,False,False,False,False,False,10.367374387279604
0cb2888b-129a-4ba1-9c87-2eb00d43bb86,00000000-0000-0000-0000-000000000002,5f6c98b4-4360-41ee-83a3-efc700651a04,2afe7cda-5682-4c01-a59f-5f13090047f6,Logistics,Operational expense,41251.37,2023-04-13,pending,2023-04-13 16:17:35,2023,4,2,15,3,0,0,2,False,False,True,False,False,False,False,False,False,False,10.627463844657832
2d7fb476-173e-49fa-8006-91ba2d5ba9dd,00000000-0000-0000-0000-000000000002,587616fd-ba60-493e-ba92-b68a61b5cdce,c75c1d53-938d-4640-b118-e5ada06ce255,Insurance,Operational expense,26685.05,2023-11-22,approved,2023-11-22 16:06:12,2023,11,4,47,2,0,0,1,False,True,False,False,False,False,False,False,False,False,10.19189623594222
d97250a7-aa01-45e0-9d28-37a616a5f6bc,00000000-0000-0000-0000-000000000003,7227b311-834f-4815-aa86-c5d464758be1,8626b762-d8ef-4e32-8446-33cdac213522,Insurance,Operational expense,23837.78,2022-03-14,approved,2022-03-14 14:46:34,2022,3,1,11,0,0,0,1,False,True,False,False,False,False,False,False,False,False,10.079068945373182
1b0f96c7-5dee-41ad-a3eb-133b0b77f145,00000000-0000-0000-0000-000000000001,0eb66abb-0d5d-4e88-a3ff-16776e267d83,ea13a2c7-2a88-40f3-b073-4e507c524f18,Travel,Operational expense,19234.94,2024-11-10,approved,2024-11-10 18:56:54,2024,11,4,45,6,1,0,8,False,False,False,False,False,False,False,False,True,False,9.864535683241098
94c93aeb-3cb7-4b56-b227-5bdfb8d8217c,00000000-0000-0000-0000-000000000003,470852ed-b70b-4f24-879a-6edb4193d8b6,3b9ffffd-ca39-4330-b08f-59cdb916323f,Office Supplies,Operational expense,25549.61,2024-01-06,approved,2024-01-06 11:50:51,2024,1,1,1,5,1,0,5,False,False,False,False,False,True,False,False,False,False,10.148416470102235
3c75e4b0-6721-4121-a4c6-c1eb258471fa,00000000-0000-0000-0000-000000000002,587616fd-ba60-493e-ba92-b68a61b5cdce,07274486-6344-4009-ae28-b9027a51f93f,Office Supplies,Operational expense,1744.77,2024-08-26,pending,2024-08-26 17:45:22,2024,8,3,35,0,0,0,5,False,False,False,False,False,True,False,False,False,False,7.46495099805462
0f2ae40b-5b0a-43a7-b25d-489640a97fa0,00000000-0000-0000-0000-000000000002,5f6c98b4-4360-41ee-83a3-efc700651a04,7f514159-0b19-4321-a308-daec53995d5a,Insurance,Operational expense,29385.62,2022-10-04,approved,2022-10-04 13:10:55,2022,10,4,40,1,0,0,1,False,True,False,False,False,False,False,False,False,False,10.288294747695593
b59cde0f-8987-4f57-8720-a8055db5083b,00000000-0000-0000-0000-000000000002,5f6c98b4-4360-41ee-83a3-efc700651a04,07274486-6344-4009-ae28-b9027a51f93f,Office Supplies,Operational expense,44695.77,2023-05-06,approved,2023-05-06 13:45:31,2023,5,2,18,5,1,0,5,False,False,False,False,False,True,False,False,False,False,10.707656518482986
609e3025-8d31-44f3-81cd-41a556d6ed82,00000000-0000-0000-0000-000000000001,a01b7f2a-d4d0-48bf-bb89-c1040f55587a,3f0519f3-383c-48a1-8609-f4b51fd5ecd4,Insurance,Operational expense,36128.48,2022-01-15,pending,2022-01-15 12:23:24,2022,1,1,2,5,1,0,1,False,True,False,False,False,False,False,False,False,False,10.494864431566484
85fd8d7e-8fcc-4a4c-9d15-02ea7854ec6b,00000000-0000-0000-0000-000000000003,9b1ac5ce-ad4f-40d1-8b7c-0005176b143d,61d2418d-6936-4075-a481-1d994952d89b,Travel,Operational expense,8531.99,2024-03-12,rejected,2024-03-12 08:38:36,2024,3,1,11,1,0,0,8,False,False,False,False,False,False,False,False,True,False,9.05169510661512
fbce5631-b803-4426-a884-99bcac088bb4,00000000-0000-0000-0000-000000000001,0eb66abb-0d5d-4e88-a3ff-16776e267d83,5a96b78c-2c6b-4aaa-88b5-7c7485705113,Logistics,Operational expense,23595.28,2024-10-28,approved,2024-10-28 10:38:10,2024,10,4,44,0,0,0,2,False,False,True,False,False,False,False,False,False,False,10.068844351470597
4e7dfc4d-84ec-40d5-b137-bd54e6273387,00000000-0000-0000-0000-000000000003,9b1ac5ce-ad4f-40d1-8b7c-0005176b143d,e452be79-f94b-4709-88bf-8f66053789c4,Insurance,Operational expense,38562.83,2024-05-20,approved,2024-05-20 11:38:11,2024,5,2,21,0,0,0,1,False,True,False,False,False,False,False,False,False,False,10.560070069518149
17dee986-2c71-4351-9ac8-90f13c755f01,00000000-0000-0000-0000-000000000003,7227b311-834f-4815-aa86-c5d464758be1,29998a31-9af5-4c58-9bfe-cde4f9a96969,Insurance,Operational expense,24149.0,2022-03-03,rejected,2022-03-03 13:24:11,2022,3,1,9,3,0,0,1,False,True,False,False,False,False,False,False,False,False,10.092039659080719
677d009f-3717-4453-8a2f-c291ea62f2b2,00000000-0000-0000-0000-000000000003,9b1ac5ce-ad4f-40d1-8b7c-0005176b143d,9dd0c56d-a9cf-4c8d-a998-9df89eb48a85,Travel,Operational expense,25801.92,2023-05-29,approved,2023-05-29 13:26:12,2023,5,2,22,0,0,0,8,False,False,False,False,False,False,False,False,True,False,10.158242942800102
b75c27da-0036-43c6-a6d7-5c9703dc21ac,00000000-0000-0000-0000-000000000002,587616fd-ba60-493e-ba92-b68a61b5cdce,6708a3ae-03ac-432d-8065-25bbf8f3a753,IT & Software,Operational expense,34308.56,2023-10-05,approved,2023-10-05 09:57:52,2023,10,4,40,3,0,0,0,True,False,False,False,False,False,False,False,False,False,10.443179311520774
3c7c514a-d801-4cc4-b1aa-d15a381ce2cd,00000000-0000-0000-0000-000000000002,587616fd-ba60-493e-ba92-b68a61b5cdce,7f514159-0b19-4321-a308-daec53995d5a,Logistics,Operational expense,42316.41,2023-05-23,approved,2023-05-23 18:49:33,2023,5,2,21,1,0,0,2,False,False,True,False,False,False,False,False,False,False,10.65295386428129
63d58c7a-6457-4d8a-949d-c5bdee3a30b5,00000000-0000-0000-0000-000000000002,5f6c98b4-4360-41ee-83a3-efc700651a04,c75c1d53-938d-4640-b118-e5ada06ce255,Insurance,Operational expense,39329.99,2024-08-16,approved,2024-08-16 17:00:13,2024,8,3,33,4,0,0,1,False,True,False,False,False,False,False,False,False,False,10.57976803673377
7d92b2df-d1ce-4079-9eac-9d6ca9c47129,00000000-0000-0000-0000-000000000001,51fd3682-4888-4a55-92f7-281307c67941,aadd1a3f-3f20-499a-b950-51966ac9090c,IT & Software,Operational expense,44517.83,2023-08-02,approved,2023-08-02 13:21:15,2023,8,3,31,2,0,0,0,True,False,False,False,False,False,False,False,False,False,10.703667524720696
314fc857-05c5-44db-be30-8bd9aa5c30cd,00000000-0000-0000-0000-000000000001,0eb66abb-0d5d-4e88-a3ff-16776e267d83,3f0519f3-383c-48a1-8609-f4b51fd5ecd4,Office Supplies,Operational expense,45139.98,2023-07-09,approved,2023-07-09 16:13:50,2023,7,3,27,6,1,0,5,False,False,False,False,False,True,False,False,False,False,10.717545760370689
557fb17b-0624-4b52-bca1-7177e8125fe3,00000000-0000-0000-0000-000000000002,b961632b-814f-4481-946b-17a792487aa7,517d046e-f5e7-4244-8dab-e8995b9bfdc4,Office Supplies,Operational expense,35272.36,2023-06-08,approved,2023-06-08 18:13:30,2023,6,2,23,3,0,0,5,False,False,False,False,False,True,False,False,False,False,10.470883283790483
05e7c024-4a50-48a8-b8b4-ce6e5579cc04,00000000-0000-0000-0000-000000000001,a01b7f2a-d4d0-48bf-bb89-c1040f55587a,163b0e08-1801-4ae5-af8c-f287fbcdff7c,IT & Software,Operational expense,34927.22,2023-08-09,approved,2023-08-09 17:37:22,2023,8,3,32,2,0,0,0,True,False,False,False,False,False,False,False,False,False,10.461050377441442
29b6b25a-ca13-406d-bfc0-c6d43ead4e5b,00000000-0000-0000-0000-000000000001,0eb66abb-0d5d-4e88-a3ff-16776e267d83,f17772cf-7a8e-4e04-aeef-8c148fe1a7e5,Insurance,Operational expense,13704.66,2022-05-20,approved,2022-05-20 12:14:46,2022,5,2,20,4,0,0,1,False,True,False,False,False,False,False,False,False,False,9.52556416518406
7956c04f-e999-42fc-b2a3-36ab8a555d6e,00000000-0000-0000-0000-000000000003,7227b311-834f-4815-aa86-c5d464758be1,8626b762-d8ef-4e32-8446-33cdac213522,Insurance,Operational expense,38244.33,2023-12-23,approved,2023-12-23 15:29:51,2023,12,4,51,5,1,0,1,False,True,False,False,False,False,False,False,False,False,10.55177674029764
b2420ff3-957a-451f-b1d9-8ac5fa0ba953,00000000-0000-0000-0000-000000000003,470852ed-b70b-4f24-879a-6edb4193d8b6,9dd0c56d-a9cf-4c8d-a998-9df89eb48a85,Travel,Operational expense,30299.13,2022-04-12,pending,2022-04-12 08:45:54,2022,4,2,15,1,0,0,8,False,False,False,False,False,False,False,False,True,False,10.3189072819173
44ef2b77-f250-4e97-bec5-67f25c7f68ca,00000000-0000-0000-0000-000000000003,7227b311-834f-4815-aa86-c5d464758be1,045901bc-3a1a-4a0b-bd8b-876c218464f4,Office Supplies,Operational expense,12420.16,2024-12-06,approved,2024-12-06 17:16:44,2024,12,4,49,4,0,0,5,False,False,False,False,False,True,False,False,False,False,9.427156748871743
72299a24-8c86-4491-a76b-14374d0f9d6a,00000000-0000-0000-0000-000000000001,0eb66abb-0d5d-4e88-a3ff-16776e267d83,f17772cf-7a8e-4e04-aeef-8c148fe1a7e5,Marketing,Operational expense,32157.13,2022-05-06,approved,2022-05-06 08:26:07,2022,5,2,18,4,0,0,4,False,False,False,False,True,False,False,False,False,False,10.378420574836145
76d3c601-36d7-4567-b81f-cb83f64f08a6,00000000-0000-0000-0000-000000000003,7227b311-834f-4815-aa86-c5d464758be1,9dd0c56d-a9cf-4c8d-a998-9df89eb48a85,Travel,Operational expense,29260.24,2022-06-14,approved,2022-06-14 15:43:12,2022,6,2,24,1,0,0,8,False,False,False,False,False,False,False,False,True,False,10.284019052350123
b6e86983-911f-42d7-ad6f-79b3a2363169,00000000-0000-0000-0000-000000000003,7227b311-834f-4815-aa86-c5d464758be1,3b9ffffd-ca39-4330-b08f-59cdb916323f,Travel,Operational expense,37897.12,2022-01-29,pending,2022-01-29 18:10:48,2022,1,1,4,5,1,0,8,False,False,False,False,False,False,False,False,True,False,10.542656785618552
f637fe14-085f-4836-86d6-d92ae6f4e556,00000000-0000-0000-0000-000000000002,5f6c98b4-4360-41ee-83a3-efc700651a04,6708a3ae-03ac-432d-8065-25bbf8f3a753,Office Supplies,Operational expense,20036.5,2022-08-20,approved,2022-08-20 09:25:54,2022,8,3,33,5,1,0,5,False,False,False,False,False,True,False,False,False,False,9.905360796917808
d19685de-f014-4a24-9ce8-458dfa78c09a,00000000-0000-0000-0000-000000000002,b961632b-814f-4481-946b-17a792487aa7,e213801b-a706-48c3-9ba4-7db14d3912f3,Travel,Operational expense,37410.63,2023-11-13,approved,2023-11-13 08:52:18,2023,11,4,46,0,0,0,8,False,False,False,False,False,False,False,False,True,False,10.52973689763063
e55be09e-e5d0-482b-9d67-d2d012ad2a37,00000000-0000-0000-0000-000000000001,51fd3682-4888-4a55-92f7-281307c67941,9a16d7d2-dc18-4141-a14f-3394de4b98bc,Office Supplies,Operational expense,32045.93,2022-01-10,approved,2022-01-10 17:54:42,2022,1,1,2,0,0,0,5,False,False,False,False,False,True,False,False,False,False,10.374956669929356
2803b29e-bd8a-4961-b18c-ff887c49beba,00000000-0000-0000-0000-000000000002,5f6c98b4-4360-41ee-83a3-efc700651a04,2afe7cda-5682-4c01-a59f-5f13090047f6,Logistics,Operational expense,43746.43,2022-03-21,approved,2022-03-21 09:17:56,2022,3,1,12,0,0,0,2,False,False,True,False,False,False,False,False,False,False,10.686188147203188
1bb56eb0-a0d0-4c97-8c67-4ad7c86bba8e,00000000-0000-0000-0000-000000000002,b961632b-814f-4481-946b-17a792487aa7,c75c1d53-938d-4640-b118-e5ada06ce255,Marketing,Operational expense,24831.01,2023-09-30,pending,2023-09-30 17:52:03,2023,9,3,39,5,1,1,4,False,False,False,False,True,False,False,False,False,False,10.11988882568905
21d7d088-1e3e-4757-a583-d085570bdc48,00000000-0000-0000-0000-000000000002,b961632b-814f-4481-946b-17a792487aa7,6708a3ae-03ac-432d-8065-25bbf8f3a753,Logistics,Operational expense,27194.28,2023-10-21,approved,2023-10-21 10:59:56,2023,10,4,42,5,1,0,2,False,False,True,False,False,False,False,False,False,False,10.210798707814353
d2a6fef6-4a35-4452-a8a7-bb3f0554cbeb,00000000-0000-0000-0000-000000000001,0eb66abb-0d5d-4e88-a3ff-16776e267d83,7760d86e-b342-473c-8c64-b55d64aa491a,Office Supplies,Operational expense,37092.61,2022-09-12,approved,2022-09-12 14:00:40,2022,9,3,37,0,0,0,5,False,False,False,False,False,True,False,False,False,False,10.521199996564231
825732ec-8ce5-49af-8cb5-c71688a76819,00000000-0000-0000-0000-000000000002,5f6c98b4-4360-41ee-83a3-efc700651a04,2afe7cda-5682-4c01-a59f-5f13090047f6,Maintenance,Operational expense,32838.71,2023-01-30,pending,2023-01-30 12:42:35,2023,1,1,5,0,0,0,3,False,False,False,True,False,False,False,False,False,False,10.399393732833099
bbd11a5f-d8fc-4d25-8914-248e14939b96,00000000-0000-0000-0000-000000000001,51fd3682-4888-4a55-92f7-281307c67941,7760d86e-b342-473c-8c64-b55d64aa491a,IT & Software,Operational expense,26473.94,2022-04-10,rejected,2022-04-10 12:32:25,2022,4,2,14,6,1,0,0,True,False,False,False,False,False,False,False,False,False,10.183953904178088
83cf6115-fe4b-40d1-bc11-4b27b0cd855b,00000000-0000-0000-0000-000000000003,7227b311-834f-4815-aa86-c5d464758be1,e452be79-f94b-4709-88bf-8f66053789c4,IT & Software,Operational expense,32481.85,2024-07-29,approved,2024-07-29 11:57:56,2024,7,3,31,0,0,0,0,True,False,False,False,False,False,False,False,False,False,10.38846753673155
ded96bb6-42ab-4c77-bd21-0c6de525d1eb,00000000-0000-0000-0000-000000000002,5f6c98b4-4360-41ee-83a3-efc700651a04,81c496fc-1d35-4405-9a7d-ae0a15104d5b,Maintenance,Operational expense,6929.93,2024-10-05,approved,2024-10-05 11:25:15,2024,10,4,40,5,1,0,3,False,False,False,True,False,False,False,False,False,False,8.84374928231425
6bc061f5-d016-4765-854a-047530ae660e,00000000-0000-0000-0000-000000000002,b961632b-814f-4481-946b-17a792487aa7,bcde24c7-84f3-4459-afee-eba83339896c,Logistics,Operational expense,5179.1,2023-06-02,approved,2023-06-02 14:48:45,2023,6,2,22,4,0,0,2,False,False,True,False,False,False,False,False,False,False,8.552579640086494
aaa7f959-38e7-410a-91cb-57350d6a8c44,00000000-0000-0000-0000-000000000003,7227b311-834f-4815-aa86-c5d464758be1,33baaf1c-3618-44b5-b42a-4673992689f8,IT & Software,Operational expense,17435.6,2022-05-11,approved,2022-05-11 10:11:58,2022,5,2,19,2,0,0,0,True,False,False,False,False,False,False,False,False,False,9.766326724328504
783529ea-8ce3-4df8-b160-eec9cc810ea7,00000000-0000-0000-0000-000000000003,470852ed-b70b-4f24-879a-6edb4193d8b6,79c1732a-a6d1-4565-b515-c59de4dbdfe5,Office Supplies,Operational expense,19473.86,2023-11-06,approved,2023-11-06 16:38:36,2023,11,4,45,0,0,0,5,False,False,False,False,False,True,False,False,False,False,9.876879682009644
72c9bc81-5595-4616-873d-60679f89ca04,00000000-0000-0000-0000-000000000002,587616fd-ba60-493e-ba92-b68a61b5cdce,2afe7cda-5682-4c01-a59f-5f13090047f6,Logistics,Operational expense,27791.31,2023-03-06,approved,2023-03-06 10:02:25,2023,3,1,10,0,0,0,2,False,False,True,False,False,False,False,False,False,False,10.232514642707681
354af17c-dc9f-43ee-b785-8d06306b07f7,00000000-0000-0000-0000-000000000002,5f6c98b4-4360-41ee-83a3-efc700651a04,517d046e-f5e7-4244-8dab-e8995b9bfdc4,Office Supplies,Operational expense,49477.52,2022-10-31,approved,2022-10-31 14:47:45,2022,10,4,44,0,0,1,5,False,False,False,False,False,True,False,False,False,False,10.809293914983897
9337c8e5-55cf-4ec8-85c2-063f90855d87,00000000-0000-0000-0000-000000000002,b961632b-814f-4481-946b-17a792487aa7,f72410dd-3260-4ece-a477-1ae69ac1e84e,Marketing,Operational expense,24465.52,2024-02-26,rejected,2024-02-26 16:05:37,2024,2,1,9,0,0,0,4,False,False,False,False,True,False,False,False,False,False,10.105060931366122
3d2c6e53-5008-4a83-8acc-e24513cc76b0,00000000-0000-0000-0000-000000000001,51fd3682-4888-4a55-92f7-281307c67941,f577e0e3-284e-4c71-8d16-74f51d0fe305,Travel,Operational expense,41851.12,2024-07-26,approved,2024-07-26 14:14:38,2024,7,3,30,4,0,0,8,False,False,False,False,False,False,False,False,True,False,10.641897731743315
a0bb13b1-c62d-45d0-a7f4-637302e490ea,00000000-0000-0000-0000-000000000002,b961632b-814f-4481-946b-17a792487aa7,09cd08c0-c83a-42f5-96cc-b9c13c2aa7e4,Logistics,Operational expense,5929.23,2022-08-22,approved,2022-08-22 08:01:24,2022,8,3,34,0,0,0,2,False,False,True,False,False,False,False,False,False,False,8.687818277074358
853f3677-6be6-439f-b0bf-c87dad4e5934,00000000-0000-0000-0000-000000000003,7227b311-834f-4815-aa86-c5d464758be1,33baaf1c-3618-44b5-b42a-4673992689f8,Logistics,Operational expense,12350.76,2024-04-05,rejected,2024-04-05 08:59:21,2024,4,2,14,4,0,0,2,False,False,True,False,False,False,False,False,False,False,9.421553842023979
7c1f00ed-0d12-43d0-9c5b-cbfc03eac524,00000000-0000-0000-0000-000000000002,5f6c98b4-4360-41ee-83a3-efc700651a04,517d046e-f5e7-4244-8dab-e8995b9bfdc4,Maintenance,Operational expense,40819.06,2023-04-11,approved,2023-04-11 12:39:12,2023,4,2,15,1,0,0,3,False,False,False,True,False,False,False,False,False,False,10.616928906230468
d565847c-e2b0-46a6-a68f-f0bcb139b32b,00000000-0000-0000-0000-000000000001,51fd3682-4888-4a55-92f7-281307c67941,7760d86e-b342-473c-8c64-b55d64aa491a,Marketing,Operational expense,20891.15,2022-03-23,pending,2022-03-23 15:15:21,2022,3,1,12,2,0,0,4,False,False,False,False,True,False,False,False,False,False,9.94712876931215
2274d365-559f-4f3f-bd15-68155e0402cd,00000000-0000-0000-0000-000000000002,b961632b-814f-4481-946b-17a792487aa7,6708a3ae-03ac-432d-8065-25bbf8f3a753,Maintenance,Operational expense,9486.43,2022-07-03,pending,2022-07-03 09:56:55,2022,7,3,26,6,1,0,3,False,False,False,True,False,False,False,False,False,False,9.15772304354755
e6f61921-f60c-4dbc-a8fd-feae7c9ba9aa,00000000-0000-0000-0000-000000000001,0eb66abb-0d5d-4e88-a3ff-16776e267d83,f0e9f4da-9ca0-492d-a21e-3f8a819f9184,Maintenance,Operational expense,19346.02,2024-06-20,approved,2024-06-20 16:45:28,2024,6,2,25,3,0,0,3,False,False,False,True,False,False,False,False,False,False,9.870293681429956
00e79402-3f82-4396-a775-de1f30f0f6ba,00000000-0000-0000-0000-000000000003,7227b311-834f-4815-aa86-c5d464758be1,355d120a-98dd-4393-a62e-df5f4b8a455b,IT & Software,Operational expense,7034.44,2024-10-06,approved,2024-10-06 11:13:33,2024,10,4,40,6,1,0,0,True,False,False,False,False,False,False,False,False,False,8.858715512013422
74693010-d4a7-472f-841b-011d1c425c61,00000000-0000-0000-0000-000000000002,587616fd-ba60-493e-ba92-b68a61b5cdce,81c496fc-1d35-4405-9a7d-ae0a15104d5b,Maintenance,Operational expense,607.48,2024-03-05,approved,2024-03-05 08:43:07,2024,3,1,10,1,0,0,3,False,False,False,True,False,False,False,False,False,False,6.410964044179949
002e445c-0007-4a59-834c-3b1aab7f7694,00000000-0000-0000-0000-000000000001,0eb66abb-0d5d-4e88-a3ff-16776e267d83,ea13a2c7-2a88-40f3-b073-4e507c524f18,Marketing,Operational expense,45150.61,2022-10-02,approved,2022-10-02 18:36:52,2022,10,4,39,6,1,0,4,False,False,False,False,True,False,False,False,False,False,10.717781217124097
2e8c4830-3ef2-4f8a-a588-f6d3bfa2a388,00000000-0000-0000-0000-000000000001,0eb66abb-0d5d-4e88-a3ff-16776e267d83,3f0519f3-383c-48a1-8609-f4b51fd5ecd4,Travel,Operational expense,20396.47,2023-08-04,approved,2023-08-04 18:19:37,2023,8,3,31,4,0,0,8,False,False,False,False,False,False,False,False,True,False,9.923166152533398
8d352e42-595e-497e-abc7-c42701d31c06,00000000-0000-0000-0000-000000000002,b961632b-814f-4481-946b-17a792487aa7,2afe7cda-5682-4c01-a59f-5f13090047f6,Maintenance,Operational expense,42581.53,2024-06-14,pending,2024-06-14 10:16:12,2024,6,2,24,4,0,0,3,False,False,False,True,False,False,False,False,False,False,10.65919935424925
d2421717-40cb-4a68-9f3d-90dfd6fdcdbb,00000000-0000-0000-0000-000000000001,a01b7f2a-d4d0-48bf-bb89-c1040f55587a,5a96b78c-2c6b-4aaa-88b5-7c7485705113,Maintenance,Operational expense,2797.07,2022-05-30,pending,2022-05-30 12:26:28,2022,5,2,22,0,0,0,3,False,False,False,True,False,False,False,False,False,False,7.936685172782392
a12f065e-e786-4a0d-8209-c16b9cf824fd,00000000-0000-0000-0000-000000000002,b961632b-814f-4481-946b-17a792487aa7,09cd08c0-c83a-42f5-96cc-b9c13c2aa7e4,Marketing,Operational expense,8943.0,2024-12-09,approved,2024-12-09 14:59:10,2024,12,4,50,0,0,0,4,False,False,False,False,True,False,False,False,False,False,9.09873819539488
7ce3ee08-fc94-440b-b701-62129edd946f,00000000-0000-0000-0000-000000000003,470852ed-b70b-4f24-879a-6edb4193d8b6,9dd0c56d-a9cf-4c8d-a998-9df89eb48a85,Travel,Operational expense,36958.11,2024-07-18,pending,2024-07-18 13:24:55,2024,7,3,29,3,0,0,8,False,False,False,False,False,False,False,False,True,False,10.517567445379111
974d2cd6-fb5d-40f0-b809-5ae67b92a119,00000000-0000-0000-0000-000000000003,9b1ac5ce-ad4f-40d1-8b7c-0005176b143d,3b9ffffd-ca39-4330-b08f-59cdb916323f,Travel,Operational expense,8728.39,2024-08-28,approved,2024-08-28 10:53:51,2024,8,3,35,2,0,0,8,False,False,False,False,False,False,False,False,True,False,9.074450772394638
828c58ba-dbef-4fa5-8d18-f4e51f09300c,00000000-0000-0000-0000-000000000002,b961632b-814f-4481-946b-17a792487aa7,c75c1d53-938d-4640-b118-e5ada06ce255,IT & Software,Operational expense,26145.99,2023-08-25,approved,2023-08-25 18:36:12,2023,8,3,34,4,0,0,0,True,False,False,False,False,False,False,False,False,False,10.171489357705438
c4d55648-4df5-493a-9dd0-35c99d23a240,00000000-0000-0000-0000-000000000003,7227b311-834f-4815-aa86-c5d464758be1,29998a31-9af5-4c58-9bfe-cde4f9a96969,Logistics,Operational expense,27535.38,2022-12-11,approved,2022-12-11 15:43:36,2022,12,4,49,6,1,0,2,False,False,True,False,False,False,False,False,False,False,10.223263318472311
e18b3a9b-a6a4-4d36-952f-b79dce5b87c7,00000000-0000-0000-0000-000000000001,0eb66abb-0d5d-4e88-a3ff-16776e267d83,3f0519f3-383c-48a1-8609-f4b51fd5ecd4,Maintenance,Operational expense,39183.24,2023-07-03,approved,2023-07-03 13:09:46,2023,7,3,27,0,0,0,3,False,False,False,True,False,False,False,False,False,False,10.57602990412215
142db842-6fcc-49fe-9051-cd93e5a927b4,00000000-0000-0000-0000-000000000002,5f6c98b4-4360-41ee-83a3-efc700651a04,09cd08c0-c83a-42f5-96cc-b9c13c2aa7e4,Logistics,Operational expense,44613.55,2022-08-09,approved,2022-08-09 14:25:19,2022,8,3,32,1,0,0,2,False,False,True,False,False,False,False,False,False,False,10.705815317989538
f6f6307e-d3d0-4a1e-ba13-9b1b1540110d,00000000-0000-0000-0000-000000000001,a01b7f2a-d4d0-48bf-bb89-c1040f55587a,f17772cf-7a8e-4e04-aeef-8c148fe1a7e5,IT & Software,Operational expense,29860.25,2023-04-12,approved,2023-04-12 11:47:47,2023,4,2,15,2,0,0,0,True,False,False,False,False,False,False,False,False,False,10.304316932239765
ea9a1eee-0968-4345-a729-fb244cecaf98,00000000-0000-0000-0000-000000000003,7227b311-834f-4815-aa86-c5d464758be1,9dd0c56d-a9cf-4c8d-a998-9df89eb48a85,Office Supplies,Operational expense,43335.09,2024-04-24,approved,2024-04-24 15:58:43,2024,4,2,17,2,0,0,5,False,False,False,False,False,True,False,False,False,False,10.676741054130853
add323cf-957a-42cd-a9ae-1359349f9348,00000000-0000-0000-0000-000000000001,a01b7f2a-d4d0-48bf-bb89-c1040f55587a,f577e0e3-284e-4c71-8d16-74f51d0fe305,IT & Software,Operational expense,13352.12,2023-12-23,approved,2023-12-23 12:00:04,2023,12,4,51,5,1,0,0,True,False,False,False,False,False,False,False,False,False,9.499505344388135
5b0f0616-4740-4fdf-a5a4-9889b5057aff,00000000-0000-0000-0000-000000000003,470852ed-b70b-4f24-879a-6edb4193d8b6,3b9ffffd-ca39-4330-b08f-59cdb916323f,Maintenance,Operational expense,25400.76,2023-05-23,approved,2023-05-23 17:25:18,2023,5,2,21,1,0,0,3,False,False,False,True,False,False,False,False,False,False,10.142573741944677
efbcd3e5-ea02-4d5f-aa46-2e6a35e8c192,00000000-0000-0000-0000-000000000002,587616fd-ba60-493e-ba92-b68a61b5cdce,bcde24c7-84f3-4459-afee-eba83339896c,Office Supplies,Operational expense,35909.53,2024-11-11,rejected,2024-11-11 13:00:01,2024,11,4,46,0,0,0,5,False,False,False,False,False,True,False,False,False,False,10.488785846231236
54f61292-271e-4070-a418-4d81f908cdf1,00000000-0000-0000-0000-000000000001,0eb66abb-0d5d-4e88-a3ff-16776e267d83,4736f247-39f8-400c-b9ea-519dfbb485f6,Insurance,Operational expense,17062.11,2023-09-11,pending,2023-09-11 13:04:13,2023,9,3,37,0,0,0,1,False,True,False,False,False,False,False,False,False,False,9.744674102204018
2f06bcd6-7c15-4a82-bd7d-301709ece729,00000000-0000-0000-0000-000000000001,0eb66abb-0d5d-4e88-a3ff-16776e267d83,3f0519f3-383c-48a1-8609-f4b51fd5ecd4,Maintenance,Operational expense,34102.06,2024-08-07,pending,2024-08-07 17:18:11,2024,8,3,32,2,0,0,3,False,False,False,True,False,False,False,False,False,False,10.437142395315949
c671ae05-7d4b-44f5-a424-47b99751ef4f,00000000-0000-0000-0000-000000000002,5f6c98b4-4360-41ee-83a3-efc700651a04,9d2a5f48-38f2-46be-b733-c1b9f1c891c4,Travel,Operational expense,42636.26,2023-08-21,pending,2023-08-21 14:29:51,2023,8,3,34,0,0,0,8,False,False,False,False,False,False,False,False,True,False,10.660483797863215
0e66bf8e-7175-40f6-b262-1fb9d66efe6b,00000000-0000-0000-0000-000000000003,7227b311-834f-4815-aa86-c5d464758be1,045901bc-3a1a-4a0b-bd8b-876c218464f4,Marketing,Operational expense,29583.26,2024-07-09,pending,2024-07-09 09:57:58,2024,7,3,28,1,0,0,4,False,False,False,False,True,False,False,False,False,False,10.29499774212263
eaa279b7-cffb-49a8-a46b-74953b257995,00000000-0000-0000-0000-000000000002,b961632b-814f-4481-946b-17a792487aa7,c75c1d53-938d-4640-b118-e5ada06ce255,Logistics,Operational expense,39314.48,2022-11-03,approved,2022-11-03 17:32:13,2022,11,4,44,3,0,0,2,False,False,True,False,False,False,False,False,False,False,10.57937361343159
b16f66d0-5420-417e-b64a-a7f397bf774a,00000000-0000-0000-0000-000000000003,470852ed-b70b-4f24-879a-6edb4193d8b6,045901bc-3a1a-4a0b-bd8b-876c218464f4,Maintenance,Operational expense,48433.04,2023-05-13,approved,2023-05-13 12:33:16,2023,5,2,19,5,1,0,3,False,False,False,True,False,False,False,False,False,False,10.787958151286233
057e34f0-3559-4960-a76f-7f4a57890206,00000000-0000-0000-0000-000000000002,5f6c98b4-4360-41ee-83a3-efc700651a04,07274486-6344-4009-ae28-b9027a51f93f,Maintenance,Operational expense,35986.4,2024-12-21,approved,2024-12-21 12:53:00,2024,12,4,51,5,1,0,3,False,False,False,True,False,False,False,False,False,False,10.490924156173952
64dc39f4-68ea-41fc-ac79-ebdca5aa437e,00000000-0000-0000-0000-000000000003,9b1ac5ce-ad4f-40d1-8b7c-0005176b143d,29998a31-9af5-4c58-9bfe-cde4f9a96969,Travel,Operational expense,38546.86,2022-12-03,approved,2022-12-03 08:25:15,2022,12,4,48,5,1,0,8,False,False,False,False,False,False,False,False,True,False,10.55965586512895
a17722df-dc08-48dd-80ae-0dcd9be15e74,00000000-0000-0000-0000-000000000003,470852ed-b70b-4f24-879a-6edb4193d8b6,74245d66-8df4-4678-b1e9-76d5e231caff,Insurance,Operational expense,8212.02,2023-12-05,pending,2023-12-05 16:41:05,2023,12,4,49,1,0,0,1,False,True,False,False,False,False,False,False,False,False,9.013475978900992
5a848454-5de7-4ee4-9d8a-1ea44b72f167,00000000-0000-0000-0000-000000000003,7227b311-834f-4815-aa86-c5d464758be1,1db94196-443a-440f-ad7e-c4422bb047e3,Logistics,Operational expense,3617.2,2023-11-13,approved,2023-11-13 17:38:27,2023,11,4,46,0,0,0,2,False,False,True,False,False,False,False,False,False,False,8.19373194358716
03dcdc6a-f0cb-4a5a-b5de-19b73eae805a,00000000-0000-0000-0000-000000000001,a01b7f2a-d4d0-48bf-bb89-c1040f55587a,4736f247-39f8-400c-b9ea-519dfbb485f6,Logistics,Operational expense,25162.43,2024-07-25,approved,2024-07-25 09:25:11,2024,7,3,30,3,0,0,2,False,False,True,False,False,False,False,False,False,False,10.133147029026603
12abb797-179d-479d-af6b-436bd66c9d94,00000000-0000-0000-0000-000000000003,470852ed-b70b-4f24-879a-6edb4193d8b6,9dd0c56d-a9cf-4c8d-a998-9df89eb48a85,Marketing,Operational expense,41409.7,2024-03-28,approved,2024-03-28 14:05:53,2024,3,1,13,3,0,0,4,False,False,False,False,True,False,False,False,False,False,10.631294580526177
4d820b4a-b33d-4469-8109-9673227f8657,00000000-0000-0000-0000-000000000003,470852ed-b70b-4f24-879a-6edb4193d8b6,74245d66-8df4-4678-b1e9-76d5e231caff,Office Supplies,Operational expense,28999.7,2023-08-20,pending,2023-08-20 10:44:28,2023,8,3,33,6,1,0,5,False,False,False,False,False,True,False,False,False,False,10.275075246608331
ba9c7579-c3bd-4bd4-b937-c2992c43c466,00000000-0000-0000-0000-000000000002,5f6c98b4-4360-41ee-83a3-efc700651a04,07274486-6344-4009-ae28-b9027a51f93f,IT & Software,Operational expense,14046.1,2022-05-13,pending,2022-05-13 15:43:30,2022,5,2,19,4,0,0,0,True,False,False,False,False,False,False,False,False,False,9.550171247763355
95fd32d5-e6aa-433e-97ed-01af25e530a5,00000000-0000-0000-0000-000000000002,587616fd-ba60-493e-ba92-b68a61b5cdce,09cd08c0-c83a-42f5-96cc-b9c13c2aa7e4,Insurance,Operational expense,928.42,2023-03-17,approved,2023-03-17 13:14:59,2023,3,1,11,4,0,0,1,False,True,False,False,False,False,False,False,False,False,6.834560735679079
8fe86d1b-3006-49f7-bedf-9037617995be,00000000-0000-0000-0000-000000000002,5f6c98b4-4360-41ee-83a3-efc700651a04,81c496fc-1d35-4405-9a7d-ae0a15104d5b,IT & Software,Operational expense,34629.07,2023-04-16,approved,2023-04-16 12:51:45,2023,4,2,15,6,1,0,0,True,False,False,False,False,False,False,False,False,False,10.452477658763181
4fae7613-f3aa-46b0-83fc-cd86b6ac485d,00000000-0000-0000-0000-000000000003,470852ed-b70b-4f24-879a-6edb4193d8b6,8626b762-d8ef-4e32-8446-33cdac213522,Maintenance,Operational expense,48325.52,2024-11-07,approved,2024-11-07 11:20:18,2024,11,4,45,3,0,0,3,False,False,False,True,False,False,False,False,False,False,10.785735757280788
d2f0dcf8-d3d6-411d-bd3d-f4b353d17f11,00000000-0000-0000-0000-000000000002,5f6c98b4-4360-41ee-83a3-efc700651a04,f72410dd-3260-4ece-a477-1ae69ac1e84e,Maintenance,Operational expense,18885.29,2022-03-28,approved,2022-03-28 12:37:56,2022,3,1,13,0,0,0,3,False,False,False,True,False,False,False,False,False,False,9.846191540994756
0e7ac582-5dcc-4609-830e-40c8b29acf21,00000000-0000-0000-0000-000000000003,7227b311-834f-4815-aa86-c5d464758be1,e452be79-f94b-4709-88bf-8f66053789c4,Maintenance,Operational expense,44281.73,2024-11-25,approved,2024-11-25 17:08:37,2024,11,4,48,0,0,0,3,False,False,False,True,False,False,False,False,False,False,10.69835003803863
83f722a6-3286-4fe7-badb-a2d9e1ecb53c,00000000-0000-0000-0000-000000000001,0eb66abb-0d5d-4e88-a3ff-16776e267d83,7760d86e-b342-473c-8c64-b55d64aa491a,Travel,Operational expense,5465.6,2022-01-17,approved,2022-01-17 15:10:54,2022,1,1,3,0,0,0,8,False,False,False,False,False,False,False,False,True,False,8.606412129947868
9c7d5e62-ffc5-44dc-bd82-a8e9b50f5142,00000000-0000-0000-0000-000000000001,a01b7f2a-d4d0-48bf-bb89-c1040f55587a,5a96b78c-2c6b-4aaa-88b5-7c7485705113,Insurance,Operational expense,25334.69,2022-12-28,approved,2022-12-28 15:54:46,2022,12,4,52,2,0,0,1,False,True,False,False,False,False,False,False,False,False,10.139969352589468
4bd34338-1925-4305-819b-5e4b3a9b5d42,00000000-0000-0000-0000-000000000001,0eb66abb-0d5d-4e88-a3ff-16776e267d83,f17772cf-7a8e-4e04-aeef-8c148fe1a7e5,Logistics,Operational expense,23277.7,2023-02-07,approved,2023-02-07 18:12:44,2023,2,1,6,1,0,0,2,False,False,True,False,False,False,False,False,False,False,10.055294058361758
2f7d1b76-489d-41a4-b524-0156e3ae6092,00000000-0000-0000-0000-000000000002,5f6c98b4-4360-41ee-83a3-efc700651a04,e213801b-a706-48c3-9ba4-7db14d3912f3,Maintenance,Operational expense,36761.44,2022-03-18,approved,2022-03-18 09:09:31,2022,3,1,11,4,0,0,3,False,False,False,True,False,False,False,False,False,False,10.512231950762994
c97e8a0c-d040-493a-9a07-6076aa6fef6c,00000000-0000-0000-0000-000000000003,7227b311-834f-4815-aa86-c5d464758be1,045901bc-3a1a-4a0b-bd8b-876c218464f4,IT & Software,Operational expense,31881.46,2023-11-13,approved,2023-11-13 18:19:15,2023,11,4,46,0,0,0,0,True,False,False,False,False,False,False,False,False,False,10.369811294293509
de550b53-4293-46a1-ab8a-680fc3ba1af6,00000000-0000-0000-0000-000000000002,b961632b-814f-4481-946b-17a792487aa7,09cd08c0-c83a-42f5-96cc-b9c13c2aa7e4,Office Supplies,Operational expense,38168.25,2022-10-29,approved,2022-10-29 11:49:06,2022,10,4,43,5,1,0,5,False,False,False,False,False,True,False,False,False,False,10.549785496607274
b6da65da-fbb0-4a92-874d-bbbe42e73d9b,00000000-0000-0000-0000-000000000001,0eb66abb-0d5d-4e88-a3ff-16776e267d83,7760d86e-b342-473c-8c64-b55d64aa491a,Maintenance,Operational expense,18306.89,2022-01-11,approved,2022-01-11 08:59:05,2022,1,1,2,1,0,0,3,False,False,False,True,False,False,False,False,False,False,9.815087393453101
b8e4dd75-701b-4b57-a848-95373369fc83,00000000-0000-0000-0000-000000000001,0eb66abb-0d5d-4e88-a3ff-16776e267d83,f0e9f4da-9ca0-492d-a21e-3f8a819f9184,Office Supplies,Operational expense,48274.65,2023-11-06,approved,2023-11-06 12:08:45,2023,11,4,45,0,0,0,5,False,False,False,False,False,True,False,False,False,False,10.78468257173222
9cbe8e2f-f35b-4b5c-8923-0301d87bf3e8,00000000-0000-0000-0000-000000000001,51fd3682-4888-4a55-92f7-281307c67941,ea13a2c7-2a88-40f3-b073-4e507c524f18,Office Supplies,Operational expense,48767.51,2024-08-30,approved,2024-08-30 13:32:03,2024,8,3,35,4,0,0,5,False,False,False,False,False,True,False,False,False,False,10.794840096668802
7cd4d577-5e01-4519-a77f-5f7dd8f20d5c,00000000-0000-0000-0000-000000000001,51fd3682-4888-4a55-92f7-281307c67941,ea13a2c7-2a88-40f3-b073-4e507c524f18,Insurance,Operational expense,12795.88,2022-02-11,pending,2022-02-11 08:55:09,2022,2,1,6,4,0,0,1,False,True,False,False,False,False,False,False,False,False,9.456956670195849
d18bcd5b-00dd-44b9-b1d9-ce2e7d6d5604,00000000-0000-0000-0000-000000000002,587616fd-ba60-493e-ba92-b68a61b5cdce,6708a3ae-03ac-432d-8065-25bbf8f3a753,Insurance,Operational expense,22050.66,2023-06-18,approved,2023-06-18 12:13:03,2023,6,2,24,6,1,0,1,False,True,False,False,False,False,False,False,False,False,10.001143161488047
5bc32403-6fd6-447e-a501-a64ca58c77eb,00000000-0000-0000-0000-000000000002,5f6c98b4-4360-41ee-83a3-efc700651a04,bcde24c7-84f3-4459-afee-eba83339896c,Maintenance,Operational expense,28385.02,2023-05-11,rejected,2023-05-11 15:17:00,2023,5,2,19,3,0,0,3,False,False,False,True,False,False,False,False,False,False,10.253652049431631
24d90eb8-dd95-44df-8d28-240881e1bb2b,00000000-0000-0000-0000-000000000001,0eb66abb-0d5d-4e88-a3ff-16776e267d83,4736f247-39f8-400c-b9ea-519dfbb485f6,IT & Software,Operational expense,30584.58,2024-10-25,pending,2024-10-25 18:05:50,2024,10,4,43,4,0,0,0,True,False,False,False,False,False,False,False,False,False,10.32828393504108
a5775e8b-51a9-4359-b13a-cb5728f5d1b3,00000000-0000-0000-0000-000000000001,a01b7f2a-d4d0-48bf-bb89-c1040f55587a,f0e9f4da-9ca0-492d-a21e-3f8a819f9184,IT & Software,Operational expense,26136.11,2023-06-22,approved,2023-06-22 18:36:29,2023,6,2,25,3,0,0,0,True,False,False,False,False,False,False,False,False,False,10.171111422535182
7e73c784-cf7c-42ab-87e3-d5d6f64cb1e2,00000000-0000-0000-0000-000000000001,0eb66abb-0d5d-4e88-a3ff-16776e267d83,7760d86e-b342-473c-8c64-b55d64aa491a,Insurance,Operational expense,45130.44,2022-03-17,approved,2022-03-17 10:09:30,2022,3,1,11,3,0,0,1,False,True,False,False,False,False,False,False,False,False,10.71733440013385
3fc0a7e9-1f7b-411a-9f78-2754e0c80714,00000000-0000-0000-0000-000000000001,51fd3682-4888-4a55-92f7-281307c67941,eaefa70d-63c2-4537-b86d-2205b826bb2e,Travel,Operational expense,42583.05,2023-12-02,approved,2023-12-02 15:25:20,2023,12,4,48,5,1,0,8,False,False,False,False,False,False,False,False,True,False,10.65923504900182
6b718a73-8e14-4bc6-b30e-3b1d913866dd,00000000-0000-0000-0000-000000000003,9b1ac5ce-ad4f-40d1-8b7c-0005176b143d,3b9ffffd-ca39-4330-b08f-59cdb916323f,IT & Software,Operational expense,39163.84,2023-12-25,approved,2023-12-25 11:38:54,2023,12,4,52,0,0,0,0,True,False,False,False,False,False,False,False,False,False,10.57553468451277
2fb302a9-3335-4273-8d43-24cb0ed7599e,00000000-0000-0000-0000-000000000003,9b1ac5ce-ad4f-40d1-8b7c-0005176b143d,9dd0c56d-a9cf-4c8d-a998-9df89eb48a85,IT & Software,Operational expense,15900.37,2023-06-21,approved,2023-06-21 09:25:45,2023,6,2,25,2,0,0,0,True,False,False,False,False,False,False,False,False,False,9.674160548018472
68ecd18f-8182-4a61-a62f-b8f048f6052a,00000000-0000-0000-0000-000000000002,b961632b-814f-4481-946b-17a792487aa7,7f514159-0b19-4321-a308-daec53995d5a,Logistics,Operational expense,45553.04,2024-08-10,approved,2024-08-10 11:22:07,2024,8,3,32,5,1,0,2,False,False,True,False,False,False,False,False,False,False,10.726654592498186
4eca02ea-980f-4b74-8904-f6dbbc832e0d,00000000-0000-0000-0000-000000000003,9b1ac5ce-ad4f-40d1-8b7c-0005176b143d,1db94196-443a-440f-ad7e-c4422bb047e3,Marketing,Operational expense,1345.53,2022-04-13,approved,2022-04-13 16:25:24,2022,4,2,15,2,0,0,4,False,False,False,False,True,False,False,False,False,False,7.205286191988605
0bef29e1-bb2d-45ed-8c09-0699486a3f98,00000000-0000-0000-0000-000000000003,9b1ac5ce-ad4f-40d1-8b7c-0005176b143d,29998a31-9af5-4c58-9bfe-cde4f9a96969,Travel,Operational expense,39202.13,2023-01-02,approved,2023-01-02 09:51:40,2023,1,1,1,0,0,0,8,False,False,False,False,False,False,False,False,True,False,10.576511869529732
2e10ffd0-590d-4132-8f8e-7d38c5b6a0a5,00000000-0000-0000-0000-000000000003,9b1ac5ce-ad4f-40d1-8b7c-0005176b143d,e452be79-f94b-4709-88bf-8f66053789c4,Insurance,Operational expense,43588.84,2023-12-24,pending,2023-12-24 08:32:29,2023,12,4,51,6,1,0,1,False,True,False,False,False,False,False,False,False,False,10.682579374659058
e5692b71-4dfd-47c1-ac01-77dc25334cb3,00000000-0000-0000-0000-000000000002,587616fd-ba60-493e-ba92-b68a61b5cdce,9d2a5f48-38f2-46be-b733-c1b9f1c891c4,Office Supplies,Operational expense,34395.39,2023-06-23,approved,2023-06-23 15:56:44,2023,6,2,25,4,0,0,5,False,False,False,False,False,True,False,False,False,False,10.445706895994242
eddf9ffe-a7da-408a-bdcd-204f8452331b,00000000-0000-0000-0000-000000000001,51fd3682-4888-4a55-92f7-281307c67941,163b0e08-1801-4ae5-af8c-f287fbcdff7c,Travel,Operational expense,4589.02,2024-06-05,approved,2024-06-05 09:31:09,2024,6,2,23,2,0,0,8,False,False,False,False,False,False,False,False,True,False,8.431639660343572
459e33f2-b6fb-4b41-9114-1e766f35e355,00000000-0000-0000-0000-000000000003,470852ed-b70b-4f24-879a-6edb4193d8b6,79c1732a-a6d1-4565-b515-c59de4dbdfe5,Travel,Operational expense,14009.79,2023-01-22,approved,2023-01-22 17:50:15,2023,1,1,3,6,1,0,8,False,False,False,False,False,False,False,False,True,False,9.547583026035369
f83cb3e4-2301-4976-b416-b16c71e451ac,00000000-0000-0000-0000-000000000003,470852ed-b70b-4f24-879a-6edb4193d8b6,3b9ffffd-ca39-4330-b08f-59cdb916323f,Travel,Operational expense,29371.14,2022-09-05,approved,2022-09-05 08:53:59,2022,9,3,36,0,0,0,8,False,False,False,False,False,False,False,False,True,False,10.287801885004374
9cf416dc-1426-4194-a8e2-b5341ff39ff4,00000000-0000-0000-0000-000000000001,51fd3682-4888-4a55-92f7-281307c67941,aadd1a3f-3f20-499a-b950-51966ac9090c,Maintenance,Operational expense,49476.52,2024-05-16,approved,2024-05-16 13:52:06,2024,5,2,20,3,0,0,3,False,False,False,True,False,False,False,False,False,False,10.809273703989197
58b658f6-a7f8-4d40-aabb-be77432e0000,00000000-0000-0000-0000-000000000003,9b1ac5ce-ad4f-40d1-8b7c-0005176b143d,355d120a-98dd-4393-a62e-df5f4b8a455b,IT & Software,Operational expense,19728.27,2023-02-13,approved,2023-02-13 09:57:50,2023,2,1,7,0,0,0,0,True,False,False,False,False,False,False,False,False,False,9.889858598839005
837e3d3e-412a-4577-a036-d93bb3a2f4c6,00000000-0000-0000-0000-000000000003,9b1ac5ce-ad4f-40d1-8b7c-0005176b143d,74245d66-8df4-4678-b1e9-76d5e231caff,Travel,Operational expense,11574.12,2024-05-07,approved,2024-05-07 17:16:00,2024,5,2,19,1,0,0,8,False,False,False,False,False,False,False,False,True,False,9.356613246071323
8f90341a-1726-478e-a449-bf9fa4b74eb5,00000000-0000-0000-0000-000000000003,9b1ac5ce-ad4f-40d1-8b7c-0005176b143d,355d120a-98dd-4393-a62e-df5f4b8a455b,Office Supplies,Operational expense,11257.53,2023-07-02,approved,2023-07-02 15:03:15,2023,7,3,26,6,1,0,5,False,False,False,False,False,True,False,False,False,False,9.328881342549538
9472e6d3-6ae2-403e-ac49-d3011cb56ca2,00000000-0000-0000-0000-000000000003,470852ed-b70b-4f24-879a-6edb4193d8b6,9dd0c56d-a9cf-4c8d-a998-9df89eb48a85,Travel,Operational expense,32079.03,2022-05-02,pending,2022-05-02 16:54:03,2022,5,2,18,0,0,0,8,False,False,False,False,False,False,False,False,True,False,10.375988997142109
76333aec-50a0-4f62-bfb7-4b88dffdf728,00000000-0000-0000-0000-000000000003,7227b311-834f-4815-aa86-c5d464758be1,33baaf1c-3618-44b5-b42a-4673992689f8,Logistics,Operational expense,9148.42,2024-07-24,pending,2024-07-24 08:50:24,2024,7,3,30,2,0,0,2,False,False,True,False,False,False,False,False,False,False,9.121445768282323
2de6297a-e6e2-42b8-adec-b27255150f8c,00000000-0000-0000-0000-000000000003,9b1ac5ce-ad4f-40d1-8b7c-0005176b143d,1db94196-443a-440f-ad7e-c4422bb047e3,Insurance,Operational expense,31828.08,2022-03-13,approved,2022-03-13 08:31:22,2022,3,1,10,6,1,0,1,False,True,False,False,False,False,False,False,False,False,10.368135616308313
865cdd04-9aaa-4158-8249-63344109f9e7,00000000-0000-0000-0000-000000000001,51fd3682-4888-4a55-92f7-281307c67941,5a96b78c-2c6b-4aaa-88b5-7c7485705113,Travel,Operational expense,29410.04,2022-09-02,rejected,2022-09-02 11:44:17,2022,9,3,35,4,0,0,8,False,False,False,False,False,False,False,False,True,False,10.289125393044543
9a73b662-b252-4381-941f-417548cd04ab,00000000-0000-0000-0000-000000000002,587616fd-ba60-493e-ba92-b68a61b5cdce,81c496fc-1d35-4405-9a7d-ae0a15104d5b,Marketing,Operational expense,39387.68,2024-03-29,approved,2024-03-29 13:52:44,2024,3,1,13,4,0,0,4,False,False,False,False,True,False,False,False,False,False,10.581233744360032
8129492f-44c6-4a4a-b799-8cc6b3f5139e,00000000-0000-0000-0000-000000000001,0eb66abb-0d5d-4e88-a3ff-16776e267d83,f17772cf-7a8e-4e04-aeef-8c148fe1a7e5,IT & Software,Operational expense,11099.9,2022-04-13,approved,2022-04-13 18:41:53,2022,4,2,15,2,0,0,0,True,False,False,False,False,False,False,False,False,False,9.314781465094613
34fbbd3e-c4a7-4148-b483-24ad63d4aaed,00000000-0000-0000-0000-000000000001,a01b7f2a-d4d0-48bf-bb89-c1040f55587a,9a16d7d2-dc18-4141-a14f-3394de4b98bc,Insurance,Operational expense,31858.39,2023-02-28,approved,2023-02-28 10:25:51,2023,2,1,9,1,0,1,1,False,True,False,False,False,False,False,False,False,False,10.369087437015839
e9cd53fb-c659-4ad9-ab70-6931633cc22c,00000000-0000-0000-0000-000000000001,51fd3682-4888-4a55-92f7-281307c67941,f0e9f4da-9ca0-492d-a21e-3f8a819f9184,IT & Software,Operational expense,14334.04,2023-08-11,pending,2023-08-11 13:01:40,2023,8,3,32,4,0,0,0,True,False,False,False,False,False,False,False,False,False,9.57046216868679
d736a2c9-57d6-4bc9-906d-f0ad0a0bff51,00000000-0000-0000-0000-000000000003,7227b311-834f-4815-aa86-c5d464758be1,74245d66-8df4-4678-b1e9-76d5e231caff,Logistics,Operational expense,43276.87,2024-09-17,approved,2024-09-17 13:14:41,2024,9,3,38,1,0,0,2,False,False,True,False,False,False,False,False,False,False,10.675396697891548
eb9d8ed1-2299-4500-a196-0d05cce43d7b,00000000-0000-0000-0000-000000000001,0eb66abb-0d5d-4e88-a3ff-16776e267d83,f577e0e3-284e-4c71-8d16-74f51d0fe305,Travel,Operational expense,23514.26,2023-02-04,approved,2023-02-04 08:17:52,2023,2,1,5,5,1,0,8,False,False,False,False,False,False,False,False,True,False,10.065404851090296
b368f628-6d5d-4501-a421-24201d2efb74,00000000-0000-0000-0000-000000000002,5f6c98b4-4360-41ee-83a3-efc700651a04,81c496fc-1d35-4405-9a7d-ae0a15104d5b,Insurance,Operational expense,24776.12,2023-08-25,pending,2023-08-25 08:38:25,2023,8,3,34,4,0,0,1,False,True,False,False,False,False,False,False,False,False,10.117675925668454
097d3728-c4dc-4715-9c65-04a6766a3447,00000000-0000-0000-0000-000000000003,7227b311-834f-4815-aa86-c5d464758be1,e452be79-f94b-4709-88bf-8f66053789c4,Marketing,Operational expense,46621.24,2023-10-05,pending,2023-10-05 08:46:41,2023,10,4,40,3,0,0,4,False,False,False,False,True,False,False,False,False,False,10.749832959483525
3df84a09-a3b3-423a-b18f-04d0b618cf50,00000000-0000-0000-0000-000000000001,a01b7f2a-d4d0-48bf-bb89-c1040f55587a,9a16d7d2-dc18-4141-a14f-3394de4b98bc,IT & Software,Operational expense,24800.81,2023-11-13,approved,2023-11-13 11:26:02,2023,11,4,46,0,0,0,0,True,False,False,False,False,False,False,False,False,False,10.118671913360847
38e38c40-15d6-46f1-b6e6-ec190247d484,00000000-0000-0000-0000-000000000003,470852ed-b70b-4f24-879a-6edb4193d8b6,355d120a-98dd-4393-a62e-df5f4b8a455b,Logistics,Operational expense,28651.75,2022-04-05,approved,2022-04-05 16:18:36,2022,4,2,14,1,0,0,2,False,False,True,False,False,False,False,False,False,False,10.263004703574914
29c834b7-d471-4120-a509-e69f0d257fde,00000000-0000-0000-0000-000000000002,5f6c98b4-4360-41ee-83a3-efc700651a04,2afe7cda-5682-4c01-a59f-5f13090047f6,IT & Software,Operational expense,6224.09,2022-11-03,pending,2022-11-03 09:20:13,2022,11,4,44,3,0,0,0,True,False,False,False,False,False,False,False,False,False,8.73634317905972
158c4323-86d0-46e4-9b3a-c14d1e425728,00000000-0000-0000-0000-000000000003,7227b311-834f-4815-aa86-c5d464758be1,1db94196-443a-440f-ad7e-c4422bb047e3,Logistics,Operational expense,34940.78,2022-07-02,approved,2022-07-02 17:46:52,2022,7,3,26,5,1,0,2,False,False,True,False,False,False,False,False,False,False,10.461438526866667
12f41119-0bee-4c22-b322-20857d978594,00000000-0000-0000-0000-000000000002,587616fd-ba60-493e-ba92-b68a61b5cdce,c75c1d53-938d-4640-b118-e5ada06ce255,Insurance,Operational expense,49217.06,2023-09-13,approved,2023-09-13 15:02:53,2023,9,3,37,2,0,0,1,False,True,False,False,False,False,False,False,False,False,10.804015908296257
eb5d692f-920a-4036-8765-aed514e2837c,00000000-0000-0000-0000-000000000003,9b1ac5ce-ad4f-40d1-8b7c-0005176b143d,045901bc-3a1a-4a0b-bd8b-876c218464f4,IT & Software,Operational expense,47122.05,2022-08-23,approved,2022-08-23 14:05:09,2022,8,3,34,1,0,0,0,True,False,False,False,False,False,False,False,False,False,10.76051754458382
fed11a71-4943-43b1-90ec-8a2f318dfe4f,00000000-0000-0000-0000-000000000001,0eb66abb-0d5d-4e88-a3ff-16776e267d83,7760d86e-b342-473c-8c64-b55d64aa491a,Office Supplies,Operational expense,43867.2,2024-04-16,pending,2024-04-16 17:18:50,2024,4,2,16,1,0,0,5,False,False,False,False,False,True,False,False,False,False,10.688944963001648
c633e14f-d348-4cf0-995f-d17e521d09dd,00000000-0000-0000-0000-000000000002,5f6c98b4-4360-41ee-83a3-efc700651a04,e213801b-a706-48c3-9ba4-7db14d3912f3,IT & Software,Operational expense,16317.67,2024-04-23,approved,2024-04-23 10:38:24,2024,4,2,17,1,0,0,0,True,False,False,False,False,False,False,False,False,False,9.700065130099153
35e560d8-dbf1-4ea5-86a7-d013987d6309,00000000-0000-0000-0000-000000000003,9b1ac5ce-ad4f-40d1-8b7c-0005176b143d,33baaf1c-3618-44b5-b42a-4673992689f8,Logistics,Operational expense,48054.33,2022-08-17,approved,2022-08-17 12:12:49,2022,8,3,33,2,0,0,2,False,False,True,False,False,False,False,False,False,False,10.780108334365218
89958e9d-92d2-41a8-a0dc-82185c24646b,00000000-0000-0000-0000-000000000003,9b1ac5ce-ad4f-40d1-8b7c-0005176b143d,9dd0c56d-a9cf-4c8d-a998-9df89eb48a85,Marketing,Operational expense,5053.44,2023-09-16,approved,2023-09-16 16:03:59,2023,9,3,37,5,1,0,4,False,False,False,False,True,False,False,False,False,False,8.528022343913308
c25549ba-f866-42f3-94fb-c05e3c3a8ed0,00000000-0000-0000-0000-000000000001,a01b7f2a-d4d0-48bf-bb89-c1040f55587a,163b0e08-1801-4ae5-af8c-f287fbcdff7c,Office Supplies,Operational expense,48911.78,2024-04-25,pending,2024-04-25 08:23:51,2024,4,2,17,3,0,0,5,False,False,False,False,False,True,False,False,False,False,10.797793991010334
330a68b2-ab1e-4c96-bb27-dd50788b2945,00000000-0000-0000-0000-000000000001,0eb66abb-0d5d-4e88-a3ff-16776e267d83,f0e9f4da-9ca0-492d-a21e-3f8a819f9184,Maintenance,Operational expense,42164.87,2022-11-28,approved,2022-11-28 18:38:44,2022,11,4,48,0,0,0,3,False,False,False,True,False,False,False,False,False,False,10.649366405022489
8dd078ae-bc42-4452-8ac5-7af00febb84d,00000000-0000-0000-0000-000000000002,b961632b-814f-4481-946b-17a792487aa7,c75c1d53-938d-4640-b118-e5ada06ce255,IT & Software,Operational expense,19914.17,2022-07-09,approved,2022-07-09 11:07:56,2022,7,3,27,5,1,0,0,True,False,False,False,False,False,False,False,False,False,9.899237031858497
b244b276-4517-48f7-85ce-57cf06d5da07,00000000-0000-0000-0000-000000000002,587616fd-ba60-493e-ba92-b68a61b5cdce,f72410dd-3260-4ece-a477-1ae69ac1e84e,Maintenance,Operational expense,22819.9,2024-06-30,approved,2024-06-30 17:58:05,2024,6,2,26,6,1,1,3,False,False,False,True,False,False,False,False,False,False,10.035432061726885
314c1873-1519-47d9-bb60-d94780f7c4b7,00000000-0000-0000-0000-000000000002,5f6c98b4-4360-41ee-83a3-efc700651a04,c75c1d53-938d-4640-b118-e5ada06ce255,Office Supplies,Operational expense,40452.4,2024-07-17,approved,2024-07-17 11:34:17,2024,7,3,29,2,0,0,5,False,False,False,False,False,True,False,False,False,False,10.6079059733424
7f6b8ecf-8252-41d8-a5e5-aa2bddd66ed7,00000000-0000-0000-0000-000000000002,5f6c98b4-4360-41ee-83a3-efc700651a04,2afe7cda-5682-4c01-a59f-5f13090047f6,Logistics,Operational expense,17143.53,2023-08-09,approved,2023-08-09 13:29:02,2023,8,3,32,2,0,0,2,False,False,True,False,False,False,False,False,False,False,9.749434451281259
1952a885-ce0c-403a-ae51-2adce11d4b76,00000000-0000-0000-0000-000000000001,a01b7f2a-d4d0-48bf-bb89-c1040f55587a,ea13a2c7-2a88-40f3-b073-4e507c524f18,Travel,Operational expense,7723.3,2023-01-16,approved,2023-01-16 08:42:58,2023,1,1,3,0,0,0,8,False,False,False,False,False,False,False,False,True,False,8.952126482773439
e5f8bbe0-b812-4c20-9f40-bef03db3e876,00000000-0000-0000-0000-000000000003,9b1ac5ce-ad4f-40d1-8b7c-0005176b143d,355d120a-98dd-4393-a62e-df5f4b8a455b,Travel,Operational expense,33423.8,2024-09-24,approved,2024-09-24 10:14:27,2024,9,3,39,1,0,0,8,False,False,False,False,False,False,False,False,True,False,10.417053418406992
9dbb4608-6a2b-4209-be7a-86faebb20e7f,00000000-0000-0000-0000-000000000001,51fd3682-4888-4a55-92f7-281307c67941,f0e9f4da-9ca0-492d-a21e-3f8a819f9184,Maintenance,Operational expense,35050.65,2023-05-16,approved,2023-05-16 13:12:01,2023,5,2,20,1,0,0,3,False,False,False,True,False,False,False,False,False,False,10.464577966960992
4e045dcc-8890-4322-aebc-95bce7d36599,00000000-0000-0000-0000-000000000002,587616fd-ba60-493e-ba92-b68a61b5cdce,9d2a5f48-38f2-46be-b733-c1b9f1c891c4,Travel,Operational expense,11267.61,2023-01-07,pending,2023-01-07 16:13:20,2023,1,1,1,5,1,0,8,False,False,False,False,False,False,False,False,True,False,9.329776263136239
34aa0698-247f-4152-9b39-9bfd9256943f,00000000-0000-0000-0000-000000000002,587616fd-ba60-493e-ba92-b68a61b5cdce,e213801b-a706-48c3-9ba4-7db14d3912f3,Travel,Operational expense,19268.36,2024-12-23,approved,2024-12-23 09:03:48,2024,12,4,52,0,0,0,8,False,False,False,False,False,False,False,False,True,False,9.866271548609857
f4a23b96-d9a8-4f89-9e4f-150fbc9d71d0,00000000-0000-0000-0000-000000000001,0eb66abb-0d5d-4e88-a3ff-16776e267d83,aadd1a3f-3f20-499a-b950-51966ac9090c,Travel,Operational expense,39018.37,2024-09-15,approved,2024-09-15 12:54:59,2024,9,3,37,6,1,0,8,False,False,False,False,False,False,False,False,True,False,10.571813468480386
1cd68217-2d02-444b-9580-0e612b1ce7c6,00000000-0000-0000-0000-000000000003,470852ed-b70b-4f24-879a-6edb4193d8b6,1db94196-443a-440f-ad7e-c4422bb047e3,Office Supplies,Operational expense,771.76,2022-05-08,approved,2022-05-08 08:32:20,2022,5,2,18,6,1,0,5,False,False,False,False,False,True,False,False,False,False,6.649968521724353
0a3129c6-a174-4347-a3f3-ef1d86833a27,00000000-0000-0000-0000-000000000001,a01b7f2a-d4d0-48bf-bb89-c1040f55587a,f0e9f4da-9ca0-492d-a21e-3f8a819f9184,Marketing,Operational expense,45173.92,2024-01-02,rejected,2024-01-02 11:40:25,2024,1,1,1,1,0,0,4,False,False,False,False,True,False,False,False,False,False,10.718297344567882
08be6474-d018-4087-985e-14889d6aef82,00000000-0000-0000-0000-000000000003,9b1ac5ce-ad4f-40d1-8b7c-0005176b143d,8626b762-d8ef-4e32-8446-33cdac213522,Marketing,Operational expense,8368.48,2022-02-01,approved,2022-02-01 12:58:16,2022,2,1,5,1,0,0,4,False,False,False,False,True,False,False,False,False,False,9.03234703491081
8fe7ffba-b450-47a6-88dc-4817f3b32b7f,00000000-0000-0000-0000-000000000003,470852ed-b70b-4f24-879a-6edb4193d8b6,61d2418d-6936-4075-a481-1d994952d89b,Insurance,Operational expense,42311.7,2024-01-01,approved,2024-01-01 17:38:59,2024,1,1,1,0,0,0,1,False,True,False,False,False,False,False,False,False,False,10.652842556379058
41d7e24a-b71f-42ca-b29b-b270812e203d,00000000-0000-0000-0000-000000000002,587616fd-ba60-493e-ba92-b68a61b5cdce,07274486-6344-4009-ae28-b9027a51f93f,Insurance,Operational expense,43333.62,2024-08-17,approved,2024-08-17 09:20:58,2024,8,3,33,5,1,0,1,False,True,False,False,False,False,False,False,False,False,10.676707132636494
f0c2281f-51ea-443a-94b9-9f0594ef4ae8,00000000-0000-0000-0000-000000000001,a01b7f2a-d4d0-48bf-bb89-c1040f55587a,4736f247-39f8-400c-b9ea-519dfbb485f6,Office Supplies,Operational expense,44628.19,2024-06-27,approved,2024-06-27 13:18:12,2024,6,2,26,3,0,0,5,False,False,False,False,False,True,False,False,False,False,10.70614340823164
5cdf4055-dd98-4858-98f5-7bc43d56537d,00000000-0000-0000-0000-000000000001,a01b7f2a-d4d0-48bf-bb89-c1040f55587a,7760d86e-b342-473c-8c64-b55d64aa491a,Office Supplies,Operational expense,27431.13,2024-06-09,approved,2024-06-09 13:31:04,2024,6,2,23,6,1,0,5,False,False,False,False,False,True,False,False,False,False,10.219470233122486
592855f5-9168-4a02-9ffd-4731df37e59b,00000000-0000-0000-0000-000000000003,7227b311-834f-4815-aa86-c5d464758be1,e452be79-f94b-4709-88bf-8f66053789c4,IT & Software,Operational expense,22061.87,2024-01-17,approved,2024-01-17 16:09:44,2024,1,1,3,2,0,0,0,True,False,False,False,False,False,False,False,False,False,10.001651384073272
1043ed54-929d-4d3e-ae51-e79fc9273673,00000000-0000-0000-0000-000000000003,7227b311-834f-4815-aa86-c5d464758be1,355d120a-98dd-4393-a62e-df5f4b8a455b,Travel,Operational expense,34238.14,2023-07-02,approved,2023-07-02 15:45:21,2023,7,3,26,6,1,0,8,False,False,False,False,False,False,False,False,True,False,10.441124713117816
31bce2a9-6b4a-42cd-91a7-ca9a71366c1d,00000000-0000-0000-0000-000000000003,7227b311-834f-4815-aa86-c5d464758be1,1db94196-443a-440f-ad7e-c4422bb047e3,Office Supplies,Operational expense,11439.74,2022-09-22,approved,2022-09-22 13:34:04,2022,9,3,38,3,0,0,5,False,False,False,False,False,True,False,False,False,False,9.34493594815647
5c488700-473e-493f-a977-3117ea5c70ef,00000000-0000-0000-0000-000000000002,5f6c98b4-4360-41ee-83a3-efc700651a04,e213801b-a706-48c3-9ba4-7db14d3912f3,Office Supplies,Operational expense,32096.58,2024-07-16,approved,2024-07-16 17:27:28,2024,7,3,29,1,0,0,5,False,False,False,False,False,True,False,False,False,False,10.376535916868084
4345fc9e-b125-4cb3-8d53-fec933b010ca,00000000-0000-0000-0000-000000000003,7227b311-834f-4815-aa86-c5d464758be1,79c1732a-a6d1-4565-b515-c59de4dbdfe5,Logistics,Operational expense,3012.36,2022-01-25,pending,2022-01-25 14:45:23,2022,1,1,4,1,0,0,2,False,False,True,False,False,False,False,False,False,False,8.010811014236477
26aaa46a-d636-4396-a13e-69978162b20d,00000000-0000-0000-0000-000000000002,587616fd-ba60-493e-ba92-b68a61b5cdce,81c496fc-1d35-4405-9a7d-ae0a15104d5b,IT & Software,Operational expense,24962.38,2022-02-11,pending,2022-02-11 15:52:45,2022,2,1,6,4,0,0,0,True,False,False,False,False,False,False,False,False,False,10.125165229982022
413cb59f-1c8a-4f8b-8433-567d8c7604bf,00000000-0000-0000-0000-000000000002,b961632b-814f-4481-946b-17a792487aa7,c75c1d53-938d-4640-b118-e5ada06ce255,Maintenance,Operational expense,28692.47,2022-09-19,pending,2022-09-19 17:27:50,2022,9,3,38,0,0,0,3,False,False,False,True,False,False,False,False,False,False,10.26442484972731
4dedad6a-bd1c-4fbe-ab04-c2624acce3e9,00000000-0000-0000-0000-000000000001,a01b7f2a-d4d0-48bf-bb89-c1040f55587a,163b0e08-1801-4ae5-af8c-f287fbcdff7c,Marketing,Operational expense,38702.55,2022-08-28,rejected,2022-08-28 11:27:11,2022,8,3,34,6,1,0,4,False,False,False,False,True,False,False,False,False,False,10.563686606076967
3eb936f0-302b-4568-a994-26c6fadf5ade,00000000-0000-0000-0000-000000000001,a01b7f2a-d4d0-48bf-bb89-c1040f55587a,eaefa70d-63c2-4537-b86d-2205b826bb2e,Travel,Operational expense,23297.52,2022-09-17,pending,2022-09-17 11:29:17,2022,9,3,37,5,1,0,8,False,False,False,False,False,False,False,False,True,False,10.05614511822305
35934848-f955-4396-b988-82992f9f761a,00000000-0000-0000-0000-000000000003,9b1ac5ce-ad4f-40d1-8b7c-0005176b143d,61d2418d-6936-4075-a481-1d994952d89b,Insurance,Operational expense,35893.88,2023-11-15,pending,2023-11-15 12:22:42,2023,11,4,46,2,0,0,1,False,True,False,False,False,False,False,False,False,False,10.488349945921
fd490df5-192c-4de9-ab21-5a89d50f551f,00000000-0000-0000-0000-000000000001,51fd3682-4888-4a55-92f7-281307c67941,7760d86e-b342-473c-8c64-b55d64aa491a,Logistics,Operational expense,35300.27,2024-03-10,approved,2024-03-10 12:19:42,2024,3,1,10,6,1,0,2,False,False,True,False,False,False,False,False,False,False,10.47167421961133
4209ebca-64f9-4990-88d8-12e401b27ce7,00000000-0000-0000-0000-000000000001,51fd3682-4888-4a55-92f7-281307c67941,9a16d7d2-dc18-4141-a14f-3394de4b98bc,Logistics,Operational expense,6447.34,2022-05-17,approved,2022-05-17 15:29:56,2022,5,2,20,1,0,0,2,False,False,True,False,False,False,False,False,False,False,8.771578012324847
03703523-b7ca-44e0-bf1f-6899125af550,00000000-0000-0000-0000-000000000003,470852ed-b70b-4f24-879a-6edb4193d8b6,355d120a-98dd-4393-a62e-df5f4b8a455b,IT & Software,Operational expense,38505.21,2022-07-18,approved,2022-07-18 15:47:25,2022,7,3,29,0,0,0,0,True,False,False,False,False,False,False,False,False,False,10.558574805969938
a939c2df-d1e1-429d-ba13-db22f0d85ab5,00000000-0000-0000-0000-000000000001,0eb66abb-0d5d-4e88-a3ff-16776e267d83,f0e9f4da-9ca0-492d-a21e-3f8a819f9184,Travel,Operational expense,19571.95,2022-03-24,approved,2022-03-24 09:05:10,2022,3,1,12,3,0,0,8,False,False,False,False,False,False,False,False,True,False,9.881903789959845
ea3981d7-3d57-443a-a7f2-841909d6a79b,00000000-0000-0000-0000-000000000002,587616fd-ba60-493e-ba92-b68a61b5cdce,2afe7cda-5682-4c01-a59f-5f13090047f6,Maintenance,Operational expense,21909.79,2024-10-14,approved,2024-10-14 08:27:55,2024,10,4,42,0,0,0,3,False,False,False,True,False,False,False,False,False,False,9.99473448853465
61d21bbe-9ccc-4dee-a2e9-207bd1ad2088,00000000-0000-0000-0000-000000000001,0eb66abb-0d5d-4e88-a3ff-16776e267d83,aadd1a3f-3f20-499a-b950-51966ac9090c,Office Supplies,Operational expense,41188.81,2024-11-03,approved,2024-11-03 18:51:16,2024,11,4,44,6,1,0,5,False,False,False,False,False,True,False,False,False,False,10.625946174649398
070c02ac-7aee-4d46-bfbc-4f7f3712979b,00000000-0000-0000-0000-000000000003,7227b311-834f-4815-aa86-c5d464758be1,e452be79-f94b-4709-88bf-8f66053789c4,Insurance,Operational expense,4245.87,2024-09-27,approved,2024-09-27 08:44:07,2024,9,3,39,4,0,0,1,False,True,False,False,False,False,False,False,False,False,8.353937520002539
124bb2f5-7619-4185-a1dc-c2d1c5eb9e15,00000000-0000-0000-0000-000000000003,9b1ac5ce-ad4f-40d1-8b7c-0005176b143d,61d2418d-6936-4075-a481-1d994952d89b,Maintenance,Operational expense,33430.01,2023-07-13,approved,2023-07-13 13:13:32,2023,7,3,28,3,0,0,3,False,False,False,True,False,False,False,False,False,False,10.417239191341846
89e843fd-44c5-4dda-b8c5-f68ad6c1b9e7,00000000-0000-0000-0000-000000000002,5f6c98b4-4360-41ee-83a3-efc700651a04,9d2a5f48-38f2-46be-b733-c1b9f1c891c4,Office Supplies,Operational expense,36601.62,2024-03-21,approved,2024-03-21 11:44:26,2024,3,1,12,3,0,0,5,False,False,False,False,False,True,False,False,False,False,10.50787510152685
1980f192-ab21-479c-966c-1b614c429e01,00000000-0000-0000-0000-000000000001,a01b7f2a-d4d0-48bf-bb89-c1040f55587a,9a16d7d2-dc18-4141-a14f-3394de4b98bc,Insurance,Operational expense,12423.97,2022-04-01,approved,2022-04-01 08:51:06,2022,4,2,13,4,0,0,1,False,True,False,False,False,False,False,False,False,False,9.427463436474993
1a9b4474-294e-488c-9d4c-ad47412d3b8a,00000000-0000-0000-0000-000000000001,0eb66abb-0d5d-4e88-a3ff-16776e267d83,5a96b78c-2c6b-4aaa-88b5-7c7485705113,Office Supplies,Operational expense,42093.44,2022-07-29,approved,2022-07-29 08:45:29,2022,7,3,30,4,0,0,5,False,False,False,False,False,True,False,False,False,False,10.64767094444061
3c12a77d-7729-48c7-8054-c9aae93118a2,00000000-0000-0000-0000-000000000001,51fd3682-4888-4a55-92f7-281307c67941,9a16d7d2-dc18-4141-a14f-3394de4b98bc,IT & Software,Operational expense,27695.61,2022-07-29,approved,2022-07-29 12:24:29,2022,7,3,30,4,0,0,0,True,False,False,False,False,False,False,False,False,False,10.229065302014579
e002e314-8c10-491c-9c67-11bd6594abdd,00000000-0000-0000-0000-000000000003,9b1ac5ce-ad4f-40d1-8b7c-0005176b143d,3b9ffffd-ca39-4330-b08f-59cdb916323f,IT & Software,Operational expense,44951.63,2024-04-25,approved,2024-04-25 10:14:39,2024,4,2,17,3,0,0,0,True,False,False,False,False,False,False,False,False,False,10.713364547643105
133bc39a-6f70-45f9-899a-1cb08ab2d6da,00000000-0000-0000-0000-000000000002,5f6c98b4-4360-41ee-83a3-efc700651a04,c75c1d53-938d-4640-b118-e5ada06ce255,Insurance,Operational expense,22884.46,2023-12-26,approved,2023-12-26 14:53:45,2023,12,4,52,1,0,0,1,False,True,False,False,False,False,False,False,False,False,10.038257053388243
acb306b6-722c-4fef-a57d-b465199d0ba8,00000000-0000-0000-0000-000000000003,7227b311-834f-4815-aa86-c5d464758be1,8626b762-d8ef-4e32-8446-33cdac213522,Office Supplies,Operational expense,31292.95,2024-11-26,approved,2024-11-26 16:39:17,2024,11,4,48,1,0,0,5,False,False,False,False,False,True,False,False,False,False,10.35118006711036
9851f32c-e849-4384-845f-2cb08d4b5d40,00000000-0000-0000-0000-000000000003,470852ed-b70b-4f24-879a-6edb4193d8b6,1db94196-443a-440f-ad7e-c4422bb047e3,IT & Software,Operational expense,23718.22,2024-06-26,pending,2024-06-26 12:03:00,2024,6,2,26,2,0,0,0,True,False,False,False,False,False,False,False,False,False,10.074040968928488
60ca3983-f21f-4153-a3b9-21b3a3ae6d0c,00000000-0000-0000-0000-000000000003,9b1ac5ce-ad4f-40d1-8b7c-0005176b143d,e452be79-f94b-4709-88bf-8f66053789c4,IT & Software,Operational expense,10828.22,2024-05-28,approved,2024-05-28 17:56:34,2024,5,2,22,1,0,0,0,True,False,False,False,False,False,False,False,False,False,9.290003315240652
d301b663-c955-4408-b9db-eba17e80168a,00000000-0000-0000-0000-000000000001,0eb66abb-0d5d-4e88-a3ff-16776e267d83,ea13a2c7-2a88-40f3-b073-4e507c524f18,Maintenance,Operational expense,33002.54,2022-03-02,approved,2022-03-02 14:41:25,2022,3,1,9,2,0,0,3,False,False,False,True,False,False,False,False,False,False,10.404370107422583
e04ea0f0-418c-4714-8542-b1197c671f25,00000000-0000-0000-0000-000000000001,a01b7f2a-d4d0-48bf-bb89-c1040f55587a,163b0e08-1801-4ae5-af8c-f287fbcdff7c,Marketing,Operational expense,7818.34,2022-10-12,approved,2022-10-12 14:32:51,2022,10,4,41,2,0,0,4,False,False,False,False,True,False,False,False,False,False,8.96435543100058
b95dc354-d602-49de-bee7-f08defca78ae,00000000-0000-0000-0000-000000000001,51fd3682-4888-4a55-92f7-281307c67941,f577e0e3-284e-4c71-8d16-74f51d0fe305,Logistics,Operational expense,33350.41,2022-03-04,approved,2022-03-04 15:44:18,2022,3,1,9,4,0,0,2,False,False,True,False,False,False,False,False,False,False,10.414855329310614
10a87c7b-fe15-4358-88b8-8d16669f076c,00000000-0000-0000-0000-000000000003,7227b311-834f-4815-aa86-c5d464758be1,33baaf1c-3618-44b5-b42a-4673992689f8,IT & Software,Operational expense,46767.56,2023-11-08,approved,2023-11-08 15:42:36,2023,11,4,45,2,0,0,0,True,False,False,False,False,False,False,False,False,False,10.752966461278655
9e2c1636-bbbd-4afe-aaf5-35630753e23e,00000000-0000-0000-0000-000000000002,587616fd-ba60-493e-ba92-b68a61b5cdce,09cd08c0-c83a-42f5-96cc-b9c13c2aa7e4,IT & Software,Operational expense,45552.81,2022-10-25,approved,2022-10-25 13:10:06,2022,10,4,43,1,0,0,0,True,False,False,False,False,False,False,False,False,False,10.726649543536983
4d49fc54-5276-48ad-bc8e-8b49aee1d4a4,00000000-0000-0000-0000-000000000002,587616fd-ba60-493e-ba92-b68a61b5cdce,6708a3ae-03ac-432d-8065-25bbf8f3a753,Insurance,Operational expense,17205.61,2022-01-04,approved,2022-01-04 18:49:57,2022,1,1,1,1,0,0,1,False,True,False,False,False,False,False,False,False,False,9.753048891301901
fa4da8f0-79ec-4bbc-8285-9e8a7a0d6801,00000000-0000-0000-0000-000000000003,7227b311-834f-4815-aa86-c5d464758be1,3b9ffffd-ca39-4330-b08f-59cdb916323f,Maintenance,Operational expense,1254.78,2022-03-06,approved,2022-03-06 13:19:00,2022,3,1,9,6,1,0,3,False,False,False,True,False,False,False,False,False,False,7.135512172450305
43cca145-046e-4e72-9dea-a012bf035e21,00000000-0000-0000-0000-000000000003,9b1ac5ce-ad4f-40d1-8b7c-0005176b143d,045901bc-3a1a-4a0b-bd8b-876c218464f4,Marketing,Operational expense,48846.26,2022-12-20,approved,2022-12-20 18:35:16,2022,12,4,51,1,0,0,4,False,False,False,False,True,False,False,False,False,False,10.796453565826175
d036c846-87c0-4c9f-8016-01c13a11f821,00000000-0000-0000-0000-000000000001,51fd3682-4888-4a55-92f7-281307c67941,f17772cf-7a8e-4e04-aeef-8c148fe1a7e5,Travel,Operational expense,19670.2,2023-12-16,pending,2023-12-16 16:40:14,2023,12,4,50,5,1,0,8,False,False,False,False,False,False,False,False,True,False,9.886910916131326
9a02fc12-8cdd-4a8d-b743-14da1f42b4e0,00000000-0000-0000-0000-000000000001,0eb66abb-0d5d-4e88-a3ff-16776e267d83,f17772cf-7a8e-4e04-aeef-8c148fe1a7e5,Maintenance,Operational expense,38474.39,2024-03-15,approved,2024-03-15 14:35:47,2024,3,1,11,4,0,0,3,False,False,False,True,False,False,False,False,False,False,10.557774095107948
492d2bb3-dce8-49f6-aeb5-f8d5864646a2,00000000-0000-0000-0000-000000000003,9b1ac5ce-ad4f-40d1-8b7c-0005176b143d,74245d66-8df4-4678-b1e9-76d5e231caff,Travel,Operational expense,1695.82,2024-08-20,approved,2024-08-20 14:09:43,2024,8,3,34,1,0,0,8,False,False,False,False,False,False,False,False,True,False,7.436511190073983
4efcb129-77e8-4552-ad8a-79c47f183435,00000000-0000-0000-0000-000000000003,7227b311-834f-4815-aa86-c5d464758be1,33baaf1c-3618-44b5-b42a-4673992689f8,Maintenance,Operational expense,5646.74,2022-08-24,approved,2022-08-24 09:09:05,2022,8,3,34,2,0,0,3,False,False,False,True,False,False,False,False,False,False,8.639010744119147
a69d0232-950f-429f-be74-a9d4d26e90ee,00000000-0000-0000-0000-000000000002,5f6c98b4-4360-41ee-83a3-efc700651a04,bcde24c7-84f3-4459-afee-eba83339896c,Insurance,Operational expense,23224.62,2022-08-15,approved,2022-08-15 17:21:15,2022,8,3,33,0,0,0,1,False,True,False,False,False,False,False,False,False,False,10.053011258697092
6b735dfa-40dd-454a-9b06-b496ede84340,00000000-0000-0000-0000-000000000003,9b1ac5ce-ad4f-40d1-8b7c-0005176b143d,74245d66-8df4-4678-b1e9-76d5e231caff,Maintenance,Operational expense,2526.44,2024-12-20,pending,2024-12-20 10:22:37,2024,12,4,51,4,0,0,3,False,False,False,True,False,False,False,False,False,False,7.834962211740452
e349313c-5600-4679-8f29-186be4722c0c,00000000-0000-0000-0000-000000000003,7227b311-834f-4815-aa86-c5d464758be1,61d2418d-6936-4075-a481-1d994952d89b,Office Supplies,Operational expense,40305.44,2022-10-29,approved,2022-10-29 12:12:54,2022,10,4,43,5,1,0,5,False,False,False,False,False,True,False,False,False,False,10.604266536656711
4504f66e-4ac3-40c1-a1f2-07f7190e93a8,00000000-0000-0000-0000-000000000003,9b1ac5ce-ad4f-40d1-8b7c-0005176b143d,8626b762-d8ef-4e32-8446-33cdac213522,Marketing,Operational expense,19042.19,2024-12-02,approved,2024-12-02 18:21:20,2024,12,4,49,0,0,0,4,False,False,False,False,True,False,False,False,False,False,9.854464836328567
b56762c7-f316-4208-9cd5-c6af2003fb5b,00000000-0000-0000-0000-000000000002,5f6c98b4-4360-41ee-83a3-efc700651a04,6708a3ae-03ac-432d-8065-25bbf8f3a753,Maintenance,Operational expense,19301.55,2024-05-29,pending,2024-05-29 18:41:44,2024,5,2,22,2,0,0,3,False,False,False,True,False,False,False,False,False,False,9.867992490517654
00c09516-d1bc-4cd3-90d1-b5c1cf42119d,00000000-0000-0000-0000-000000000001,0eb66abb-0d5d-4e88-a3ff-16776e267d83,f577e0e3-284e-4c71-8d16-74f51d0fe305,Marketing,Operational expense,29469.07,2024-01-07,rejected,2024-01-07 17:55:40,2024,1,1,1,6,1,0,4,False,False,False,False,True,False,False,False,False,False,10.29113045102583
a370d8de-7ffb-45c7-961c-6f1560f50431,00000000-0000-0000-0000-000000000001,a01b7f2a-d4d0-48bf-bb89-c1040f55587a,aadd1a3f-3f20-499a-b950-51966ac9090c,Insurance,Operational expense,48598.9,2024-08-15,approved,2024-08-15 09:08:34,2024,8,3,33,3,0,0,1,False,True,False,False,False,False,False,False,False,False,10.7913767522733
00a3065f-f0e9-41a7-bf5d-66d2050e35de,00000000-0000-0000-0000-000000000002,b961632b-814f-4481-946b-17a792487aa7,7f514159-0b19-4321-a308-daec53995d5a,Marketing,Operational expense,31225.83,2024-10-11,pending,2024-10-11 13:29:36,2024,10,4,41,4,0,0,4,False,False,False,False,True,False,False,False,False,False,10.34903294016197
7366ce35-ca85-4dc9-b2d0-c7ece1160dd7,00000000-0000-0000-0000-000000000001,51fd3682-4888-4a55-92f7-281307c67941,f577e0e3-284e-4c71-8d16-74f51d0fe305,Travel,Operational expense,22102.72,2023-10-20,approved,2023-10-20 13:57:05,2023,10,4,42,4,0,0,8,False,False,False,False,False,False,False,False,True,False,10.003501199132502
45616395-e0dd-446d-9e29-f2b991853ab0,00000000-0000-0000-0000-000000000003,7227b311-834f-4815-aa86-c5d464758be1,3b9ffffd-ca39-4330-b08f-59cdb916323f,Insurance,Operational expense,30693.84,2023-07-19,approved,2023-07-19 09:24:11,2023,7,3,29,2,0,0,1,False,True,False,False,False,False,False,False,False,False,10.331849841272673
741d5683-5d2c-4edb-849d-df36349295f6,00000000-0000-0000-0000-000000000003,7227b311-834f-4815-aa86-c5d464758be1,e452be79-f94b-4709-88bf-8f66053789c4,IT & Software,Operational expense,40462.7,2022-02-26,approved,2022-02-26 18:32:26,2022,2,1,8,5,1,0,0,True,False,False,False,False,False,False,False,False,False,10.608160554884636
eb4960c7-6773-4ee0-b2f0-4ff7b6c56f65,00000000-0000-0000-0000-000000000003,9b1ac5ce-ad4f-40d1-8b7c-0005176b143d,8626b762-d8ef-4e32-8446-33cdac213522,Maintenance,Operational expense,26884.05,2024-12-20,approved,2024-12-20 16:28:58,2024,12,4,51,4,0,0,3,False,False,False,True,False,False,False,False,False,False,10.199325649015156
45b07048-bb76-4f77-bc6e-4988db9aba08,00000000-0000-0000-0000-000000000003,7227b311-834f-4815-aa86-c5d464758be1,33baaf1c-3618-44b5-b42a-4673992689f8,Logistics,Operational expense,7532.0,2023-07-31,approved,2023-07-31 09:33:18,2023,7,3,31,0,0,1,2,False,False,True,False,False,False,False,False,False,False,8.927048647825695
ccbb981f-6209-4aa6-b967-1d15a46e93e4,00000000-0000-0000-0000-000000000003,470852ed-b70b-4f24-879a-6edb4193d8b6,79c1732a-a6d1-4565-b515-c59de4dbdfe5,Office Supplies,Operational expense,9199.84,2024-10-10,approved,2024-10-10 15:53:02,2024,10,4,41,3,0,0,5,False,False,False,False,False,True,False,False,False,False,9.12705006321697
add96a0a-4dc9-4ba1-9114-4e575cf4851a,00000000-0000-0000-0000-000000000002,b961632b-814f-4481-946b-17a792487aa7,f72410dd-3260-4ece-a477-1ae69ac1e84e,Insurance,Operational expense,39093.21,2024-10-24,approved,2024-10-24 18:29:03,2024,10,4,43,3,0,0,1,False,True,False,False,False,False,False,False,False,False,10.573729653166826
75bb6fdb-5975-46f1-8bc4-17fa021a7e79,00000000-0000-0000-0000-000000000001,0eb66abb-0d5d-4e88-a3ff-16776e267d83,f0e9f4da-9ca0-492d-a21e-3f8a819f9184,Maintenance,Operational expense,19907.68,2023-08-03,approved,2023-08-03 18:23:14,2023,8,3,31,3,0,0,3,False,False,False,True,False,False,False,False,False,False,9.898911096517867
95c39d0b-d386-4e6c-9ffc-c7c6d9eeee3a,00000000-0000-0000-0000-000000000002,b961632b-814f-4481-946b-17a792487aa7,517d046e-f5e7-4244-8dab-e8995b9bfdc4,Insurance,Operational expense,15378.09,2022-07-25,approved,2022-07-25 08:10:20,2022,7,3,30,0,0,0,1,False,True,False,False,False,False,False,False,False,False,9.64076407355883
31b39938-0dd3-4165-98bc-a0a5391d00ee,00000000-0000-0000-0000-000000000003,470852ed-b70b-4f24-879a-6edb4193d8b6,8626b762-d8ef-4e32-8446-33cdac213522,IT & Software,Operational expense,12212.89,2024-03-10,approved,2024-03-10 15:06:33,2024,3,1,10,6,1,0,0,True,False,False,False,False,False,False,False,False,False,9.410329107683904
e2b6843b-8361-4531-96e0-598e0a85e18c,00000000-0000-0000-0000-000000000003,470852ed-b70b-4f24-879a-6edb4193d8b6,33baaf1c-3618-44b5-b42a-4673992689f8,Travel,Operational expense,41575.79,2022-10-28,approved,2022-10-28 10:13:30,2022,10,4,43,4,0,0,8,False,False,False,False,False,False,False,False,True,False,10.635297357854686
4dd97a39-8d6a-41e4-ab46-a263e0325800,00000000-0000-0000-0000-000000000001,51fd3682-4888-4a55-92f7-281307c67941,3f0519f3-383c-48a1-8609-f4b51fd5ecd4,Maintenance,Operational expense,24863.22,2023-08-17,approved,2023-08-17 12:58:53,2023,8,3,33,3,0,0,3,False,False,False,True,False,False,False,False,False,False,10.121185101262078
9546cb74-2a32-40dd-9eb1-f55c79c1ee66,00000000-0000-0000-0000-000000000002,587616fd-ba60-493e-ba92-b68a61b5cdce,bcde24c7-84f3-4459-afee-eba83339896c,IT & Software,Operational expense,24814.91,2022-01-22,pending,2022-01-22 14:35:54,2022,1,1,3,5,1,0,0,True,False,False,False,False,False,False,False,False,False,10.119240258717287
5b512a18-64f8-432f-9794-9d7291475e3d,00000000-0000-0000-0000-000000000003,9b1ac5ce-ad4f-40d1-8b7c-0005176b143d,61d2418d-6936-4075-a481-1d994952d89b,Travel,Operational expense,36028.82,2023-10-26,approved,2023-10-26 09:53:05,2023,10,4,43,3,0,0,8,False,False,False,False,False,False,False,False,True,False,10.492102207892858
62d6d7c8-6073-4802-86c3-54265dcb7e18,00000000-0000-0000-0000-000000000001,a01b7f2a-d4d0-48bf-bb89-c1040f55587a,5a96b78c-2c6b-4aaa-88b5-7c7485705113,Office Supplies,Operational expense,48403.76,2023-10-20,approved,2023-10-20 12:09:59,2023,10,4,42,4,0,0,5,False,False,False,False,False,True,False,False,False,False,10.787353434976401
fff2ec4e-781c-4a32-a6a6-d95d7278d503,00000000-0000-0000-0000-000000000001,a01b7f2a-d4d0-48bf-bb89-c1040f55587a,eaefa70d-63c2-4537-b86d-2205b826bb2e,Logistics,Operational expense,19164.62,2024-12-06,approved,2024-12-06 09:42:44,2024,12,4,49,4,0,0,2,False,False,True,False,False,False,False,False,False,False,9.860873327930571
67071b93-08b3-4f67-bf06-22c8243c2168,00000000-0000-0000-0000-000000000003,7227b311-834f-4815-aa86-c5d464758be1,29998a31-9af5-4c58-9bfe-cde4f9a96969,IT & Software,Operational expense,35162.14,2022-11-30,pending,2022-11-30 15:54:39,2022,11,4,48,2,0,1,0,True,False,False,False,False,False,False,False,False,False,10.467753653841147
d4153c50-7afe-45bb-b4ab-8b65da19c441,00000000-0000-0000-0000-000000000001,51fd3682-4888-4a55-92f7-281307c67941,9a16d7d2-dc18-4141-a14f-3394de4b98bc,Marketing,Operational expense,38476.99,2024-12-29,approved,2024-12-29 13:47:33,2024,12,4,52,6,1,0,4,False,False,False,False,True,False,False,False,False,False,10.557841668488116
930758f8-a57c-4937-a83e-11d5878dfeec,00000000-0000-0000-0000-000000000001,0eb66abb-0d5d-4e88-a3ff-16776e267d83,4736f247-39f8-400c-b9ea-519dfbb485f6,Logistics,Operational expense,26657.76,2022-01-05,approved,2022-01-05 16:40:12,2022,1,1,1,2,0,0,2,False,False,True,False,False,False,False,False,False,False,10.190873081023094
069bcf95-1cff-4c96-b6b0-43fef5d6cbad,00000000-0000-0000-0000-000000000001,a01b7f2a-d4d0-48bf-bb89-c1040f55587a,163b0e08-1801-4ae5-af8c-f287fbcdff7c,Marketing,Operational expense,3027.68,2022-04-17,approved,2022-04-17 16:46:43,2022,4,2,15,6,1,0,4,False,False,False,False,True,False,False,False,False,False,8.015882160018831
83a75e53-ec71-4c03-8400-d6e6468ed3e8,00000000-0000-0000-0000-000000000003,470852ed-b70b-4f24-879a-6edb4193d8b6,3b9ffffd-ca39-4330-b08f-59cdb916323f,Travel,Operational expense,13257.67,2022-10-22,approved,2022-10-22 10:16:02,2022,10,4,42,5,1,0,8,False,False,False,False,False,False,False,False,True,False,9.49240695705018
0c57743f-476f-4cf7-966d-05f164e3ad11,00000000-0000-0000-0000-000000000002,5f6c98b4-4360-41ee-83a3-efc700651a04,bcde24c7-84f3-4459-afee-eba83339896c,Maintenance,Operational expense,40308.16,2023-09-29,approved,2023-09-29 08:17:48,2023,9,3,39,4,0,0,3,False,False,False,True,False,False,False,False,False,False,10.604334017392475
a01e0e5c-67ce-4e2e-acc3-155265a9d1a5,00000000-0000-0000-0000-000000000001,51fd3682-4888-4a55-92f7-281307c67941,ea13a2c7-2a88-40f3-b073-4e507c524f18,Marketing,Operational expense,37770.3,2022-12-02,approved,2022-12-02 11:43:45,2022,12,4,48,4,0,0,4,False,False,False,False,True,False,False,False,False,False,10.539304833965128
6ae1729b-0b73-4c9b-b76a-cc588cb47bc7,00000000-0000-0000-0000-000000000003,7227b311-834f-4815-aa86-c5d464758be1,33baaf1c-3618-44b5-b42a-4673992689f8,Marketing,Operational expense,11773.98,2024-08-09,approved,2024-08-09 11:48:03,2024,8,3,32,4,0,0,4,False,False,False,False,True,False,False,False,False,False,9.373732220369375
c91ddb33-ea77-4ffa-8f2e-82ab176d4026,00000000-0000-0000-0000-000000000003,7227b311-834f-4815-aa86-c5d464758be1,79c1732a-a6d1-4565-b515-c59de4dbdfe5,Travel,Operational expense,7390.42,2023-05-24,pending,2023-05-24 08:42:20,2023,5,2,21,2,0,0,8,False,False,False,False,False,False,False,False,True,False,8.908075147039659
2ad65f9f-d8bd-40a4-8cc1-04dd6819264f,00000000-0000-0000-0000-000000000003,7227b311-834f-4815-aa86-c5d464758be1,61d2418d-6936-4075-a481-1d994952d89b,Travel,Operational expense,1474.94,2023-10-17,approved,2023-10-17 17:20:14,2023,10,4,42,1,0,0,8,False,False,False,False,False,False,False,False,True,False,7.297050353927664
bc1e2ba1-ee60-4c1b-9392-27c661b082de,00000000-0000-0000-0000-000000000001,51fd3682-4888-4a55-92f7-281307c67941,aadd1a3f-3f20-499a-b950-51966ac9090c,Marketing,Operational expense,6560.33,2024-12-12,pending,2024-12-12 17:13:17,2024,12,4,50,3,0,0,4,False,False,False,False,True,False,False,False,False,False,8.788948605290805
11993e32-cb48-491d-ae04-438915e37ad5,00000000-0000-0000-0000-000000000003,470852ed-b70b-4f24-879a-6edb4193d8b6,355d120a-98dd-4393-a62e-df5f4b8a455b,Insurance,Operational expense,41830.21,2023-07-29,approved,2023-07-29 18:43:11,2023,7,3,30,5,1,0,1,False,True,False,False,False,False,False,False,False,False,10.641397990625576
135e2fc3-bf4a-47e1-ae51-89d5a5884105,00000000-0000-0000-0000-000000000001,0eb66abb-0d5d-4e88-a3ff-16776e267d83,9a16d7d2-dc18-4141-a14f-3394de4b98bc,Maintenance,Operational expense,22566.45,2023-02-14,pending,2023-02-14 13:04:42,2023,2,1,7,1,0,0,3,False,False,False,True,False,False,False,False,False,False,10.02426388159436
f203de3f-e590-4285-ab5c-1d7d1f1a99d9,00000000-0000-0000-0000-000000000001,a01b7f2a-d4d0-48bf-bb89-c1040f55587a,eaefa70d-63c2-4537-b86d-2205b826bb2e,Maintenance,Operational expense,40282.53,2024-05-05,pending,2024-05-05 14:18:14,2024,5,2,18,6,1,0,3,False,False,False,True,False,False,False,False,False,False,10.603697979536832
d742f3de-b62b-486a-96e7-8a14138c27e5,00000000-0000-0000-0000-000000000001,51fd3682-4888-4a55-92f7-281307c67941,f0e9f4da-9ca0-492d-a21e-3f8a819f9184,Logistics,Operational expense,9123.93,2023-08-04,approved,2023-08-04 15:29:52,2023,8,3,31,4,0,0,2,False,False,True,False,False,False,False,False,False,False,9.11876550718839
6556264c-48ea-4d1c-9140-2135f7d000a0,00000000-0000-0000-0000-000000000001,0eb66abb-0d5d-4e88-a3ff-16776e267d83,9a16d7d2-dc18-4141-a14f-3394de4b98bc,Maintenance,Operational expense,41487.53,2023-09-01,pending,2023-09-01 17:47:36,2023,9,3,35,4,0,0,3,False,False,False,True,False,False,False,False,False,False,10.633172282475098
b0eeef10-a3a6-41e3-8242-b9de4ddef47a,00000000-0000-0000-0000-000000000002,587616fd-ba60-493e-ba92-b68a61b5cdce,517d046e-f5e7-4244-8dab-e8995b9bfdc4,Logistics,Operational expense,6997.09,2022-02-07,pending,2022-02-07 09:10:33,2022,2,1,6,0,0,0,2,False,False,True,False,False,False,False,False,False,False,8.85339253366231
79e4d07c-13b5-4818-bb4f-fac148ee4340,00000000-0000-0000-0000-000000000001,a01b7f2a-d4d0-48bf-bb89-c1040f55587a,163b0e08-1801-4ae5-af8c-f287fbcdff7c,Travel,Operational expense,29486.11,2023-09-16,approved,2023-09-16 14:54:09,2023,9,3,37,5,1,0,8,False,False,False,False,False,False,False,False,True,False,10.29170849768527
af363944-972b-4953-8e1c-61dfb576e4b4,00000000-0000-0000-0000-000000000003,470852ed-b70b-4f24-879a-6edb4193d8b6,e452be79-f94b-4709-88bf-8f66053789c4,Insurance,Operational expense,29309.96,2024-01-24,approved,2024-01-24 18:06:17,2024,1,1,4,2,0,0,1,False,True,False,False,False,False,False,False,False,False,10.285716786495069
0ddc82f9-6535-4b7f-a6b9-ad6075fb6e10,00000000-0000-0000-0000-000000000002,587616fd-ba60-493e-ba92-b68a61b5cdce,81c496fc-1d35-4405-9a7d-ae0a15104d5b,Logistics,Operational expense,36211.94,2022-08-09,rejected,2022-08-09 08:41:33,2022,8,3,32,1,0,0,2,False,False,True,False,False,False,False,False,False,False,10.497171792504307
d136af62-d7f5-4508-b2cb-2f26018dbfc7,00000000-0000-0000-0000-000000000003,7227b311-834f-4815-aa86-c5d464758be1,355d120a-98dd-4393-a62e-df5f4b8a455b,Marketing,Operational expense,28502.64,2023-05-27,pending,2023-05-27 12:57:24,2023,5,2,21,5,1,0,4,False,False,False,False,True,False,False,False,False,False,10.257787077399572
044fee33-81ad-417d-af3b-b61ebf3f64c7,00000000-0000-0000-0000-000000000003,470852ed-b70b-4f24-879a-6edb4193d8b6,e452be79-f94b-4709-88bf-8f66053789c4,Travel,Operational expense,32673.5,2023-02-09,approved,2023-02-09 14:06:51,2023,2,1,6,3,0,0,8,False,False,False,False,False,False,False,False,True,False,10.394350236156521
894a68f9-2d79-499c-a4fd-b7c8ac5f4312,00000000-0000-0000-0000-000000000002,587616fd-ba60-493e-ba92-b68a61b5cdce,c75c1d53-938d-4640-b118-e5ada06ce255,Travel,Operational expense,16861.69,2023-11-23,approved,2023-11-23 18:56:40,2023,11,4,47,3,0,0,8,False,False,False,False,False,False,False,False,True,False,9.732858768058167
3ce0f512-07fb-4ee4-8e9f-b3b9bb15d652,00000000-0000-0000-0000-000000000002,b961632b-814f-4481-946b-17a792487aa7,f72410dd-3260-4ece-a477-1ae69ac1e84e,Logistics,Operational expense,10302.81,2022-10-15,approved,2022-10-15 16:59:01,2022,10,4,41,5,1,0,2,False,False,True,False,False,False,False,False,False,False,9.240269008733133
dbb39ac8-d897-4de7-83f6-1763abfcd5c6,00000000-0000-0000-0000-000000000001,0eb66abb-0d5d-4e88-a3ff-16776e267d83,ea13a2c7-2a88-40f3-b073-4e507c524f18,Office Supplies,Operational expense,44290.28,2024-05-05,approved,2024-05-05 14:10:01,2024,5,2,18,6,1,0,5,False,False,False,False,False,True,False,False,False,False,10.698543096928626
9d4ad5e3-0a32-4668-9a8d-80e63b00f23e,00000000-0000-0000-0000-000000000003,7227b311-834f-4815-aa86-c5d464758be1,61d2418d-6936-4075-a481-1d994952d89b,Logistics,Operational expense,36334.9,2024-03-28,approved,2024-03-28 11:49:53,2024,3,1,13,3,0,0,2,False,False,True,False,False,False,False,False,False,False,10.500561512249963
e01a67ec-598b-4a23-bb5c-451fabb612a6,00000000-0000-0000-0000-000000000002,5f6c98b4-4360-41ee-83a3-efc700651a04,09cd08c0-c83a-42f5-96cc-b9c13c2aa7e4,Logistics,Operational expense,4203.74,2024-06-14,pending,2024-06-14 13:39:59,2024,6,2,24,4,0,0,2,False,False,True,False,False,False,False,False,False,False,8.343967739342036
3be79b86-2174-4749-9194-56f8b03a595a,00000000-0000-0000-0000-000000000003,7227b311-834f-4815-aa86-c5d464758be1,1db94196-443a-440f-ad7e-c4422bb047e3,Maintenance,Operational expense,13579.36,2023-02-05,approved,2023-02-05 09:14:17,2023,2,1,5,6,1,0,3,False,False,False,True,False,False,False,False,False,False,9.516379910334216
785c9a56-15ff-49e6-a09f-dae3227f2b17,00000000-0000-0000-0000-000000000002,5f6c98b4-4360-41ee-83a3-efc700651a04,c75c1d53-938d-4640-b118-e5ada06ce255,Office Supplies,Operational expense,31898.31,2022-06-02,pending,2022-06-02 18:40:07,2022,6,2,22,3,0,0,5,False,False,False,False,False,True,False,False,False,False,10.370339658444959
46061fe9-82f8-4040-a848-ce72046652f8,00000000-0000-0000-0000-000000000003,470852ed-b70b-4f24-879a-6edb4193d8b6,e452be79-f94b-4709-88bf-8f66053789c4,IT & Software,Operational expense,27912.37,2022-08-07,approved,2022-08-07 08:25:50,2022,8,3,31,6,1,0,0,True,False,False,False,False,False,False,False,False,False,10.236861064493844
2c0726f6-d6f5-4481-97f3-9865f9c72042,00000000-0000-0000-0000-000000000003,9b1ac5ce-ad4f-40d1-8b7c-0005176b143d,3b9ffffd-ca39-4330-b08f-59cdb916323f,Travel,Operational expense,30775.09,2022-08-17,approved,2022-08-17 18:18:57,2022,8,3,33,2,0,0,8,False,False,False,False,False,False,False,False,True,False,10.334493368784496
14729140-bbdd-4b1b-8ba6-7aef3640156e,00000000-0000-0000-0000-000000000002,5f6c98b4-4360-41ee-83a3-efc700651a04,09cd08c0-c83a-42f5-96cc-b9c13c2aa7e4,Office Supplies,Operational expense,42544.97,2023-12-30,approved,2023-12-30 13:31:17,2023,12,4,52,5,1,0,5,False,False,False,False,False,True,False,False,False,False,10.658340417412639
76a0aa52-99c6-46b0-a1f7-c74e26dafbb2,00000000-0000-0000-0000-000000000001,51fd3682-4888-4a55-92f7-281307c67941,eaefa70d-63c2-4537-b86d-2205b826bb2e,IT & Software,Operational expense,36779.69,2023-11-01,approved,2023-11-01 17:45:12,2023,11,4,44,2,0,0,0,True,False,False,False,False,False,False,False,False,False,10.5127282581781
d04506ff-dbd9-4e28-b1a0-9a9f0a013cf5,00000000-0000-0000-0000-000000000002,587616fd-ba60-493e-ba92-b68a61b5cdce,e213801b-a706-48c3-9ba4-7db14d3912f3,Travel,Operational expense,35733.03,2023-03-23,approved,2023-03-23 11:20:07,2023,3,1,12,3,0,0,8,False,False,False,False,False,False,False,False,True,False,10.483858735029337
d50f3771-fd3f-49b4-8a5c-852974900412,00000000-0000-0000-0000-000000000003,9b1ac5ce-ad4f-40d1-8b7c-0005176b143d,74245d66-8df4-4678-b1e9-76d5e231caff,IT & Software,Operational expense,28521.37,2024-06-30,approved,2024-06-30 17:54:04,2024,6,2,26,6,1,1,0,True,False,False,False,False,False,False,False,False,False,10.258443970654897
438eec68-3943-4329-8e85-836da222326f,00000000-0000-0000-0000-000000000001,a01b7f2a-d4d0-48bf-bb89-c1040f55587a,f577e0e3-284e-4c71-8d16-74f51d0fe305,Logistics,Operational expense,14309.54,2024-01-25,approved,2024-01-25 11:19:19,2024,1,1,4,3,0,0,2,False,False,True,False,False,False,False,False,False,False,9.568751607687574
496e4dd2-75f9-4f43-834d-394466afd150,00000000-0000-0000-0000-000000000003,9b1ac5ce-ad4f-40d1-8b7c-0005176b143d,3b9ffffd-ca39-4330-b08f-59cdb916323f,IT & Software,Operational expense,6325.22,2022-03-04,pending,2022-03-04 10:38:16,2022,3,1,9,4,0,0,0,True,False,False,False,False,False,False,False,False,False,8.752458180371223
11ffe6ac-15a0-426a-af61-28de8abbada7,00000000-0000-0000-0000-000000000002,587616fd-ba60-493e-ba92-b68a61b5cdce,e213801b-a706-48c3-9ba4-7db14d3912f3,IT & Software,Operational expense,7684.21,2024-02-02,approved,2024-02-02 17:10:22,2024,2,1,5,4,0,0,0,True,False,False,False,False,False,False,False,False,False,8.947052981559011
f29803cd-15e8-4c20-a3cd-d0a0fd095799,00000000-0000-0000-0000-000000000003,7227b311-834f-4815-aa86-c5d464758be1,74245d66-8df4-4678-b1e9-76d5e231caff,Maintenance,Operational expense,7442.75,2024-11-29,pending,2024-11-29 14:51:12,2024,11,4,48,4,0,0,3,False,False,False,True,False,False,False,False,False,False,8.91513003310361
95628d8e-ccdf-4c4f-8867-f778110fc756,00000000-0000-0000-0000-000000000003,9b1ac5ce-ad4f-40d1-8b7c-0005176b143d,e452be79-f94b-4709-88bf-8f66053789c4,Maintenance,Operational expense,34763.0,2023-09-29,approved,2023-09-29 11:12:25,2023,9,3,39,4,0,0,3,False,False,False,True,False,False,False,False,False,False,10.456337647557351
1a91fb5c-51f3-4fd3-a35a-1018c3d3a78e,00000000-0000-0000-0000-000000000002,b961632b-814f-4481-946b-17a792487aa7,81c496fc-1d35-4405-9a7d-ae0a15104d5b,Travel,Operational expense,4353.94,2024-03-04,approved,2024-03-04 14:31:21,2024,3,1,10,0,0,0,8,False,False,False,False,False,False,False,False,True,False,8.379066111924187
67579b6d-9d70-4fa8-ae49-b5f4051c2b9a,00000000-0000-0000-0000-000000000001,51fd3682-4888-4a55-92f7-281307c67941,f17772cf-7a8e-4e04-aeef-8c148fe1a7e5,Insurance,Operational expense,46762.52,2024-05-15,rejected,2024-05-15 13:27:35,2024,5,2,20,2,0,0,1,False,True,False,False,False,False,False,False,False,False,10.752858690768155
4389baec-cea7-4f21-9c6a-6058f294fb72,00000000-0000-0000-0000-000000000003,470852ed-b70b-4f24-879a-6edb4193d8b6,61d2418d-6936-4075-a481-1d994952d89b,IT & Software,Operational expense,8667.22,2022-08-24,approved,2022-08-24 11:08:51,2022,8,3,34,2,0,0,0,True,False,False,False,False,False,False,False,False,False,9.067418743044824
e6a2ee5b-8537-4544-aa3c-8b072e091f3a,00000000-0000-0000-0000-000000000002,b961632b-814f-4481-946b-17a792487aa7,517d046e-f5e7-4244-8dab-e8995b9bfdc4,Travel,Operational expense,28737.14,2023-12-10,approved,2023-12-10 11:19:02,2023,12,4,49,6,1,0,8,False,False,False,False,False,False,False,False,True,False,10.265980439375866
34936e2b-d74c-4647-af73-8eae68f8daf8,00000000-0000-0000-0000-000000000003,9b1ac5ce-ad4f-40d1-8b7c-0005176b143d,74245d66-8df4-4678-b1e9-76d5e231caff,Insurance,Operational expense,18760.43,2024-11-22,pending,2024-11-22 09:03:34,2024,11,4,47,4,0,0,1,False,True,False,False,False,False,False,False,False,False,9.839558445667954
842ed599-233a-496d-97c5-847dc91519e0,00000000-0000-0000-0000-000000000001,0eb66abb-0d5d-4e88-a3ff-16776e267d83,aadd1a3f-3f20-499a-b950-51966ac9090c,Travel,Operational expense,36038.67,2023-05-23,approved,2023-05-23 13:47:30,2023,5,2,21,1,0,0,8,False,False,False,False,False,False,False,False,True,False,10.492375555187568
2d8cf586-f342-4309-b2d1-9063e2f3a834,00000000-0000-0000-0000-000000000003,7227b311-834f-4815-aa86-c5d464758be1,61d2418d-6936-4075-a481-1d994952d89b,Travel,Operational expense,39730.05,2023-10-22,approved,2023-10-22 15:53:19,2023,10,4,42,6,1,0,8,False,False,False,False,False,False,False,False,True,False,10.589888276851065
20e24ba4-03a2-4c47-b4ca-bc2736ec34c2,00000000-0000-0000-0000-000000000003,470852ed-b70b-4f24-879a-6edb4193d8b6,33baaf1c-3618-44b5-b42a-4673992689f8,Insurance,Operational expense,21316.59,2024-10-11,approved,2024-10-11 17:47:32,2024,10,4,41,4,0,0,1,False,True,False,False,False,False,False,False,False,False,9.967287832490722
a87c0576-959d-46c1-b9e7-7e1c8324b733,00000000-0000-0000-0000-000000000002,587616fd-ba60-493e-ba92-b68a61b5cdce,2afe7cda-5682-4c01-a59f-5f13090047f6,IT & Software,Operational expense,2319.16,2023-04-02,approved,2023-04-02 14:17:42,2023,4,2,13,6,1,0,0,True,False,False,False,False,False,False,False,False,False,7.749391427799585
d42bceae-d401-4292-9aa1-9e3f477a8501,00000000-0000-0000-0000-000000000002,b961632b-814f-4481-946b-17a792487aa7,81c496fc-1d35-4405-9a7d-ae0a15104d5b,Travel,Operational expense,1827.96,2024-08-27,pending,2024-08-27 11:42:11,2024,8,3,35,1,0,0,8,False,False,False,False,False,False,False,False,True,False,7.511502778277468
075880b4-bdb2-4c14-96ac-2b4c55baa194,00000000-0000-0000-0000-000000000002,b961632b-814f-4481-946b-17a792487aa7,6708a3ae-03ac-432d-8065-25bbf8f3a753,Insurance,Operational expense,28757.52,2024-04-25,approved,2024-04-25 17:27:14,2024,4,2,17,3,0,0,1,False,True,False,False,False,False,False,False,False,False,10.26668935014924
d39e6def-61b3-456f-bf8d-213362baa8b6,00000000-0000-0000-0000-000000000002,5f6c98b4-4360-41ee-83a3-efc700651a04,07274486-6344-4009-ae28-b9027a51f93f,Insurance,Operational expense,12148.97,2022-12-06,approved,2022-12-06 10:49:25,2022,12,4,49,1,0,0,1,False,True,False,False,False,False,False,False,False,False,9.405081979629843
1782a6e8-3d00-4b49-9537-7f1416b46c04,00000000-0000-0000-0000-000000000001,a01b7f2a-d4d0-48bf-bb89-c1040f55587a,7760d86e-b342-473c-8c64-b55d64aa491a,Office Supplies,Operational expense,43656.91,2023-10-26,approved,2023-10-26 13:25:43,2023,10,4,43,3,0,0,5,False,False,False,False,False,True,False,False,False,False,10.684139759054332
ac78d656-f4db-4fad-a5e3-4532372424eb,00000000-0000-0000-0000-000000000002,b961632b-814f-4481-946b-17a792487aa7,6708a3ae-03ac-432d-8065-25bbf8f3a753,Logistics,Operational expense,31882.82,2023-09-10,approved,2023-09-10 08:52:24,2023,9,3,36,6,1,0,2,False,False,True,False,False,False,False,False,False,False,10.369853950067068
60e853c4-928a-4abc-aeef-f21cb2644260,00000000-0000-0000-0000-000000000002,b961632b-814f-4481-946b-17a792487aa7,07274486-6344-4009-ae28-b9027a51f93f,IT & Software,Operational expense,777.85,2022-03-07,approved,2022-03-07 10:34:55,2022,3,1,10,0,0,0,0,True,False,False,False,False,False,False,False,False,False,6.657818472772615
d1ea7a6f-6e68-492a-8c01-928a199fd885,00000000-0000-0000-0000-000000000002,b961632b-814f-4481-946b-17a792487aa7,e213801b-a706-48c3-9ba4-7db14d3912f3,Marketing,Operational expense,24396.84,2022-01-31,approved,2022-01-31 16:14:35,2022,1,1,5,0,0,1,4,False,False,False,False,True,False,False,False,False,False,10.102249882772597
4ec54ffe-cde1-40e6-b4f7-2b7bfda1ad29,00000000-0000-0000-0000-000000000001,51fd3682-4888-4a55-92f7-281307c67941,ea13a2c7-2a88-40f3-b073-4e507c524f18,IT & Software,Operational expense,2256.05,2022-04-01,rejected,2022-04-01 11:53:37,2022,4,2,13,4,0,0,0,True,False,False,False,False,False,False,False,False,False,7.721813929872996
e5b8ba18-8b35-4f27-8234-f204c60069aa,00000000-0000-0000-0000-000000000003,470852ed-b70b-4f24-879a-6edb4193d8b6,355d120a-98dd-4393-a62e-df5f4b8a455b,Travel,Operational expense,26625.02,2024-06-04,rejected,2024-06-04 09:28:20,2024,6,2,23,1,0,0,8,False,False,False,False,False,False,False,False,True,False,10.189644212137077
a4984f2d-38a0-4822-abec-0d076ae01ed4,00000000-0000-0000-0000-000000000001,51fd3682-4888-4a55-92f7-281307c67941,163b0e08-1801-4ae5-af8c-f287fbcdff7c,Insurance,Operational expense,3007.4,2024-06-14,approved,2024-06-14 17:23:59,2024,6,2,24,4,0,0,1,False,True,False,False,False,False,False,False,False,False,8.009163654952248
36efa538-0d9b-4f83-ae2b-7967758ba7ca,00000000-0000-0000-0000-000000000002,587616fd-ba60-493e-ba92-b68a61b5cdce,81c496fc-1d35-4405-9a7d-ae0a15104d5b,Maintenance,Operational expense,15874.68,2023-03-23,approved,2023-03-23 10:10:50,2023,3,1,12,3,0,0,3,False,False,False,True,False,False,False,False,False,False,9.672543657489184
410716a3-6ab9-4f10-be31-404873ffe7e2,00000000-0000-0000-0000-000000000001,a01b7f2a-d4d0-48bf-bb89-c1040f55587a,aadd1a3f-3f20-499a-b950-51966ac9090c,Marketing,Operational expense,18175.26,2023-01-04,pending,2023-01-04 18:33:05,2023,1,1,1,2,0,0,4,False,False,False,False,True,False,False,False,False,False,9.807871625996032
926d89b5-a3db-40cf-ab7a-f7dd2887256a,00000000-0000-0000-0000-000000000001,0eb66abb-0d5d-4e88-a3ff-16776e267d83,9a16d7d2-dc18-4141-a14f-3394de4b98bc,IT & Software,Operational expense,32094.36,2022-03-26,approved,2022-03-26 17:47:19,2022,3,1,12,5,1,0,0,True,False,False,False,False,False,False,False,False,False,10.376466750383392
88a64a3e-f446-475a-910a-98a14a1f2ac0,00000000-0000-0000-0000-000000000003,470852ed-b70b-4f24-879a-6edb4193d8b6,045901bc-3a1a-4a0b-bd8b-876c218464f4,IT & Software,Operational expense,39416.32,2022-09-07,approved,2022-09-07 10:43:26,2022,9,3,36,2,0,0,0,True,False,False,False,False,False,False,False,False,False,10.58196059260156
58e17df9-8dcd-499a-a0aa-0e4bdc285b41,00000000-0000-0000-0000-000000000001,a01b7f2a-d4d0-48bf-bb89-c1040f55587a,aadd1a3f-3f20-499a-b950-51966ac9090c,Office Supplies,Operational expense,48225.0,2022-04-09,approved,2022-04-09 13:35:18,2022,4,2,14,5,1,0,5,False,False,False,False,False,True,False,False,False,False,10.78365357369165
d56344d5-0308-4bd9-8837-f817a28ce66a,00000000-0000-0000-0000-000000000001,51fd3682-4888-4a55-92f7-281307c67941,7760d86e-b342-473c-8c64-b55d64aa491a,Insurance,Operational expense,21433.19,2022-01-25,approved,2022-01-25 11:33:58,2022,1,1,4,1,0,0,1,False,True,False,False,False,False,False,False,False,False,9.972742589654667
45a18177-fc07-4368-8671-26c1a058d4a6,00000000-0000-0000-0000-000000000003,7227b311-834f-4815-aa86-c5d464758be1,61d2418d-6936-4075-a481-1d994952d89b,Insurance,Operational expense,47868.77,2022-02-18,approved,2022-02-18 13:39:28,2022,2,1,7,4,0,0,1,False,True,False,False,False,False,False,False,False,False,10.776239477695672
27fc981e-89c8-411f-8f47-c3bb231055ad,00000000-0000-0000-0000-000000000002,5f6c98b4-4360-41ee-83a3-efc700651a04,81c496fc-1d35-4405-9a7d-ae0a15104d5b,Travel,Operational expense,34762.17,2024-09-14,approved,2024-09-14 10:13:14,2024,9,3,37,5,1,0,8,False,False,False,False,False,False,False,False,True,False,10.45631377199906
fbe98ab3-fc11-47ee-bff3-551008a2359a,00000000-0000-0000-0000-000000000003,7227b311-834f-4815-aa86-c5d464758be1,e452be79-f94b-4709-88bf-8f66053789c4,IT & Software,Operational expense,36067.63,2024-12-07,approved,2024-12-07 10:08:24,2024,12,4,49,5,1,0,0,True,False,False,False,False,False,False,False,False,False,10.493178791474016
f11d72a7-d83e-4243-a702-ded18d431984,00000000-0000-0000-0000-000000000003,7227b311-834f-4815-aa86-c5d464758be1,74245d66-8df4-4678-b1e9-76d5e231caff,Logistics,Operational expense,16198.53,2024-09-14,approved,2024-09-14 09:29:18,2024,9,3,37,5,1,0,2,False,False,True,False,False,False,False,False,False,False,9.69273750845393
fd817882-e61c-42e4-a68a-befd99628445,00000000-0000-0000-0000-000000000002,5f6c98b4-4360-41ee-83a3-efc700651a04,7f514159-0b19-4321-a308-daec53995d5a,Office Supplies,Operational expense,8910.31,2023-05-30,approved,2023-05-30 16:03:40,2023,5,2,22,1,0,0,5,False,False,False,False,False,True,False,False,False,False,9.095076535471312
852f35e7-c9b9-42d6-ab74-ee0e41c13ee4,00000000-0000-0000-0000-000000000003,470852ed-b70b-4f24-879a-6edb4193d8b6,045901bc-3a1a-4a0b-bd8b-876c218464f4,Insurance,Operational expense,47122.18,2024-12-27,approved,2024-12-27 11:13:17,2024,12,4,52,4,0,0,1,False,True,False,False,False,False,False,False,False,False,10.760520303314859
1e873372-e7a2-4bfc-9b52-098b61617bb2,00000000-0000-0000-0000-000000000001,0eb66abb-0d5d-4e88-a3ff-16776e267d83,ea13a2c7-2a88-40f3-b073-4e507c524f18,Travel,Operational expense,37931.11,2023-04-07,approved,2023-04-07 12:27:40,2023,4,2,14,4,0,0,8,False,False,False,False,False,False,False,False,True,False,10.543553261925597
aca55419-2f24-45b2-b6c0-1c788dc7c9f1,00000000-0000-0000-0000-000000000003,470852ed-b70b-4f24-879a-6edb4193d8b6,79c1732a-a6d1-4565-b515-c59de4dbdfe5,Travel,Operational expense,21493.04,2024-01-07,approved,2024-01-07 16:24:43,2024,1,1,1,6,1,0,8,False,False,False,False,False,False,False,False,True,False,9.975530966383827
11c5054d-fc32-49c1-a409-62fef28c07c3,00000000-0000-0000-0000-000000000001,0eb66abb-0d5d-4e88-a3ff-16776e267d83,4736f247-39f8-400c-b9ea-519dfbb485f6,Marketing,Operational expense,14032.74,2024-12-29,approved,2024-12-29 10:31:52,2024,12,4,52,6,1,0,4,False,False,False,False,True,False,False,False,False,False,9.549219709204818
ab4c76e5-ec2b-4846-a4db-61e36752f86f,00000000-0000-0000-0000-000000000003,9b1ac5ce-ad4f-40d1-8b7c-0005176b143d,29998a31-9af5-4c58-9bfe-cde4f9a96969,Logistics,Operational expense,11093.22,2023-03-30,approved,2023-03-30 17:55:27,2023,3,1,13,3,0,0,2,False,False,True,False,False,False,False,False,False,False,9.314179530957587
583f8190-f133-4cfa-b94c-e8c60af12109,00000000-0000-0000-0000-000000000002,587616fd-ba60-493e-ba92-b68a61b5cdce,517d046e-f5e7-4244-8dab-e8995b9bfdc4,Travel,Operational expense,8767.08,2024-11-09,rejected,2024-11-09 17:42:04,2024,11,4,45,5,1,0,8,False,False,False,False,False,False,False,False,True,False,9.078873133233763
b4e5c601-c7aa-4c68-9e74-0463e50bce84,00000000-0000-0000-0000-000000000003,9b1ac5ce-ad4f-40d1-8b7c-0005176b143d,61d2418d-6936-4075-a481-1d994952d89b,Logistics,Operational expense,38741.59,2024-06-27,approved,2024-06-27 11:45:32,2024,6,2,26,3,0,0,2,False,False,True,False,False,False,False,False,False,False,10.564694790689055
175fba38-1039-4f9d-9250-d2939f1ec8c9,00000000-0000-0000-0000-000000000001,51fd3682-4888-4a55-92f7-281307c67941,5a96b78c-2c6b-4aaa-88b5-7c7485705113,Logistics,Operational expense,44925.78,2023-05-06,approved,2023-05-06 13:30:37,2023,5,2,18,5,1,0,2,False,False,True,False,False,False,False,False,False,False,10.712789332458387
8da30606-a4ce-45da-a10a-8117bcb8cd05,00000000-0000-0000-0000-000000000001,0eb66abb-0d5d-4e88-a3ff-16776e267d83,eaefa70d-63c2-4537-b86d-2205b826bb2e,Travel,Operational expense,9205.81,2022-10-24,pending,2022-10-24 17:39:20,2022,10,4,43,0,0,0,8,False,False,False,False,False,False,False,False,True,False,9.127698706602661
c622f1cd-7f77-4fd4-853b-12e269f6ceaa,00000000-0000-0000-0000-000000000001,0eb66abb-0d5d-4e88-a3ff-16776e267d83,7760d86e-b342-473c-8c64-b55d64aa491a,Insurance,Operational expense,14484.0,2024-09-07,approved,2024-09-07 14:32:54,2024,9,3,36,5,1,0,1,False,True,False,False,False,False,False,False,False,False,9.580868910203451
2367a64a-6515-4636-b71e-272a5073b783,00000000-0000-0000-0000-000000000001,51fd3682-4888-4a55-92f7-281307c67941,f0e9f4da-9ca0-492d-a21e-3f8a819f9184,Travel,Operational expense,9372.45,2024-03-22,pending,2024-03-22 15:45:03,2024,3,1,12,4,0,0,8,False,False,False,False,False,False,False,False,True,False,9.145636503836217
bd100fc3-bf96-4e86-bd0e-e14fb6ab7063,00000000-0000-0000-0000-000000000003,470852ed-b70b-4f24-879a-6edb4193d8b6,74245d66-8df4-4678-b1e9-76d5e231caff,IT & Software,Operational expense,34155.75,2024-07-10,pending,2024-07-10 13:59:45,2024,7,3,28,2,0,0,0,True,False,False,False,False,False,False,False,False,False,10.438715502861138
1550d800-1caf-4583-916e-f48601874f2d,00000000-0000-0000-0000-000000000001,0eb66abb-0d5d-4e88-a3ff-16776e267d83,163b0e08-1801-4ae5-af8c-f287fbcdff7c,Travel,Operational expense,11358.01,2024-07-15,approved,2024-07-15 13:31:21,2024,7,3,29,0,0,0,8,False,False,False,False,False,False,False,False,True,False,9.33776654059022
4c723848-cd83-4cbc-b18b-8c6036e9bbbb,00000000-0000-0000-0000-000000000001,51fd3682-4888-4a55-92f7-281307c67941,4736f247-39f8-400c-b9ea-519dfbb485f6,Maintenance,Operational expense,5704.14,2023-01-25,approved,2023-01-25 10:09:18,2023,1,1,4,2,0,0,3,False,False,False,True,False,False,False,False,False,False,8.649122801872378
9764621c-8ce2-4c7c-b604-65171613e1fd,00000000-0000-0000-0000-000000000003,470852ed-b70b-4f24-879a-6edb4193d8b6,045901bc-3a1a-4a0b-bd8b-876c218464f4,Marketing,Operational expense,49889.14,2023-12-04,approved,2023-12-04 09:59:28,2023,12,4,49,0,0,0,4,False,False,False,False,True,False,False,False,False,False,10.817578667024728
45902c6c-c022-4f38-b237-dcc44fcc7a4c,00000000-0000-0000-0000-000000000002,587616fd-ba60-493e-ba92-b68a61b5cdce,09cd08c0-c83a-42f5-96cc-b9c13c2aa7e4,Travel,Operational expense,11156.39,2023-01-24,approved,2023-01-24 10:56:09,2023,1,1,4,1,0,0,8,False,False,False,False,False,False,False,False,True,False,9.319857337615481
f7776448-cfbf-4bf8-b1e3-a2fbeab819a0,00000000-0000-0000-0000-000000000001,a01b7f2a-d4d0-48bf-bb89-c1040f55587a,163b0e08-1801-4ae5-af8c-f287fbcdff7c,IT & Software,Operational expense,36882.65,2022-03-10,approved,2022-03-10 17:54:03,2022,3,1,10,3,0,0,0,True,False,False,False,False,False,False,False,False,False,10.515523642404595
3c7b1e70-d4fa-430f-b578-aac7ca3f4a26,00000000-0000-0000-0000-000000000003,7227b311-834f-4815-aa86-c5d464758be1,9dd0c56d-a9cf-4c8d-a998-9df89eb48a85,Maintenance,Operational expense,23419.8,2023-07-02,approved,2023-07-02 15:45:15,2023,7,3,26,6,1,0,3,False,False,False,True,False,False,False,False,False,False,10.061379795406907
d62f18e6-52cb-42cc-87c7-c931beb507cf,00000000-0000-0000-0000-000000000001,a01b7f2a-d4d0-48bf-bb89-c1040f55587a,aadd1a3f-3f20-499a-b950-51966ac9090c,Insurance,Operational expense,26049.59,2022-06-13,approved,2022-06-13 15:14:35,2022,6,2,24,0,0,0,1,False,True,False,False,False,False,False,False,False,False,10.167795695677434
3384eb3c-9502-4cb1-b4c0-e78d91f3b257,00000000-0000-0000-0000-000000000003,7227b311-834f-4815-aa86-c5d464758be1,3b9ffffd-ca39-4330-b08f-59cdb916323f,Travel,Operational expense,6811.21,2022-03-01,approved,2022-03-01 08:30:23,2022,3,1,9,1,0,0,8,False,False,False,False,False,False,False,False,True,False,8.826471869258082
9d2724ac-e809-4657-bb57-0f1c36bd9318,00000000-0000-0000-0000-000000000001,51fd3682-4888-4a55-92f7-281307c67941,f577e0e3-284e-4c71-8d16-74f51d0fe305,Office Supplies,Operational expense,38409.45,2023-01-12,rejected,2023-01-12 09:50:43,2023,1,1,2,3,0,0,5,False,False,False,False,False,True,False,False,False,False,10.556084836970358
0967792e-290f-4b97-86e7-f758a3a0d4a7,00000000-0000-0000-0000-000000000001,0eb66abb-0d5d-4e88-a3ff-16776e267d83,eaefa70d-63c2-4537-b86d-2205b826bb2e,Maintenance,Operational expense,31320.65,2023-05-05,pending,2023-05-05 09:36:38,2023,5,2,18,4,0,0,3,False,False,False,True,False,False,False,False,False,False,10.352064830709429
d70a5053-f557-4a44-85a0-bd87663d19d5,00000000-0000-0000-0000-000000000001,0eb66abb-0d5d-4e88-a3ff-16776e267d83,f17772cf-7a8e-4e04-aeef-8c148fe1a7e5,IT & Software,Operational expense,10933.26,2022-06-22,approved,2022-06-22 18:24:46,2022,6,2,25,2,0,0,0,True,False,False,False,False,False,False,False,False,False,9.299656258210092
5c272365-04fd-4edf-aafd-e0cb6e2d682f,00000000-0000-0000-0000-000000000002,b961632b-814f-4481-946b-17a792487aa7,e213801b-a706-48c3-9ba4-7db14d3912f3,Marketing,Operational expense,14841.56,2023-05-25,approved,2023-05-25 12:28:06,2023,5,2,21,3,0,0,4,False,False,False,False,True,False,False,False,False,False,9.605254008582339
ea064d73-8117-40e2-ad59-5b7c3c75e2f4,00000000-0000-0000-0000-000000000002,587616fd-ba60-493e-ba92-b68a61b5cdce,7f514159-0b19-4321-a308-daec53995d5a,Logistics,Operational expense,11155.91,2022-06-22,approved,2022-06-22 17:09:29,2022,6,2,25,2,0,0,2,False,False,True,False,False,False,False,False,False,False,9.319814315876052
b2274198-9525-484a-b49b-9d247fb6a4f0,00000000-0000-0000-0000-000000000003,7227b311-834f-4815-aa86-c5d464758be1,79c1732a-a6d1-4565-b515-c59de4dbdfe5,Travel,Operational expense,22243.91,2023-04-23,rejected,2023-04-23 15:49:52,2023,4,2,16,6,1,0,8,False,False,False,False,False,False,False,False,True,False,10.009868497378957
a0554049-59ae-4d8d-8872-cc9eecb585e2,00000000-0000-0000-0000-000000000003,470852ed-b70b-4f24-879a-6edb4193d8b6,3b9ffffd-ca39-4330-b08f-59cdb916323f,Insurance,Operational expense,46452.06,2023-08-16,approved,2023-08-16 15:47:49,2023,8,3,33,2,0,0,1,False,True,False,False,False,False,False,False,False,False,10.746197619359577
163c1ae6-ff31-45cc-9dd4-b2b70dfb1292,00000000-0000-0000-0000-000000000003,7227b311-834f-4815-aa86-c5d464758be1,79c1732a-a6d1-4565-b515-c59de4dbdfe5,Office Supplies,Operational expense,27284.52,2023-04-12,approved,2023-04-12 14:19:49,2023,4,2,15,2,0,0,5,False,False,False,False,False,True,False,False,False,False,10.214111437529255
bf360c1c-6714-48d5-8796-1707db30cf3f,00000000-0000-0000-0000-000000000002,587616fd-ba60-493e-ba92-b68a61b5cdce,bcde24c7-84f3-4459-afee-eba83339896c,Travel,Operational expense,16545.39,2023-07-21,pending,2023-07-21 10:15:12,2023,7,3,29,4,0,0,8,False,False,False,False,False,False,False,False,True,False,9.713923230123862
9b5b2772-43b3-44dd-ae0b-5694562c3ea7,00000000-0000-0000-0000-000000000003,9b1ac5ce-ad4f-40d1-8b7c-0005176b143d,e452be79-f94b-4709-88bf-8f66053789c4,Travel,Operational expense,7220.4,2024-07-15,approved,2024-07-15 09:20:01,2024,7,3,29,0,0,0,8,False,False,False,False,False,False,False,False,True,False,8.884804118906743
39dc6f57-4c42-4760-bb00-35c9141827d3,00000000-0000-0000-0000-000000000003,9b1ac5ce-ad4f-40d1-8b7c-0005176b143d,e452be79-f94b-4709-88bf-8f66053789c4,Maintenance,Operational expense,43345.11,2024-01-21,approved,2024-01-21 16:56:23,2024,1,1,3,6,1,0,3,False,False,False,True,False,False,False,False,False,False,10.67697224346487
99d3799e-d9a1-44a5-9ef7-e7fb332ce3a6,00000000-0000-0000-0000-000000000003,7227b311-834f-4815-aa86-c5d464758be1,1db94196-443a-440f-ad7e-c4422bb047e3,Maintenance,Operational expense,25108.52,2023-02-07,rejected,2023-02-07 18:19:43,2023,2,1,6,1,0,0,3,False,False,False,True,False,False,False,False,False,False,10.131002336078836
2d1e387e-ca21-4686-adaf-aaa940b8881c,00000000-0000-0000-0000-000000000003,470852ed-b70b-4f24-879a-6edb4193d8b6,8626b762-d8ef-4e32-8446-33cdac213522,IT & Software,Operational expense,17280.84,2022-11-22,approved,2022-11-22 17:01:51,2022,11,4,47,1,0,0,0,True,False,False,False,False,False,False,False,False,False,9.757411518170777
2b2ed01a-6568-46aa-8616-cd3ff331c071,00000000-0000-0000-0000-000000000003,9b1ac5ce-ad4f-40d1-8b7c-0005176b143d,33baaf1c-3618-44b5-b42a-4673992689f8,Office Supplies,Operational expense,36958.52,2022-10-04,approved,2022-10-04 15:58:17,2022,10,4,40,1,0,0,5,False,False,False,False,False,True,False,False,False,False,10.5175785386583
ab5408b2-adcb-4da7-b91c-7b71e894fc2d,00000000-0000-0000-0000-000000000003,7227b311-834f-4815-aa86-c5d464758be1,355d120a-98dd-4393-a62e-df5f4b8a455b,Marketing,Operational expense,12122.63,2024-07-27,approved,2024-07-27 09:30:27,2024,7,3,30,5,1,0,4,False,False,False,False,True,False,False,False,False,False,9.402911719731145
524fd134-13e0-456c-96ac-c2d0d37259d6,00000000-0000-0000-0000-000000000002,587616fd-ba60-493e-ba92-b68a61b5cdce,e213801b-a706-48c3-9ba4-7db14d3912f3,Logistics,Operational expense,28957.36,2024-06-24,rejected,2024-06-24 13:36:14,2024,6,2,26,0,0,0,2,False,False,True,False,False,False,False,False,False,False,10.273614215061869
77530a01-dbbf-4a2e-83a3-5b791363cded,00000000-0000-0000-0000-000000000003,470852ed-b70b-4f24-879a-6edb4193d8b6,e452be79-f94b-4709-88bf-8f66053789c4,Insurance,Operational expense,29597.89,2022-09-22,rejected,2022-09-22 08:59:43,2022,9,3,38,3,0,0,1,False,True,False,False,False,False,False,False,False,False,10.29549213960901
08140f50-7a1d-4008-a2d6-ea7394cb215e,00000000-0000-0000-0000-000000000003,9b1ac5ce-ad4f-40d1-8b7c-0005176b143d,74245d66-8df4-4678-b1e9-76d5e231caff,Maintenance,Operational expense,23632.87,2024-12-16,approved,2024-12-16 11:58:55,2024,12,4,51,0,0,0,3,False,False,False,True,False,False,False,False,False,False,10.070436131633778
8bfbc682-d3c6-4b5a-b8cf-894ab6d13c59,00000000-0000-0000-0000-000000000003,9b1ac5ce-ad4f-40d1-8b7c-0005176b143d,3b9ffffd-ca39-4330-b08f-59cdb916323f,Travel,Operational expense,26001.79,2022-06-27,approved,2022-06-27 08:19:00,2022,6,2,26,0,0,0,8,False,False,False,False,False,False,False,False,True,False,10.165959118938868
e7e46d70-9555-4e1c-a5a8-7d0e55b1553a,00000000-0000-0000-0000-000000000001,a01b7f2a-d4d0-48bf-bb89-c1040f55587a,f0e9f4da-9ca0-492d-a21e-3f8a819f9184,Insurance,Operational expense,29480.21,2023-04-18,approved,2023-04-18 18:53:59,2023,4,2,16,1,0,0,1,False,True,False,False,False,False,False,False,False,False,10.291508390237079
142ba2ad-d642-419d-99af-6025bbbcd911,00000000-0000-0000-0000-000000000003,9b1ac5ce-ad4f-40d1-8b7c-0005176b143d,9dd0c56d-a9cf-4c8d-a998-9df89eb48a85,Travel,Operational expense,43306.23,2022-01-11,approved,2022-01-11 17:51:05,2022,1,1,2,1,0,0,8,False,False,False,False,False,False,False,False,True,False,10.676074874647718
ddf86d52-087f-4780-9b17-c1ff126ac7ba,00000000-0000-0000-0000-000000000001,a01b7f2a-d4d0-48bf-bb89-c1040f55587a,3f0519f3-383c-48a1-8609-f4b51fd5ecd4,Insurance,Operational expense,45854.01,2023-07-03,pending,2023-07-03 16:09:02,2023,7,3,27,0,0,0,1,False,True,False,False,False,False,False,False,False,False,10.733239741071747
532606d4-bf80-4fe0-b931-fa9b40267004,00000000-0000-0000-0000-000000000002,587616fd-ba60-493e-ba92-b68a61b5cdce,c75c1d53-938d-4640-b118-e5ada06ce255,Insurance,Operational expense,46433.49,2023-04-13,rejected,2023-04-13 10:31:04,2023,4,2,15,3,0,0,1,False,True,False,False,False,False,False,False,False,False,10.745797781055145
d0b8b5fa-d810-40d0-9a61-f3b3f942149d,00000000-0000-0000-0000-000000000001,0eb66abb-0d5d-4e88-a3ff-16776e267d83,aadd1a3f-3f20-499a-b950-51966ac9090c,Marketing,Operational expense,36156.75,2024-07-07,approved,2024-07-07 15:22:50,2024,7,3,27,6,1,0,4,False,False,False,False,True,False,False,False,False,False,10.495646589118826
865f9428-3a46-43b3-83bf-abd13c48005e,00000000-0000-0000-0000-000000000001,51fd3682-4888-4a55-92f7-281307c67941,f17772cf-7a8e-4e04-aeef-8c148fe1a7e5,Maintenance,Operational expense,46838.78,2024-11-16,approved,2024-11-16 18:37:52,2024,11,4,46,5,1,0,3,False,False,False,True,False,False,False,False,False,False,10.754488120860316
5b90f999-15b7-46f3-847f-1fb6796eb8b9,00000000-0000-0000-0000-000000000003,7227b311-834f-4815-aa86-c5d464758be1,045901bc-3a1a-4a0b-bd8b-876c218464f4,Logistics,Operational expense,19951.25,2022-12-19,approved,2022-12-19 16:31:34,2022,12,4,51,0,0,0,2,False,False,True,False,False,False,False,False,False,False,9.90109719791349
216ee797-ada2-4f77-884b-531e2abd4e0f,00000000-0000-0000-0000-000000000003,470852ed-b70b-4f24-879a-6edb4193d8b6,3b9ffffd-ca39-4330-b08f-59cdb916323f,Travel,Operational expense,21591.95,2024-02-20,approved,2024-02-20 16:39:25,2024,2,1,8,1,0,0,8,False,False,False,False,False,False,False,False,True,False,9.98012215150692
80c4a6fb-3c4e-4b45-9e90-4f29a4d0ba62,00000000-0000-0000-0000-000000000003,470852ed-b70b-4f24-879a-6edb4193d8b6,33baaf1c-3618-44b5-b42a-4673992689f8,IT & Software,Operational expense,8751.56,2022-12-16,pending,2022-12-16 17:07:13,2022,12,4,50,4,0,0,0,True,False,False,False,False,False,False,False,False,False,9.077101507989557
6a776d21-7d2b-43a3-bee7-1307aee8ee15,00000000-0000-0000-0000-000000000003,7227b311-834f-4815-aa86-c5d464758be1,355d120a-98dd-4393-a62e-df5f4b8a455b,Maintenance,Operational expense,32359.12,2022-04-24,pending,2022-04-24 10:04:07,2022,4,2,16,6,1,0,3,False,False,False,True,False,False,False,False,False,False,10.384682079447382
a86a6611-3596-4da3-9f1c-103039b873a9,00000000-0000-0000-0000-000000000003,9b1ac5ce-ad4f-40d1-8b7c-0005176b143d,3b9ffffd-ca39-4330-b08f-59cdb916323f,Travel,Operational expense,4091.47,2022-02-21,approved,2022-02-21 18:03:52,2022,2,1,8,0,0,0,8,False,False,False,False,False,False,False,False,True,False,8.316903978735832
fe5bf6fe-c6e3-4e89-914f-5a0975b67641,00000000-0000-0000-0000-000000000002,5f6c98b4-4360-41ee-83a3-efc700651a04,09cd08c0-c83a-42f5-96cc-b9c13c2aa7e4,Office Supplies,Operational expense,45610.0,2022-06-27,approved,2022-06-27 18:28:33,2022,6,2,26,0,0,0,5,False,False,False,False,False,True,False,False,False,False,10.727904194481841
bc081eb2-189b-4610-98b5-0e9464997ce2,00000000-0000-0000-0000-000000000002,b961632b-814f-4481-946b-17a792487aa7,07274486-6344-4009-ae28-b9027a51f93f,Logistics,Operational expense,11917.21,2022-09-24,approved,2022-09-24 10:38:19,2022,9,3,38,5,1,0,2,False,False,True,False,False,False,False,False,False,False,9.385822761557796
95168cc4-aeab-4542-9aa7-7415c29a1d52,00000000-0000-0000-0000-000000000002,b961632b-814f-4481-946b-17a792487aa7,09cd08c0-c83a-42f5-96cc-b9c13c2aa7e4,Insurance,Operational expense,20975.11,2024-02-21,pending,2024-02-21 10:35:43,2024,2,1,8,2,0,0,1,False,True,False,False,False,False,False,False,False,False,9.951139450078212
9d57c403-ab05-4d7c-a7df-e33c1b837d95,00000000-0000-0000-0000-000000000002,b961632b-814f-4481-946b-17a792487aa7,9d2a5f48-38f2-46be-b733-c1b9f1c891c4,Marketing,Operational expense,44812.67,2023-01-06,approved,2023-01-06 13:16:39,2023,1,1,1,4,0,0,4,False,False,False,False,True,False,False,False,False,False,10.71026850578776
0bf62961-7b83-4f60-91a7-ec61d15fde52,00000000-0000-0000-0000-000000000003,9b1ac5ce-ad4f-40d1-8b7c-0005176b143d,9dd0c56d-a9cf-4c8d-a998-9df89eb48a85,Maintenance,Operational expense,34948.15,2022-08-31,approved,2022-08-31 08:20:00,2022,8,3,35,2,0,1,3,False,False,False,True,False,False,False,False,False,False,10.461649426908412
815f7554-2fdb-4eb5-bfc7-cc439b4d997e,00000000-0000-0000-0000-000000000002,b961632b-814f-4481-946b-17a792487aa7,f72410dd-3260-4ece-a477-1ae69ac1e84e,Logistics,Operational expense,2584.73,2024-02-01,pending,2024-02-01 10:53:31,2024,2,1,5,3,0,0,2,False,False,True,False,False,False,False,False,False,False,7.857763145528203
073d5410-081b-455c-bcc6-ea451075f62f,00000000-0000-0000-0000-000000000002,b961632b-814f-4481-946b-17a792487aa7,2afe7cda-5682-4c01-a59f-5f13090047f6,Insurance,Operational expense,35912.54,2022-08-11,approved,2022-08-11 10:57:27,2022,8,3,32,3,0,0,1,False,True,False,False,False,False,False,False,False,False,10.488869662144252
c04a6a1f-482d-4860-bd69-cc9566c602a4,00000000-0000-0000-0000-000000000003,470852ed-b70b-4f24-879a-6edb4193d8b6,79c1732a-a6d1-4565-b515-c59de4dbdfe5,Insurance,Operational expense,4638.6,2022-05-16,approved,2022-05-16 14:54:48,2022,5,2,20,0,0,0,1,False,True,False,False,False,False,False,False,False,False,8.442383434607722
1769d7a7-9782-4d42-9c9f-9d3ac502d9a7,00000000-0000-0000-0000-000000000003,7227b311-834f-4815-aa86-c5d464758be1,29998a31-9af5-4c58-9bfe-cde4f9a96969,Travel,Operational expense,15025.37,2023-08-22,pending,2023-08-22 08:06:26,2023,8,3,34,1,0,0,8,False,False,False,False,False,False,False,False,True,False,9.617561936611033
d807eb97-c007-4b0a-9a08-a1d4e6957b76,00000000-0000-0000-0000-000000000001,51fd3682-4888-4a55-92f7-281307c67941,eaefa70d-63c2-4537-b86d-2205b826bb2e,Insurance,Operational expense,3551.76,2024-07-11,approved,2024-07-11 14:12:46,2024,7,3,28,3,0,0,1,False,True,False,False,False,False,False,False,False,False,8.175480045189
b0717eed-1971-4ff1-bd4d-c087f68a1fb2,00000000-0000-0000-0000-000000000001,0eb66abb-0d5d-4e88-a3ff-16776e267d83,163b0e08-1801-4ae5-af8c-f287fbcdff7c,Logistics,Operational expense,34327.95,2024-04-20,approved,2024-04-20 08:47:26,2024,4,2,16,5,1,0,2,False,False,True,False,False,False,False,False,False,False,10.443744300490255
03e98acd-35c5-4347-8817-72d62ccd94f2,00000000-0000-0000-0000-000000000002,587616fd-ba60-493e-ba92-b68a61b5cdce,f72410dd-3260-4ece-a477-1ae69ac1e84e,Insurance,Operational expense,35905.1,2023-06-09,approved,2023-06-09 13:57:37,2023,6,2,23,4,0,0,1,False,True,False,False,False,False,False,False,False,False,10.488662476476748
55361145-9885-4931-a20a-ad4609ba998b,00000000-0000-0000-0000-000000000001,0eb66abb-0d5d-4e88-a3ff-16776e267d83,ea13a2c7-2a88-40f3-b073-4e507c524f18,Office Supplies,Operational expense,23859.65,2022-03-22,rejected,2022-03-22 15:19:54,2022,3,1,12,1,0,0,5,False,False,False,False,False,True,False,False,False,False,10.079985937527281
29727913-98d5-4df4-8e8b-dcd4a6a61f28,00000000-0000-0000-0000-000000000001,a01b7f2a-d4d0-48bf-bb89-c1040f55587a,4736f247-39f8-400c-b9ea-519dfbb485f6,Maintenance,Operational expense,43259.46,2024-11-27,approved,2024-11-27 08:39:52,2024,11,4,48,2,0,0,3,False,False,False,True,False,False,False,False,False,False,10.674994332830082
757fef37-7520-453d-9a42-898dc7605adc,00000000-0000-0000-0000-000000000001,a01b7f2a-d4d0-48bf-bb89-c1040f55587a,3f0519f3-383c-48a1-8609-f4b51fd5ecd4,Travel,Operational expense,36847.58,2024-08-27,pending,2024-08-27 11:58:39,2024,8,3,35,1,0,0,8,False,False,False,False,False,False,False,False,True,False,10.514572362275278
71615ba8-422f-4a9a-9e5e-bc438df0ca25,00000000-0000-0000-0000-000000000003,7227b311-834f-4815-aa86-c5d464758be1,045901bc-3a1a-4a0b-bd8b-876c218464f4,IT & Software,Operational expense,34723.79,2023-04-10,pending,2023-04-10 09:07:07,2023,4,2,15,0,0,0,0,True,False,False,False,False,False,False,False,False,False,10.45520912008806
0b7059ef-3b2c-4b23-9bf1-c647b0612e5d,00000000-0000-0000-0000-000000000001,0eb66abb-0d5d-4e88-a3ff-16776e267d83,7760d86e-b342-473c-8c64-b55d64aa491a,IT & Software,Operational expense,42685.89,2022-03-28,approved,2022-03-28 08:59:42,2022,3,1,13,0,0,0,0,True,False,False,False,False,False,False,False,False,False,10.661647126313534
050baa18-0efd-4fb6-9e0d-e0c186bef3a2,00000000-0000-0000-0000-000000000002,5f6c98b4-4360-41ee-83a3-efc700651a04,81c496fc-1d35-4405-9a7d-ae0a15104d5b,Maintenance,Operational expense,24304.54,2024-05-30,approved,2024-05-30 11:20:52,2024,5,2,22,3,0,0,3,False,False,False,True,False,False,False,False,False,False,10.098459586883436
5be52a3e-a0d3-4c14-a4e3-f0ac636d4977,00000000-0000-0000-0000-000000000001,51fd3682-4888-4a55-92f7-281307c67941,3f0519f3-383c-48a1-8609-f4b51fd5ecd4,Marketing,Operational expense,29016.11,2023-08-23,approved,2023-08-23 15:31:01,2023,8,3,34,2,0,0,4,False,False,False,False,True,False,False,False,False,False,10.27564093498704
3d2eda0c-ec8d-41fb-aa07-8f0334742bb0,00000000-0000-0000-0000-000000000001,a01b7f2a-d4d0-48bf-bb89-c1040f55587a,f0e9f4da-9ca0-492d-a21e-3f8a819f9184,Insurance,Operational expense,17131.34,2024-04-24,approved,2024-04-24 09:18:07,2024,4,2,17,2,0,0,1,False,True,False,False,False,False,False,False,False,False,9.748723184440738
3bb7db94-1993-4df8-92bd-e19d39d6ea7a,00000000-0000-0000-0000-000000000002,b961632b-814f-4481-946b-17a792487aa7,517d046e-f5e7-4244-8dab-e8995b9bfdc4,Office Supplies,Operational expense,16960.98,2024-06-15,approved,2024-06-15 13:25:43,2024,6,2,24,5,1,0,5,False,False,False,False,False,True,False,False,False,False,9.738729647814713
c4a61b16-95fb-4858-8d65-466c35531464,00000000-0000-0000-0000-000000000001,0eb66abb-0d5d-4e88-a3ff-16776e267d83,f17772cf-7a8e-4e04-aeef-8c148fe1a7e5,IT & Software,Operational expense,48470.95,2022-11-26,approved,2022-11-26 12:32:56,2022,11,4,47,5,1,0,0,True,False,False,False,False,False,False,False,False,False,10.788740559100939
0b7bcb5f-9938-4abf-8265-6872331a324c,00000000-0000-0000-0000-000000000001,51fd3682-4888-4a55-92f7-281307c67941,ea13a2c7-2a88-40f3-b073-4e507c524f18,Maintenance,Operational expense,35534.36,2023-11-25,approved,2023-11-25 08:41:48,2023,11,4,47,5,1,0,3,False,False,False,True,False,False,False,False,False,False,10.47828353606658
8328d0ab-65f7-403e-81bb-a341e8717fbc,00000000-0000-0000-0000-000000000001,51fd3682-4888-4a55-92f7-281307c67941,7760d86e-b342-473c-8c64-b55d64aa491a,Insurance,Operational expense,39026.66,2024-05-31,approved,2024-05-31 14:17:51,2024,5,2,22,4,0,1,1,False,True,False,False,False,False,False,False,False,False,10.572025904495725
