company_id,branch_id,expense_date_year,expense_date_month,category,total_expense,txn_count,avg_expense,expense_lag1,expense_roll3_mean
00000000-0000-0000-0000-000000000001,0eb66abb-0d5d-4e88-a3ff-16776e267d83,2022,1,IT & Software,10015.11,1,10015.11,,
00000000-0000-0000-0000-000000000001,a01b7f2a-d4d0-48bf-bb89-c1040f55587a,2022,1,IT & Software,81863.75,3,27287.916666666668,10015.11,10015.11
00000000-0000-0000-0000-000000000001,51fd3682-4888-4a55-92f7-281307c67941,2022,2,IT & Software,36761.119999999995,2,18380.559999999998,81863.75,45939.43
00000000-0000-0000-0000-000000000001,0eb66abb-0d5d-4e88-a3ff-16776e267d83,2022,3,IT & Software,74780.25,2,37390.125,36761.119999999995,42879.99333333333
00000000-0000-0000-0000-000000000001,a01b7f2a-d4d0-48bf-bb89-c1040f55587a,2022,3,IT & Software,36882.65,1,36882.65,74780.25,64468.37333333333
00000000-0000-0000-0000-000000000001,0eb66abb-0d5d-4e88-a3ff-16776e267d83,2022,4,IT & Software,11099.9,1,11099.9,36882.65,49474.67333333333
00000000-0000-0000-0000-000000000001,51fd3682-4888-4a55-92f7-281307c67941,2022,4,IT & Software,84742.61,4,21185.6525,11099.9,40920.933333333334
00000000-0000-0000-0000-000000000001,a01b7f2a-d4d0-48bf-bb89-c1040f55587a,2022,4,IT & Software,34187.25,1,34187.25,84742.61,44241.72
00000000-0000-0000-0000-000000000001,a01b7f2a-d4d0-48bf-bb89-c1040f55587a,2022,5,IT & Software,18865.46,1,18865.46,34187.25,43343.253333333334
00000000-0000-0000-0000-000000000001,0eb66abb-0d5d-4e88-a3ff-16776e267d83,2022,6,IT & Software,10933.26,1,10933.26,18865.46,45931.77333333334
00000000-0000-0000-0000-000000000001,51fd3682-4888-4a55-92f7-281307c67941,2022,7,IT & Software,27695.61,1,27695.61,10933.26,21328.656666666666
00000000-0000-0000-0000-000000000001,a01b7f2a-d4d0-48bf-bb89-c1040f55587a,2022,7,IT & Software,15741.66,1,15741.66,27695.61,19164.77666666667
00000000-0000-0000-0000-000000000001,0eb66abb-0d5d-4e88-a3ff-16776e267d83,2022,8,IT & Software,71925.43,3,23975.14333333333,15741.66,18123.51
00000000-0000-0000-0000-000000000001,51fd3682-4888-4a55-92f7-281307c67941,2022,8,IT & Software,10167.49,1,10167.49,71925.43,38454.23333333333
00000000-0000-0000-0000-000000000001,a01b7f2a-d4d0-48bf-bb89-c1040f55587a,2022,8,IT & Software,66513.87,3,22171.289999999997,10167.49,32611.52666666666
00000000-0000-0000-0000-000000000001,0eb66abb-0d5d-4e88-a3ff-16776e267d83,2022,9,IT & Software,8808.75,1,8808.75,66513.87,49535.59666666666
00000000-0000-0000-0000-000000000001,51fd3682-4888-4a55-92f7-281307c67941,2022,9,IT & Software,33501.04,1,33501.04,8808.75,28496.703333333327
00000000-0000-0000-0000-000000000001,a01b7f2a-d4d0-48bf-bb89-c1040f55587a,2022,9,IT & Software,2314.52,1,2314.52,33501.04,36274.55333333332
00000000-0000-0000-0000-000000000001,0eb66abb-0d5d-4e88-a3ff-16776e267d83,2022,10,IT & Software,21677.5,2,10838.75,2314.52,14874.769999999995
00000000-0000-0000-0000-000000000001,51fd3682-4888-4a55-92f7-281307c67941,2022,10,IT & Software,50291.31,2,25145.655,21677.5,19164.35333333333
00000000-0000-0000-0000-000000000001,0eb66abb-0d5d-4e88-a3ff-16776e267d83,2022,11,IT & Software,94916.72,2,47458.36,50291.31,24761.109999999997
00000000-0000-0000-0000-000000000001,51fd3682-4888-4a55-92f7-281307c67941,2022,11,IT & Software,20237.91,1,20237.91,94916.72,55628.50999999999
00000000-0000-0000-0000-000000000001,a01b7f2a-d4d0-48bf-bb89-c1040f55587a,2022,11,IT & Software,48613.81,1,48613.81,20237.91,55148.64666666666
00000000-0000-0000-0000-000000000001,0eb66abb-0d5d-4e88-a3ff-16776e267d83,2022,12,IT & Software,48810.100000000006,2,24405.050000000003,48613.81,54589.48
00000000-0000-0000-0000-000000000001,a01b7f2a-d4d0-48bf-bb89-c1040f55587a,2022,12,IT & Software,23048.24,1,23048.24,48810.100000000006,39220.60666666667
00000000-0000-0000-0000-000000000001,0eb66abb-0d5d-4e88-a3ff-16776e267d83,2023,1,IT & Software,35435.18,1,35435.18,23048.24,40157.38333333333
00000000-0000-0000-0000-000000000001,51fd3682-4888-4a55-92f7-281307c67941,2023,1,IT & Software,2875.39,1,2875.39,35435.18,35764.50666666666
00000000-0000-0000-0000-000000000001,0eb66abb-0d5d-4e88-a3ff-16776e267d83,2023,2,IT & Software,11089.33,1,11089.33,2875.39,20452.93666666666
00000000-0000-0000-0000-000000000001,51fd3682-4888-4a55-92f7-281307c67941,2023,2,IT & Software,33365.1,1,33365.1,11089.33,16466.633333333328
00000000-0000-0000-0000-000000000001,a01b7f2a-d4d0-48bf-bb89-c1040f55587a,2023,2,IT & Software,2762.44,1,2762.44,33365.1,15776.606666666661
00000000-0000-0000-0000-000000000001,0eb66abb-0d5d-4e88-a3ff-16776e267d83,2023,3,IT & Software,48894.44,1,48894.44,2762.44,15738.956666666663
00000000-0000-0000-0000-000000000001,0eb66abb-0d5d-4e88-a3ff-16776e267d83,2023,4,IT & Software,10320.88,1,10320.88,48894.44,28340.659999999993
00000000-0000-0000-0000-000000000001,51fd3682-4888-4a55-92f7-281307c67941,2023,4,IT & Software,1192.39,1,1192.39,10320.88,20659.25333333333
00000000-0000-0000-0000-000000000001,a01b7f2a-d4d0-48bf-bb89-c1040f55587a,2023,4,IT & Software,58399.17,2,29199.585,1192.39,20135.90333333333
00000000-0000-0000-0000-000000000001,51fd3682-4888-4a55-92f7-281307c67941,2023,5,IT & Software,40035.92,1,40035.92,58399.17,23304.146666666657
00000000-0000-0000-0000-000000000001,0eb66abb-0d5d-4e88-a3ff-16776e267d83,2023,6,IT & Software,101901.70999999999,3,33967.236666666664,40035.92,33209.159999999996
00000000-0000-0000-0000-000000000001,51fd3682-4888-4a55-92f7-281307c67941,2023,6,IT & Software,29151.23,1,29151.23,101901.70999999999,66778.93333333333
00000000-0000-0000-0000-000000000001,a01b7f2a-d4d0-48bf-bb89-c1040f55587a,2023,6,IT & Software,46736.9,2,23368.45,29151.23,57029.619999999995
00000000-0000-0000-0000-000000000001,a01b7f2a-d4d0-48bf-bb89-c1040f55587a,2023,7,IT & Software,42538.47,1,42538.47,46736.9,59263.27999999999
00000000-0000-0000-0000-000000000001,0eb66abb-0d5d-4e88-a3ff-16776e267d83,2023,8,IT & Software,18375.9,1,18375.9,42538.47,39475.53333333333
00000000-0000-0000-0000-000000000001,51fd3682-4888-4a55-92f7-281307c67941,2023,8,IT & Software,119619.93000000001,5,23923.986,18375.9,35883.75666666666
00000000-0000-0000-0000-000000000001,a01b7f2a-d4d0-48bf-bb89-c1040f55587a,2023,8,IT & Software,58430.45,3,19476.816666666666,119619.93000000001,60178.1
00000000-0000-0000-0000-000000000001,0eb66abb-0d5d-4e88-a3ff-16776e267d83,2023,9,IT & Software,36645.45,1,36645.45,58430.45,65475.426666666666
00000000-0000-0000-0000-000000000001,51fd3682-4888-4a55-92f7-281307c67941,2023,9,IT & Software,61741.69,2,30870.845,36645.45,71565.27666666667
00000000-0000-0000-0000-000000000001,0eb66abb-0d5d-4e88-a3ff-16776e267d83,2023,11,IT & Software,42179.65,2,21089.825,61741.69,52272.52999999999
00000000-0000-0000-0000-000000000001,51fd3682-4888-4a55-92f7-281307c67941,2023,11,IT & Software,36779.69,1,36779.69,42179.65,46855.59666666666
00000000-0000-0000-0000-000000000001,a01b7f2a-d4d0-48bf-bb89-c1040f55587a,2023,11,IT & Software,24800.81,1,24800.81,36779.69,46900.34333333333
00000000-0000-0000-0000-000000000001,51fd3682-4888-4a55-92f7-281307c67941,2023,12,IT & Software,61660.17,2,30830.085,24800.81,34586.71666666667
00000000-0000-0000-0000-000000000001,a01b7f2a-d4d0-48bf-bb89-c1040f55587a,2023,12,IT & Software,79129.59,3,26376.53,61660.17,41080.22333333333
00000000-0000-0000-0000-000000000001,a01b7f2a-d4d0-48bf-bb89-c1040f55587a,2024,1,IT & Software,21276.33,1,21276.33,79129.59,55196.85666666666
00000000-0000-0000-0000-000000000001,51fd3682-4888-4a55-92f7-281307c67941,2024,2,IT & Software,23641.17,1,23641.17,21276.33,54022.02999999999
00000000-0000-0000-0000-000000000001,0eb66abb-0d5d-4e88-a3ff-16776e267d83,2024,4,IT & Software,44432.5,1,44432.5,23641.17,41349.02999999999
00000000-0000-0000-0000-000000000001,0eb66abb-0d5d-4e88-a3ff-16776e267d83,2024,5,IT & Software,80187.81,2,40093.905,44432.5,29783.33333333333
00000000-0000-0000-0000-000000000001,a01b7f2a-d4d0-48bf-bb89-c1040f55587a,2024,6,IT & Software,7875.56,1,7875.56,80187.81,49420.493333333325
00000000-0000-0000-0000-000000000001,0eb66abb-0d5d-4e88-a3ff-16776e267d83,2024,7,IT & Software,1205.37,1,1205.37,7875.56,44165.29
00000000-0000-0000-0000-000000000001,51fd3682-4888-4a55-92f7-281307c67941,2024,7,IT & Software,49740.83,1,49740.83,1205.37,29756.246666666662
00000000-0000-0000-0000-000000000001,0eb66abb-0d5d-4e88-a3ff-16776e267d83,2024,8,IT & Software,27501.7,1,27501.7,49740.83,19607.25333333333
00000000-0000-0000-0000-000000000001,51fd3682-4888-4a55-92f7-281307c67941,2024,8,IT & Software,39076.93,1,39076.93,27501.7,26149.3
00000000-0000-0000-0000-000000000001,a01b7f2a-d4d0-48bf-bb89-c1040f55587a,2024,8,IT & Software,39237.41,1,39237.41,39076.93,38773.15333333333
00000000-0000-0000-0000-000000000001,0eb66abb-0d5d-4e88-a3ff-16776e267d83,2024,9,IT & Software,50305.340000000004,2,25152.670000000002,39237.41,35272.01333333333
00000000-0000-0000-0000-000000000001,0eb66abb-0d5d-4e88-a3ff-16776e267d83,2024,10,IT & Software,30584.58,1,30584.58,50305.340000000004,42873.22666666666
00000000-0000-0000-0000-000000000001,51fd3682-4888-4a55-92f7-281307c67941,2024,10,IT & Software,4935.28,1,4935.28,30584.58,40042.44333333333
00000000-0000-0000-0000-000000000001,0eb66abb-0d5d-4e88-a3ff-16776e267d83,2024,11,IT & Software,3031.61,1,3031.61,4935.28,28608.399999999998
00000000-0000-0000-0000-000000000001,0eb66abb-0d5d-4e88-a3ff-16776e267d83,2022,1,Insurance,58628.28,2,29314.14,,
00000000-0000-0000-0000-000000000001,51fd3682-4888-4a55-92f7-281307c67941,2022,1,Insurance,32711.1,2,16355.55,58628.28,58628.28
00000000-0000-0000-0000-000000000001,a01b7f2a-d4d0-48bf-bb89-c1040f55587a,2022,1,Insurance,61992.100000000006,2,30996.050000000003,32711.1,45669.69
00000000-0000-0000-0000-000000000001,0eb66abb-0d5d-4e88-a3ff-16776e267d83,2022,2,Insurance,64980.34,2,32490.17,61992.100000000006,51110.49333333334
00000000-0000-0000-0000-000000000001,51fd3682-4888-4a55-92f7-281307c67941,2022,2,Insurance,53544.06,2,26772.03,64980.34,53227.84666666667
00000000-0000-0000-0000-000000000001,a01b7f2a-d4d0-48bf-bb89-c1040f55587a,2022,2,Insurance,45414.45,1,45414.45,53544.06,60172.166666666664
00000000-0000-0000-0000-000000000001,0eb66abb-0d5d-4e88-a3ff-16776e267d83,2022,3,Insurance,45130.44,1,45130.44,45414.45,54646.283333333326
00000000-0000-0000-0000-000000000001,0eb66abb-0d5d-4e88-a3ff-16776e267d83,2022,4,Insurance,24419.08,1,24419.08,45130.44,48029.649999999994
00000000-0000-0000-0000-000000000001,a01b7f2a-d4d0-48bf-bb89-c1040f55587a,2022,4,Insurance,12423.97,1,12423.97,24419.08,38321.323333333334
00000000-0000-0000-0000-000000000001,0eb66abb-0d5d-4e88-a3ff-16776e267d83,2022,5,Insurance,13704.66,1,13704.66,12423.97,27324.49666666667
00000000-0000-0000-0000-000000000001,a01b7f2a-d4d0-48bf-bb89-c1040f55587a,2022,5,Insurance,43638.09,1,43638.09,13704.66,16849.236666666668
00000000-0000-0000-0000-000000000001,a01b7f2a-d4d0-48bf-bb89-c1040f55587a,2022,6,Insurance,72894.5,2,36447.25,43638.09,23255.573333333334
00000000-0000-0000-0000-000000000001,0eb66abb-0d5d-4e88-a3ff-16776e267d83,2022,7,Insurance,45033.51,2,22516.755,72894.5,43412.416666666664
00000000-0000-0000-0000-000000000001,a01b7f2a-d4d0-48bf-bb89-c1040f55587a,2022,7,Insurance,20725.33,1,20725.33,45033.51,53855.36666666667
00000000-0000-0000-0000-000000000001,0eb66abb-0d5d-4e88-a3ff-16776e267d83,2022,8,Insurance,18583.97,1,18583.97,20725.33,46217.78
00000000-0000-0000-0000-000000000001,51fd3682-4888-4a55-92f7-281307c67941,2022,8,Insurance,35565.97,1,35565.97,18583.97,28114.27
00000000-0000-0000-0000-000000000001,0eb66abb-0d5d-4e88-a3ff-16776e267d83,2022,9,Insurance,45209.61,1,45209.61,35565.97,24958.423333333336
00000000-0000-0000-0000-000000000001,51fd3682-4888-4a55-92f7-281307c67941,2022,9,Insurance,62741.630000000005,3,20913.876666666667,45209.61,33119.85
00000000-0000-0000-0000-000000000001,a01b7f2a-d4d0-48bf-bb89-c1040f55587a,2022,9,Insurance,43930.39,1,43930.39,62741.630000000005,47839.07000000001
00000000-0000-0000-0000-000000000001,0eb66abb-0d5d-4e88-a3ff-16776e267d83,2022,10,Insurance,21034.55,1,21034.55,43930.39,50627.21
00000000-0000-0000-0000-000000000001,51fd3682-4888-4a55-92f7-281307c67941,2022,10,Insurance,12789.03,1,12789.03,21034.55,42568.85666666667
00000000-0000-0000-0000-000000000001,a01b7f2a-d4d0-48bf-bb89-c1040f55587a,2022,11,Insurance,46784.73,1,46784.73,12789.03,25917.99
00000000-0000-0000-0000-000000000001,51fd3682-4888-4a55-92f7-281307c67941,2022,12,Insurance,53439.439999999995,2,26719.719999999998,46784.73,26869.436666666665
00000000-0000-0000-0000-000000000001,a01b7f2a-d4d0-48bf-bb89-c1040f55587a,2022,12,Insurance,59271.22,2,29635.61,53439.439999999995,37671.066666666666
00000000-0000-0000-0000-000000000001,51fd3682-4888-4a55-92f7-281307c67941,2023,1,Insurance,34293.16,1,34293.16,59271.22,53165.130000000005
00000000-0000-0000-0000-000000000001,a01b7f2a-d4d0-48bf-bb89-c1040f55587a,2023,1,Insurance,78528.19,3,26176.063333333335,34293.16,49001.27333333334
00000000-0000-0000-0000-000000000001,a01b7f2a-d4d0-48bf-bb89-c1040f55587a,2023,2,Insurance,31858.39,1,31858.39,78528.19,57364.19
00000000-0000-0000-0000-000000000001,0eb66abb-0d5d-4e88-a3ff-16776e267d83,2023,3,Insurance,38304.11,1,38304.11,31858.39,48226.579999999994
00000000-0000-0000-0000-000000000001,51fd3682-4888-4a55-92f7-281307c67941,2023,3,Insurance,37258.33,2,18629.165,38304.11,49563.56333333333
00000000-0000-0000-0000-000000000001,a01b7f2a-d4d0-48bf-bb89-c1040f55587a,2023,3,Insurance,27986.42,1,27986.42,37258.33,35806.943333333336
00000000-0000-0000-0000-000000000001,0eb66abb-0d5d-4e88-a3ff-16776e267d83,2023,4,Insurance,59734.42,3,19911.47333333333,27986.42,34516.28666666667
00000000-0000-0000-0000-000000000001,51fd3682-4888-4a55-92f7-281307c67941,2023,4,Insurance,3320.02,1,3320.02,59734.42,41659.723333333335
00000000-0000-0000-0000-000000000001,a01b7f2a-d4d0-48bf-bb89-c1040f55587a,2023,4,Insurance,29480.21,1,29480.21,3320.02,30346.953333333335
00000000-0000-0000-0000-000000000001,0eb66abb-0d5d-4e88-a3ff-16776e267d83,2023,5,Insurance,24581.44,1,24581.44,29480.21,30844.88333333333
00000000-0000-0000-0000-000000000001,a01b7f2a-d4d0-48bf-bb89-c1040f55587a,2023,6,Insurance,6500.83,1,6500.83,24581.44,19127.22333333333
00000000-0000-0000-0000-000000000001,a01b7f2a-d4d0-48bf-bb89-c1040f55587a,2023,7,Insurance,45854.01,1,45854.01,6500.83,20187.493333333336
00000000-0000-0000-0000-000000000001,51fd3682-4888-4a55-92f7-281307c67941,2023,8,Insurance,65394.69,3,21798.23,45854.01,25645.426666666666
00000000-0000-0000-0000-000000000001,a01b7f2a-d4d0-48bf-bb89-c1040f55587a,2023,8,Insurance,31498.839999999997,2,15749.419999999998,65394.69,39249.84333333333
00000000-0000-0000-0000-000000000001,0eb66abb-0d5d-4e88-a3ff-16776e267d83,2023,9,Insurance,17062.11,1,17062.11,31498.839999999997,47582.513333333336
00000000-0000-0000-0000-000000000001,a01b7f2a-d4d0-48bf-bb89-c1040f55587a,2023,10,Insurance,18078.19,1,18078.19,17062.11,37985.21333333334
00000000-0000-0000-0000-000000000001,0eb66abb-0d5d-4e88-a3ff-16776e267d83,2023,11,Insurance,42026.63,1,42026.63,18078.19,22213.046666666665
00000000-0000-0000-0000-000000000001,51fd3682-4888-4a55-92f7-281307c67941,2023,11,Insurance,30756.67,1,30756.67,42026.63,25722.31
00000000-0000-0000-0000-000000000001,0eb66abb-0d5d-4e88-a3ff-16776e267d83,2023,12,Insurance,22124.87,1,22124.87,30756.67,30287.163333333334
00000000-0000-0000-0000-000000000001,51fd3682-4888-4a55-92f7-281307c67941,2023,12,Insurance,12289.38,1,12289.38,22124.87,31636.056666666667
00000000-0000-0000-0000-000000000001,a01b7f2a-d4d0-48bf-bb89-c1040f55587a,2023,12,Insurance,19049.98,2,9524.99,12289.38,21723.640000000003
00000000-0000-0000-0000-000000000001,51fd3682-4888-4a55-92f7-281307c67941,2024,1,Insurance,36886.39,2,18443.195,19049.98,17821.410000000003
00000000-0000-0000-0000-000000000001,51fd3682-4888-4a55-92f7-281307c67941,2024,2,Insurance,16666.54,1,16666.54,36886.39,22741.91666666667
00000000-0000-0000-0000-000000000001,0eb66abb-0d5d-4e88-a3ff-16776e267d83,2024,3,Insurance,19533.85,1,19533.85,16666.54,24200.970000000005
00000000-0000-0000-0000-000000000001,a01b7f2a-d4d0-48bf-bb89-c1040f55587a,2024,3,Insurance,29821.1,1,29821.1,19533.85,24362.260000000006
00000000-0000-0000-0000-000000000001,0eb66abb-0d5d-4e88-a3ff-16776e267d83,2024,4,Insurance,19817.77,1,19817.77,29821.1,22007.16333333334
00000000-0000-0000-0000-000000000001,51fd3682-4888-4a55-92f7-281307c67941,2024,4,Insurance,42428.509999999995,2,21214.254999999997,19817.77,23057.573333333337
00000000-0000-0000-0000-000000000001,a01b7f2a-d4d0-48bf-bb89-c1040f55587a,2024,4,Insurance,17131.34,1,17131.34,42428.509999999995,30689.126666666667
00000000-0000-0000-0000-000000000001,51fd3682-4888-4a55-92f7-281307c67941,2024,5,Insurance,85789.18,2,42894.59,17131.34,26459.20666666667
00000000-0000-0000-0000-000000000001,a01b7f2a-d4d0-48bf-bb89-c1040f55587a,2024,5,Insurance,71039.75,4,17759.9375,85789.18,48449.676666666666
00000000-0000-0000-0000-000000000001,51fd3682-4888-4a55-92f7-281307c67941,2024,6,Insurance,3007.4,1,3007.4,71039.75,57986.756666666675
00000000-0000-0000-0000-000000000001,a01b7f2a-d4d0-48bf-bb89-c1040f55587a,2024,6,Insurance,66240.07,2,33120.035,3007.4,53278.77666666667
00000000-0000-0000-0000-000000000001,51fd3682-4888-4a55-92f7-281307c67941,2024,7,Insurance,39745.22,2,19872.61,66240.07,46762.40666666668
00000000-0000-0000-0000-000000000001,0eb66abb-0d5d-4e88-a3ff-16776e267d83,2024,8,Insurance,16941.88,1,16941.88,39745.22,36330.896666666675
00000000-0000-0000-0000-000000000001,51fd3682-4888-4a55-92f7-281307c67941,2024,8,Insurance,9965.95,1,9965.95,16941.88,40975.72333333334
00000000-0000-0000-0000-000000000001,a01b7f2a-d4d0-48bf-bb89-c1040f55587a,2024,8,Insurance,48598.9,1,48598.9,9965.95,22217.683333333338
00000000-0000-0000-0000-000000000001,0eb66abb-0d5d-4e88-a3ff-16776e267d83,2024,9,Insurance,14484.0,1,14484.0,48598.9,25168.910000000003
00000000-0000-0000-0000-000000000001,51fd3682-4888-4a55-92f7-281307c67941,2024,9,Insurance,22235.2,1,22235.2,14484.0,24349.61666666667
00000000-0000-0000-0000-000000000001,a01b7f2a-d4d0-48bf-bb89-c1040f55587a,2024,9,Insurance,4148.01,1,4148.01,22235.2,28439.366666666672
00000000-0000-0000-0000-000000000001,0eb66abb-0d5d-4e88-a3ff-16776e267d83,2024,10,Insurance,47995.82,1,47995.82,4148.01,13622.403333333337
00000000-0000-0000-0000-000000000001,51fd3682-4888-4a55-92f7-281307c67941,2024,10,Insurance,28010.59,1,28010.59,47995.82,24793.010000000006
00000000-0000-0000-0000-000000000001,a01b7f2a-d4d0-48bf-bb89-c1040f55587a,2024,10,Insurance,21756.93,1,21756.93,28010.59,26718.140000000003
00000000-0000-0000-0000-000000000001,0eb66abb-0d5d-4e88-a3ff-16776e267d83,2024,11,Insurance,26052.55,2,13026.275,21756.93,32587.780000000002
00000000-0000-0000-0000-000000000001,51fd3682-4888-4a55-92f7-281307c67941,2024,11,Insurance,6188.77,1,6188.77,26052.55,25273.35666666667
00000000-0000-0000-0000-000000000001,a01b7f2a-d4d0-48bf-bb89-c1040f55587a,2024,11,Insurance,49791.65,1,49791.65,6188.77,17999.41666666667
00000000-0000-0000-0000-000000000001,51fd3682-4888-4a55-92f7-281307c67941,2024,12,Insurance,50096.229999999996,2,25048.114999999998,49791.65,27344.323333333337
00000000-0000-0000-0000-000000000001,a01b7f2a-d4d0-48bf-bb89-c1040f55587a,2024,12,Insurance,37289.14,1,37289.14,50096.229999999996,35358.88333333334
00000000-0000-0000-0000-000000000001,0eb66abb-0d5d-4e88-a3ff-16776e267d83,2022,1,Logistics,26657.76,1,26657.76,,
00000000-0000-0000-0000-000000000001,51fd3682-4888-4a55-92f7-281307c67941,2022,1,Logistics,42401.77,1,42401.77,26657.76,26657.76
00000000-0000-0000-0000-000000000001,a01b7f2a-d4d0-48bf-bb89-c1040f55587a,2022,1,Logistics,27224.31,2,13612.155,42401.77,34529.765
00000000-0000-0000-0000-000000000001,51fd3682-4888-4a55-92f7-281307c67941,2022,2,Logistics,7920.14,1,7920.14,27224.31,32094.61333333333
00000000-0000-0000-0000-000000000001,0eb66abb-0d5d-4e88-a3ff-16776e267d83,2022,3,Logistics,47026.55,2,23513.275,7920.14,25848.74
00000000-0000-0000-0000-000000000001,51fd3682-4888-4a55-92f7-281307c67941,2022,3,Logistics,33350.41,1,33350.41,47026.55,27390.333333333332
00000000-0000-0000-0000-000000000001,a01b7f2a-d4d0-48bf-bb89-c1040f55587a,2022,3,Logistics,16444.53,1,16444.53,33350.41,29432.36666666667
00000000-0000-0000-0000-000000000001,0eb66abb-0d5d-4e88-a3ff-16776e267d83,2022,4,Logistics,6723.13,1,6723.13,16444.53,32273.83
00000000-0000-0000-0000-000000000001,51fd3682-4888-4a55-92f7-281307c67941,2022,4,Logistics,38611.14,2,19305.57,6723.13,18839.356666666663
00000000-0000-0000-0000-000000000001,0eb66abb-0d5d-4e88-a3ff-16776e267d83,2022,5,Logistics,19305.83,1,19305.83,38611.14,20592.93333333333
00000000-0000-0000-0000-000000000001,51fd3682-4888-4a55-92f7-281307c67941,2022,5,Logistics,41873.45,3,13957.816666666666,19305.83,21546.699999999997
00000000-0000-0000-0000-000000000001,0eb66abb-0d5d-4e88-a3ff-16776e267d83,2022,6,Logistics,85566.04,3,28522.013333333332,41873.45,33263.47333333333
00000000-0000-0000-0000-000000000001,51fd3682-4888-4a55-92f7-281307c67941,2022,6,Logistics,4435.71,1,4435.71,85566.04,48915.10666666667
00000000-0000-0000-0000-000000000001,a01b7f2a-d4d0-48bf-bb89-c1040f55587a,2022,6,Logistics,35956.25,1,35956.25,4435.71,43958.399999999994
00000000-0000-0000-0000-000000000001,0eb66abb-0d5d-4e88-a3ff-16776e267d83,2022,7,Logistics,17887.88,1,17887.88,35956.25,41986.0
00000000-0000-0000-0000-000000000001,0eb66abb-0d5d-4e88-a3ff-16776e267d83,2022,8,Logistics,23059.35,1,23059.35,17887.88,19426.61333333333
00000000-0000-0000-0000-000000000001,51fd3682-4888-4a55-92f7-281307c67941,2022,8,Logistics,37675.76,1,37675.76,23059.35,25634.493333333332
00000000-0000-0000-0000-000000000001,51fd3682-4888-4a55-92f7-281307c67941,2022,9,Logistics,3049.81,1,3049.81,37675.76,26207.663333333334
00000000-0000-0000-0000-000000000001,0eb66abb-0d5d-4e88-a3ff-16776e267d83,2022,10,Logistics,23844.21,1,23844.21,3049.81,21261.64
00000000-0000-0000-0000-000000000001,51fd3682-4888-4a55-92f7-281307c67941,2022,11,Logistics,96170.05,3,32056.683333333334,23844.21,21523.260000000006
00000000-0000-0000-0000-000000000001,0eb66abb-0d5d-4e88-a3ff-16776e267d83,2022,12,Logistics,23562.899999999998,2,11781.449999999999,96170.05,41021.35666666667
00000000-0000-0000-0000-000000000001,51fd3682-4888-4a55-92f7-281307c67941,2022,12,Logistics,16158.44,1,16158.44,23562.899999999998,47859.05333333334
00000000-0000-0000-0000-000000000001,0eb66abb-0d5d-4e88-a3ff-16776e267d83,2023,1,Logistics,67679.53,3,22559.843333333334,16158.44,45297.130000000005
00000000-0000-0000-0000-000000000001,a01b7f2a-d4d0-48bf-bb89-c1040f55587a,2023,1,Logistics,7776.56,1,7776.56,67679.53,35800.29
00000000-0000-0000-0000-000000000001,0eb66abb-0d5d-4e88-a3ff-16776e267d83,2023,2,Logistics,23277.7,1,23277.7,7776.56,30538.176666666666
00000000-0000-0000-0000-000000000001,51fd3682-4888-4a55-92f7-281307c67941,2023,2,Logistics,41104.29,1,41104.29,23277.7,32911.263333333336
00000000-0000-0000-0000-000000000001,0eb66abb-0d5d-4e88-a3ff-16776e267d83,2023,5,Logistics,17161.77,1,17161.77,41104.29,24052.850000000002
00000000-0000-0000-0000-000000000001,51fd3682-4888-4a55-92f7-281307c67941,2023,5,Logistics,92583.11,2,46291.555,17161.77,27181.253333333338
00000000-0000-0000-0000-000000000001,0eb66abb-0d5d-4e88-a3ff-16776e267d83,2023,6,Logistics,18276.45,1,18276.45,92583.11,50283.05666666667
00000000-0000-0000-0000-000000000001,51fd3682-4888-4a55-92f7-281307c67941,2023,6,Logistics,42632.72,2,21316.36,18276.45,42673.776666666665
00000000-0000-0000-0000-000000000001,0eb66abb-0d5d-4e88-a3ff-16776e267d83,2023,7,Logistics,16146.93,1,16146.93,42632.72,51164.09333333333
00000000-0000-0000-0000-000000000001,51fd3682-4888-4a55-92f7-281307c67941,2023,7,Logistics,17947.1,1,17947.1,16146.93,25685.36666666667
00000000-0000-0000-0000-000000000001,51fd3682-4888-4a55-92f7-281307c67941,2023,8,Logistics,22552.89,2,11276.445,17947.1,25575.583333333332
00000000-0000-0000-0000-000000000001,a01b7f2a-d4d0-48bf-bb89-c1040f55587a,2023,8,Logistics,20382.51,1,20382.51,22552.89,18882.306666666667
00000000-0000-0000-0000-000000000001,0eb66abb-0d5d-4e88-a3ff-16776e267d83,2023,9,Logistics,67635.16,4,16908.79,20382.51,20294.166666666668
00000000-0000-0000-0000-000000000001,51fd3682-4888-4a55-92f7-281307c67941,2023,9,Logistics,28411.38,1,28411.38,67635.16,36856.85333333333
00000000-0000-0000-0000-000000000001,a01b7f2a-d4d0-48bf-bb89-c1040f55587a,2023,9,Logistics,38299.04,2,19149.52,28411.38,38809.683333333334
00000000-0000-0000-0000-000000000001,51fd3682-4888-4a55-92f7-281307c67941,2023,10,Logistics,47958.68,2,23979.34,38299.04,44781.86000000001
00000000-0000-0000-0000-000000000001,0eb66abb-0d5d-4e88-a3ff-16776e267d83,2023,11,Logistics,13482.07,1,13482.07,47958.68,38223.03333333333
00000000-0000-0000-0000-000000000001,a01b7f2a-d4d0-48bf-bb89-c1040f55587a,2023,11,Logistics,44126.53,1,44126.53,13482.07,33246.596666666665
00000000-0000-0000-0000-000000000001,51fd3682-4888-4a55-92f7-281307c67941,2023,12,Logistics,54292.990000000005,2,27146.495000000003,44126.53,35189.09333333333
00000000-0000-0000-0000-000000000001,51fd3682-4888-4a55-92f7-281307c67941,2024,1,Logistics,17547.53,2,8773.765,54292.990000000005,37300.53
00000000-0000-0000-0000-000000000001,a01b7f2a-d4d0-48bf-bb89-c1040f55587a,2024,1,Logistics,46294.57,2,23147.285,17547.53,38655.68333333333
00000000-0000-0000-0000-000000000001,51fd3682-4888-4a55-92f7-281307c67941,2024,3,Logistics,35300.27,1,35300.27,46294.57,39378.363333333335
00000000-0000-0000-0000-000000000001,0eb66abb-0d5d-4e88-a3ff-16776e267d83,2024,4,Logistics,44747.409999999996,2,22373.704999999998,35300.27,33047.456666666665
00000000-0000-0000-0000-000000000001,a01b7f2a-d4d0-48bf-bb89-c1040f55587a,2024,5,Logistics,43122.46,2,21561.23,44747.409999999996,42114.083333333336
00000000-0000-0000-0000-000000000001,0eb66abb-0d5d-4e88-a3ff-16776e267d83,2024,6,Logistics,25579.03,2,12789.515,43122.46,41056.713333333326
00000000-0000-0000-0000-000000000001,0eb66abb-0d5d-4e88-a3ff-16776e267d83,2024,7,Logistics,54495.04,2,27247.52,25579.03,37816.299999999996
00000000-0000-0000-0000-000000000001,51fd3682-4888-4a55-92f7-281307c67941,2024,7,Logistics,5423.9,1,5423.9,54495.04,41065.51
00000000-0000-0000-0000-000000000001,a01b7f2a-d4d0-48bf-bb89-c1040f55587a,2024,7,Logistics,30793.14,2,15396.57,5423.9,28499.323333333334
00000000-0000-0000-0000-000000000001,51fd3682-4888-4a55-92f7-281307c67941,2024,8,Logistics,14016.84,1,14016.84,30793.14,30237.36
00000000-0000-0000-0000-000000000001,a01b7f2a-d4d0-48bf-bb89-c1040f55587a,2024,8,Logistics,69739.68,2,34869.84,14016.84,16744.626666666667
00000000-0000-0000-0000-000000000001,0eb66abb-0d5d-4e88-a3ff-16776e267d83,2024,9,Logistics,72733.1,4,18183.275,69739.68,38183.22
00000000-0000-0000-0000-000000000001,a01b7f2a-d4d0-48bf-bb89-c1040f55587a,2024,9,Logistics,33676.01,2,16838.005,72733.1,52163.206666666665
00000000-0000-0000-0000-000000000001,0eb66abb-0d5d-4e88-a3ff-16776e267d83,2024,10,Logistics,23595.28,1,23595.28,33676.01,58716.263333333336
00000000-0000-0000-0000-000000000001,0eb66abb-0d5d-4e88-a3ff-16776e267d83,2024,11,Logistics,26206.67,1,26206.67,23595.28,43334.79666666667
00000000-0000-0000-0000-000000000001,51fd3682-4888-4a55-92f7-281307c67941,2024,11,Logistics,46336.26,2,23168.13,26206.67,27825.986666666675
00000000-0000-0000-0000-000000000001,a01b7f2a-d4d0-48bf-bb89-c1040f55587a,2024,11,Logistics,49865.7,1,49865.7,46336.26,32046.070000000007
00000000-0000-0000-0000-000000000001,0eb66abb-0d5d-4e88-a3ff-16776e267d83,2024,12,Logistics,3784.74,1,3784.74,49865.7,40802.87666666667
00000000-0000-0000-0000-000000000001,51fd3682-4888-4a55-92f7-281307c67941,2024,12,Logistics,114085.18,3,38028.39333333333,3784.74,33328.9
00000000-0000-0000-0000-000000000001,a01b7f2a-d4d0-48bf-bb89-c1040f55587a,2024,12,Logistics,87468.13,4,21867.0325,114085.18,55911.87333333333
00000000-0000-0000-0000-000000000001,0eb66abb-0d5d-4e88-a3ff-16776e267d83,2022,1,Maintenance,60032.82,2,30016.41,,
00000000-0000-0000-0000-000000000001,51fd3682-4888-4a55-92f7-281307c67941,2022,1,Maintenance,28921.28,1,28921.28,60032.82,60032.82
00000000-0000-0000-0000-000000000001,a01b7f2a-d4d0-48bf-bb89-c1040f55587a,2022,1,Maintenance,10087.19,1,10087.19,28921.28,44477.05
00000000-0000-0000-0000-000000000001,51fd3682-4888-4a55-92f7-281307c67941,2022,2,Maintenance,21150.05,1,21150.05,10087.19,33013.76333333333
00000000-0000-0000-0000-000000000001,0eb66abb-0d5d-4e88-a3ff-16776e267d83,2022,3,Maintenance,75291.85,2,37645.925,21150.05,20052.84
00000000-0000-0000-0000-000000000001,51fd3682-4888-4a55-92f7-281307c67941,2022,3,Maintenance,9657.66,1,9657.66,75291.85,35509.69666666666
00000000-0000-0000-0000-000000000001,a01b7f2a-d4d0-48bf-bb89-c1040f55587a,2022,3,Maintenance,68009.29000000001,3,22669.763333333336,9657.66,35366.52
00000000-0000-0000-0000-000000000001,51fd3682-4888-4a55-92f7-281307c67941,2022,4,Maintenance,9997.52,1,9997.52,68009.29000000001,50986.26666666667
00000000-0000-0000-0000-000000000001,a01b7f2a-d4d0-48bf-bb89-c1040f55587a,2022,4,Maintenance,71045.14,2,35522.57,9997.52,29221.490000000005
00000000-0000-0000-0000-000000000001,0eb66abb-0d5d-4e88-a3ff-16776e267d83,2022,5,Maintenance,30019.59,1,30019.59,71045.14,49683.98333333334
00000000-0000-0000-0000-000000000001,51fd3682-4888-4a55-92f7-281307c67941,2022,5,Maintenance,41722.979999999996,2,20861.489999999998,30019.59,37020.75
00000000-0000-0000-0000-000000000001,a01b7f2a-d4d0-48bf-bb89-c1040f55587a,2022,5,Maintenance,52613.68,3,17537.893333333333,41722.979999999996,47595.90333333333
00000000-0000-0000-0000-000000000001,51fd3682-4888-4a55-92f7-281307c67941,2022,6,Maintenance,39989.95,1,39989.95,52613.68,41452.083333333336
00000000-0000-0000-0000-000000000001,a01b7f2a-d4d0-48bf-bb89-c1040f55587a,2022,6,Maintenance,66351.33,2,33175.665,39989.95,44775.53666666666
00000000-0000-0000-0000-000000000001,51fd3682-4888-4a55-92f7-281307c67941,2022,7,Maintenance,8224.22,1,8224.22,66351.33,52984.98666666667
00000000-0000-0000-0000-000000000001,51fd3682-4888-4a55-92f7-281307c67941,2022,8,Maintenance,4731.26,1,4731.26,8224.22,38188.50000000001
00000000-0000-0000-0000-000000000001,a01b7f2a-d4d0-48bf-bb89-c1040f55587a,2022,8,Maintenance,17164.29,1,17164.29,4731.26,26435.603333333336
00000000-0000-0000-0000-000000000001,51fd3682-4888-4a55-92f7-281307c67941,2022,9,Maintenance,51355.58,2,25677.79,17164.29,10039.923333333334
00000000-0000-0000-0000-000000000001,0eb66abb-0d5d-4e88-a3ff-16776e267d83,2022,10,Maintenance,64297.87,2,32148.935,51355.58,24417.043333333335
00000000-0000-0000-0000-000000000001,51fd3682-4888-4a55-92f7-281307c67941,2022,10,Maintenance,36457.13,1,36457.13,64297.87,44272.579999999994
00000000-0000-0000-0000-000000000001,0eb66abb-0d5d-4e88-a3ff-16776e267d83,2022,11,Maintenance,42164.87,1,42164.87,36457.13,50703.52666666667
00000000-0000-0000-0000-000000000001,a01b7f2a-d4d0-48bf-bb89-c1040f55587a,2022,11,Maintenance,29076.18,2,14538.09,42164.87,47639.956666666665
00000000-0000-0000-0000-000000000001,51fd3682-4888-4a55-92f7-281307c67941,2022,12,Maintenance,29701.47,1,29701.47,29076.18,35899.39333333333
00000000-0000-0000-0000-000000000001,a01b7f2a-d4d0-48bf-bb89-c1040f55587a,2022,12,Maintenance,96944.26,3,32314.75333333333,29701.47,33647.50666666667
00000000-0000-0000-0000-000000000001,51fd3682-4888-4a55-92f7-281307c67941,2023,1,Maintenance,5704.14,1,5704.14,96944.26,51907.30333333334
00000000-0000-0000-0000-000000000001,0eb66abb-0d5d-4e88-a3ff-16776e267d83,2023,2,Maintenance,22566.45,1,22566.45,5704.14,44116.62333333333
00000000-0000-0000-0000-000000000001,a01b7f2a-d4d0-48bf-bb89-c1040f55587a,2023,2,Maintenance,48501.71,1,48501.71,22566.45,41738.28333333333
00000000-0000-0000-0000-000000000001,0eb66abb-0d5d-4e88-a3ff-16776e267d83,2023,5,Maintenance,74492.0,3,24830.666666666668,48501.71,25590.766666666663
00000000-0000-0000-0000-000000000001,51fd3682-4888-4a55-92f7-281307c67941,2023,5,Maintenance,83629.68,2,41814.84,74492.0,48520.05333333332
00000000-0000-0000-0000-000000000001,0eb66abb-0d5d-4e88-a3ff-16776e267d83,2023,6,Maintenance,44221.68,1,44221.68,83629.68,68874.46333333333
00000000-0000-0000-0000-000000000001,51fd3682-4888-4a55-92f7-281307c67941,2023,6,Maintenance,53142.850000000006,2,26571.425000000003,44221.68,67447.78666666667
00000000-0000-0000-0000-000000000001,0eb66abb-0d5d-4e88-a3ff-16776e267d83,2023,7,Maintenance,39183.24,1,39183.24,53142.850000000006,60331.40333333333
00000000-0000-0000-0000-000000000001,51fd3682-4888-4a55-92f7-281307c67941,2023,7,Maintenance,19653.18,1,19653.18,39183.24,45515.92333333333
00000000-0000-0000-0000-000000000001,a01b7f2a-d4d0-48bf-bb89-c1040f55587a,2023,7,Maintenance,18228.78,1,18228.78,19653.18,37326.42333333333
00000000-0000-0000-0000-000000000001,0eb66abb-0d5d-4e88-a3ff-16776e267d83,2023,8,Maintenance,19907.68,1,19907.68,18228.78,25688.399999999994
00000000-0000-0000-0000-000000000001,51fd3682-4888-4a55-92f7-281307c67941,2023,8,Maintenance,24863.22,1,24863.22,19907.68,19263.21333333333
00000000-0000-0000-0000-000000000001,0eb66abb-0d5d-4e88-a3ff-16776e267d83,2023,9,Maintenance,79773.51999999999,2,39886.759999999995,24863.22,20999.89333333333
00000000-0000-0000-0000-000000000001,51fd3682-4888-4a55-92f7-281307c67941,2023,9,Maintenance,4172.61,1,4172.61,79773.51999999999,41514.806666666664
00000000-0000-0000-0000-000000000001,a01b7f2a-d4d0-48bf-bb89-c1040f55587a,2023,10,Maintenance,22431.59,3,7477.196666666667,4172.61,36269.78333333333
00000000-0000-0000-0000-000000000001,51fd3682-4888-4a55-92f7-281307c67941,2023,11,Maintenance,36485.79,2,18242.895,22431.59,35459.23999999999
00000000-0000-0000-0000-000000000001,0eb66abb-0d5d-4e88-a3ff-16776e267d83,2023,12,Maintenance,54373.86,2,27186.93,36485.79,21029.996666666662
00000000-0000-0000-0000-000000000001,a01b7f2a-d4d0-48bf-bb89-c1040f55587a,2023,12,Maintenance,28855.78,1,28855.78,54373.86,37763.746666666666
00000000-0000-0000-0000-000000000001,0eb66abb-0d5d-4e88-a3ff-16776e267d83,2024,1,Maintenance,45024.51,1,45024.51,28855.78,39905.14333333333
00000000-0000-0000-0000-000000000001,51fd3682-4888-4a55-92f7-281307c67941,2024,1,Maintenance,37165.55,2,18582.775,45024.51,42751.38333333333
00000000-0000-0000-0000-000000000001,a01b7f2a-d4d0-48bf-bb89-c1040f55587a,2024,1,Maintenance,53608.13,2,26804.065,37165.55,37015.28
00000000-0000-0000-0000-000000000001,0eb66abb-0d5d-4e88-a3ff-16776e267d83,2024,2,Maintenance,31399.32,1,31399.32,53608.13,45266.06333333333
00000000-0000-0000-0000-000000000001,51fd3682-4888-4a55-92f7-281307c67941,2024,2,Maintenance,46956.49,1,46956.49,31399.32,40724.33333333332
00000000-0000-0000-0000-000000000001,0eb66abb-0d5d-4e88-a3ff-16776e267d83,2024,3,Maintenance,49302.07,2,24651.035,46956.49,43987.98
00000000-0000-0000-0000-000000000001,0eb66abb-0d5d-4e88-a3ff-16776e267d83,2024,4,Maintenance,48140.85,3,16046.949999999999,49302.07,42552.626666666656
00000000-0000-0000-0000-000000000001,a01b7f2a-d4d0-48bf-bb89-c1040f55587a,2024,4,Maintenance,15863.52,1,15863.52,48140.85,48133.13666666666
00000000-0000-0000-0000-000000000001,0eb66abb-0d5d-4e88-a3ff-16776e267d83,2024,5,Maintenance,10274.23,1,10274.23,15863.52,37768.81333333333
00000000-0000-0000-0000-000000000001,51fd3682-4888-4a55-92f7-281307c67941,2024,5,Maintenance,49476.52,1,49476.52,10274.23,24759.533333333326
00000000-0000-0000-0000-000000000001,a01b7f2a-d4d0-48bf-bb89-c1040f55587a,2024,5,Maintenance,112597.09,5,22519.417999999998,49476.52,25204.756666666664
00000000-0000-0000-0000-000000000001,0eb66abb-0d5d-4e88-a3ff-16776e267d83,2024,6,Maintenance,57607.619999999995,3,19202.539999999997,112597.09,57449.27999999999
00000000-0000-0000-0000-000000000001,51fd3682-4888-4a55-92f7-281307c67941,2024,6,Maintenance,33264.01,1,33264.01,57607.619999999995,73227.07666666666
00000000-0000-0000-0000-000000000001,a01b7f2a-d4d0-48bf-bb89-c1040f55587a,2024,6,Maintenance,37262.22,1,37262.22,33264.01,67822.90666666666
00000000-0000-0000-0000-000000000001,0eb66abb-0d5d-4e88-a3ff-16776e267d83,2024,7,Maintenance,7744.36,1,7744.36,37262.22,42711.283333333326
00000000-0000-0000-0000-000000000001,51fd3682-4888-4a55-92f7-281307c67941,2024,7,Maintenance,44164.02,1,44164.02,7744.36,26090.19666666666
00000000-0000-0000-0000-000000000001,a01b7f2a-d4d0-48bf-bb89-c1040f55587a,2024,7,Maintenance,47655.3,2,23827.65,44164.02,29723.533333333326
00000000-0000-0000-0000-000000000001,0eb66abb-0d5d-4e88-a3ff-16776e267d83,2024,8,Maintenance,118121.54999999999,3,39373.85,47655.3,33187.89333333333
00000000-0000-0000-0000-000000000001,51fd3682-4888-4a55-92f7-281307c67941,2024,8,Maintenance,64134.39,3,21378.13,118121.54999999999,69980.29
00000000-0000-0000-0000-000000000001,0eb66abb-0d5d-4e88-a3ff-16776e267d83,2024,9,Maintenance,56423.93,3,18807.976666666666,64134.39,76637.08
00000000-0000-0000-0000-000000000001,51fd3682-4888-4a55-92f7-281307c67941,2024,9,Maintenance,34911.04,1,34911.04,56423.93,79559.95666666665
00000000-0000-0000-0000-000000000001,a01b7f2a-d4d0-48bf-bb89-c1040f55587a,2024,9,Maintenance,33549.71,1,33549.71,34911.04,51823.119999999995
00000000-0000-0000-0000-000000000001,51fd3682-4888-4a55-92f7-281307c67941,2024,10,Maintenance,83889.59,3,27963.196666666667,33549.71,41628.22666666666
00000000-0000-0000-0000-000000000001,0eb66abb-0d5d-4e88-a3ff-16776e267d83,2024,11,Maintenance,26522.17,1,26522.17,83889.59,50783.44666666666
00000000-0000-0000-0000-000000000001,51fd3682-4888-4a55-92f7-281307c67941,2024,11,Maintenance,46838.78,1,46838.78,26522.17,47987.156666666655
00000000-0000-0000-0000-000000000001,a01b7f2a-d4d0-48bf-bb89-c1040f55587a,2024,11,Maintenance,128569.01,3,42856.33666666666,46838.78,52416.84666666666
00000000-0000-0000-0000-000000000001,0eb66abb-0d5d-4e88-a3ff-16776e267d83,2024,12,Maintenance,64390.619999999995,2,32195.309999999998,128569.01,67309.98666666666
00000000-0000-0000-0000-000000000001,51fd3682-4888-4a55-92f7-281307c67941,2024,12,Maintenance,24372.32,1,24372.32,64390.619999999995,79932.80333333333
00000000-0000-0000-0000-000000000001,0eb66abb-0d5d-4e88-a3ff-16776e267d83,2022,1,Marketing,20098.25,1,20098.25,,
00000000-0000-0000-0000-000000000001,0eb66abb-0d5d-4e88-a3ff-16776e267d83,2022,3,Marketing,81591.96,2,40795.98,20098.25,20098.25
00000000-0000-0000-0000-000000000001,51fd3682-4888-4a55-92f7-281307c67941,2022,3,Marketing,20891.15,1,20891.15,81591.96,50845.105
00000000-0000-0000-0000-000000000001,0eb66abb-0d5d-4e88-a3ff-16776e267d83,2022,4,Marketing,53915.67,3,17971.89,20891.15,40860.45333333334
00000000-0000-0000-0000-000000000001,a01b7f2a-d4d0-48bf-bb89-c1040f55587a,2022,4,Marketing,46749.99,2,23374.995,53915.67,52132.926666666666
00000000-0000-0000-0000-000000000001,0eb66abb-0d5d-4e88-a3ff-16776e267d83,2022,5,Marketing,64449.11,2,32224.555,46749.99,40518.93666666667
00000000-0000-0000-0000-000000000001,51fd3682-4888-4a55-92f7-281307c67941,2022,5,Marketing,29225.63,1,29225.63,64449.11,55038.256666666675
00000000-0000-0000-0000-000000000001,0eb66abb-0d5d-4e88-a3ff-16776e267d83,2022,6,Marketing,46870.68,1,46870.68,29225.63,46808.243333333325
00000000-0000-0000-0000-000000000001,a01b7f2a-d4d0-48bf-bb89-c1040f55587a,2022,6,Marketing,15565.88,1,15565.88,46870.68,46848.47333333333
00000000-0000-0000-0000-000000000001,0eb66abb-0d5d-4e88-a3ff-16776e267d83,2022,7,Marketing,48518.73,1,48518.73,15565.88,30554.063333333335
00000000-0000-0000-0000-000000000001,a01b7f2a-d4d0-48bf-bb89-c1040f55587a,2022,7,Marketing,36915.75,1,36915.75,48518.73,36985.096666666665
00000000-0000-0000-0000-000000000001,a01b7f2a-d4d0-48bf-bb89-c1040f55587a,2022,8,Marketing,38702.55,1,38702.55,36915.75,33666.78666666667
00000000-0000-0000-0000-000000000001,51fd3682-4888-4a55-92f7-281307c67941,2022,9,Marketing,43625.69,2,21812.845,38702.55,41379.01
00000000-0000-0000-0000-000000000001,a01b7f2a-d4d0-48bf-bb89-c1040f55587a,2022,9,Marketing,26331.45,1,26331.45,43625.69,39747.996666666666
00000000-0000-0000-0000-000000000001,0eb66abb-0d5d-4e88-a3ff-16776e267d83,2022,10,Marketing,132459.64,3,44153.21333333334,26331.45,36219.89666666667
00000000-0000-0000-0000-000000000001,a01b7f2a-d4d0-48bf-bb89-c1040f55587a,2022,10,Marketing,7818.34,1,7818.34,132459.64,67472.26000000001
00000000-0000-0000-0000-000000000001,51fd3682-4888-4a55-92f7-281307c67941,2022,12,Marketing,37770.3,1,37770.3,7818.34,55536.47666666668
00000000-0000-0000-0000-000000000001,51fd3682-4888-4a55-92f7-281307c67941,2023,1,Marketing,2735.43,1,2735.43,37770.3,59349.42666666667
00000000-0000-0000-0000-000000000001,a01b7f2a-d4d0-48bf-bb89-c1040f55587a,2023,1,Marketing,18175.26,1,18175.26,2735.43,16108.023333333333
00000000-0000-0000-0000-000000000001,51fd3682-4888-4a55-92f7-281307c67941,2023,2,Marketing,30453.93,1,30453.93,18175.26,19560.329999999998
00000000-0000-0000-0000-000000000001,0eb66abb-0d5d-4e88-a3ff-16776e267d83,2023,3,Marketing,53153.06,2,26576.53,30453.93,17121.539999999997
00000000-0000-0000-0000-000000000001,51fd3682-4888-4a55-92f7-281307c67941,2023,3,Marketing,10395.98,1,10395.98,53153.06,33927.416666666664
00000000-0000-0000-0000-000000000001,51fd3682-4888-4a55-92f7-281307c67941,2023,4,Marketing,48558.8,1,48558.8,10395.98,31334.323333333334
00000000-0000-0000-0000-000000000001,a01b7f2a-d4d0-48bf-bb89-c1040f55587a,2023,4,Marketing,38745.0,1,38745.0,48558.8,37369.28
00000000-0000-0000-0000-000000000001,0eb66abb-0d5d-4e88-a3ff-16776e267d83,2023,5,Marketing,47038.05,1,47038.05,38745.0,32566.593333333334
00000000-0000-0000-0000-000000000001,a01b7f2a-d4d0-48bf-bb89-c1040f55587a,2023,5,Marketing,33975.14,1,33975.14,47038.05,44780.61666666667
00000000-0000-0000-0000-000000000001,0eb66abb-0d5d-4e88-a3ff-16776e267d83,2023,6,Marketing,109829.05,4,27457.2625,33975.14,39919.39666666667
00000000-0000-0000-0000-000000000001,51fd3682-4888-4a55-92f7-281307c67941,2023,6,Marketing,106275.86,3,35425.28666666667,109829.05,63614.079999999994
00000000-0000-0000-0000-000000000001,a01b7f2a-d4d0-48bf-bb89-c1040f55587a,2023,6,Marketing,14008.91,1,14008.91,106275.86,83360.01666666668
00000000-0000-0000-0000-000000000001,51fd3682-4888-4a55-92f7-281307c67941,2023,7,Marketing,16852.33,1,16852.33,14008.91,76704.60666666667
00000000-0000-0000-0000-000000000001,51fd3682-4888-4a55-92f7-281307c67941,2023,8,Marketing,62651.58,2,31325.79,16852.33,45712.36666666667
00000000-0000-0000-0000-000000000001,a01b7f2a-d4d0-48bf-bb89-c1040f55587a,2023,8,Marketing,29731.4,1,29731.4,62651.58,31170.940000000002
00000000-0000-0000-0000-000000000001,0eb66abb-0d5d-4e88-a3ff-16776e267d83,2023,9,Marketing,20102.84,1,20102.84,29731.4,36411.77
00000000-0000-0000-0000-000000000001,51fd3682-4888-4a55-92f7-281307c67941,2023,9,Marketing,92234.42,2,46117.21,20102.84,37495.27333333334
00000000-0000-0000-0000-000000000001,51fd3682-4888-4a55-92f7-281307c67941,2023,10,Marketing,39694.740000000005,2,19847.370000000003,92234.42,47356.22
00000000-0000-0000-0000-000000000001,a01b7f2a-d4d0-48bf-bb89-c1040f55587a,2023,10,Marketing,29673.82,1,29673.82,39694.740000000005,50677.333333333336
00000000-0000-0000-0000-000000000001,a01b7f2a-d4d0-48bf-bb89-c1040f55587a,2023,12,Marketing,78902.34,3,26300.78,29673.82,53867.66
00000000-0000-0000-0000-000000000001,0eb66abb-0d5d-4e88-a3ff-16776e267d83,2024,1,Marketing,29469.07,1,29469.07,78902.34,49423.63333333333
00000000-0000-0000-0000-000000000001,51fd3682-4888-4a55-92f7-281307c67941,2024,1,Marketing,22616.2,1,22616.2,29469.07,46015.07666666666
00000000-0000-0000-0000-000000000001,a01b7f2a-d4d0-48bf-bb89-c1040f55587a,2024,1,Marketing,102354.87,3,34118.29,22616.2,43662.53666666666
00000000-0000-0000-0000-000000000001,0eb66abb-0d5d-4e88-a3ff-16776e267d83,2024,2,Marketing,23403.97,1,23403.97,102354.87,51480.04666666666
00000000-0000-0000-0000-000000000001,a01b7f2a-d4d0-48bf-bb89-c1040f55587a,2024,2,Marketing,68629.08,2,34314.54,23403.97,49458.34666666666
00000000-0000-0000-0000-000000000001,0eb66abb-0d5d-4e88-a3ff-16776e267d83,2024,3,Marketing,18360.75,1,18360.75,68629.08,64795.97333333333
00000000-0000-0000-0000-000000000001,51fd3682-4888-4a55-92f7-281307c67941,2024,3,Marketing,33787.19,1,33787.19,18360.75,36797.93333333333
00000000-0000-0000-0000-000000000001,a01b7f2a-d4d0-48bf-bb89-c1040f55587a,2024,3,Marketing,8270.91,1,8270.91,33787.19,40259.00666666666
00000000-0000-0000-0000-000000000001,a01b7f2a-d4d0-48bf-bb89-c1040f55587a,2024,4,Marketing,36264.55,1,36264.55,8270.91,20139.616666666665
00000000-0000-0000-0000-000000000001,0eb66abb-0d5d-4e88-a3ff-16776e267d83,2024,5,Marketing,5150.77,1,5150.77,36264.55,26107.55
00000000-0000-0000-0000-000000000001,a01b7f2a-d4d0-48bf-bb89-c1040f55587a,2024,5,Marketing,8207.53,1,8207.53,5150.77,16562.076666666664
00000000-0000-0000-0000-000000000001,51fd3682-4888-4a55-92f7-281307c67941,2024,6,Marketing,78408.92,3,26136.306666666667,8207.53,16540.949999999997
00000000-0000-0000-0000-000000000001,0eb66abb-0d5d-4e88-a3ff-16776e267d83,2024,7,Marketing,69428.18,3,23142.726666666666,78408.92,30589.07333333333
00000000-0000-0000-0000-000000000001,51fd3682-4888-4a55-92f7-281307c67941,2024,7,Marketing,47481.68,1,47481.68,69428.18,52014.876666666656
00000000-0000-0000-0000-000000000001,a01b7f2a-d4d0-48bf-bb89-c1040f55587a,2024,7,Marketing,72035.71,2,36017.855,47481.68,65106.25999999999
00000000-0000-0000-0000-000000000001,0eb66abb-0d5d-4e88-a3ff-16776e267d83,2024,8,Marketing,44495.35,1,44495.35,72035.71,62981.85666666667
00000000-0000-0000-0000-000000000001,a01b7f2a-d4d0-48bf-bb89-c1040f55587a,2024,8,Marketing,675.52,1,675.52,44495.35,54670.91333333333
00000000-0000-0000-0000-000000000001,51fd3682-4888-4a55-92f7-281307c67941,2024,10,Marketing,40902.31,1,40902.31,675.52,39068.86
00000000-0000-0000-0000-000000000001,a01b7f2a-d4d0-48bf-bb89-c1040f55587a,2024,10,Marketing,46746.69,1,46746.69,40902.31,28691.059999999994
00000000-0000-0000-0000-000000000001,51fd3682-4888-4a55-92f7-281307c67941,2024,11,Marketing,107099.54000000001,3,35699.84666666667,46746.69,29441.506666666664
00000000-0000-0000-0000-000000000001,a01b7f2a-d4d0-48bf-bb89-c1040f55587a,2024,11,Marketing,3410.91,1,3410.91,107099.54000000001,64916.17999999999
00000000-0000-0000-0000-000000000001,0eb66abb-0d5d-4e88-a3ff-16776e267d83,2024,12,Marketing,14032.74,1,14032.74,3410.91,52419.04666666666
00000000-0000-0000-0000-000000000001,51fd3682-4888-4a55-92f7-281307c67941,2024,12,Marketing,74374.15999999999,3,24791.38666666666,14032.74,41514.39666666666
00000000-0000-0000-0000-000000000001,0eb66abb-0d5d-4e88-a3ff-16776e267d83,2022,1,Office Supplies,29942.03,2,14971.015,,
00000000-0000-0000-0000-000000000001,51fd3682-4888-4a55-92f7-281307c67941,2022,1,Office Supplies,32045.93,1,32045.93,29942.03,29942.03
00000000-0000-0000-0000-000000000001,0eb66abb-0d5d-4e88-a3ff-16776e267d83,2022,2,Office Supplies,19837.21,1,19837.21,32045.93,30993.98
00000000-0000-0000-0000-000000000001,51fd3682-4888-4a55-92f7-281307c67941,2022,2,Office Supplies,2177.12,1,2177.12,19837.21,27275.056666666667
00000000-0000-0000-0000-000000000001,a01b7f2a-d4d0-48bf-bb89-c1040f55587a,2022,2,Office Supplies,34543.24,1,34543.24,2177.12,18020.086666666666
00000000-0000-0000-0000-000000000001,0eb66abb-0d5d-4e88-a3ff-16776e267d83,2022,3,Office Supplies,46087.48,2,23043.74,34543.24,18852.523333333334
00000000-0000-0000-0000-000000000001,a01b7f2a-d4d0-48bf-bb89-c1040f55587a,2022,3,Office Supplies,74036.13,2,37018.065,46087.48,27602.61333333333
00000000-0000-0000-0000-000000000001,51fd3682-4888-4a55-92f7-281307c67941,2022,4,Office Supplies,30245.2,1,30245.2,74036.13,51555.61666666667
00000000-0000-0000-0000-000000000001,a01b7f2a-d4d0-48bf-bb89-c1040f55587a,2022,4,Office Supplies,94145.19,2,47072.595,30245.2,50122.93666666667
00000000-0000-0000-0000-000000000001,0eb66abb-0d5d-4e88-a3ff-16776e267d83,2022,6,Office Supplies,54097.46,3,18032.486666666668,94145.19,66142.17333333332
00000000-0000-0000-0000-000000000001,a01b7f2a-d4d0-48bf-bb89-c1040f55587a,2022,6,Office Supplies,3044.56,1,3044.56,54097.46,59495.94999999999
00000000-0000-0000-0000-000000000001,0eb66abb-0d5d-4e88-a3ff-16776e267d83,2022,7,Office Supplies,109651.36,4,27412.84,3044.56,50429.069999999985
00000000-0000-0000-0000-000000000001,a01b7f2a-d4d0-48bf-bb89-c1040f55587a,2022,7,Office Supplies,28784.01,1,28784.01,109651.36,55597.793333333335
00000000-0000-0000-0000-000000000001,51fd3682-4888-4a55-92f7-281307c67941,2022,8,Office Supplies,5510.48,1,5510.48,28784.01,47159.97666666666
00000000-0000-0000-0000-000000000001,0eb66abb-0d5d-4e88-a3ff-16776e267d83,2022,9,Office Supplies,73187.08,2,36593.54,5510.48,47981.950000000004
00000000-0000-0000-0000-000000000001,a01b7f2a-d4d0-48bf-bb89-c1040f55587a,2022,9,Office Supplies,45399.51,1,45399.51,73187.08,35827.189999999995
00000000-0000-0000-0000-000000000001,51fd3682-4888-4a55-92f7-281307c67941,2022,10,Office Supplies,48698.96,2,24349.48,45399.51,41365.689999999995
00000000-0000-0000-0000-000000000001,a01b7f2a-d4d0-48bf-bb89-c1040f55587a,2022,10,Office Supplies,29460.58,1,29460.58,48698.96,55761.85
00000000-0000-0000-0000-000000000001,0eb66abb-0d5d-4e88-a3ff-16776e267d83,2022,12,Office Supplies,37543.21,2,18771.605,29460.58,41186.35
00000000-0000-0000-0000-000000000001,51fd3682-4888-4a55-92f7-281307c67941,2022,12,Office Supplies,30786.14,1,30786.14,37543.21,38567.58333333332
00000000-0000-0000-0000-000000000001,a01b7f2a-d4d0-48bf-bb89-c1040f55587a,2022,12,Office Supplies,34135.75,1,34135.75,30786.14,32596.64333333333
00000000-0000-0000-0000-000000000001,51fd3682-4888-4a55-92f7-281307c67941,2023,1,Office Supplies,38409.45,1,38409.45,34135.75,34155.033333333326
00000000-0000-0000-0000-000000000001,a01b7f2a-d4d0-48bf-bb89-c1040f55587a,2023,1,Office Supplies,69062.08,3,23020.693333333333,38409.45,34443.77999999999
00000000-0000-0000-0000-000000000001,a01b7f2a-d4d0-48bf-bb89-c1040f55587a,2023,2,Office Supplies,45809.36,1,45809.36,69062.08,47202.42666666666
00000000-0000-0000-0000-000000000001,51fd3682-4888-4a55-92f7-281307c67941,2023,3,Office Supplies,38392.34,2,19196.17,45809.36,51093.63
00000000-0000-0000-0000-000000000001,a01b7f2a-d4d0-48bf-bb89-c1040f55587a,2023,3,Office Supplies,48077.69,1,48077.69,38392.34,51087.92666666666
00000000-0000-0000-0000-000000000001,0eb66abb-0d5d-4e88-a3ff-16776e267d83,2023,4,Office Supplies,42350.52,1,42350.52,48077.69,44093.13
00000000-0000-0000-0000-000000000001,51fd3682-4888-4a55-92f7-281307c67941,2023,4,Office Supplies,54204.270000000004,2,27102.135000000002,42350.52,42940.18333333333
00000000-0000-0000-0000-000000000001,a01b7f2a-d4d0-48bf-bb89-c1040f55587a,2023,5,Office Supplies,26485.350000000002,2,13242.675000000001,54204.270000000004,48210.82666666666
00000000-0000-0000-0000-000000000001,0eb66abb-0d5d-4e88-a3ff-16776e267d83,2023,6,Office Supplies,22948.22,1,22948.22,26485.350000000002,41013.38
00000000-0000-0000-0000-000000000001,a01b7f2a-d4d0-48bf-bb89-c1040f55587a,2023,6,Office Supplies,40831.24,1,40831.24,22948.22,34545.94666666666
00000000-0000-0000-0000-000000000001,0eb66abb-0d5d-4e88-a3ff-16776e267d83,2023,7,Office Supplies,45139.98,1,45139.98,40831.24,30088.27
00000000-0000-0000-0000-000000000001,a01b7f2a-d4d0-48bf-bb89-c1040f55587a,2023,7,Office Supplies,3968.43,1,3968.43,45139.98,36306.479999999996
00000000-0000-0000-0000-000000000001,0eb66abb-0d5d-4e88-a3ff-16776e267d83,2023,9,Office Supplies,1138.45,1,1138.45,3968.43,29979.883333333328
00000000-0000-0000-0000-000000000001,51fd3682-4888-4a55-92f7-281307c67941,2023,9,Office Supplies,14677.99,1,14677.99,1138.45,16748.95333333333
00000000-0000-0000-0000-000000000001,a01b7f2a-d4d0-48bf-bb89-c1040f55587a,2023,9,Office Supplies,41839.270000000004,2,20919.635000000002,14677.99,6594.956666666664
00000000-0000-0000-0000-000000000001,51fd3682-4888-4a55-92f7-281307c67941,2023,10,Office Supplies,14636.37,1,14636.37,41839.270000000004,19218.569999999996
00000000-0000-0000-0000-000000000001,a01b7f2a-d4d0-48bf-bb89-c1040f55587a,2023,10,Office Supplies,138860.65000000002,3,46286.88333333334,14636.37,23717.876666666663
00000000-0000-0000-0000-000000000001,0eb66abb-0d5d-4e88-a3ff-16776e267d83,2023,11,Office Supplies,48274.65,1,48274.65,138860.65000000002,65112.09666666667
00000000-0000-0000-0000-000000000001,51fd3682-4888-4a55-92f7-281307c67941,2023,11,Office Supplies,48345.59,1,48345.59,48274.65,67257.22333333334
00000000-0000-0000-0000-000000000001,a01b7f2a-d4d0-48bf-bb89-c1040f55587a,2023,11,Office Supplies,31502.57,1,31502.57,48345.59,78493.62999999999
00000000-0000-0000-0000-000000000001,0eb66abb-0d5d-4e88-a3ff-16776e267d83,2023,12,Office Supplies,49954.899999999994,2,24977.449999999997,31502.57,42707.603333333325
00000000-0000-0000-0000-000000000001,a01b7f2a-d4d0-48bf-bb89-c1040f55587a,2023,12,Office Supplies,17003.71,1,17003.71,49954.899999999994,43267.686666666654
00000000-0000-0000-0000-000000000001,51fd3682-4888-4a55-92f7-281307c67941,2024,1,Office Supplies,32536.97,2,16268.485,17003.71,32820.39333333332
00000000-0000-0000-0000-000000000001,a01b7f2a-d4d0-48bf-bb89-c1040f55587a,2024,1,Office Supplies,4602.87,1,4602.87,32536.97,33165.19333333332
00000000-0000-0000-0000-000000000001,51fd3682-4888-4a55-92f7-281307c67941,2024,3,Office Supplies,39918.82,1,39918.82,4602.87,18047.84999999999
00000000-0000-0000-0000-000000000001,0eb66abb-0d5d-4e88-a3ff-16776e267d83,2024,4,Office Supplies,86745.23999999999,2,43372.619999999995,39918.82,25686.21999999999
00000000-0000-0000-0000-000000000001,a01b7f2a-d4d0-48bf-bb89-c1040f55587a,2024,4,Office Supplies,97249.56,2,48624.78,86745.23999999999,43755.64333333332
00000000-0000-0000-0000-000000000001,0eb66abb-0d5d-4e88-a3ff-16776e267d83,2024,5,Office Supplies,44290.28,1,44290.28,97249.56,74637.87333333332
00000000-0000-0000-0000-000000000001,51fd3682-4888-4a55-92f7-281307c67941,2024,5,Office Supplies,16352.54,1,16352.54,44290.28,76095.02666666666
00000000-0000-0000-0000-000000000001,a01b7f2a-d4d0-48bf-bb89-c1040f55587a,2024,5,Office Supplies,56802.82,3,18934.273333333334,16352.54,52630.79333333333
00000000-0000-0000-0000-000000000001,51fd3682-4888-4a55-92f7-281307c67941,2024,6,Office Supplies,65120.42,2,32560.21,56802.82,39148.546666666654
00000000-0000-0000-0000-000000000001,a01b7f2a-d4d0-48bf-bb89-c1040f55587a,2024,6,Office Supplies,72059.32,2,36029.66,65120.42,46091.92666666666
00000000-0000-0000-0000-000000000001,51fd3682-4888-4a55-92f7-281307c67941,2024,7,Office Supplies,39058.28,1,39058.28,72059.32,64660.853333333325
00000000-0000-0000-0000-000000000001,a01b7f2a-d4d0-48bf-bb89-c1040f55587a,2024,7,Office Supplies,24819.74,1,24819.74,39058.28,58746.00666666666
00000000-0000-0000-0000-000000000001,51fd3682-4888-4a55-92f7-281307c67941,2024,8,Office Supplies,48767.51,1,48767.51,24819.74,45312.446666666656
00000000-0000-0000-0000-000000000001,a01b7f2a-d4d0-48bf-bb89-c1040f55587a,2024,9,Office Supplies,78701.75,2,39350.875,48767.51,37548.50999999999
00000000-0000-0000-0000-000000000001,0eb66abb-0d5d-4e88-a3ff-16776e267d83,2024,10,Office Supplies,18778.07,1,18778.07,78701.75,50762.99999999999
00000000-0000-0000-0000-000000000001,51fd3682-4888-4a55-92f7-281307c67941,2024,10,Office Supplies,48517.28,2,24258.64,18778.07,48749.109999999986
00000000-0000-0000-0000-000000000001,a01b7f2a-d4d0-48bf-bb89-c1040f55587a,2024,10,Office Supplies,21618.73,1,21618.73,48517.28,48665.69999999999
00000000-0000-0000-0000-000000000001,0eb66abb-0d5d-4e88-a3ff-16776e267d83,2024,11,Office Supplies,123589.98000000001,4,30897.495000000003,21618.73,29638.026666666658
00000000-0000-0000-0000-000000000001,51fd3682-4888-4a55-92f7-281307c67941,2024,11,Office Supplies,23573.7,1,23573.7,123589.98000000001,64575.329999999994
00000000-0000-0000-0000-000000000001,a01b7f2a-d4d0-48bf-bb89-c1040f55587a,2024,12,Office Supplies,56923.36,2,28461.68,23573.7,56260.80333333334
00000000-0000-0000-0000-000000000001,0eb66abb-0d5d-4e88-a3ff-16776e267d83,2022,1,Rent,149688.98,1,149688.98,,
00000000-0000-0000-0000-000000000001,51fd3682-4888-4a55-92f7-281307c67941,2022,1,Rent,137240.97,1,137240.97,149688.98,149688.98
00000000-0000-0000-0000-000000000001,a01b7f2a-d4d0-48bf-bb89-c1040f55587a,2022,1,Rent,156920.39,1,156920.39,137240.97,143464.975
00000000-0000-0000-0000-000000000001,0eb66abb-0d5d-4e88-a3ff-16776e267d83,2022,2,Rent,83432.37,1,83432.37,156920.39,147950.11333333334
00000000-0000-0000-0000-000000000001,51fd3682-4888-4a55-92f7-281307c67941,2022,2,Rent,100497.47,1,100497.47,83432.37,125864.57666666666
00000000-0000-0000-0000-000000000001,a01b7f2a-d4d0-48bf-bb89-c1040f55587a,2022,2,Rent,179105.48,1,179105.48,100497.47,113616.74333333333
00000000-0000-0000-0000-000000000001,0eb66abb-0d5d-4e88-a3ff-16776e267d83,2022,3,Rent,158373.87,1,158373.87,179105.48,121011.77333333333
00000000-0000-0000-0000-000000000001,51fd3682-4888-4a55-92f7-281307c67941,2022,3,Rent,59655.77,1,59655.77,158373.87,145992.27333333335
00000000-0000-0000-0000-000000000001,a01b7f2a-d4d0-48bf-bb89-c1040f55587a,2022,3,Rent,117002.45,1,117002.45,59655.77,132378.37333333332
00000000-0000-0000-0000-000000000001,0eb66abb-0d5d-4e88-a3ff-16776e267d83,2022,4,Rent,170104.65,1,170104.65,117002.45,111677.36333333333
00000000-0000-0000-0000-000000000001,51fd3682-4888-4a55-92f7-281307c67941,2022,4,Rent,193489.99,1,193489.99,170104.65,115587.62333333334
00000000-0000-0000-0000-000000000001,a01b7f2a-d4d0-48bf-bb89-c1040f55587a,2022,4,Rent,122812.65,1,122812.65,193489.99,160199.03
00000000-0000-0000-0000-000000000001,0eb66abb-0d5d-4e88-a3ff-16776e267d83,2022,5,Rent,143456.5,1,143456.5,122812.65,162135.76333333334
00000000-0000-0000-0000-000000000001,51fd3682-4888-4a55-92f7-281307c67941,2022,5,Rent,105902.49,1,105902.49,143456.5,153253.04666666666
00000000-0000-0000-0000-000000000001,a01b7f2a-d4d0-48bf-bb89-c1040f55587a,2022,5,Rent,51191.91,1,51191.91,105902.49,124057.21333333333
00000000-0000-0000-0000-000000000001,0eb66abb-0d5d-4e88-a3ff-16776e267d83,2022,6,Rent,157582.36,1,157582.36,51191.91,100183.63333333335
00000000-0000-0000-0000-000000000001,51fd3682-4888-4a55-92f7-281307c67941,2022,6,Rent,109082.0,1,109082.0,157582.36,104892.25333333334
00000000-0000-0000-0000-000000000001,a01b7f2a-d4d0-48bf-bb89-c1040f55587a,2022,6,Rent,179928.61,1,179928.61,109082.0,105952.09000000001
00000000-0000-0000-0000-000000000001,0eb66abb-0d5d-4e88-a3ff-16776e267d83,2022,7,Rent,183783.0,1,183783.0,179928.61,148864.32333333333
00000000-0000-0000-0000-000000000001,51fd3682-4888-4a55-92f7-281307c67941,2022,7,Rent,128286.04,1,128286.04,183783.0,157597.87
00000000-0000-0000-0000-000000000001,a01b7f2a-d4d0-48bf-bb89-c1040f55587a,2022,7,Rent,138508.28,1,138508.28,128286.04,163999.21666666665
00000000-0000-0000-0000-000000000001,0eb66abb-0d5d-4e88-a3ff-16776e267d83,2022,8,Rent,104638.59,1,104638.59,138508.28,150192.44
00000000-0000-0000-0000-000000000001,51fd3682-4888-4a55-92f7-281307c67941,2022,8,Rent,136487.22,1,136487.22,104638.59,123810.97000000002
00000000-0000-0000-0000-000000000001,a01b7f2a-d4d0-48bf-bb89-c1040f55587a,2022,8,Rent,66439.78,1,66439.78,136487.22,126544.69666666667
00000000-0000-0000-0000-000000000001,0eb66abb-0d5d-4e88-a3ff-16776e267d83,2022,9,Rent,157502.8,1,157502.8,66439.78,102521.86333333333
00000000-0000-0000-0000-000000000001,51fd3682-4888-4a55-92f7-281307c67941,2022,9,Rent,130944.34,1,130944.34,157502.8,120143.26666666666
00000000-0000-0000-0000-000000000001,a01b7f2a-d4d0-48bf-bb89-c1040f55587a,2022,9,Rent,139593.05,1,139593.05,130944.34,118295.64
00000000-0000-0000-0000-000000000001,0eb66abb-0d5d-4e88-a3ff-16776e267d83,2022,10,Rent,181700.82,1,181700.82,139593.05,142680.06333333332
00000000-0000-0000-0000-000000000001,51fd3682-4888-4a55-92f7-281307c67941,2022,10,Rent,184009.95,1,184009.95,181700.82,150746.07
00000000-0000-0000-0000-000000000001,a01b7f2a-d4d0-48bf-bb89-c1040f55587a,2022,10,Rent,125754.06,1,125754.06,184009.95,168434.60666666666
00000000-0000-0000-0000-000000000001,0eb66abb-0d5d-4e88-a3ff-16776e267d83,2022,11,Rent,57319.23,1,57319.23,125754.06,163821.61000000002
00000000-0000-0000-0000-000000000001,51fd3682-4888-4a55-92f7-281307c67941,2022,11,Rent,52692.0,1,52692.0,57319.23,122361.08
00000000-0000-0000-0000-000000000001,a01b7f2a-d4d0-48bf-bb89-c1040f55587a,2022,11,Rent,135731.66,1,135731.66,52692.0,78588.43000000001
00000000-0000-0000-0000-000000000001,0eb66abb-0d5d-4e88-a3ff-16776e267d83,2022,12,Rent,79822.83,1,79822.83,135731.66,81914.29666666668
00000000-0000-0000-0000-000000000001,51fd3682-4888-4a55-92f7-281307c67941,2022,12,Rent,193742.51,1,193742.51,79822.83,89415.49666666666
00000000-0000-0000-0000-000000000001,a01b7f2a-d4d0-48bf-bb89-c1040f55587a,2022,12,Rent,197054.23,1,197054.23,193742.51,136432.33333333334
00000000-0000-0000-0000-000000000001,0eb66abb-0d5d-4e88-a3ff-16776e267d83,2023,1,Rent,111409.78,1,111409.78,197054.23,156873.18999999997
00000000-0000-0000-0000-000000000001,51fd3682-4888-4a55-92f7-281307c67941,2023,1,Rent,116969.1,1,116969.1,111409.78,167402.17333333334
00000000-0000-0000-0000-000000000001,a01b7f2a-d4d0-48bf-bb89-c1040f55587a,2023,1,Rent,88733.0,1,88733.0,116969.1,141811.03666666665
00000000-0000-0000-0000-000000000001,0eb66abb-0d5d-4e88-a3ff-16776e267d83,2023,2,Rent,109947.87,1,109947.87,88733.0,105703.96
00000000-0000-0000-0000-000000000001,51fd3682-4888-4a55-92f7-281307c67941,2023,2,Rent,79199.12,1,79199.12,109947.87,105216.65666666666
00000000-0000-0000-0000-000000000001,a01b7f2a-d4d0-48bf-bb89-c1040f55587a,2023,2,Rent,86750.56,1,86750.56,79199.12,92626.66333333333
00000000-0000-0000-0000-000000000001,0eb66abb-0d5d-4e88-a3ff-16776e267d83,2023,3,Rent,140259.17,1,140259.17,86750.56,91965.84999999999
00000000-0000-0000-0000-000000000001,51fd3682-4888-4a55-92f7-281307c67941,2023,3,Rent,79336.77,1,79336.77,140259.17,102069.61666666665
00000000-0000-0000-0000-000000000001,a01b7f2a-d4d0-48bf-bb89-c1040f55587a,2023,3,Rent,140046.3,1,140046.3,79336.77,102115.5
00000000-0000-0000-0000-000000000001,0eb66abb-0d5d-4e88-a3ff-16776e267d83,2023,4,Rent,70770.28,1,70770.28,140046.3,119880.74666666666
00000000-0000-0000-0000-000000000001,51fd3682-4888-4a55-92f7-281307c67941,2023,4,Rent,56216.38,1,56216.38,70770.28,96717.78333333333
00000000-0000-0000-0000-000000000001,a01b7f2a-d4d0-48bf-bb89-c1040f55587a,2023,4,Rent,83333.99,1,83333.99,56216.38,89010.98666666665
00000000-0000-0000-0000-000000000001,0eb66abb-0d5d-4e88-a3ff-16776e267d83,2023,5,Rent,158248.61,1,158248.61,83333.99,70106.88333333332
00000000-0000-0000-0000-000000000001,51fd3682-4888-4a55-92f7-281307c67941,2023,5,Rent,144557.03,1,144557.03,158248.61,99266.32666666666
00000000-0000-0000-0000-000000000001,a01b7f2a-d4d0-48bf-bb89-c1040f55587a,2023,5,Rent,123884.39,1,123884.39,144557.03,128713.20999999998
00000000-0000-0000-0000-000000000001,0eb66abb-0d5d-4e88-a3ff-16776e267d83,2023,6,Rent,198778.44,1,198778.44,123884.39,142230.00999999998
00000000-0000-0000-0000-000000000001,51fd3682-4888-4a55-92f7-281307c67941,2023,6,Rent,199158.93,1,199158.93,198778.44,155739.95333333334
00000000-0000-0000-0000-000000000001,a01b7f2a-d4d0-48bf-bb89-c1040f55587a,2023,6,Rent,91013.04,1,91013.04,199158.93,173940.58666666664
00000000-0000-0000-0000-000000000001,0eb66abb-0d5d-4e88-a3ff-16776e267d83,2023,7,Rent,53685.58,1,53685.58,91013.04,162983.47
00000000-0000-0000-0000-000000000001,51fd3682-4888-4a55-92f7-281307c67941,2023,7,Rent,164592.77,1,164592.77,53685.58,114619.18333333333
00000000-0000-0000-0000-000000000001,a01b7f2a-d4d0-48bf-bb89-c1040f55587a,2023,7,Rent,52603.37,1,52603.37,164592.77,103097.13
00000000-0000-0000-0000-000000000001,0eb66abb-0d5d-4e88-a3ff-16776e267d83,2023,8,Rent,78638.75,1,78638.75,52603.37,90293.90666666668
00000000-0000-0000-0000-000000000001,51fd3682-4888-4a55-92f7-281307c67941,2023,8,Rent,140165.44,1,140165.44,78638.75,98611.63
00000000-0000-0000-0000-000000000001,a01b7f2a-d4d0-48bf-bb89-c1040f55587a,2023,8,Rent,143550.25,1,143550.25,140165.44,90469.18666666666
00000000-0000-0000-0000-000000000001,0eb66abb-0d5d-4e88-a3ff-16776e267d83,2023,9,Rent,59720.71,1,59720.71,143550.25,120784.81333333334
00000000-0000-0000-0000-000000000001,51fd3682-4888-4a55-92f7-281307c67941,2023,9,Rent,153816.19,1,153816.19,59720.71,114478.8
00000000-0000-0000-0000-000000000001,a01b7f2a-d4d0-48bf-bb89-c1040f55587a,2023,9,Rent,70720.9,1,70720.9,153816.19,119029.05
00000000-0000-0000-0000-000000000001,0eb66abb-0d5d-4e88-a3ff-16776e267d83,2023,10,Rent,131184.57,1,131184.57,70720.9,94752.59999999999
00000000-0000-0000-0000-000000000001,51fd3682-4888-4a55-92f7-281307c67941,2023,10,Rent,63024.77,1,63024.77,131184.57,118573.88666666667
00000000-0000-0000-0000-000000000001,a01b7f2a-d4d0-48bf-bb89-c1040f55587a,2023,10,Rent,104133.62,1,104133.62,63024.77,88310.08
00000000-0000-0000-0000-000000000001,0eb66abb-0d5d-4e88-a3ff-16776e267d83,2023,11,Rent,159269.61,1,159269.61,104133.62,99447.65333333332
00000000-0000-0000-0000-000000000001,51fd3682-4888-4a55-92f7-281307c67941,2023,11,Rent,125908.67,1,125908.67,159269.61,108809.33333333333
00000000-0000-0000-0000-000000000001,a01b7f2a-d4d0-48bf-bb89-c1040f55587a,2023,11,Rent,69803.27,1,69803.27,125908.67,129770.63333333332
00000000-0000-0000-0000-000000000001,0eb66abb-0d5d-4e88-a3ff-16776e267d83,2023,12,Rent,110176.53,1,110176.53,69803.27,118327.18333333335
00000000-0000-0000-0000-000000000001,51fd3682-4888-4a55-92f7-281307c67941,2023,12,Rent,70829.43,1,70829.43,110176.53,101962.82333333332
00000000-0000-0000-0000-000000000001,a01b7f2a-d4d0-48bf-bb89-c1040f55587a,2023,12,Rent,124491.44,1,124491.44,70829.43,83603.07666666668
00000000-0000-0000-0000-000000000001,0eb66abb-0d5d-4e88-a3ff-16776e267d83,2024,1,Rent,169943.64,1,169943.64,124491.44,101832.46666666667
00000000-0000-0000-0000-000000000001,51fd3682-4888-4a55-92f7-281307c67941,2024,1,Rent,190936.09,1,190936.09,169943.64,121754.83666666667
00000000-0000-0000-0000-000000000001,a01b7f2a-d4d0-48bf-bb89-c1040f55587a,2024,1,Rent,181360.2,1,181360.2,190936.09,161790.39
00000000-0000-0000-0000-000000000001,0eb66abb-0d5d-4e88-a3ff-16776e267d83,2024,2,Rent,177860.53,1,177860.53,181360.2,180746.64333333334
00000000-0000-0000-0000-000000000001,51fd3682-4888-4a55-92f7-281307c67941,2024,2,Rent,109793.51,1,109793.51,177860.53,183385.6066666667
00000000-0000-0000-0000-000000000001,a01b7f2a-d4d0-48bf-bb89-c1040f55587a,2024,2,Rent,59508.13,1,59508.13,109793.51,156338.08000000002
00000000-0000-0000-0000-000000000001,0eb66abb-0d5d-4e88-a3ff-16776e267d83,2024,3,Rent,86967.82,1,86967.82,59508.13,115720.72333333334
00000000-0000-0000-0000-000000000001,51fd3682-4888-4a55-92f7-281307c67941,2024,3,Rent,139734.38,1,139734.38,86967.82,85423.15333333334
00000000-0000-0000-0000-000000000001,a01b7f2a-d4d0-48bf-bb89-c1040f55587a,2024,3,Rent,147039.65,1,147039.65,139734.38,95403.44333333334
00000000-0000-0000-0000-000000000001,0eb66abb-0d5d-4e88-a3ff-16776e267d83,2024,4,Rent,188196.11,1,188196.11,147039.65,124580.61666666665
00000000-0000-0000-0000-000000000001,51fd3682-4888-4a55-92f7-281307c67941,2024,4,Rent,154982.8,1,154982.8,188196.11,158323.38
00000000-0000-0000-0000-000000000001,a01b7f2a-d4d0-48bf-bb89-c1040f55587a,2024,4,Rent,122382.48,1,122382.48,154982.8,163406.18666666665
00000000-0000-0000-0000-000000000001,0eb66abb-0d5d-4e88-a3ff-16776e267d83,2024,5,Rent,63384.53,1,63384.53,122382.48,155187.12999999998
00000000-0000-0000-0000-000000000001,51fd3682-4888-4a55-92f7-281307c67941,2024,5,Rent,91341.12,1,91341.12,63384.53,113583.27
00000000-0000-0000-0000-000000000001,a01b7f2a-d4d0-48bf-bb89-c1040f55587a,2024,5,Rent,75233.02,1,75233.02,91341.12,92369.37666666666
00000000-0000-0000-0000-000000000001,0eb66abb-0d5d-4e88-a3ff-16776e267d83,2024,6,Rent,145327.29,1,145327.29,75233.02,76652.89
00000000-0000-0000-0000-000000000001,51fd3682-4888-4a55-92f7-281307c67941,2024,6,Rent,76334.64,1,76334.64,145327.29,103967.14333333336
00000000-0000-0000-0000-000000000001,a01b7f2a-d4d0-48bf-bb89-c1040f55587a,2024,6,Rent,136474.95,1,136474.95,76334.64,98964.98333333334
00000000-0000-0000-0000-000000000001,0eb66abb-0d5d-4e88-a3ff-16776e267d83,2024,7,Rent,125436.32,1,125436.32,136474.95,119378.96
00000000-0000-0000-0000-000000000001,51fd3682-4888-4a55-92f7-281307c67941,2024,7,Rent,66560.46,1,66560.46,125436.32,112748.63666666667
00000000-0000-0000-0000-000000000001,a01b7f2a-d4d0-48bf-bb89-c1040f55587a,2024,7,Rent,118964.0,1,118964.0,66560.46,109490.57666666666
00000000-0000-0000-0000-000000000001,0eb66abb-0d5d-4e88-a3ff-16776e267d83,2024,8,Rent,77030.04,1,77030.04,118964.0,103653.59333333332
00000000-0000-0000-0000-000000000001,51fd3682-4888-4a55-92f7-281307c67941,2024,8,Rent,58109.08,1,58109.08,77030.04,87518.16666666667
00000000-0000-0000-0000-000000000001,a01b7f2a-d4d0-48bf-bb89-c1040f55587a,2024,8,Rent,132419.05,1,132419.05,58109.08,84701.03999999998
00000000-0000-0000-0000-000000000001,0eb66abb-0d5d-4e88-a3ff-16776e267d83,2024,9,Rent,87080.91,1,87080.91,132419.05,89186.05666666664
00000000-0000-0000-0000-000000000001,51fd3682-4888-4a55-92f7-281307c67941,2024,9,Rent,165383.61,1,165383.61,87080.91,92536.34666666664
00000000-0000-0000-0000-000000000001,a01b7f2a-d4d0-48bf-bb89-c1040f55587a,2024,9,Rent,72455.05,1,72455.05,165383.61,128294.52333333332
00000000-0000-0000-0000-000000000001,0eb66abb-0d5d-4e88-a3ff-16776e267d83,2024,10,Rent,99220.76,1,99220.76,72455.05,108306.52333333332
00000000-0000-0000-0000-000000000001,51fd3682-4888-4a55-92f7-281307c67941,2024,10,Rent,135350.26,1,135350.26,99220.76,112353.13999999997
00000000-0000-0000-0000-000000000001,a01b7f2a-d4d0-48bf-bb89-c1040f55587a,2024,10,Rent,191795.57,1,191795.57,135350.26,102342.02333333332
00000000-0000-0000-0000-000000000001,0eb66abb-0d5d-4e88-a3ff-16776e267d83,2024,11,Rent,91666.03,1,91666.03,191795.57,142122.19666666666
00000000-0000-0000-0000-000000000001,51fd3682-4888-4a55-92f7-281307c67941,2024,11,Rent,186588.42,1,186588.42,91666.03,139603.95333333334
00000000-0000-0000-0000-000000000001,a01b7f2a-d4d0-48bf-bb89-c1040f55587a,2024,11,Rent,80400.2,1,80400.2,186588.42,156683.34
00000000-0000-0000-0000-000000000001,0eb66abb-0d5d-4e88-a3ff-16776e267d83,2024,12,Rent,191672.88,1,191672.88,80400.2,119551.54999999999
00000000-0000-0000-0000-000000000001,51fd3682-4888-4a55-92f7-281307c67941,2024,12,Rent,90293.1,1,90293.1,191672.88,152887.16666666666
00000000-0000-0000-0000-000000000001,a01b7f2a-d4d0-48bf-bb89-c1040f55587a,2024,12,Rent,99849.74,1,99849.74,90293.1,120788.72666666664
00000000-0000-0000-0000-000000000001,0eb66abb-0d5d-4e88-a3ff-16776e267d83,2022,1,Salaries,345086.45,1,345086.45,,
00000000-0000-0000-0000-000000000001,51fd3682-4888-4a55-92f7-281307c67941,2022,1,Salaries,281546.48,1,281546.48,345086.45,345086.45
00000000-0000-0000-0000-000000000001,a01b7f2a-d4d0-48bf-bb89-c1040f55587a,2022,1,Salaries,737800.37,1,737800.37,281546.48,313316.46499999997
00000000-0000-0000-0000-000000000001,0eb66abb-0d5d-4e88-a3ff-16776e267d83,2022,2,Salaries,282985.65,1,282985.65,737800.37,454811.10000000003
00000000-0000-0000-0000-000000000001,51fd3682-4888-4a55-92f7-281307c67941,2022,2,Salaries,758036.94,1,758036.94,282985.65,434110.8333333333
00000000-0000-0000-0000-000000000001,a01b7f2a-d4d0-48bf-bb89-c1040f55587a,2022,2,Salaries,714966.3,1,714966.3,758036.94,592940.9866666667
00000000-0000-0000-0000-000000000001,0eb66abb-0d5d-4e88-a3ff-16776e267d83,2022,3,Salaries,347623.91,1,347623.91,714966.3,585329.63
00000000-0000-0000-0000-000000000001,51fd3682-4888-4a55-92f7-281307c67941,2022,3,Salaries,263198.79,1,263198.79,347623.91,606875.7166666667
00000000-0000-0000-0000-000000000001,a01b7f2a-d4d0-48bf-bb89-c1040f55587a,2022,3,Salaries,608842.11,1,608842.11,263198.79,441929.6666666667
00000000-0000-0000-0000-000000000001,0eb66abb-0d5d-4e88-a3ff-16776e267d83,2022,4,Salaries,408809.86,1,408809.86,608842.11,406554.9366666667
00000000-0000-0000-0000-000000000001,51fd3682-4888-4a55-92f7-281307c67941,2022,4,Salaries,521351.97,1,521351.97,408809.86,426950.25333333336
00000000-0000-0000-0000-000000000001,a01b7f2a-d4d0-48bf-bb89-c1040f55587a,2022,4,Salaries,390496.52,1,390496.52,521351.97,513001.3133333333
00000000-0000-0000-0000-000000000001,0eb66abb-0d5d-4e88-a3ff-16776e267d83,2022,5,Salaries,373448.93,1,373448.93,390496.52,440219.45
00000000-0000-0000-0000-000000000001,51fd3682-4888-4a55-92f7-281307c67941,2022,5,Salaries,759887.49,1,759887.49,373448.93,428432.4733333333
00000000-0000-0000-0000-000000000001,a01b7f2a-d4d0-48bf-bb89-c1040f55587a,2022,5,Salaries,513308.98,1,513308.98,759887.49,507944.3133333333
00000000-0000-0000-0000-000000000001,0eb66abb-0d5d-4e88-a3ff-16776e267d83,2022,6,Salaries,284716.45,1,284716.45,513308.98,548881.7999999999
00000000-0000-0000-0000-000000000001,51fd3682-4888-4a55-92f7-281307c67941,2022,6,Salaries,709369.01,1,709369.01,284716.45,519304.30666666664
00000000-0000-0000-0000-000000000001,a01b7f2a-d4d0-48bf-bb89-c1040f55587a,2022,6,Salaries,259667.77,1,259667.77,709369.01,502464.8133333333
00000000-0000-0000-0000-000000000001,0eb66abb-0d5d-4e88-a3ff-16776e267d83,2022,7,Salaries,493686.22,1,493686.22,259667.77,417917.74333333335
00000000-0000-0000-0000-000000000001,51fd3682-4888-4a55-92f7-281307c67941,2022,7,Salaries,516642.47,1,516642.47,493686.22,487574.3333333333
00000000-0000-0000-0000-000000000001,a01b7f2a-d4d0-48bf-bb89-c1040f55587a,2022,7,Salaries,671975.98,1,671975.98,516642.47,423332.1533333333
00000000-0000-0000-0000-000000000001,0eb66abb-0d5d-4e88-a3ff-16776e267d83,2022,8,Salaries,787815.0468500004,1,787815.0468500004,671975.98,560768.2233333333
00000000-0000-0000-0000-000000000001,51fd3682-4888-4a55-92f7-281307c67941,2022,8,Salaries,746561.54,1,746561.54,787815.0468500004,658811.1656166668
00000000-0000-0000-0000-000000000001,a01b7f2a-d4d0-48bf-bb89-c1040f55587a,2022,8,Salaries,569465.64,1,569465.64,746561.54,735450.8556166668
00000000-0000-0000-0000-000000000001,0eb66abb-0d5d-4e88-a3ff-16776e267d83,2022,9,Salaries,488504.03,1,488504.03,569465.64,701280.7422833334
00000000-0000-0000-0000-000000000001,51fd3682-4888-4a55-92f7-281307c67941,2022,9,Salaries,598849.44,1,598849.44,488504.03,601510.4033333333
00000000-0000-0000-0000-000000000001,a01b7f2a-d4d0-48bf-bb89-c1040f55587a,2022,9,Salaries,688565.51,1,688565.51,598849.44,552273.0366666666
00000000-0000-0000-0000-000000000001,0eb66abb-0d5d-4e88-a3ff-16776e267d83,2022,10,Salaries,577638.97,1,577638.97,688565.51,591972.9933333333
00000000-0000-0000-0000-000000000001,51fd3682-4888-4a55-92f7-281307c67941,2022,10,Salaries,359130.85,1,359130.85,577638.97,621684.64
00000000-0000-0000-0000-000000000001,a01b7f2a-d4d0-48bf-bb89-c1040f55587a,2022,10,Salaries,497254.96,1,497254.96,359130.85,541778.4433333334
00000000-0000-0000-0000-000000000001,0eb66abb-0d5d-4e88-a3ff-16776e267d83,2022,11,Salaries,215957.47,1,215957.47,497254.96,478008.26
00000000-0000-0000-0000-000000000001,51fd3682-4888-4a55-92f7-281307c67941,2022,11,Salaries,567790.77,1,567790.77,215957.47,357447.76
00000000-0000-0000-0000-000000000001,a01b7f2a-d4d0-48bf-bb89-c1040f55587a,2022,11,Salaries,649567.84,1,649567.84,567790.77,427001.0666666667
00000000-0000-0000-0000-000000000001,0eb66abb-0d5d-4e88-a3ff-16776e267d83,2022,12,Salaries,496111.99,1,496111.99,649567.84,477772.0266666667
00000000-0000-0000-0000-000000000001,51fd3682-4888-4a55-92f7-281307c67941,2022,12,Salaries,651969.94,1,651969.94,496111.99,571156.8666666667
00000000-0000-0000-0000-000000000001,a01b7f2a-d4d0-48bf-bb89-c1040f55587a,2022,12,Salaries,489713.43,1,489713.43,651969.94,599216.59
00000000-0000-0000-0000-000000000001,0eb66abb-0d5d-4e88-a3ff-16776e267d83,2023,1,Salaries,226430.07,1,226430.07,489713.43,545931.7866666666
00000000-0000-0000-0000-000000000001,51fd3682-4888-4a55-92f7-281307c67941,2023,1,Salaries,392300.43,1,392300.43,226430.07,456037.8133333333
00000000-0000-0000-0000-000000000001,a01b7f2a-d4d0-48bf-bb89-c1040f55587a,2023,1,Salaries,347055.2,1,347055.2,392300.43,369481.31
00000000-0000-0000-0000-000000000001,0eb66abb-0d5d-4e88-a3ff-16776e267d83,2023,2,Salaries,325143.55,1,325143.55,347055.2,321928.5666666667
00000000-0000-0000-0000-000000000001,51fd3682-4888-4a55-92f7-281307c67941,2023,2,Salaries,662941.57,1,662941.57,325143.55,354833.06
00000000-0000-0000-0000-000000000001,a01b7f2a-d4d0-48bf-bb89-c1040f55587a,2023,2,Salaries,557753.92,1,557753.92,662941.57,445046.7733333334
00000000-0000-0000-0000-000000000001,0eb66abb-0d5d-4e88-a3ff-16776e267d83,2023,3,Salaries,617611.4,1,617611.4,557753.92,515279.68
00000000-0000-0000-0000-000000000001,51fd3682-4888-4a55-92f7-281307c67941,2023,3,Salaries,787815.0468500004,1,787815.0468500004,617611.4,612768.9633333334
00000000-0000-0000-0000-000000000001,a01b7f2a-d4d0-48bf-bb89-c1040f55587a,2023,3,Salaries,240168.27,1,240168.27,787815.0468500004,654393.4556166668
00000000-0000-0000-0000-000000000001,0eb66abb-0d5d-4e88-a3ff-16776e267d83,2023,4,Salaries,364171.31,1,364171.31,240168.27,548531.5722833335
00000000-0000-0000-0000-000000000001,51fd3682-4888-4a55-92f7-281307c67941,2023,4,Salaries,228511.56,1,228511.56,364171.31,464051.54228333355
00000000-0000-0000-0000-000000000001,a01b7f2a-d4d0-48bf-bb89-c1040f55587a,2023,4,Salaries,433901.67,1,433901.67,228511.56,277617.0466666667
00000000-0000-0000-0000-000000000001,0eb66abb-0d5d-4e88-a3ff-16776e267d83,2023,5,Salaries,654210.24,1,654210.24,433901.67,342194.8466666667
00000000-0000-0000-0000-000000000001,51fd3682-4888-4a55-92f7-281307c67941,2023,5,Salaries,247780.13,1,247780.13,654210.24,438874.49000000005
00000000-0000-0000-0000-000000000001,a01b7f2a-d4d0-48bf-bb89-c1040f55587a,2023,5,Salaries,605959.65,1,605959.65,247780.13,445297.3466666667
00000000-0000-0000-0000-000000000001,0eb66abb-0d5d-4e88-a3ff-16776e267d83,2023,6,Salaries,324490.09,1,324490.09,605959.65,502650.00666666665
00000000-0000-0000-0000-000000000001,51fd3682-4888-4a55-92f7-281307c67941,2023,6,Salaries,478749.25,1,478749.25,324490.09,392743.29000000004
00000000-0000-0000-0000-000000000001,a01b7f2a-d4d0-48bf-bb89-c1040f55587a,2023,6,Salaries,465792.02,1,465792.02,478749.25,469732.99666666676
00000000-0000-0000-0000-000000000001,0eb66abb-0d5d-4e88-a3ff-16776e267d83,2023,7,Salaries,639541.63,1,639541.63,465792.02,423010.45333333337
00000000-0000-0000-0000-000000000001,51fd3682-4888-4a55-92f7-281307c67941,2023,7,Salaries,414836.58,1,414836.58,639541.63,528027.6333333334
00000000-0000-0000-0000-000000000001,a01b7f2a-d4d0-48bf-bb89-c1040f55587a,2023,7,Salaries,604468.7,1,604468.7,414836.58,506723.4100000001
00000000-0000-0000-0000-000000000001,0eb66abb-0d5d-4e88-a3ff-16776e267d83,2023,8,Salaries,431578.48,1,431578.48,604468.7,552948.9700000001
00000000-0000-0000-0000-000000000001,51fd3682-4888-4a55-92f7-281307c67941,2023,8,Salaries,769867.81,1,769867.81,431578.48,483627.9200000001
00000000-0000-0000-0000-000000000001,a01b7f2a-d4d0-48bf-bb89-c1040f55587a,2023,8,Salaries,531316.63,1,531316.63,769867.81,601971.6633333334
00000000-0000-0000-0000-000000000001,0eb66abb-0d5d-4e88-a3ff-16776e267d83,2023,9,Salaries,751804.65,1,751804.65,531316.63,577587.6400000001
00000000-0000-0000-0000-000000000001,51fd3682-4888-4a55-92f7-281307c67941,2023,9,Salaries,560690.95,1,560690.95,751804.65,684329.6966666668
00000000-0000-0000-0000-000000000001,a01b7f2a-d4d0-48bf-bb89-c1040f55587a,2023,9,Salaries,457316.6,1,457316.6,560690.95,614604.0766666668
00000000-0000-0000-0000-000000000001,0eb66abb-0d5d-4e88-a3ff-16776e267d83,2023,10,Salaries,719508.5,1,719508.5,457316.6,589937.4
00000000-0000-0000-0000-000000000001,51fd3682-4888-4a55-92f7-281307c67941,2023,10,Salaries,455896.42,1,455896.42,719508.5,579172.0166666667
00000000-0000-0000-0000-000000000001,a01b7f2a-d4d0-48bf-bb89-c1040f55587a,2023,10,Salaries,691537.31,1,691537.31,455896.42,544240.5066666667
00000000-0000-0000-0000-000000000001,0eb66abb-0d5d-4e88-a3ff-16776e267d83,2023,11,Salaries,757242.05,1,757242.05,691537.31,622314.0766666668
00000000-0000-0000-0000-000000000001,51fd3682-4888-4a55-92f7-281307c67941,2023,11,Salaries,246217.78,1,246217.78,757242.05,634891.9266666669
00000000-0000-0000-0000-000000000001,a01b7f2a-d4d0-48bf-bb89-c1040f55587a,2023,11,Salaries,785564.05,1,785564.05,246217.78,564999.0466666667
00000000-0000-0000-0000-000000000001,0eb66abb-0d5d-4e88-a3ff-16776e267d83,2023,12,Salaries,454500.23,1,454500.23,785564.05,596341.2933333335
00000000-0000-0000-0000-000000000001,51fd3682-4888-4a55-92f7-281307c67941,2023,12,Salaries,677934.18,1,677934.18,454500.23,495427.35333333345
00000000-0000-0000-0000-000000000001,a01b7f2a-d4d0-48bf-bb89-c1040f55587a,2023,12,Salaries,665972.84,1,665972.84,677934.18,639332.8200000002
00000000-0000-0000-0000-000000000001,0eb66abb-0d5d-4e88-a3ff-16776e267d83,2024,1,Salaries,249585.59,1,249585.59,665972.84,599469.0833333334
00000000-0000-0000-0000-000000000001,51fd3682-4888-4a55-92f7-281307c67941,2024,1,Salaries,430661.28,1,430661.28,249585.59,531164.2033333335
00000000-0000-0000-0000-000000000001,a01b7f2a-d4d0-48bf-bb89-c1040f55587a,2024,1,Salaries,626638.26,1,626638.26,430661.28,448739.9033333334
00000000-0000-0000-0000-000000000001,0eb66abb-0d5d-4e88-a3ff-16776e267d83,2024,2,Salaries,752708.46,1,752708.46,626638.26,435628.37666666677
00000000-0000-0000-0000-000000000001,51fd3682-4888-4a55-92f7-281307c67941,2024,2,Salaries,493668.25,1,493668.25,752708.46,603336.0
00000000-0000-0000-0000-000000000001,a01b7f2a-d4d0-48bf-bb89-c1040f55587a,2024,2,Salaries,200745.34,1,200745.34,493668.25,624338.3233333334
00000000-0000-0000-0000-000000000001,0eb66abb-0d5d-4e88-a3ff-16776e267d83,2024,3,Salaries,410549.86,1,410549.86,200745.34,482374.01666666666
00000000-0000-0000-0000-000000000001,51fd3682-4888-4a55-92f7-281307c67941,2024,3,Salaries,744464.6,1,744464.6,410549.86,368321.1500000001
00000000-0000-0000-0000-000000000001,a01b7f2a-d4d0-48bf-bb89-c1040f55587a,2024,3,Salaries,273018.59,1,273018.59,744464.6,451919.9333333334
00000000-0000-0000-0000-000000000001,0eb66abb-0d5d-4e88-a3ff-16776e267d83,2024,4,Salaries,358877.06,1,358877.06,273018.59,476011.01666666666
00000000-0000-0000-0000-000000000001,51fd3682-4888-4a55-92f7-281307c67941,2024,4,Salaries,570598.62,1,570598.62,358877.06,458786.75000000006
00000000-0000-0000-0000-000000000001,a01b7f2a-d4d0-48bf-bb89-c1040f55587a,2024,4,Salaries,666958.62,1,666958.62,570598.62,400831.4233333334
00000000-0000-0000-0000-000000000001,0eb66abb-0d5d-4e88-a3ff-16776e267d83,2024,5,Salaries,548187.0,1,548187.0,666958.62,532144.7666666667
00000000-0000-0000-0000-000000000001,51fd3682-4888-4a55-92f7-281307c67941,2024,5,Salaries,736500.58,1,736500.58,548187.0,595248.0800000001
00000000-0000-0000-0000-000000000001,a01b7f2a-d4d0-48bf-bb89-c1040f55587a,2024,5,Salaries,438302.16,1,438302.16,736500.58,650548.7333333334
00000000-0000-0000-0000-000000000001,0eb66abb-0d5d-4e88-a3ff-16776e267d83,2024,6,Salaries,405903.33,1,405903.33,438302.16,574329.9133333333
00000000-0000-0000-0000-000000000001,51fd3682-4888-4a55-92f7-281307c67941,2024,6,Salaries,494821.78,1,494821.78,405903.33,526902.0233333334
00000000-0000-0000-0000-000000000001,a01b7f2a-d4d0-48bf-bb89-c1040f55587a,2024,6,Salaries,408149.2,1,408149.2,494821.78,446342.4233333334
00000000-0000-0000-0000-000000000001,0eb66abb-0d5d-4e88-a3ff-16776e267d83,2024,7,Salaries,762958.43,1,762958.43,408149.2,436291.43666666676
00000000-0000-0000-0000-000000000001,51fd3682-4888-4a55-92f7-281307c67941,2024,7,Salaries,248147.96,1,248147.96,762958.43,555309.8033333335
00000000-0000-0000-0000-000000000001,a01b7f2a-d4d0-48bf-bb89-c1040f55587a,2024,7,Salaries,294638.96,1,294638.96,248147.96,473085.1966666668
00000000-0000-0000-0000-000000000001,0eb66abb-0d5d-4e88-a3ff-16776e267d83,2024,8,Salaries,492803.79,1,492803.79,294638.96,435248.4500000002
00000000-0000-0000-0000-000000000001,51fd3682-4888-4a55-92f7-281307c67941,2024,8,Salaries,322234.27,1,322234.27,492803.79,345196.9033333334
00000000-0000-0000-0000-000000000001,a01b7f2a-d4d0-48bf-bb89-c1040f55587a,2024,8,Salaries,719558.56,1,719558.56,322234.27,369892.3400000001
00000000-0000-0000-0000-000000000001,0eb66abb-0d5d-4e88-a3ff-16776e267d83,2024,9,Salaries,644993.28,1,644993.28,719558.56,511532.2066666667
00000000-0000-0000-0000-000000000001,51fd3682-4888-4a55-92f7-281307c67941,2024,9,Salaries,562069.8,1,562069.8,644993.28,562262.0366666667
00000000-0000-0000-0000-000000000001,a01b7f2a-d4d0-48bf-bb89-c1040f55587a,2024,9,Salaries,202244.92,1,202244.92,562069.8,642207.2133333334
00000000-0000-0000-0000-000000000001,0eb66abb-0d5d-4e88-a3ff-16776e267d83,2024,10,Salaries,728036.31,1,728036.31,202244.92,469769.33333333343
00000000-0000-0000-0000-000000000001,51fd3682-4888-4a55-92f7-281307c67941,2024,10,Salaries,236657.51,1,236657.51,728036.31,497450.34333333344
00000000-0000-0000-0000-000000000001,a01b7f2a-d4d0-48bf-bb89-c1040f55587a,2024,10,Salaries,211046.63,1,211046.63,236657.51,388979.5800000001
00000000-0000-0000-0000-000000000001,0eb66abb-0d5d-4e88-a3ff-16776e267d83,2024,11,Salaries,339246.4,1,339246.4,211046.63,391913.4833333334
00000000-0000-0000-0000-000000000001,51fd3682-4888-4a55-92f7-281307c67941,2024,11,Salaries,535223.6,1,535223.6,339246.4,262316.84666666674
00000000-0000-0000-0000-000000000001,a01b7f2a-d4d0-48bf-bb89-c1040f55587a,2024,11,Salaries,455395.14,1,455395.14,535223.6,361838.8766666667
00000000-0000-0000-0000-000000000001,0eb66abb-0d5d-4e88-a3ff-16776e267d83,2024,12,Salaries,464164.89,1,464164.89,455395.14,443288.38000000006
00000000-0000-0000-0000-000000000001,51fd3682-4888-4a55-92f7-281307c67941,2024,12,Salaries,445332.27,1,445332.27,464164.89,484927.8766666667
00000000-0000-0000-0000-000000000001,a01b7f2a-d4d0-48bf-bb89-c1040f55587a,2024,12,Salaries,492775.27,1,492775.27,445332.27,454964.1000000001
00000000-0000-0000-0000-000000000001,0eb66abb-0d5d-4e88-a3ff-16776e267d83,2022,1,Travel,5465.6,1,5465.6,,
00000000-0000-0000-0000-000000000001,a01b7f2a-d4d0-48bf-bb89-c1040f55587a,2022,1,Travel,38885.61,1,38885.61,5465.6,5465.6
00000000-0000-0000-0000-000000000001,0eb66abb-0d5d-4e88-a3ff-16776e267d83,2022,2,Travel,94751.31,3,31583.77,38885.61,22175.605
00000000-0000-0000-0000-000000000001,a01b7f2a-d4d0-48bf-bb89-c1040f55587a,2022,2,Travel,57585.04,2,28792.52,94751.31,46367.50666666666
00000000-0000-0000-0000-000000000001,0eb66abb-0d5d-4e88-a3ff-16776e267d83,2022,3,Travel,28745.510000000002,2,14372.755000000001,57585.04,63740.65333333333
00000000-0000-0000-0000-000000000001,51fd3682-4888-4a55-92f7-281307c67941,2022,3,Travel,94350.48000000001,3,31450.160000000003,28745.510000000002,60360.619999999995
00000000-0000-0000-0000-000000000001,a01b7f2a-d4d0-48bf-bb89-c1040f55587a,2022,3,Travel,8230.06,1,8230.06,94350.48000000001,60227.01000000001
00000000-0000-0000-0000-000000000001,51fd3682-4888-4a55-92f7-281307c67941,2022,4,Travel,5261.02,1,5261.02,8230.06,43775.350000000006
00000000-0000-0000-0000-000000000001,0eb66abb-0d5d-4e88-a3ff-16776e267d83,2022,5,Travel,45609.98,1,45609.98,5261.02,35947.18666666667
00000000-0000-0000-0000-000000000001,0eb66abb-0d5d-4e88-a3ff-16776e267d83,2022,6,Travel,58678.399999999994,2,29339.199999999997,45609.98,19700.353333333336
00000000-0000-0000-0000-000000000001,51fd3682-4888-4a55-92f7-281307c67941,2022,6,Travel,58254.37,2,29127.185,58678.399999999994,36516.46666666667
00000000-0000-0000-0000-000000000001,0eb66abb-0d5d-4e88-a3ff-16776e267d83,2022,7,Travel,70155.04,3,23385.013333333332,58254.37,54180.916666666664
00000000-0000-0000-0000-000000000001,51fd3682-4888-4a55-92f7-281307c67941,2022,7,Travel,41398.21,2,20699.105,70155.04,62362.60333333333
00000000-0000-0000-0000-000000000001,a01b7f2a-d4d0-48bf-bb89-c1040f55587a,2022,7,Travel,42332.67,1,42332.67,41398.21,56602.54
00000000-0000-0000-0000-000000000001,51fd3682-4888-4a55-92f7-281307c67941,2022,8,Travel,15538.52,1,15538.52,42332.67,51295.306666666664
00000000-0000-0000-0000-000000000001,0eb66abb-0d5d-4e88-a3ff-16776e267d83,2022,9,Travel,35063.5,1,35063.5,15538.52,33089.799999999996
00000000-0000-0000-0000-000000000001,51fd3682-4888-4a55-92f7-281307c67941,2022,9,Travel,29410.04,1,29410.04,35063.5,30978.23
00000000-0000-0000-0000-000000000001,a01b7f2a-d4d0-48bf-bb89-c1040f55587a,2022,9,Travel,23297.52,1,23297.52,29410.04,26670.686666666665
00000000-0000-0000-0000-000000000001,0eb66abb-0d5d-4e88-a3ff-16776e267d83,2022,10,Travel,19997.59,2,9998.795,23297.52,29257.02
00000000-0000-0000-0000-000000000001,0eb66abb-0d5d-4e88-a3ff-16776e267d83,2022,11,Travel,63976.8,3,21325.600000000002,19997.59,24235.05
00000000-0000-0000-0000-000000000001,a01b7f2a-d4d0-48bf-bb89-c1040f55587a,2022,11,Travel,32252.33,1,32252.33,63976.8,35757.30333333334
00000000-0000-0000-0000-000000000001,a01b7f2a-d4d0-48bf-bb89-c1040f55587a,2022,12,Travel,21252.05,1,21252.05,32252.33,38742.24
00000000-0000-0000-0000-000000000001,a01b7f2a-d4d0-48bf-bb89-c1040f55587a,2023,1,Travel,53021.61,3,17673.87,21252.05,39160.39333333333
00000000-0000-0000-0000-000000000001,0eb66abb-0d5d-4e88-a3ff-16776e267d83,2023,2,Travel,23514.26,1,23514.26,53021.61,35508.66333333333
00000000-0000-0000-0000-000000000001,a01b7f2a-d4d0-48bf-bb89-c1040f55587a,2023,3,Travel,11898.58,1,11898.58,23514.26,32595.973333333328
00000000-0000-0000-0000-000000000001,0eb66abb-0d5d-4e88-a3ff-16776e267d83,2023,4,Travel,37931.11,1,37931.11,11898.58,29478.149999999994
00000000-0000-0000-0000-000000000001,51fd3682-4888-4a55-92f7-281307c67941,2023,4,Travel,79382.35,2,39691.175,37931.11,24447.983333333326
00000000-0000-0000-0000-000000000001,0eb66abb-0d5d-4e88-a3ff-16776e267d83,2023,5,Travel,36038.67,1,36038.67,79382.35,43070.68
00000000-0000-0000-0000-000000000001,51fd3682-4888-4a55-92f7-281307c67941,2023,5,Travel,39880.46,1,39880.46,36038.67,51117.37666666667
00000000-0000-0000-0000-000000000001,a01b7f2a-d4d0-48bf-bb89-c1040f55587a,2023,5,Travel,50393.9,4,12598.475,39880.46,51767.159999999996
00000000-0000-0000-0000-000000000001,51fd3682-4888-4a55-92f7-281307c67941,2023,6,Travel,47422.77,1,47422.77,50393.9,42104.34333333333
00000000-0000-0000-0000-000000000001,0eb66abb-0d5d-4e88-a3ff-16776e267d83,2023,8,Travel,44238.87,2,22119.435,47422.77,45899.04333333333
00000000-0000-0000-0000-000000000001,0eb66abb-0d5d-4e88-a3ff-16776e267d83,2023,9,Travel,69795.48999999999,2,34897.744999999995,44238.87,47351.84666666666
00000000-0000-0000-0000-000000000001,51fd3682-4888-4a55-92f7-281307c67941,2023,9,Travel,20049.51,1,20049.51,69795.48999999999,53819.04333333333
00000000-0000-0000-0000-000000000001,a01b7f2a-d4d0-48bf-bb89-c1040f55587a,2023,9,Travel,90333.44,3,30111.146666666667,20049.51,44694.62333333333
00000000-0000-0000-0000-000000000001,0eb66abb-0d5d-4e88-a3ff-16776e267d83,2023,10,Travel,1100.01,1,1100.01,90333.44,60059.47999999999
00000000-0000-0000-0000-000000000001,51fd3682-4888-4a55-92f7-281307c67941,2023,10,Travel,22102.72,1,22102.72,1100.01,37160.98666666666
00000000-0000-0000-0000-000000000001,a01b7f2a-d4d0-48bf-bb89-c1040f55587a,2023,10,Travel,14265.72,1,14265.72,22102.72,37845.38999999999
00000000-0000-0000-0000-000000000001,0eb66abb-0d5d-4e88-a3ff-16776e267d83,2023,11,Travel,15129.62,1,15129.62,14265.72,12489.483333333328
00000000-0000-0000-0000-000000000001,51fd3682-4888-4a55-92f7-281307c67941,2023,11,Travel,36620.38,1,36620.38,15129.62,17166.019999999993
00000000-0000-0000-0000-000000000001,0eb66abb-0d5d-4e88-a3ff-16776e267d83,2023,12,Travel,42528.17,1,42528.17,36620.38,22005.239999999994
00000000-0000-0000-0000-000000000001,51fd3682-4888-4a55-92f7-281307c67941,2023,12,Travel,62253.25,2,31126.625,42528.17,31426.05666666666
00000000-0000-0000-0000-000000000001,51fd3682-4888-4a55-92f7-281307c67941,2024,1,Travel,33749.26,1,33749.26,62253.25,47133.93333333333
00000000-0000-0000-0000-000000000001,a01b7f2a-d4d0-48bf-bb89-c1040f55587a,2024,1,Travel,12797.93,1,12797.93,33749.26,46176.89333333333
00000000-0000-0000-0000-000000000001,51fd3682-4888-4a55-92f7-281307c67941,2024,2,Travel,77209.14,3,25736.38,12797.93,36266.813333333324
00000000-0000-0000-0000-000000000001,a01b7f2a-d4d0-48bf-bb89-c1040f55587a,2024,2,Travel,8154.92,1,8154.92,77209.14,41252.10999999999
00000000-0000-0000-0000-000000000001,51fd3682-4888-4a55-92f7-281307c67941,2024,3,Travel,9372.45,1,9372.45,8154.92,32720.663333333327
00000000-0000-0000-0000-000000000001,0eb66abb-0d5d-4e88-a3ff-16776e267d83,2024,4,Travel,4543.62,1,4543.62,9372.45,31578.83666666666
00000000-0000-0000-0000-000000000001,a01b7f2a-d4d0-48bf-bb89-c1040f55587a,2024,4,Travel,46833.6,1,46833.6,4543.62,7356.996666666662
00000000-0000-0000-0000-000000000001,51fd3682-4888-4a55-92f7-281307c67941,2024,5,Travel,30830.55,1,30830.55,46833.6,20249.889999999996
00000000-0000-0000-0000-000000000001,0eb66abb-0d5d-4e88-a3ff-16776e267d83,2024,6,Travel,9514.44,1,9514.44,30830.55,27402.589999999997
00000000-0000-0000-0000-000000000001,51fd3682-4888-4a55-92f7-281307c67941,2024,6,Travel,26698.95,2,13349.475,9514.44,29059.529999999995
00000000-0000-0000-0000-000000000001,0eb66abb-0d5d-4e88-a3ff-16776e267d83,2024,7,Travel,11358.01,1,11358.01,26698.95,22347.979999999996
00000000-0000-0000-0000-000000000001,51fd3682-4888-4a55-92f7-281307c67941,2024,7,Travel,41851.12,1,41851.12,11358.01,15857.13333333333
00000000-0000-0000-0000-000000000001,a01b7f2a-d4d0-48bf-bb89-c1040f55587a,2024,7,Travel,25397.73,2,12698.865,41851.12,26636.02666666666
00000000-0000-0000-0000-000000000001,0eb66abb-0d5d-4e88-a3ff-16776e267d83,2024,8,Travel,14829.52,1,14829.52,25397.73,26202.286666666663
00000000-0000-0000-0000-000000000001,51fd3682-4888-4a55-92f7-281307c67941,2024,8,Travel,40777.72,1,40777.72,14829.52,27359.456666666665
00000000-0000-0000-0000-000000000001,a01b7f2a-d4d0-48bf-bb89-c1040f55587a,2024,8,Travel,36847.58,1,36847.58,40777.72,27001.656666666662
00000000-0000-0000-0000-000000000001,0eb66abb-0d5d-4e88-a3ff-16776e267d83,2024,9,Travel,85003.08,2,42501.54,36847.58,30818.27333333333
00000000-0000-0000-0000-000000000001,a01b7f2a-d4d0-48bf-bb89-c1040f55587a,2024,9,Travel,123329.85,4,30832.4625,85003.08,54209.46
00000000-0000-0000-0000-000000000001,a01b7f2a-d4d0-48bf-bb89-c1040f55587a,2024,10,Travel,18003.9,1,18003.9,123329.85,81726.83666666667
00000000-0000-0000-0000-000000000001,0eb66abb-0d5d-4e88-a3ff-16776e267d83,2024,11,Travel,60863.53,2,30431.765,18003.9,75445.61
00000000-0000-0000-0000-000000000001,51fd3682-4888-4a55-92f7-281307c67941,2024,11,Travel,39238.11,1,39238.11,60863.53,67399.09333333334
00000000-0000-0000-0000-000000000001,a01b7f2a-d4d0-48bf-bb89-c1040f55587a,2024,11,Travel,32416.48,1,32416.48,39238.11,39368.51333333333
00000000-0000-0000-0000-000000000001,0eb66abb-0d5d-4e88-a3ff-16776e267d83,2024,12,Travel,122441.89000000001,3,40813.96333333334,32416.48,44172.706666666665
00000000-0000-0000-0000-000000000001,51fd3682-4888-4a55-92f7-281307c67941,2024,12,Travel,2477.49,1,2477.49,122441.89000000001,64698.82666666667
00000000-0000-0000-0000-000000000001,0eb66abb-0d5d-4e88-a3ff-16776e267d83,2022,1,Utilities,16880.7,1,16880.7,,
00000000-0000-0000-0000-000000000001,51fd3682-4888-4a55-92f7-281307c67941,2022,1,Utilities,19467.35,1,19467.35,16880.7,16880.7
00000000-0000-0000-0000-000000000001,a01b7f2a-d4d0-48bf-bb89-c1040f55587a,2022,1,Utilities,9031.88,1,9031.88,19467.35,18174.025
00000000-0000-0000-0000-000000000001,0eb66abb-0d5d-4e88-a3ff-16776e267d83,2022,2,Utilities,18361.71,1,18361.71,9031.88,15126.643333333333
00000000-0000-0000-0000-000000000001,51fd3682-4888-4a55-92f7-281307c67941,2022,2,Utilities,5634.64,1,5634.64,18361.71,15620.313333333334
00000000-0000-0000-0000-000000000001,a01b7f2a-d4d0-48bf-bb89-c1040f55587a,2022,2,Utilities,7016.81,1,7016.81,5634.64,11009.410000000002
00000000-0000-0000-0000-000000000001,0eb66abb-0d5d-4e88-a3ff-16776e267d83,2022,3,Utilities,16022.59,1,16022.59,7016.81,10337.720000000001
00000000-0000-0000-0000-000000000001,51fd3682-4888-4a55-92f7-281307c67941,2022,3,Utilities,21610.99,1,21610.99,16022.59,9558.013333333334
00000000-0000-0000-0000-000000000001,a01b7f2a-d4d0-48bf-bb89-c1040f55587a,2022,3,Utilities,17176.22,1,17176.22,21610.99,14883.463333333335
00000000-0000-0000-0000-000000000001,0eb66abb-0d5d-4e88-a3ff-16776e267d83,2022,4,Utilities,7672.6,1,7672.6,17176.22,18269.933333333334
00000000-0000-0000-0000-000000000001,51fd3682-4888-4a55-92f7-281307c67941,2022,4,Utilities,14507.49,1,14507.49,7672.6,15486.603333333334
00000000-0000-0000-0000-000000000001,a01b7f2a-d4d0-48bf-bb89-c1040f55587a,2022,4,Utilities,11313.12,1,11313.12,14507.49,13118.770000000002
00000000-0000-0000-0000-000000000001,0eb66abb-0d5d-4e88-a3ff-16776e267d83,2022,5,Utilities,6682.55,1,6682.55,11313.12,11164.403333333335
00000000-0000-0000-0000-000000000001,51fd3682-4888-4a55-92f7-281307c67941,2022,5,Utilities,15217.87,1,15217.87,6682.55,10834.386666666669
00000000-0000-0000-0000-000000000001,a01b7f2a-d4d0-48bf-bb89-c1040f55587a,2022,5,Utilities,9499.71,1,9499.71,15217.87,11071.180000000002
00000000-0000-0000-0000-000000000001,0eb66abb-0d5d-4e88-a3ff-16776e267d83,2022,6,Utilities,16861.58,1,16861.58,9499.71,10466.710000000001
00000000-0000-0000-0000-000000000001,51fd3682-4888-4a55-92f7-281307c67941,2022,6,Utilities,15000.79,1,15000.79,16861.58,13859.720000000001
00000000-0000-0000-0000-000000000001,a01b7f2a-d4d0-48bf-bb89-c1040f55587a,2022,6,Utilities,14917.22,1,14917.22,15000.79,13787.36
00000000-0000-0000-0000-000000000001,0eb66abb-0d5d-4e88-a3ff-16776e267d83,2022,7,Utilities,27594.62,1,27594.62,14917.22,15593.196666666669
00000000-0000-0000-0000-000000000001,51fd3682-4888-4a55-92f7-281307c67941,2022,7,Utilities,23014.19,1,23014.19,27594.62,19170.876666666667
00000000-0000-0000-0000-000000000001,a01b7f2a-d4d0-48bf-bb89-c1040f55587a,2022,7,Utilities,23739.16,1,23739.16,23014.19,21842.01
00000000-0000-0000-0000-000000000001,0eb66abb-0d5d-4e88-a3ff-16776e267d83,2022,8,Utilities,23958.83,1,23958.83,23739.16,24782.656666666666
00000000-0000-0000-0000-000000000001,51fd3682-4888-4a55-92f7-281307c67941,2022,8,Utilities,20731.29,1,20731.29,23958.83,23570.72666666667
00000000-0000-0000-0000-000000000001,a01b7f2a-d4d0-48bf-bb89-c1040f55587a,2022,8,Utilities,14835.11,1,14835.11,20731.29,22809.76
00000000-0000-0000-0000-000000000001,0eb66abb-0d5d-4e88-a3ff-16776e267d83,2022,9,Utilities,9257.29,1,9257.29,14835.11,19841.743333333336
00000000-0000-0000-0000-000000000001,51fd3682-4888-4a55-92f7-281307c67941,2022,9,Utilities,28199.66,1,28199.66,9257.29,14941.230000000003
00000000-0000-0000-0000-000000000001,a01b7f2a-d4d0-48bf-bb89-c1040f55587a,2022,9,Utilities,17369.67,1,17369.67,28199.66,17430.686666666672
00000000-0000-0000-0000-000000000001,0eb66abb-0d5d-4e88-a3ff-16776e267d83,2022,10,Utilities,23304.95,1,23304.95,17369.67,18275.540000000005
00000000-0000-0000-0000-000000000001,51fd3682-4888-4a55-92f7-281307c67941,2022,10,Utilities,15526.39,1,15526.39,23304.95,22958.093333333334
00000000-0000-0000-0000-000000000001,a01b7f2a-d4d0-48bf-bb89-c1040f55587a,2022,10,Utilities,19999.99,1,19999.99,15526.39,18733.670000000002
00000000-0000-0000-0000-000000000001,0eb66abb-0d5d-4e88-a3ff-16776e267d83,2022,11,Utilities,22604.54,1,22604.54,19999.99,19610.44333333334
00000000-0000-0000-0000-000000000001,51fd3682-4888-4a55-92f7-281307c67941,2022,11,Utilities,17082.98,1,17082.98,22604.54,19376.97333333334
00000000-0000-0000-0000-000000000001,a01b7f2a-d4d0-48bf-bb89-c1040f55587a,2022,11,Utilities,17379.47,1,17379.47,17082.98,19895.83666666667
00000000-0000-0000-0000-000000000001,0eb66abb-0d5d-4e88-a3ff-16776e267d83,2022,12,Utilities,28117.19,1,28117.19,17379.47,19022.33
00000000-0000-0000-0000-000000000001,51fd3682-4888-4a55-92f7-281307c67941,2022,12,Utilities,24331.05,1,24331.05,28117.19,20859.880000000005
00000000-0000-0000-0000-000000000001,a01b7f2a-d4d0-48bf-bb89-c1040f55587a,2022,12,Utilities,15934.41,1,15934.41,24331.05,23275.903333333335
00000000-0000-0000-0000-000000000001,0eb66abb-0d5d-4e88-a3ff-16776e267d83,2023,1,Utilities,24549.05,1,24549.05,15934.41,22794.21666666667
00000000-0000-0000-0000-000000000001,51fd3682-4888-4a55-92f7-281307c67941,2023,1,Utilities,24161.78,1,24161.78,24549.05,21604.836666666666
00000000-0000-0000-0000-000000000001,a01b7f2a-d4d0-48bf-bb89-c1040f55587a,2023,1,Utilities,9123.14,1,9123.14,24161.78,21548.413333333334
00000000-0000-0000-0000-000000000001,0eb66abb-0d5d-4e88-a3ff-16776e267d83,2023,2,Utilities,25817.3,1,25817.3,9123.14,19277.99
00000000-0000-0000-0000-000000000001,51fd3682-4888-4a55-92f7-281307c67941,2023,2,Utilities,9308.87,1,9308.87,25817.3,19700.74
00000000-0000-0000-0000-000000000001,a01b7f2a-d4d0-48bf-bb89-c1040f55587a,2023,2,Utilities,18563.64,1,18563.64,9308.87,14749.770000000002
00000000-0000-0000-0000-000000000001,0eb66abb-0d5d-4e88-a3ff-16776e267d83,2023,3,Utilities,28684.54,1,28684.54,18563.64,17896.603333333336
00000000-0000-0000-0000-000000000001,51fd3682-4888-4a55-92f7-281307c67941,2023,3,Utilities,20206.33,1,20206.33,28684.54,18852.350000000002
00000000-0000-0000-0000-000000000001,a01b7f2a-d4d0-48bf-bb89-c1040f55587a,2023,3,Utilities,27036.83,1,27036.83,20206.33,22484.83666666667
00000000-0000-0000-0000-000000000001,0eb66abb-0d5d-4e88-a3ff-16776e267d83,2023,4,Utilities,10508.32,1,10508.32,27036.83,25309.233333333337
00000000-0000-0000-0000-000000000001,51fd3682-4888-4a55-92f7-281307c67941,2023,4,Utilities,12164.46,1,12164.46,10508.32,19250.493333333336
00000000-0000-0000-0000-000000000001,a01b7f2a-d4d0-48bf-bb89-c1040f55587a,2023,4,Utilities,28457.03,1,28457.03,12164.46,16569.87
00000000-0000-0000-0000-000000000001,0eb66abb-0d5d-4e88-a3ff-16776e267d83,2023,5,Utilities,6106.07,1,6106.07,28457.03,17043.27
00000000-0000-0000-0000-000000000001,51fd3682-4888-4a55-92f7-281307c67941,2023,5,Utilities,16891.15,1,16891.15,6106.07,15575.853333333333
00000000-0000-0000-0000-000000000001,a01b7f2a-d4d0-48bf-bb89-c1040f55587a,2023,5,Utilities,6201.83,1,6201.83,16891.15,17151.416666666668
00000000-0000-0000-0000-000000000001,0eb66abb-0d5d-4e88-a3ff-16776e267d83,2023,6,Utilities,20315.3,1,20315.3,6201.83,9733.016666666668
00000000-0000-0000-0000-000000000001,51fd3682-4888-4a55-92f7-281307c67941,2023,6,Utilities,5797.84,1,5797.84,20315.3,14469.426666666668
00000000-0000-0000-0000-000000000001,a01b7f2a-d4d0-48bf-bb89-c1040f55587a,2023,6,Utilities,18927.14,1,18927.14,5797.84,10771.656666666668
00000000-0000-0000-0000-000000000001,0eb66abb-0d5d-4e88-a3ff-16776e267d83,2023,7,Utilities,23812.87,1,23812.87,18927.14,15013.426666666668
00000000-0000-0000-0000-000000000001,51fd3682-4888-4a55-92f7-281307c67941,2023,7,Utilities,10140.52,1,10140.52,23812.87,16179.283333333335
00000000-0000-0000-0000-000000000001,a01b7f2a-d4d0-48bf-bb89-c1040f55587a,2023,7,Utilities,7190.29,1,7190.29,10140.52,17626.843333333334
00000000-0000-0000-0000-000000000001,0eb66abb-0d5d-4e88-a3ff-16776e267d83,2023,8,Utilities,25572.41,1,25572.41,7190.29,13714.56
00000000-0000-0000-0000-000000000001,51fd3682-4888-4a55-92f7-281307c67941,2023,8,Utilities,6380.43,1,6380.43,25572.41,14301.073333333334
00000000-0000-0000-0000-000000000001,a01b7f2a-d4d0-48bf-bb89-c1040f55587a,2023,8,Utilities,27431.24,1,27431.24,6380.43,13047.710000000001
00000000-0000-0000-0000-000000000001,0eb66abb-0d5d-4e88-a3ff-16776e267d83,2023,9,Utilities,11772.89,1,11772.89,27431.24,19794.693333333333
00000000-0000-0000-0000-000000000001,51fd3682-4888-4a55-92f7-281307c67941,2023,9,Utilities,29037.03,1,29037.03,11772.89,15194.853333333333
00000000-0000-0000-0000-000000000001,a01b7f2a-d4d0-48bf-bb89-c1040f55587a,2023,9,Utilities,27923.24,1,27923.24,29037.03,22747.053333333333
00000000-0000-0000-0000-000000000001,0eb66abb-0d5d-4e88-a3ff-16776e267d83,2023,10,Utilities,17480.29,1,17480.29,27923.24,22911.053333333333
00000000-0000-0000-0000-000000000001,51fd3682-4888-4a55-92f7-281307c67941,2023,10,Utilities,19627.07,1,19627.07,17480.29,24813.52
00000000-0000-0000-0000-000000000001,a01b7f2a-d4d0-48bf-bb89-c1040f55587a,2023,10,Utilities,28150.9,1,28150.9,19627.07,21676.86666666667
00000000-0000-0000-0000-000000000001,0eb66abb-0d5d-4e88-a3ff-16776e267d83,2023,11,Utilities,21520.94,1,21520.94,28150.9,21752.753333333334
00000000-0000-0000-0000-000000000001,51fd3682-4888-4a55-92f7-281307c67941,2023,11,Utilities,29430.49,1,29430.49,21520.94,23099.63666666667
00000000-0000-0000-0000-000000000001,a01b7f2a-d4d0-48bf-bb89-c1040f55587a,2023,11,Utilities,17121.4,1,17121.4,29430.49,26367.44333333334
00000000-0000-0000-0000-000000000001,0eb66abb-0d5d-4e88-a3ff-16776e267d83,2023,12,Utilities,14493.3,1,14493.3,17121.4,22690.943333333333
00000000-0000-0000-0000-000000000001,51fd3682-4888-4a55-92f7-281307c67941,2023,12,Utilities,9979.6,1,9979.6,14493.3,20348.396666666667
00000000-0000-0000-0000-000000000001,a01b7f2a-d4d0-48bf-bb89-c1040f55587a,2023,12,Utilities,28476.75,1,28476.75,9979.6,13864.766666666668
00000000-0000-0000-0000-000000000001,0eb66abb-0d5d-4e88-a3ff-16776e267d83,2024,1,Utilities,24790.12,1,24790.12,28476.75,17649.883333333335
00000000-0000-0000-0000-000000000001,51fd3682-4888-4a55-92f7-281307c67941,2024,1,Utilities,6594.21,1,6594.21,24790.12,21082.156666666666
00000000-0000-0000-0000-000000000001,a01b7f2a-d4d0-48bf-bb89-c1040f55587a,2024,1,Utilities,8730.04,1,8730.04,6594.21,19953.693333333333
00000000-0000-0000-0000-000000000001,0eb66abb-0d5d-4e88-a3ff-16776e267d83,2024,2,Utilities,28807.0,1,28807.0,8730.04,13371.456666666665
00000000-0000-0000-0000-000000000001,51fd3682-4888-4a55-92f7-281307c67941,2024,2,Utilities,23034.1,1,23034.1,28807.0,14710.416666666666
00000000-0000-0000-0000-000000000001,a01b7f2a-d4d0-48bf-bb89-c1040f55587a,2024,2,Utilities,15766.43,1,15766.43,23034.1,20190.38
00000000-0000-0000-0000-000000000001,0eb66abb-0d5d-4e88-a3ff-16776e267d83,2024,3,Utilities,18679.82,1,18679.82,15766.43,22535.843333333334
00000000-0000-0000-0000-000000000001,51fd3682-4888-4a55-92f7-281307c67941,2024,3,Utilities,29823.21,1,29823.21,18679.82,19160.116666666665
00000000-0000-0000-0000-000000000001,a01b7f2a-d4d0-48bf-bb89-c1040f55587a,2024,3,Utilities,29363.83,1,29363.83,29823.21,21423.153333333332
00000000-0000-0000-0000-000000000001,0eb66abb-0d5d-4e88-a3ff-16776e267d83,2024,4,Utilities,8413.77,1,8413.77,29363.83,25955.62
00000000-0000-0000-0000-000000000001,51fd3682-4888-4a55-92f7-281307c67941,2024,4,Utilities,21444.41,1,21444.41,8413.77,22533.603333333333
00000000-0000-0000-0000-000000000001,a01b7f2a-d4d0-48bf-bb89-c1040f55587a,2024,4,Utilities,13545.21,1,13545.21,21444.41,19740.670000000002
00000000-0000-0000-0000-000000000001,0eb66abb-0d5d-4e88-a3ff-16776e267d83,2024,5,Utilities,28878.61,1,28878.61,13545.21,14467.796666666667
00000000-0000-0000-0000-000000000001,51fd3682-4888-4a55-92f7-281307c67941,2024,5,Utilities,12878.51,1,12878.51,28878.61,21289.41
00000000-0000-0000-0000-000000000001,a01b7f2a-d4d0-48bf-bb89-c1040f55587a,2024,5,Utilities,29678.22,1,29678.22,12878.51,18434.11
00000000-0000-0000-0000-000000000001,0eb66abb-0d5d-4e88-a3ff-16776e267d83,2024,6,Utilities,13931.57,1,13931.57,29678.22,23811.78
00000000-0000-0000-0000-000000000001,51fd3682-4888-4a55-92f7-281307c67941,2024,6,Utilities,9296.43,1,9296.43,13931.57,18829.433333333334
00000000-0000-0000-0000-000000000001,a01b7f2a-d4d0-48bf-bb89-c1040f55587a,2024,6,Utilities,21925.42,1,21925.42,9296.43,17635.406666666666
00000000-0000-0000-0000-000000000001,0eb66abb-0d5d-4e88-a3ff-16776e267d83,2024,7,Utilities,5804.68,1,5804.68,21925.42,15051.14
00000000-0000-0000-0000-000000000001,51fd3682-4888-4a55-92f7-281307c67941,2024,7,Utilities,13536.46,1,13536.46,5804.68,12342.176666666666
00000000-0000-0000-0000-000000000001,a01b7f2a-d4d0-48bf-bb89-c1040f55587a,2024,7,Utilities,26742.89,1,26742.89,13536.46,13755.519999999999
00000000-0000-0000-0000-000000000001,0eb66abb-0d5d-4e88-a3ff-16776e267d83,2024,8,Utilities,29261.08,1,29261.08,26742.89,15361.343333333332
00000000-0000-0000-0000-000000000001,51fd3682-4888-4a55-92f7-281307c67941,2024,8,Utilities,20548.4,1,20548.4,29261.08,23180.14333333333
00000000-0000-0000-0000-000000000001,a01b7f2a-d4d0-48bf-bb89-c1040f55587a,2024,8,Utilities,23906.46,1,23906.46,20548.4,25517.456666666665
00000000-0000-0000-0000-000000000001,0eb66abb-0d5d-4e88-a3ff-16776e267d83,2024,9,Utilities,6086.67,1,6086.67,23906.46,24571.98
00000000-0000-0000-0000-000000000001,51fd3682-4888-4a55-92f7-281307c67941,2024,9,Utilities,12697.98,1,12697.98,6086.67,16847.176666666666
00000000-0000-0000-0000-000000000001,a01b7f2a-d4d0-48bf-bb89-c1040f55587a,2024,9,Utilities,28370.76,1,28370.76,12697.98,14230.37
00000000-0000-0000-0000-000000000001,0eb66abb-0d5d-4e88-a3ff-16776e267d83,2024,10,Utilities,7866.26,1,7866.26,28370.76,15718.47
00000000-0000-0000-0000-000000000001,51fd3682-4888-4a55-92f7-281307c67941,2024,10,Utilities,19037.24,1,19037.24,7866.26,16311.666666666666
00000000-0000-0000-0000-000000000001,a01b7f2a-d4d0-48bf-bb89-c1040f55587a,2024,10,Utilities,14013.9,1,14013.9,19037.24,18424.75333333333
00000000-0000-0000-0000-000000000001,0eb66abb-0d5d-4e88-a3ff-16776e267d83,2024,11,Utilities,13166.32,1,13166.32,14013.9,13639.133333333333
00000000-0000-0000-0000-000000000001,51fd3682-4888-4a55-92f7-281307c67941,2024,11,Utilities,10041.27,1,10041.27,13166.32,15405.82
00000000-0000-0000-0000-000000000001,a01b7f2a-d4d0-48bf-bb89-c1040f55587a,2024,11,Utilities,19349.11,1,19349.11,10041.27,12407.163333333332
00000000-0000-0000-0000-000000000001,0eb66abb-0d5d-4e88-a3ff-16776e267d83,2024,12,Utilities,5797.94,1,5797.94,19349.11,14185.566666666666
00000000-0000-0000-0000-000000000001,51fd3682-4888-4a55-92f7-281307c67941,2024,12,Utilities,27252.69,1,27252.69,5797.94,11729.44
00000000-0000-0000-0000-000000000001,a01b7f2a-d4d0-48bf-bb89-c1040f55587a,2024,12,Utilities,17253.06,1,17253.06,27252.69,17466.579999999998
00000000-0000-0000-0000-000000000002,587616fd-ba60-493e-ba92-b68a61b5cdce,2022,1,IT & Software,24814.91,1,24814.91,,
00000000-0000-0000-0000-000000000002,5f6c98b4-4360-41ee-83a3-efc700651a04,2022,1,IT & Software,69660.07,2,34830.035,24814.91,24814.91
00000000-0000-0000-0000-000000000002,b961632b-814f-4481-946b-17a792487aa7,2022,1,IT & Software,3572.9,1,3572.9,69660.07,47237.490000000005
00000000-0000-0000-0000-000000000002,587616fd-ba60-493e-ba92-b68a61b5cdce,2022,2,IT & Software,66580.74,2,33290.37,3572.9,32682.626666666667
00000000-0000-0000-0000-000000000002,5f6c98b4-4360-41ee-83a3-efc700651a04,2022,3,IT & Software,27748.18,1,27748.18,66580.74,46604.57000000001
00000000-0000-0000-0000-000000000002,b961632b-814f-4481-946b-17a792487aa7,2022,3,IT & Software,777.85,1,777.85,27748.18,32633.940000000002
00000000-0000-0000-0000-000000000002,587616fd-ba60-493e-ba92-b68a61b5cdce,2022,4,IT & Software,48520.89,1,48520.89,777.85,31702.256666666668
00000000-0000-0000-0000-000000000002,5f6c98b4-4360-41ee-83a3-efc700651a04,2022,4,IT & Software,26924.08,1,26924.08,48520.89,25682.306666666667
00000000-0000-0000-0000-000000000002,b961632b-814f-4481-946b-17a792487aa7,2022,4,IT & Software,36511.58,2,18255.79,26924.08,25407.60666666667
00000000-0000-0000-0000-000000000002,587616fd-ba60-493e-ba92-b68a61b5cdce,2022,5,IT & Software,38103.43,2,19051.715,36511.58,37318.85
00000000-0000-0000-0000-000000000002,5f6c98b4-4360-41ee-83a3-efc700651a04,2022,5,IT & Software,14046.1,1,14046.1,38103.43,33846.363333333335
00000000-0000-0000-0000-000000000002,587616fd-ba60-493e-ba92-b68a61b5cdce,2022,6,IT & Software,8749.11,1,8749.11,14046.1,29553.703333333335
00000000-0000-0000-0000-000000000002,5f6c98b4-4360-41ee-83a3-efc700651a04,2022,7,IT & Software,18832.96,1,18832.96,8749.11,20299.546666666665
00000000-0000-0000-0000-000000000002,b961632b-814f-4481-946b-17a792487aa7,2022,7,IT & Software,40798.61,2,20399.305,18832.96,13876.056666666665
00000000-0000-0000-0000-000000000002,b961632b-814f-4481-946b-17a792487aa7,2022,8,IT & Software,20591.36,1,20591.36,40798.61,22793.559999999998
00000000-0000-0000-0000-000000000002,587616fd-ba60-493e-ba92-b68a61b5cdce,2022,9,IT & Software,10845.52,1,10845.52,20591.36,26740.976666666666
00000000-0000-0000-0000-000000000002,5f6c98b4-4360-41ee-83a3-efc700651a04,2022,9,IT & Software,38779.8,1,38779.8,10845.52,24078.49666666667
00000000-0000-0000-0000-000000000002,587616fd-ba60-493e-ba92-b68a61b5cdce,2022,10,IT & Software,82062.93,2,41031.465,38779.8,23405.56
00000000-0000-0000-0000-000000000002,5f6c98b4-4360-41ee-83a3-efc700651a04,2022,10,IT & Software,47993.61,1,47993.61,82062.93,43896.083333333336
00000000-0000-0000-0000-000000000002,5f6c98b4-4360-41ee-83a3-efc700651a04,2022,11,IT & Software,6224.09,1,6224.09,47993.61,56278.78
00000000-0000-0000-0000-000000000002,b961632b-814f-4481-946b-17a792487aa7,2022,11,IT & Software,40788.36,1,40788.36,6224.09,45426.87666666667
00000000-0000-0000-0000-000000000002,587616fd-ba60-493e-ba92-b68a61b5cdce,2022,12,IT & Software,69019.9,2,34509.95,40788.36,31668.686666666665
00000000-0000-0000-0000-000000000002,5f6c98b4-4360-41ee-83a3-efc700651a04,2022,12,IT & Software,44610.38,1,44610.38,69019.9,38677.45
00000000-0000-0000-0000-000000000002,b961632b-814f-4481-946b-17a792487aa7,2022,12,IT & Software,6630.46,1,6630.46,44610.38,51472.88
00000000-0000-0000-0000-000000000002,5f6c98b4-4360-41ee-83a3-efc700651a04,2023,1,IT & Software,45294.34,1,45294.34,6630.46,40086.91333333333
00000000-0000-0000-0000-000000000002,b961632b-814f-4481-946b-17a792487aa7,2023,2,IT & Software,36083.77,1,36083.77,45294.34,32178.39333333333
00000000-0000-0000-0000-000000000002,587616fd-ba60-493e-ba92-b68a61b5cdce,2023,3,IT & Software,95141.22,3,31713.74,36083.77,29336.19
00000000-0000-0000-0000-000000000002,5f6c98b4-4360-41ee-83a3-efc700651a04,2023,3,IT & Software,28158.09,1,28158.09,95141.22,58839.776666666665
00000000-0000-0000-0000-000000000002,b961632b-814f-4481-946b-17a792487aa7,2023,3,IT & Software,34571.1,1,34571.1,28158.09,53127.69333333333
00000000-0000-0000-0000-000000000002,587616fd-ba60-493e-ba92-b68a61b5cdce,2023,4,IT & Software,2319.16,1,2319.16,34571.1,52623.47
00000000-0000-0000-0000-000000000002,5f6c98b4-4360-41ee-83a3-efc700651a04,2023,4,IT & Software,34629.07,1,34629.07,2319.16,21682.783333333336
00000000-0000-0000-0000-000000000002,5f6c98b4-4360-41ee-83a3-efc700651a04,2023,5,IT & Software,45146.47,1,45146.47,34629.07,23839.77666666667
00000000-0000-0000-0000-000000000002,b961632b-814f-4481-946b-17a792487aa7,2023,5,IT & Software,31989.97,1,31989.97,45146.47,27364.899999999998
00000000-0000-0000-0000-000000000002,587616fd-ba60-493e-ba92-b68a61b5cdce,2023,6,IT & Software,40584.05,2,20292.025,31989.97,37255.17
00000000-0000-0000-0000-000000000002,5f6c98b4-4360-41ee-83a3-efc700651a04,2023,6,IT & Software,45277.9,1,45277.9,40584.05,39240.16333333334
00000000-0000-0000-0000-000000000002,5f6c98b4-4360-41ee-83a3-efc700651a04,2023,7,IT & Software,39805.29,1,39805.29,45277.9,39283.973333333335
00000000-0000-0000-0000-000000000002,5f6c98b4-4360-41ee-83a3-efc700651a04,2023,8,IT & Software,14088.04,1,14088.04,39805.29,41889.08
00000000-0000-0000-0000-000000000002,b961632b-814f-4481-946b-17a792487aa7,2023,8,IT & Software,26145.99,1,26145.99,14088.04,33057.07666666667
00000000-0000-0000-0000-000000000002,b961632b-814f-4481-946b-17a792487aa7,2023,9,IT & Software,62399.8,3,20799.933333333334,26145.99,26679.773333333334
00000000-0000-0000-0000-000000000002,587616fd-ba60-493e-ba92-b68a61b5cdce,2023,10,IT & Software,34308.56,1,34308.56,62399.8,34211.27666666667
00000000-0000-0000-0000-000000000002,5f6c98b4-4360-41ee-83a3-efc700651a04,2023,10,IT & Software,17992.05,2,8996.025,34308.56,40951.450000000004
00000000-0000-0000-0000-000000000002,b961632b-814f-4481-946b-17a792487aa7,2023,10,IT & Software,64933.87,3,21644.623333333333,17992.05,38233.47
00000000-0000-0000-0000-000000000002,5f6c98b4-4360-41ee-83a3-efc700651a04,2023,11,IT & Software,6298.29,1,6298.29,64933.87,39078.16
00000000-0000-0000-0000-000000000002,587616fd-ba60-493e-ba92-b68a61b5cdce,2023,12,IT & Software,33217.45,1,33217.45,6298.29,29741.403333333335
00000000-0000-0000-0000-000000000002,b961632b-814f-4481-946b-17a792487aa7,2023,12,IT & Software,686.49,1,686.49,33217.45,34816.536666666674
00000000-0000-0000-0000-000000000002,5f6c98b4-4360-41ee-83a3-efc700651a04,2024,1,IT & Software,26390.49,1,26390.49,686.49,13400.743333333337
00000000-0000-0000-0000-000000000002,b961632b-814f-4481-946b-17a792487aa7,2024,1,IT & Software,37586.34,1,37586.34,26390.49,20098.143333333337
00000000-0000-0000-0000-000000000002,587616fd-ba60-493e-ba92-b68a61b5cdce,2024,2,IT & Software,7684.21,1,7684.21,37586.34,21554.440000000006
00000000-0000-0000-0000-000000000002,5f6c98b4-4360-41ee-83a3-efc700651a04,2024,3,IT & Software,30571.2,1,30571.2,7684.21,23887.01333333334
00000000-0000-0000-0000-000000000002,5f6c98b4-4360-41ee-83a3-efc700651a04,2024,4,IT & Software,16317.67,1,16317.67,30571.2,25280.58333333334
00000000-0000-0000-0000-000000000002,b961632b-814f-4481-946b-17a792487aa7,2024,4,IT & Software,44242.66,1,44242.66,16317.67,18191.026666666672
00000000-0000-0000-0000-000000000002,5f6c98b4-4360-41ee-83a3-efc700651a04,2024,5,IT & Software,52999.119999999995,2,26499.559999999998,44242.66,30377.176666666677
00000000-0000-0000-0000-000000000002,587616fd-ba60-493e-ba92-b68a61b5cdce,2024,6,IT & Software,6088.03,1,6088.03,52999.119999999995,37853.15
00000000-0000-0000-0000-000000000002,587616fd-ba60-493e-ba92-b68a61b5cdce,2024,7,IT & Software,88779.35,2,44389.675,6088.03,34443.27000000001
00000000-0000-0000-0000-000000000002,587616fd-ba60-493e-ba92-b68a61b5cdce,2024,8,IT & Software,60213.5,2,30106.75,88779.35,49288.83333333334
00000000-0000-0000-0000-000000000002,587616fd-ba60-493e-ba92-b68a61b5cdce,2024,9,IT & Software,24652.01,1,24652.01,60213.5,51693.62666666668
00000000-0000-0000-0000-000000000002,5f6c98b4-4360-41ee-83a3-efc700651a04,2024,10,IT & Software,22730.68,1,22730.68,24652.01,57881.62000000002
00000000-0000-0000-0000-000000000002,b961632b-814f-4481-946b-17a792487aa7,2024,10,IT & Software,13515.41,1,13515.41,22730.68,35865.396666666675
00000000-0000-0000-0000-000000000002,587616fd-ba60-493e-ba92-b68a61b5cdce,2024,11,IT & Software,19554.79,1,19554.79,13515.41,20299.366666666676
00000000-0000-0000-0000-000000000002,5f6c98b4-4360-41ee-83a3-efc700651a04,2024,11,IT & Software,36145.68,1,36145.68,19554.79,18600.293333333342
00000000-0000-0000-0000-000000000002,b961632b-814f-4481-946b-17a792487aa7,2024,11,IT & Software,45858.35,2,22929.175,36145.68,23071.96000000001
00000000-0000-0000-0000-000000000002,b961632b-814f-4481-946b-17a792487aa7,2024,12,IT & Software,10848.8,1,10848.8,45858.35,33852.94000000001
00000000-0000-0000-0000-000000000002,587616fd-ba60-493e-ba92-b68a61b5cdce,2022,1,Insurance,17205.61,1,17205.61,,
00000000-0000-0000-0000-000000000002,b961632b-814f-4481-946b-17a792487aa7,2022,1,Insurance,43327.18,1,43327.18,17205.61,17205.61
00000000-0000-0000-0000-000000000002,587616fd-ba60-493e-ba92-b68a61b5cdce,2022,2,Insurance,10551.55,1,10551.55,43327.18,30266.395
00000000-0000-0000-0000-000000000002,587616fd-ba60-493e-ba92-b68a61b5cdce,2022,3,Insurance,8593.82,1,8593.82,10551.55,23694.78
00000000-0000-0000-0000-000000000002,587616fd-ba60-493e-ba92-b68a61b5cdce,2022,4,Insurance,39178.36,1,39178.36,8593.82,20824.183333333334
00000000-0000-0000-0000-000000000002,b961632b-814f-4481-946b-17a792487aa7,2022,4,Insurance,11228.72,1,11228.72,39178.36,19441.243333333336
00000000-0000-0000-0000-000000000002,587616fd-ba60-493e-ba92-b68a61b5cdce,2022,5,Insurance,23020.81,1,23020.81,11228.72,19666.96666666667
00000000-0000-0000-0000-000000000002,5f6c98b4-4360-41ee-83a3-efc700651a04,2022,5,Insurance,55668.909999999996,2,27834.454999999998,23020.81,24475.963333333333
00000000-0000-0000-0000-000000000002,b961632b-814f-4481-946b-17a792487aa7,2022,5,Insurance,50832.29,2,25416.145,55668.909999999996,29972.813333333335
00000000-0000-0000-0000-000000000002,5f6c98b4-4360-41ee-83a3-efc700651a04,2022,6,Insurance,53564.33,3,17854.77666666667,50832.29,43174.003333333334
00000000-0000-0000-0000-000000000002,b961632b-814f-4481-946b-17a792487aa7,2022,6,Insurance,24123.09,1,24123.09,53564.33,53355.176666666666
00000000-0000-0000-0000-000000000002,587616fd-ba60-493e-ba92-b68a61b5cdce,2022,7,Insurance,10456.25,1,10456.25,24123.09,42839.90333333333
00000000-0000-0000-0000-000000000002,5f6c98b4-4360-41ee-83a3-efc700651a04,2022,7,Insurance,26114.6,1,26114.6,10456.25,29381.22333333333
00000000-0000-0000-0000-000000000002,b961632b-814f-4481-946b-17a792487aa7,2022,7,Insurance,24060.54,2,12030.27,26114.6,20231.313333333335
00000000-0000-0000-0000-000000000002,587616fd-ba60-493e-ba92-b68a61b5cdce,2022,8,Insurance,20080.16,3,6693.386666666666,24060.54,20210.463333333333
00000000-0000-0000-0000-000000000002,5f6c98b4-4360-41ee-83a3-efc700651a04,2022,8,Insurance,23224.62,1,23224.62,20080.16,23418.433333333334
00000000-0000-0000-0000-000000000002,b961632b-814f-4481-946b-17a792487aa7,2022,8,Insurance,44997.85,2,22498.925,23224.62,22455.106666666663
00000000-0000-0000-0000-000000000002,5f6c98b4-4360-41ee-83a3-efc700651a04,2022,9,Insurance,47290.73,1,47290.73,44997.85,29434.210000000003
00000000-0000-0000-0000-000000000002,b961632b-814f-4481-946b-17a792487aa7,2022,9,Insurance,29094.9,1,29094.9,47290.73,38504.4
00000000-0000-0000-0000-000000000002,5f6c98b4-4360-41ee-83a3-efc700651a04,2022,10,Insurance,29385.62,1,29385.62,29094.9,40461.16
00000000-0000-0000-0000-000000000002,b961632b-814f-4481-946b-17a792487aa7,2022,10,Insurance,2626.78,1,2626.78,29385.62,35257.083333333336
00000000-0000-0000-0000-000000000002,587616fd-ba60-493e-ba92-b68a61b5cdce,2022,12,Insurance,5210.22,1,5210.22,2626.78,20369.100000000002
00000000-0000-0000-0000-000000000002,5f6c98b4-4360-41ee-83a3-efc700651a04,2022,12,Insurance,12148.97,1,12148.97,5210.22,12407.539999999999
00000000-0000-0000-0000-000000000002,b961632b-814f-4481-946b-17a792487aa7,2022,12,Insurance,40532.91,1,40532.91,12148.97,6661.990000000001
00000000-0000-0000-0000-000000000002,5f6c98b4-4360-41ee-83a3-efc700651a04,2023,1,Insurance,28415.35,1,28415.35,40532.91,19297.36666666667
00000000-0000-0000-0000-000000000002,587616fd-ba60-493e-ba92-b68a61b5cdce,2023,3,Insurance,39068.28999999999,3,13022.76333333333,28415.35,27032.410000000003
00000000-0000-0000-0000-000000000002,587616fd-ba60-493e-ba92-b68a61b5cdce,2023,4,Insurance,46433.49,1,46433.49,39068.28999999999,36005.51666666666
00000000-0000-0000-0000-000000000002,b961632b-814f-4481-946b-17a792487aa7,2023,4,Insurance,48854.35,1,48854.35,46433.49,37972.37666666666
00000000-0000-0000-0000-000000000002,587616fd-ba60-493e-ba92-b68a61b5cdce,2023,5,Insurance,29495.37,1,29495.37,48854.35,44785.37666666667
00000000-0000-0000-0000-000000000002,5f6c98b4-4360-41ee-83a3-efc700651a04,2023,5,Insurance,20517.36,1,20517.36,29495.37,41594.40333333333
00000000-0000-0000-0000-000000000002,587616fd-ba60-493e-ba92-b68a61b5cdce,2023,6,Insurance,57955.759999999995,2,28977.879999999997,20517.36,32955.693333333336
00000000-0000-0000-0000-000000000002,587616fd-ba60-493e-ba92-b68a61b5cdce,2023,7,Insurance,13650.46,1,13650.46,57955.759999999995,35989.496666666666
00000000-0000-0000-0000-000000000002,5f6c98b4-4360-41ee-83a3-efc700651a04,2023,7,Insurance,3738.2,1,3738.2,13650.46,30707.86
00000000-0000-0000-0000-000000000002,b961632b-814f-4481-946b-17a792487aa7,2023,7,Insurance,25358.33,1,25358.33,3738.2,25114.806666666667
00000000-0000-0000-0000-000000000002,5f6c98b4-4360-41ee-83a3-efc700651a04,2023,8,Insurance,40160.67,2,20080.335,25358.33,14248.996666666668
00000000-0000-0000-0000-000000000002,587616fd-ba60-493e-ba92-b68a61b5cdce,2023,9,Insurance,49217.06,1,49217.06,40160.67,23085.733333333337
00000000-0000-0000-0000-000000000002,5f6c98b4-4360-41ee-83a3-efc700651a04,2023,9,Insurance,6564.35,1,6564.35,49217.06,38245.35333333333
00000000-0000-0000-0000-000000000002,587616fd-ba60-493e-ba92-b68a61b5cdce,2023,10,Insurance,32603.940000000002,2,16301.970000000001,6564.35,31980.693333333333
00000000-0000-0000-0000-000000000002,5f6c98b4-4360-41ee-83a3-efc700651a04,2023,10,Insurance,22309.05,1,22309.05,32603.940000000002,29461.783333333336
00000000-0000-0000-0000-000000000002,b961632b-814f-4481-946b-17a792487aa7,2023,10,Insurance,41481.35,2,20740.675,22309.05,20492.44666666667
00000000-0000-0000-0000-000000000002,587616fd-ba60-493e-ba92-b68a61b5cdce,2023,11,Insurance,26685.05,1,26685.05,41481.35,32131.446666666667
00000000-0000-0000-0000-000000000002,5f6c98b4-4360-41ee-83a3-efc700651a04,2023,11,Insurance,8672.64,1,8672.64,26685.05,30158.483333333334
00000000-0000-0000-0000-000000000002,b961632b-814f-4481-946b-17a792487aa7,2023,11,Insurance,44792.6,1,44792.6,8672.64,25613.013333333332
00000000-0000-0000-0000-000000000002,587616fd-ba60-493e-ba92-b68a61b5cdce,2023,12,Insurance,32245.59,1,32245.59,44792.6,26716.763333333336
00000000-0000-0000-0000-000000000002,5f6c98b4-4360-41ee-83a3-efc700651a04,2023,12,Insurance,22884.46,1,22884.46,32245.59,28570.27666666667
00000000-0000-0000-0000-000000000002,b961632b-814f-4481-946b-17a792487aa7,2023,12,Insurance,44610.159999999996,2,22305.079999999998,22884.46,33307.55
00000000-0000-0000-0000-000000000002,587616fd-ba60-493e-ba92-b68a61b5cdce,2024,1,Insurance,46995.45,1,46995.45,44610.159999999996,33246.73666666667
00000000-0000-0000-0000-000000000002,5f6c98b4-4360-41ee-83a3-efc700651a04,2024,1,Insurance,78129.79,2,39064.895,46995.45,38163.35666666667
00000000-0000-0000-0000-000000000002,587616fd-ba60-493e-ba92-b68a61b5cdce,2024,2,Insurance,20659.11,1,20659.11,78129.79,56578.46666666667
00000000-0000-0000-0000-000000000002,5f6c98b4-4360-41ee-83a3-efc700651a04,2024,2,Insurance,48156.81,1,48156.81,20659.11,48594.78333333333
00000000-0000-0000-0000-000000000002,b961632b-814f-4481-946b-17a792487aa7,2024,2,Insurance,20975.11,1,20975.11,48156.81,48981.90333333334
00000000-0000-0000-0000-000000000002,b961632b-814f-4481-946b-17a792487aa7,2024,3,Insurance,22264.45,1,22264.45,20975.11,29930.343333333338
00000000-0000-0000-0000-000000000002,587616fd-ba60-493e-ba92-b68a61b5cdce,2024,4,Insurance,60049.49,2,30024.745,22264.45,30465.45666666667
00000000-0000-0000-0000-000000000002,b961632b-814f-4481-946b-17a792487aa7,2024,4,Insurance,67954.82,2,33977.41,60049.49,34429.68333333334
00000000-0000-0000-0000-000000000002,b961632b-814f-4481-946b-17a792487aa7,2024,5,Insurance,19233.72,2,9616.86,67954.82,50089.58666666667
00000000-0000-0000-0000-000000000002,587616fd-ba60-493e-ba92-b68a61b5cdce,2024,6,Insurance,83599.26999999999,2,41799.634999999995,19233.72,49079.343333333345
00000000-0000-0000-0000-000000000002,b961632b-814f-4481-946b-17a792487aa7,2024,6,Insurance,76109.16,3,25369.72,83599.26999999999,56929.27
00000000-0000-0000-0000-000000000002,587616fd-ba60-493e-ba92-b68a61b5cdce,2024,7,Insurance,23936.2,1,23936.2,76109.16,59647.38333333334
00000000-0000-0000-0000-000000000002,b961632b-814f-4481-946b-17a792487aa7,2024,7,Insurance,46714.740000000005,2,23357.370000000003,23936.2,61214.87666666667
00000000-0000-0000-0000-000000000002,587616fd-ba60-493e-ba92-b68a61b5cdce,2024,8,Insurance,43333.62,1,43333.62,46714.740000000005,48920.03333333335
00000000-0000-0000-0000-000000000002,5f6c98b4-4360-41ee-83a3-efc700651a04,2024,8,Insurance,39329.99,1,39329.99,43333.62,37994.85333333334
00000000-0000-0000-0000-000000000002,5f6c98b4-4360-41ee-83a3-efc700651a04,2024,9,Insurance,38327.71,2,19163.855,39329.99,43126.116666666676
00000000-0000-0000-0000-000000000002,b961632b-814f-4481-946b-17a792487aa7,2024,9,Insurance,31046.9,1,31046.9,38327.71,40330.44
00000000-0000-0000-0000-000000000002,587616fd-ba60-493e-ba92-b68a61b5cdce,2024,10,Insurance,30862.33,1,30862.33,31046.9,36234.866666666676
00000000-0000-0000-0000-000000000002,b961632b-814f-4481-946b-17a792487aa7,2024,10,Insurance,39093.21,1,39093.21,30862.33,33412.31333333334
00000000-0000-0000-0000-000000000002,5f6c98b4-4360-41ee-83a3-efc700651a04,2024,12,Insurance,39772.65,1,39772.65,39093.21,33667.48
00000000-0000-0000-0000-000000000002,b961632b-814f-4481-946b-17a792487aa7,2024,12,Insurance,56764.119999999995,2,28382.059999999998,39772.65,36576.06333333333
00000000-0000-0000-0000-000000000002,587616fd-ba60-493e-ba92-b68a61b5cdce,2022,1,Logistics,23466.02,2,11733.01,,
00000000-0000-0000-0000-000000000002,5f6c98b4-4360-41ee-83a3-efc700651a04,2022,1,Logistics,18406.92,2,9203.46,23466.02,23466.02
00000000-0000-0000-0000-000000000002,587616fd-ba60-493e-ba92-b68a61b5cdce,2022,2,Logistics,78332.37,3,26110.789999999997,18406.92,20936.47
00000000-0000-0000-0000-000000000002,5f6c98b4-4360-41ee-83a3-efc700651a04,2022,2,Logistics,54453.83,2,27226.915,78332.37,40068.43666666667
00000000-0000-0000-0000-000000000002,b961632b-814f-4481-946b-17a792487aa7,2022,2,Logistics,33898.81,2,16949.405,54453.83,50397.706666666665
00000000-0000-0000-0000-000000000002,5f6c98b4-4360-41ee-83a3-efc700651a04,2022,3,Logistics,43746.43,1,43746.43,33898.81,55561.670000000006
00000000-0000-0000-0000-000000000002,5f6c98b4-4360-41ee-83a3-efc700651a04,2022,4,Logistics,37096.11,2,18548.055,43746.43,44033.02333333334
00000000-0000-0000-0000-000000000002,b961632b-814f-4481-946b-17a792487aa7,2022,4,Logistics,34983.62,1,34983.62,37096.11,38247.11666666667
00000000-0000-0000-0000-000000000002,587616fd-ba60-493e-ba92-b68a61b5cdce,2022,5,Logistics,46837.76,1,46837.76,34983.62,38608.72
00000000-0000-0000-0000-000000000002,5f6c98b4-4360-41ee-83a3-efc700651a04,2022,5,Logistics,21446.75,1,21446.75,46837.76,39639.16333333334
00000000-0000-0000-0000-000000000002,b961632b-814f-4481-946b-17a792487aa7,2022,5,Logistics,19454.52,1,19454.52,21446.75,34422.71
00000000-0000-0000-0000-000000000002,587616fd-ba60-493e-ba92-b68a61b5cdce,2022,6,Logistics,36906.84,2,18453.42,19454.52,29246.343333333334
00000000-0000-0000-0000-000000000002,5f6c98b4-4360-41ee-83a3-efc700651a04,2022,6,Logistics,90221.92,2,45110.96,36906.84,25936.036666666663
00000000-0000-0000-0000-000000000002,587616fd-ba60-493e-ba92-b68a61b5cdce,2022,7,Logistics,49549.54,2,24774.77,90221.92,48861.09333333333
00000000-0000-0000-0000-000000000002,5f6c98b4-4360-41ee-83a3-efc700651a04,2022,7,Logistics,42142.89,1,42142.89,49549.54,58892.76666666666
00000000-0000-0000-0000-000000000002,587616fd-ba60-493e-ba92-b68a61b5cdce,2022,8,Logistics,36211.94,1,36211.94,42142.89,60638.11666666667
00000000-0000-0000-0000-000000000002,5f6c98b4-4360-41ee-83a3-efc700651a04,2022,8,Logistics,44613.55,1,44613.55,36211.94,42634.79
00000000-0000-0000-0000-000000000002,b961632b-814f-4481-946b-17a792487aa7,2022,8,Logistics,35846.509999999995,2,17923.254999999997,44613.55,40989.46
00000000-0000-0000-0000-000000000002,b961632b-814f-4481-946b-17a792487aa7,2022,9,Logistics,43721.07,2,21860.535,35846.509999999995,38890.666666666664
00000000-0000-0000-0000-000000000002,b961632b-814f-4481-946b-17a792487aa7,2022,10,Logistics,59456.31,2,29728.155,43721.07,41393.71
00000000-0000-0000-0000-000000000002,587616fd-ba60-493e-ba92-b68a61b5cdce,2022,11,Logistics,83113.0,3,27704.333333333332,59456.31,46341.29666666666
00000000-0000-0000-0000-000000000002,5f6c98b4-4360-41ee-83a3-efc700651a04,2022,11,Logistics,42064.96,1,42064.96,83113.0,62096.793333333335
00000000-0000-0000-0000-000000000002,b961632b-814f-4481-946b-17a792487aa7,2022,11,Logistics,82638.73000000001,2,41319.365000000005,42064.96,61544.75666666666
00000000-0000-0000-0000-000000000002,587616fd-ba60-493e-ba92-b68a61b5cdce,2023,1,Logistics,8699.66,1,8699.66,82638.73000000001,69272.23
00000000-0000-0000-0000-000000000002,b961632b-814f-4481-946b-17a792487aa7,2023,1,Logistics,36723.9,1,36723.9,8699.66,44467.78333333333
00000000-0000-0000-0000-000000000002,587616fd-ba60-493e-ba92-b68a61b5cdce,2023,2,Logistics,15138.1,1,15138.1,36723.9,42687.43
00000000-0000-0000-0000-000000000002,5f6c98b4-4360-41ee-83a3-efc700651a04,2023,2,Logistics,39837.07,1,39837.07,15138.1,20187.219999999998
00000000-0000-0000-0000-000000000002,587616fd-ba60-493e-ba92-b68a61b5cdce,2023,3,Logistics,138352.3,4,34588.075,39837.07,30566.35666666667
00000000-0000-0000-0000-000000000002,587616fd-ba60-493e-ba92-b68a61b5cdce,2023,4,Logistics,36894.380000000005,3,12298.126666666669,138352.3,64442.48999999999
00000000-0000-0000-0000-000000000002,5f6c98b4-4360-41ee-83a3-efc700651a04,2023,4,Logistics,98822.70000000001,4,24705.675000000003,36894.380000000005,71694.58333333333
00000000-0000-0000-0000-000000000002,b961632b-814f-4481-946b-17a792487aa7,2023,4,Logistics,32840.65,1,32840.65,98822.70000000001,91356.46
00000000-0000-0000-0000-000000000002,587616fd-ba60-493e-ba92-b68a61b5cdce,2023,5,Logistics,42316.41,1,42316.41,32840.65,56185.91
00000000-0000-0000-0000-000000000002,5f6c98b4-4360-41ee-83a3-efc700651a04,2023,5,Logistics,9108.67,1,9108.67,42316.41,57993.253333333334
00000000-0000-0000-0000-000000000002,b961632b-814f-4481-946b-17a792487aa7,2023,5,Logistics,46945.73,1,46945.73,9108.67,28088.57666666667
00000000-0000-0000-0000-000000000002,5f6c98b4-4360-41ee-83a3-efc700651a04,2023,6,Logistics,2239.97,1,2239.97,46945.73,32790.27
00000000-0000-0000-0000-000000000002,b961632b-814f-4481-946b-17a792487aa7,2023,6,Logistics,5179.1,1,5179.1,2239.97,19431.45666666667
00000000-0000-0000-0000-000000000002,5f6c98b4-4360-41ee-83a3-efc700651a04,2023,7,Logistics,24188.55,1,24188.55,5179.1,18121.600000000002
00000000-0000-0000-0000-000000000002,5f6c98b4-4360-41ee-83a3-efc700651a04,2023,8,Logistics,17143.53,1,17143.53,24188.55,10535.873333333333
00000000-0000-0000-0000-000000000002,5f6c98b4-4360-41ee-83a3-efc700651a04,2023,9,Logistics,17009.8,1,17009.8,17143.53,15503.726666666664
00000000-0000-0000-0000-000000000002,b961632b-814f-4481-946b-17a792487aa7,2023,9,Logistics,31882.82,1,31882.82,17009.8,19447.29333333333
00000000-0000-0000-0000-000000000002,5f6c98b4-4360-41ee-83a3-efc700651a04,2023,10,Logistics,9493.73,1,9493.73,31882.82,22012.05
00000000-0000-0000-0000-000000000002,b961632b-814f-4481-946b-17a792487aa7,2023,10,Logistics,49084.31,2,24542.155,9493.73,19462.11666666667
00000000-0000-0000-0000-000000000002,5f6c98b4-4360-41ee-83a3-efc700651a04,2023,11,Logistics,44372.95,2,22186.475,49084.31,30153.62
00000000-0000-0000-0000-000000000002,b961632b-814f-4481-946b-17a792487aa7,2024,1,Logistics,14423.6,1,14423.6,44372.95,34316.996666666666
00000000-0000-0000-0000-000000000002,5f6c98b4-4360-41ee-83a3-efc700651a04,2024,2,Logistics,8487.84,1,8487.84,14423.6,35960.28666666667
00000000-0000-0000-0000-000000000002,b961632b-814f-4481-946b-17a792487aa7,2024,2,Logistics,2584.73,1,2584.73,8487.84,22428.13
00000000-0000-0000-0000-000000000002,587616fd-ba60-493e-ba92-b68a61b5cdce,2024,4,Logistics,3096.39,1,3096.39,2584.73,8498.723333333337
00000000-0000-0000-0000-000000000002,587616fd-ba60-493e-ba92-b68a61b5cdce,2024,5,Logistics,101707.72,3,33902.573333333334,3096.39,4722.9866666666685
00000000-0000-0000-0000-000000000002,5f6c98b4-4360-41ee-83a3-efc700651a04,2024,5,Logistics,43633.88,1,43633.88,101707.72,35796.280000000006
00000000-0000-0000-0000-000000000002,587616fd-ba60-493e-ba92-b68a61b5cdce,2024,6,Logistics,28957.36,1,28957.36,43633.88,49479.33000000001
00000000-0000-0000-0000-000000000002,5f6c98b4-4360-41ee-83a3-efc700651a04,2024,6,Logistics,4203.74,1,4203.74,28957.36,58099.65333333333
00000000-0000-0000-0000-000000000002,5f6c98b4-4360-41ee-83a3-efc700651a04,2024,7,Logistics,32217.37,1,32217.37,4203.74,25598.32666666667
00000000-0000-0000-0000-000000000002,5f6c98b4-4360-41ee-83a3-efc700651a04,2024,8,Logistics,34776.42,1,34776.42,32217.37,21792.823333333337
00000000-0000-0000-0000-000000000002,b961632b-814f-4481-946b-17a792487aa7,2024,8,Logistics,88548.95999999999,3,29516.319999999996,34776.42,23732.510000000006
00000000-0000-0000-0000-000000000002,5f6c98b4-4360-41ee-83a3-efc700651a04,2024,9,Logistics,33776.89,1,33776.89,88548.95999999999,51847.583333333336
00000000-0000-0000-0000-000000000002,b961632b-814f-4481-946b-17a792487aa7,2024,9,Logistics,4005.24,1,4005.24,33776.89,52367.42333333334
00000000-0000-0000-0000-000000000002,5f6c98b4-4360-41ee-83a3-efc700651a04,2024,10,Logistics,11767.220000000001,2,5883.610000000001,4005.24,42110.363333333335
00000000-0000-0000-0000-000000000002,b961632b-814f-4481-946b-17a792487aa7,2024,10,Logistics,23152.54,1,23152.54,11767.220000000001,16516.450000000004
00000000-0000-0000-0000-000000000002,587616fd-ba60-493e-ba92-b68a61b5cdce,2024,11,Logistics,23803.99,1,23803.99,23152.54,12975.000000000005
00000000-0000-0000-0000-000000000002,b961632b-814f-4481-946b-17a792487aa7,2024,11,Logistics,35078.12,1,35078.12,23803.99,19574.58333333334
00000000-0000-0000-0000-000000000002,587616fd-ba60-493e-ba92-b68a61b5cdce,2024,12,Logistics,3235.98,1,3235.98,35078.12,27344.883333333342
00000000-0000-0000-0000-000000000002,5f6c98b4-4360-41ee-83a3-efc700651a04,2024,12,Logistics,39065.9,2,19532.95,3235.98,20706.03000000001
00000000-0000-0000-0000-000000000002,5f6c98b4-4360-41ee-83a3-efc700651a04,2022,2,Maintenance,2547.47,1,2547.47,,
00000000-0000-0000-0000-000000000002,5f6c98b4-4360-41ee-83a3-efc700651a04,2022,3,Maintenance,85694.08,3,28564.693333333333,2547.47,2547.47
00000000-0000-0000-0000-000000000002,b961632b-814f-4481-946b-17a792487aa7,2022,3,Maintenance,62567.78999999999,2,31283.894999999997,85694.08,44120.775
00000000-0000-0000-0000-000000000002,587616fd-ba60-493e-ba92-b68a61b5cdce,2022,4,Maintenance,3083.37,1,3083.37,62567.78999999999,50269.78
00000000-0000-0000-0000-000000000002,5f6c98b4-4360-41ee-83a3-efc700651a04,2022,4,Maintenance,13852.93,1,13852.93,3083.37,50448.41333333333
00000000-0000-0000-0000-000000000002,b961632b-814f-4481-946b-17a792487aa7,2022,4,Maintenance,18426.06,1,18426.06,13852.93,26501.36333333333
00000000-0000-0000-0000-000000000002,587616fd-ba60-493e-ba92-b68a61b5cdce,2022,5,Maintenance,75399.85,3,25133.283333333336,18426.06,11787.453333333333
00000000-0000-0000-0000-000000000002,5f6c98b4-4360-41ee-83a3-efc700651a04,2022,7,Maintenance,1667.47,1,1667.47,75399.85,35892.94666666667
00000000-0000-0000-0000-000000000002,b961632b-814f-4481-946b-17a792487aa7,2022,7,Maintenance,9486.43,1,9486.43,1667.47,31831.126666666667
00000000-0000-0000-0000-000000000002,587616fd-ba60-493e-ba92-b68a61b5cdce,2022,8,Maintenance,21878.54,1,21878.54,9486.43,28851.25
00000000-0000-0000-0000-000000000002,b961632b-814f-4481-946b-17a792487aa7,2022,8,Maintenance,46392.26,1,46392.26,21878.54,11010.813333333334
00000000-0000-0000-0000-000000000002,587616fd-ba60-493e-ba92-b68a61b5cdce,2022,9,Maintenance,42494.08,1,42494.08,46392.26,25919.07666666667
00000000-0000-0000-0000-000000000002,5f6c98b4-4360-41ee-83a3-efc700651a04,2022,9,Maintenance,10718.44,1,10718.44,42494.08,36921.62666666667
00000000-0000-0000-0000-000000000002,b961632b-814f-4481-946b-17a792487aa7,2022,9,Maintenance,64360.92,2,32180.46,10718.44,33201.59333333333
00000000-0000-0000-0000-000000000002,5f6c98b4-4360-41ee-83a3-efc700651a04,2022,10,Maintenance,25258.72,2,12629.36,64360.92,39191.14666666667
00000000-0000-0000-0000-000000000002,587616fd-ba60-493e-ba92-b68a61b5cdce,2022,11,Maintenance,23753.89,3,7917.963333333333,25258.72,33446.026666666665
00000000-0000-0000-0000-000000000002,b961632b-814f-4481-946b-17a792487aa7,2022,11,Maintenance,34798.42,1,34798.42,23753.89,37791.176666666666
00000000-0000-0000-0000-000000000002,587616fd-ba60-493e-ba92-b68a61b5cdce,2022,12,Maintenance,62956.740000000005,2,31478.370000000003,34798.42,27937.01
00000000-0000-0000-0000-000000000002,5f6c98b4-4360-41ee-83a3-efc700651a04,2023,1,Maintenance,32838.71,1,32838.71,62956.740000000005,40503.01666666667
00000000-0000-0000-0000-000000000002,5f6c98b4-4360-41ee-83a3-efc700651a04,2023,2,Maintenance,41726.59,2,20863.295,32838.71,43531.29
00000000-0000-0000-0000-000000000002,b961632b-814f-4481-946b-17a792487aa7,2023,2,Maintenance,53523.759999999995,2,26761.879999999997,41726.59,45840.68
00000000-0000-0000-0000-000000000002,587616fd-ba60-493e-ba92-b68a61b5cdce,2023,3,Maintenance,59642.68,2,29821.34,53523.759999999995,42696.35333333333
00000000-0000-0000-0000-000000000002,5f6c98b4-4360-41ee-83a3-efc700651a04,2023,3,Maintenance,36801.35,1,36801.35,59642.68,51631.01
00000000-0000-0000-0000-000000000002,b961632b-814f-4481-946b-17a792487aa7,2023,3,Maintenance,23348.72,1,23348.72,36801.35,49989.263333333336
00000000-0000-0000-0000-000000000002,587616fd-ba60-493e-ba92-b68a61b5cdce,2023,4,Maintenance,39056.25,1,39056.25,23348.72,39930.916666666664
00000000-0000-0000-0000-000000000002,5f6c98b4-4360-41ee-83a3-efc700651a04,2023,4,Maintenance,40819.06,1,40819.06,39056.25,33068.77333333334
00000000-0000-0000-0000-000000000002,5f6c98b4-4360-41ee-83a3-efc700651a04,2023,5,Maintenance,28385.02,1,28385.02,40819.06,34408.01
00000000-0000-0000-0000-000000000002,5f6c98b4-4360-41ee-83a3-efc700651a04,2023,6,Maintenance,47789.92,1,47789.92,28385.02,36086.776666666665
00000000-0000-0000-0000-000000000002,b961632b-814f-4481-946b-17a792487aa7,2023,6,Maintenance,44162.09,3,14720.696666666665,47789.92,38998.0
00000000-0000-0000-0000-000000000002,587616fd-ba60-493e-ba92-b68a61b5cdce,2023,7,Maintenance,46130.509999999995,2,23065.254999999997,44162.09,40112.34333333333
00000000-0000-0000-0000-000000000002,b961632b-814f-4481-946b-17a792487aa7,2023,8,Maintenance,43326.57,1,43326.57,46130.509999999995,46027.50666666666
00000000-0000-0000-0000-000000000002,5f6c98b4-4360-41ee-83a3-efc700651a04,2023,9,Maintenance,40308.16,1,40308.16,43326.57,44539.72333333333
00000000-0000-0000-0000-000000000002,587616fd-ba60-493e-ba92-b68a61b5cdce,2023,10,Maintenance,43768.77,1,43768.77,40308.16,43255.079999999994
00000000-0000-0000-0000-000000000002,5f6c98b4-4360-41ee-83a3-efc700651a04,2023,11,Maintenance,10864.09,1,10864.09,43768.77,42467.833333333336
00000000-0000-0000-0000-000000000002,587616fd-ba60-493e-ba92-b68a61b5cdce,2023,12,Maintenance,29430.98,1,29430.98,10864.09,31647.006666666664
00000000-0000-0000-0000-000000000002,5f6c98b4-4360-41ee-83a3-efc700651a04,2024,1,Maintenance,43319.01,1,43319.01,29430.98,28021.28
00000000-0000-0000-0000-000000000002,b961632b-814f-4481-946b-17a792487aa7,2024,1,Maintenance,110455.29999999999,4,27613.824999999997,43319.01,27871.36
00000000-0000-0000-0000-000000000002,587616fd-ba60-493e-ba92-b68a61b5cdce,2024,3,Maintenance,607.48,1,607.48,110455.29999999999,61068.42999999999
00000000-0000-0000-0000-000000000002,5f6c98b4-4360-41ee-83a3-efc700651a04,2024,3,Maintenance,48623.270000000004,2,24311.635000000002,607.48,51460.59666666666
00000000-0000-0000-0000-000000000002,5f6c98b4-4360-41ee-83a3-efc700651a04,2024,4,Maintenance,48072.51,1,48072.51,48623.270000000004,53228.68333333333
00000000-0000-0000-0000-000000000002,587616fd-ba60-493e-ba92-b68a61b5cdce,2024,5,Maintenance,44468.17,1,44468.17,48072.51,32434.420000000002
00000000-0000-0000-0000-000000000002,5f6c98b4-4360-41ee-83a3-efc700651a04,2024,5,Maintenance,51975.92,3,17325.306666666667,44468.17,47054.65
00000000-0000-0000-0000-000000000002,587616fd-ba60-493e-ba92-b68a61b5cdce,2024,6,Maintenance,84329.52,3,28109.84,51975.92,48172.19999999999
00000000-0000-0000-0000-000000000002,5f6c98b4-4360-41ee-83a3-efc700651a04,2024,6,Maintenance,23654.73,1,23654.73,84329.52,60257.869999999995
00000000-0000-0000-0000-000000000002,b961632b-814f-4481-946b-17a792487aa7,2024,6,Maintenance,62250.06,2,31125.03,23654.73,53320.05666666667
00000000-0000-0000-0000-000000000002,587616fd-ba60-493e-ba92-b68a61b5cdce,2024,7,Maintenance,27900.79,2,13950.395,62250.06,56744.77
00000000-0000-0000-0000-000000000002,5f6c98b4-4360-41ee-83a3-efc700651a04,2024,7,Maintenance,18172.14,1,18172.14,27900.79,37935.19333333333
00000000-0000-0000-0000-000000000002,b961632b-814f-4481-946b-17a792487aa7,2024,7,Maintenance,48332.94,3,16110.980000000001,18172.14,36107.66333333333
00000000-0000-0000-0000-000000000002,587616fd-ba60-493e-ba92-b68a61b5cdce,2024,8,Maintenance,48989.55,1,48989.55,48332.94,31468.623333333333
00000000-0000-0000-0000-000000000002,587616fd-ba60-493e-ba92-b68a61b5cdce,2024,9,Maintenance,31208.5,1,31208.5,48989.55,38498.21
00000000-0000-0000-0000-000000000002,587616fd-ba60-493e-ba92-b68a61b5cdce,2024,10,Maintenance,46534.17,2,23267.085,31208.5,42843.66333333334
00000000-0000-0000-0000-000000000002,5f6c98b4-4360-41ee-83a3-efc700651a04,2024,10,Maintenance,6929.93,1,6929.93,46534.17,42244.073333333334
00000000-0000-0000-0000-000000000002,b961632b-814f-4481-946b-17a792487aa7,2024,10,Maintenance,19606.2,1,19606.2,6929.93,28224.199999999997
00000000-0000-0000-0000-000000000002,5f6c98b4-4360-41ee-83a3-efc700651a04,2024,11,Maintenance,32161.16,2,16080.58,19606.2,24356.766666666666
00000000-0000-0000-0000-000000000002,b961632b-814f-4481-946b-17a792487aa7,2024,11,Maintenance,14610.29,1,14610.29,32161.16,19565.763333333332
00000000-0000-0000-0000-000000000002,587616fd-ba60-493e-ba92-b68a61b5cdce,2024,12,Maintenance,29891.58,1,29891.58,14610.29,22125.88333333333
00000000-0000-0000-0000-000000000002,5f6c98b4-4360-41ee-83a3-efc700651a04,2024,12,Maintenance,35986.4,1,35986.4,29891.58,25554.343333333334
00000000-0000-0000-0000-000000000002,587616fd-ba60-493e-ba92-b68a61b5cdce,2022,1,Marketing,40082.54,1,40082.54,,
00000000-0000-0000-0000-000000000002,5f6c98b4-4360-41ee-83a3-efc700651a04,2022,1,Marketing,46459.64,1,46459.64,40082.54,40082.54
00000000-0000-0000-0000-000000000002,b961632b-814f-4481-946b-17a792487aa7,2022,1,Marketing,24396.84,1,24396.84,46459.64,43271.09
00000000-0000-0000-0000-000000000002,587616fd-ba60-493e-ba92-b68a61b5cdce,2022,2,Marketing,7817.27,1,7817.27,24396.84,36979.67333333333
00000000-0000-0000-0000-000000000002,5f6c98b4-4360-41ee-83a3-efc700651a04,2022,2,Marketing,2572.99,2,1286.495,7817.27,26224.583333333332
00000000-0000-0000-0000-000000000002,b961632b-814f-4481-946b-17a792487aa7,2022,2,Marketing,94077.98000000001,2,47038.990000000005,2572.99,11595.699999999999
00000000-0000-0000-0000-000000000002,587616fd-ba60-493e-ba92-b68a61b5cdce,2022,3,Marketing,37521.28,2,18760.64,94077.98000000001,34822.746666666666
00000000-0000-0000-0000-000000000002,b961632b-814f-4481-946b-17a792487aa7,2022,3,Marketing,5700.95,1,5700.95,37521.28,44724.083333333336
00000000-0000-0000-0000-000000000002,587616fd-ba60-493e-ba92-b68a61b5cdce,2022,4,Marketing,26292.03,1,26292.03,5700.95,45766.73666666667
00000000-0000-0000-0000-000000000002,5f6c98b4-4360-41ee-83a3-efc700651a04,2022,4,Marketing,5526.92,2,2763.46,26292.03,23171.42
00000000-0000-0000-0000-000000000002,b961632b-814f-4481-946b-17a792487aa7,2022,4,Marketing,38422.23,1,38422.23,5526.92,12506.633333333333
00000000-0000-0000-0000-000000000002,5f6c98b4-4360-41ee-83a3-efc700651a04,2022,5,Marketing,57918.54,2,28959.27,38422.23,23413.72666666667
00000000-0000-0000-0000-000000000002,587616fd-ba60-493e-ba92-b68a61b5cdce,2022,6,Marketing,99863.86,3,33287.95333333333,57918.54,33955.89666666667
00000000-0000-0000-0000-000000000002,5f6c98b4-4360-41ee-83a3-efc700651a04,2022,6,Marketing,18571.09,1,18571.09,99863.86,65401.543333333335
00000000-0000-0000-0000-000000000002,587616fd-ba60-493e-ba92-b68a61b5cdce,2022,7,Marketing,113988.01999999999,3,37996.00666666666,18571.09,58784.496666666666
00000000-0000-0000-0000-000000000002,b961632b-814f-4481-946b-17a792487aa7,2022,7,Marketing,36449.17,1,36449.17,113988.01999999999,77474.32333333332
00000000-0000-0000-0000-000000000002,587616fd-ba60-493e-ba92-b68a61b5cdce,2022,8,Marketing,31640.68,2,15820.34,36449.17,56336.09333333333
00000000-0000-0000-0000-000000000002,587616fd-ba60-493e-ba92-b68a61b5cdce,2022,9,Marketing,27365.35,1,27365.35,31640.68,60692.62333333332
00000000-0000-0000-0000-000000000002,5f6c98b4-4360-41ee-83a3-efc700651a04,2022,9,Marketing,33556.5,1,33556.5,27365.35,31818.399999999998
00000000-0000-0000-0000-000000000002,b961632b-814f-4481-946b-17a792487aa7,2022,10,Marketing,26922.81,1,26922.81,33556.5,30854.176666666666
00000000-0000-0000-0000-000000000002,587616fd-ba60-493e-ba92-b68a61b5cdce,2023,1,Marketing,618.28,1,618.28,26922.81,29281.553333333333
00000000-0000-0000-0000-000000000002,b961632b-814f-4481-946b-17a792487aa7,2023,1,Marketing,44812.67,1,44812.67,618.28,20365.863333333335
00000000-0000-0000-0000-000000000002,5f6c98b4-4360-41ee-83a3-efc700651a04,2023,2,Marketing,32388.48,1,32388.48,44812.67,24117.920000000002
00000000-0000-0000-0000-000000000002,b961632b-814f-4481-946b-17a792487aa7,2023,2,Marketing,15889.09,1,15889.09,32388.48,25939.81
00000000-0000-0000-0000-000000000002,587616fd-ba60-493e-ba92-b68a61b5cdce,2023,3,Marketing,50815.22,3,16938.406666666666,15889.09,31030.08
00000000-0000-0000-0000-000000000002,5f6c98b4-4360-41ee-83a3-efc700651a04,2023,3,Marketing,26619.84,1,26619.84,50815.22,33030.93
00000000-0000-0000-0000-000000000002,587616fd-ba60-493e-ba92-b68a61b5cdce,2023,4,Marketing,2839.74,1,2839.74,26619.84,31108.050000000003
00000000-0000-0000-0000-000000000002,5f6c98b4-4360-41ee-83a3-efc700651a04,2023,4,Marketing,63611.78,2,31805.89,2839.74,26758.266666666663
00000000-0000-0000-0000-000000000002,b961632b-814f-4481-946b-17a792487aa7,2023,4,Marketing,45364.86,1,45364.86,63611.78,31023.786666666667
00000000-0000-0000-0000-000000000002,587616fd-ba60-493e-ba92-b68a61b5cdce,2023,5,Marketing,22481.79,1,22481.79,45364.86,37272.12666666667
00000000-0000-0000-0000-000000000002,b961632b-814f-4481-946b-17a792487aa7,2023,5,Marketing,14841.56,1,14841.56,22481.79,43819.47666666666
00000000-0000-0000-0000-000000000002,b961632b-814f-4481-946b-17a792487aa7,2023,6,Marketing,58761.18,2,29380.59,14841.56,27562.736666666668
00000000-0000-0000-0000-000000000002,587616fd-ba60-493e-ba92-b68a61b5cdce,2023,8,Marketing,40499.39,1,40499.39,58761.18,32028.176666666666
00000000-0000-0000-0000-000000000002,587616fd-ba60-493e-ba92-b68a61b5cdce,2023,9,Marketing,89269.93,2,44634.965,40499.39,38034.04333333333
00000000-0000-0000-0000-000000000002,b961632b-814f-4481-946b-17a792487aa7,2023,9,Marketing,24831.01,1,24831.01,89269.93,62843.5
00000000-0000-0000-0000-000000000002,587616fd-ba60-493e-ba92-b68a61b5cdce,2023,10,Marketing,15903.57,1,15903.57,24831.01,51533.44333333333
00000000-0000-0000-0000-000000000002,5f6c98b4-4360-41ee-83a3-efc700651a04,2024,1,Marketing,92575.85,3,30858.61666666667,15903.57,43334.83666666666
00000000-0000-0000-0000-000000000002,b961632b-814f-4481-946b-17a792487aa7,2024,1,Marketing,30453.56,2,15226.78,92575.85,44436.81
00000000-0000-0000-0000-000000000002,b961632b-814f-4481-946b-17a792487aa7,2024,2,Marketing,24465.52,1,24465.52,30453.56,46310.99333333334
00000000-0000-0000-0000-000000000002,587616fd-ba60-493e-ba92-b68a61b5cdce,2024,3,Marketing,39387.68,1,39387.68,24465.52,49164.97666666666
00000000-0000-0000-0000-000000000002,5f6c98b4-4360-41ee-83a3-efc700651a04,2024,3,Marketing,32738.12,1,32738.12,39387.68,31435.58666666667
00000000-0000-0000-0000-000000000002,b961632b-814f-4481-946b-17a792487aa7,2024,3,Marketing,18886.24,1,18886.24,32738.12,32197.10666666667
00000000-0000-0000-0000-000000000002,5f6c98b4-4360-41ee-83a3-efc700651a04,2024,4,Marketing,20882.72,2,10441.36,18886.24,30337.346666666668
00000000-0000-0000-0000-000000000002,5f6c98b4-4360-41ee-83a3-efc700651a04,2024,5,Marketing,31985.03,1,31985.03,20882.72,24169.02666666667
00000000-0000-0000-0000-000000000002,b961632b-814f-4481-946b-17a792487aa7,2024,5,Marketing,35941.14,1,35941.14,31985.03,23917.99666666667
00000000-0000-0000-0000-000000000002,b961632b-814f-4481-946b-17a792487aa7,2024,6,Marketing,25192.99,1,25192.99,35941.14,29602.963333333333
00000000-0000-0000-0000-000000000002,587616fd-ba60-493e-ba92-b68a61b5cdce,2024,7,Marketing,44781.65,2,22390.825,25192.99,31039.72
00000000-0000-0000-0000-000000000002,5f6c98b4-4360-41ee-83a3-efc700651a04,2024,8,Marketing,47389.78,1,47389.78,44781.65,35305.26
00000000-0000-0000-0000-000000000002,b961632b-814f-4481-946b-17a792487aa7,2024,9,Marketing,21678.74,1,21678.74,47389.78,39121.473333333335
00000000-0000-0000-0000-000000000002,587616fd-ba60-493e-ba92-b68a61b5cdce,2024,10,Marketing,18710.81,2,9355.405,21678.74,37950.056666666664
00000000-0000-0000-0000-000000000002,b961632b-814f-4481-946b-17a792487aa7,2024,10,Marketing,89587.58,3,29862.52666666667,18710.81,29259.77666666667
00000000-0000-0000-0000-000000000002,5f6c98b4-4360-41ee-83a3-efc700651a04,2024,11,Marketing,61118.52,3,20372.84,89587.58,43325.71
00000000-0000-0000-0000-000000000002,b961632b-814f-4481-946b-17a792487aa7,2024,11,Marketing,5741.51,1,5741.51,61118.52,56472.30333333334
00000000-0000-0000-0000-000000000002,b961632b-814f-4481-946b-17a792487aa7,2024,12,Marketing,8943.0,1,8943.0,5741.51,52149.20333333333
00000000-0000-0000-0000-000000000002,587616fd-ba60-493e-ba92-b68a61b5cdce,2022,1,Office Supplies,26538.38,1,26538.38,,
00000000-0000-0000-0000-000000000002,5f6c98b4-4360-41ee-83a3-efc700651a04,2022,1,Office Supplies,47323.81,1,47323.81,26538.38,26538.38
00000000-0000-0000-0000-000000000002,b961632b-814f-4481-946b-17a792487aa7,2022,1,Office Supplies,43686.5,2,21843.25,47323.81,36931.095
00000000-0000-0000-0000-000000000002,5f6c98b4-4360-41ee-83a3-efc700651a04,2022,3,Office Supplies,31495.33,1,31495.33,43686.5,39182.89666666667
00000000-0000-0000-0000-000000000002,587616fd-ba60-493e-ba92-b68a61b5cdce,2022,4,Office Supplies,51427.42,2,25713.71,31495.33,40835.21333333333
00000000-0000-0000-0000-000000000002,5f6c98b4-4360-41ee-83a3-efc700651a04,2022,4,Office Supplies,34168.759999999995,2,17084.379999999997,51427.42,42203.083333333336
00000000-0000-0000-0000-000000000002,b961632b-814f-4481-946b-17a792487aa7,2022,4,Office Supplies,43133.31,3,14377.769999999999,34168.759999999995,39030.503333333334
00000000-0000-0000-0000-000000000002,5f6c98b4-4360-41ee-83a3-efc700651a04,2022,5,Office Supplies,2308.43,1,2308.43,43133.31,42909.829999999994
00000000-0000-0000-0000-000000000002,5f6c98b4-4360-41ee-83a3-efc700651a04,2022,6,Office Supplies,114533.35,4,28633.3375,2308.43,26536.83333333333
00000000-0000-0000-0000-000000000002,b961632b-814f-4481-946b-17a792487aa7,2022,6,Office Supplies,25886.11,1,25886.11,114533.35,53325.03
00000000-0000-0000-0000-000000000002,5f6c98b4-4360-41ee-83a3-efc700651a04,2022,7,Office Supplies,22146.59,1,22146.59,25886.11,47575.96333333334
00000000-0000-0000-0000-000000000002,b961632b-814f-4481-946b-17a792487aa7,2022,7,Office Supplies,34287.19,3,11429.063333333334,22146.59,54188.68333333334
00000000-0000-0000-0000-000000000002,587616fd-ba60-493e-ba92-b68a61b5cdce,2022,8,Office Supplies,46970.66,1,46970.66,34287.19,27439.963333333333
00000000-0000-0000-0000-000000000002,5f6c98b4-4360-41ee-83a3-efc700651a04,2022,8,Office Supplies,33089.06,3,11029.686666666666,46970.66,34468.14666666667
00000000-0000-0000-0000-000000000002,b961632b-814f-4481-946b-17a792487aa7,2022,8,Office Supplies,6545.65,1,6545.65,33089.06,38115.636666666665
00000000-0000-0000-0000-000000000002,587616fd-ba60-493e-ba92-b68a61b5cdce,2022,9,Office Supplies,72829.58,2,36414.79,6545.65,28868.456666666665
00000000-0000-0000-0000-000000000002,5f6c98b4-4360-41ee-83a3-efc700651a04,2022,10,Office Supplies,55622.509999999995,2,27811.254999999997,72829.58,37488.096666666665
00000000-0000-0000-0000-000000000002,b961632b-814f-4481-946b-17a792487aa7,2022,10,Office Supplies,98386.22,3,32795.40666666667,55622.509999999995,44999.246666666666
00000000-0000-0000-0000-000000000002,587616fd-ba60-493e-ba92-b68a61b5cdce,2022,11,Office Supplies,19325.81,2,9662.905,98386.22,75612.77
00000000-0000-0000-0000-000000000002,5f6c98b4-4360-41ee-83a3-efc700651a04,2022,11,Office Supplies,14923.11,1,14923.11,19325.81,57778.17999999999
00000000-0000-0000-0000-000000000002,b961632b-814f-4481-946b-17a792487aa7,2022,11,Office Supplies,49605.04,1,49605.04,14923.11,44211.71333333334
00000000-0000-0000-0000-000000000002,587616fd-ba60-493e-ba92-b68a61b5cdce,2022,12,Office Supplies,15395.12,1,15395.12,49605.04,27951.320000000003
00000000-0000-0000-0000-000000000002,5f6c98b4-4360-41ee-83a3-efc700651a04,2022,12,Office Supplies,9742.119999999999,2,4871.0599999999995,15395.12,26641.09
00000000-0000-0000-0000-000000000002,b961632b-814f-4481-946b-17a792487aa7,2022,12,Office Supplies,59682.52,2,29841.26,9742.119999999999,24914.093333333338
00000000-0000-0000-0000-000000000002,587616fd-ba60-493e-ba92-b68a61b5cdce,2023,1,Office Supplies,18975.42,1,18975.42,59682.52,28273.25333333333
00000000-0000-0000-0000-000000000002,5f6c98b4-4360-41ee-83a3-efc700651a04,2023,1,Office Supplies,39078.35,1,39078.35,18975.42,29466.686666666665
00000000-0000-0000-0000-000000000002,b961632b-814f-4481-946b-17a792487aa7,2023,2,Office Supplies,59629.56,2,29814.78,39078.35,39245.42999999999
00000000-0000-0000-0000-000000000002,5f6c98b4-4360-41ee-83a3-efc700651a04,2023,3,Office Supplies,67915.25,3,22638.416666666668,59629.56,39227.776666666665
00000000-0000-0000-0000-000000000002,587616fd-ba60-493e-ba92-b68a61b5cdce,2023,4,Office Supplies,1815.21,1,1815.21,67915.25,55541.05333333332
00000000-0000-0000-0000-000000000002,5f6c98b4-4360-41ee-83a3-efc700651a04,2023,4,Office Supplies,4574.63,1,4574.63,1815.21,43120.00666666666
00000000-0000-0000-0000-000000000002,5f6c98b4-4360-41ee-83a3-efc700651a04,2023,5,Office Supplies,53606.079999999994,2,26803.039999999997,4574.63,24768.363333333327
00000000-0000-0000-0000-000000000002,587616fd-ba60-493e-ba92-b68a61b5cdce,2023,6,Office Supplies,34395.39,1,34395.39,53606.079999999994,19998.639999999996
00000000-0000-0000-0000-000000000002,5f6c98b4-4360-41ee-83a3-efc700651a04,2023,6,Office Supplies,1758.23,1,1758.23,34395.39,30858.699999999993
00000000-0000-0000-0000-000000000002,b961632b-814f-4481-946b-17a792487aa7,2023,6,Office Supplies,69757.44,2,34878.72,1758.23,29919.899999999994
00000000-0000-0000-0000-000000000002,587616fd-ba60-493e-ba92-b68a61b5cdce,2023,7,Office Supplies,29787.29,2,14893.645,69757.44,35303.68666666667
00000000-0000-0000-0000-000000000002,5f6c98b4-4360-41ee-83a3-efc700651a04,2023,7,Office Supplies,93098.22,2,46549.11,29787.29,33767.65333333333
00000000-0000-0000-0000-000000000002,b961632b-814f-4481-946b-17a792487aa7,2023,7,Office Supplies,85085.36,2,42542.68,93098.22,64214.31666666667
00000000-0000-0000-0000-000000000002,587616fd-ba60-493e-ba92-b68a61b5cdce,2023,8,Office Supplies,63837.57,2,31918.785,85085.36,69323.62333333334
00000000-0000-0000-0000-000000000002,b961632b-814f-4481-946b-17a792487aa7,2023,8,Office Supplies,30807.35,1,30807.35,63837.57,80673.71666666666
00000000-0000-0000-0000-000000000002,5f6c98b4-4360-41ee-83a3-efc700651a04,2023,10,Office Supplies,25177.45,2,12588.725,30807.35,59910.09333333332
00000000-0000-0000-0000-000000000002,587616fd-ba60-493e-ba92-b68a61b5cdce,2023,11,Office Supplies,14682.6,1,14682.6,25177.45,39940.78999999999
00000000-0000-0000-0000-000000000002,5f6c98b4-4360-41ee-83a3-efc700651a04,2023,12,Office Supplies,75600.87,2,37800.435,14682.6,23555.799999999992
00000000-0000-0000-0000-000000000002,b961632b-814f-4481-946b-17a792487aa7,2023,12,Office Supplies,33527.36,1,33527.36,75600.87,38486.97333333333
00000000-0000-0000-0000-000000000002,b961632b-814f-4481-946b-17a792487aa7,2024,1,Office Supplies,21411.35,1,21411.35,33527.36,41270.276666666665
00000000-0000-0000-0000-000000000002,587616fd-ba60-493e-ba92-b68a61b5cdce,2024,3,Office Supplies,6250.37,1,6250.37,21411.35,43513.19333333333
00000000-0000-0000-0000-000000000002,5f6c98b4-4360-41ee-83a3-efc700651a04,2024,3,Office Supplies,36601.62,1,36601.62,6250.37,20396.359999999997
00000000-0000-0000-0000-000000000002,b961632b-814f-4481-946b-17a792487aa7,2024,3,Office Supplies,44212.85,1,44212.85,36601.62,21421.11333333333
00000000-0000-0000-0000-000000000002,b961632b-814f-4481-946b-17a792487aa7,2024,4,Office Supplies,33115.14,1,33115.14,44212.85,29021.61333333333
00000000-0000-0000-0000-000000000002,b961632b-814f-4481-946b-17a792487aa7,2024,5,Office Supplies,63787.57,2,31893.785,33115.14,37976.53666666666
00000000-0000-0000-0000-000000000002,587616fd-ba60-493e-ba92-b68a61b5cdce,2024,6,Office Supplies,47910.21,1,47910.21,63787.57,47038.52
00000000-0000-0000-0000-000000000002,5f6c98b4-4360-41ee-83a3-efc700651a04,2024,6,Office Supplies,3060.72,1,3060.72,47910.21,48270.97333333333
00000000-0000-0000-0000-000000000002,b961632b-814f-4481-946b-17a792487aa7,2024,6,Office Supplies,16960.98,1,16960.98,3060.72,38252.83333333333
00000000-0000-0000-0000-000000000002,5f6c98b4-4360-41ee-83a3-efc700651a04,2024,7,Office Supplies,107652.12,4,26913.03,16960.98,22643.969999999998
00000000-0000-0000-0000-000000000002,b961632b-814f-4481-946b-17a792487aa7,2024,7,Office Supplies,38404.71,1,38404.71,107652.12,42557.939999999995
00000000-0000-0000-0000-000000000002,587616fd-ba60-493e-ba92-b68a61b5cdce,2024,8,Office Supplies,1744.77,1,1744.77,38404.71,54339.26999999999
00000000-0000-0000-0000-000000000002,5f6c98b4-4360-41ee-83a3-efc700651a04,2024,8,Office Supplies,47539.2,1,47539.2,1744.77,49267.19999999999
00000000-0000-0000-0000-000000000002,587616fd-ba60-493e-ba92-b68a61b5cdce,2024,9,Office Supplies,46964.96,1,46964.96,47539.2,29229.559999999994
00000000-0000-0000-0000-000000000002,587616fd-ba60-493e-ba92-b68a61b5cdce,2024,10,Office Supplies,38998.05,1,38998.05,46964.96,32082.97666666666
00000000-0000-0000-0000-000000000002,b961632b-814f-4481-946b-17a792487aa7,2024,10,Office Supplies,132339.08000000002,4,33084.770000000004,38998.05,44500.73666666666
00000000-0000-0000-0000-000000000002,587616fd-ba60-493e-ba92-b68a61b5cdce,2024,11,Office Supplies,62394.89,2,31197.445,132339.08000000002,72767.36333333333
00000000-0000-0000-0000-000000000002,b961632b-814f-4481-946b-17a792487aa7,2024,11,Office Supplies,45274.57,2,22637.285,62394.89,77910.67333333334
00000000-0000-0000-0000-000000000002,587616fd-ba60-493e-ba92-b68a61b5cdce,2024,12,Office Supplies,38132.67,1,38132.67,45274.57,80002.84666666666
00000000-0000-0000-0000-000000000002,b961632b-814f-4481-946b-17a792487aa7,2024,12,Office Supplies,37112.32,2,18556.16,38132.67,48600.70999999999
00000000-0000-0000-0000-000000000002,587616fd-ba60-493e-ba92-b68a61b5cdce,2022,1,Rent,82168.96,1,82168.96,,
00000000-0000-0000-0000-000000000002,5f6c98b4-4360-41ee-83a3-efc700651a04,2022,1,Rent,59897.54,1,59897.54,82168.96,82168.96
00000000-0000-0000-0000-000000000002,b961632b-814f-4481-946b-17a792487aa7,2022,1,Rent,107569.34,1,107569.34,59897.54,71033.25
00000000-0000-0000-0000-000000000002,587616fd-ba60-493e-ba92-b68a61b5cdce,2022,2,Rent,114753.83,1,114753.83,107569.34,83211.94666666667
00000000-0000-0000-0000-000000000002,5f6c98b4-4360-41ee-83a3-efc700651a04,2022,2,Rent,72884.01,1,72884.01,114753.83,94073.57
00000000-0000-0000-0000-000000000002,b961632b-814f-4481-946b-17a792487aa7,2022,2,Rent,190727.5,1,190727.5,72884.01,98402.39333333333
00000000-0000-0000-0000-000000000002,587616fd-ba60-493e-ba92-b68a61b5cdce,2022,3,Rent,154617.3,1,154617.3,190727.5,126121.77999999998
00000000-0000-0000-0000-000000000002,5f6c98b4-4360-41ee-83a3-efc700651a04,2022,3,Rent,152926.58,1,152926.58,154617.3,139409.6033333333
00000000-0000-0000-0000-000000000002,b961632b-814f-4481-946b-17a792487aa7,2022,3,Rent,111213.52,1,111213.52,152926.58,166090.46
00000000-0000-0000-0000-000000000002,587616fd-ba60-493e-ba92-b68a61b5cdce,2022,4,Rent,109228.42,1,109228.42,111213.52,139585.80000000002
00000000-0000-0000-0000-000000000002,5f6c98b4-4360-41ee-83a3-efc700651a04,2022,4,Rent,94319.82,1,94319.82,109228.42,124456.17333333332
00000000-0000-0000-0000-000000000002,b961632b-814f-4481-946b-17a792487aa7,2022,4,Rent,147898.61,1,147898.61,94319.82,104920.58666666667
00000000-0000-0000-0000-000000000002,587616fd-ba60-493e-ba92-b68a61b5cdce,2022,5,Rent,120169.05,1,120169.05,147898.61,117148.95
00000000-0000-0000-0000-000000000002,5f6c98b4-4360-41ee-83a3-efc700651a04,2022,5,Rent,82444.37,1,82444.37,120169.05,120795.82666666666
00000000-0000-0000-0000-000000000002,b961632b-814f-4481-946b-17a792487aa7,2022,5,Rent,97637.62,1,97637.62,82444.37,116837.34333333332
00000000-0000-0000-0000-000000000002,587616fd-ba60-493e-ba92-b68a61b5cdce,2022,6,Rent,66950.2,1,66950.2,97637.62,100083.68
00000000-0000-0000-0000-000000000002,5f6c98b4-4360-41ee-83a3-efc700651a04,2022,6,Rent,73833.52,1,73833.52,66950.2,82344.06333333334
00000000-0000-0000-0000-000000000002,b961632b-814f-4481-946b-17a792487aa7,2022,6,Rent,185841.97,1,185841.97,73833.52,79473.78000000001
00000000-0000-0000-0000-000000000002,587616fd-ba60-493e-ba92-b68a61b5cdce,2022,7,Rent,197135.07,1,197135.07,185841.97,108875.23
00000000-0000-0000-0000-000000000002,5f6c98b4-4360-41ee-83a3-efc700651a04,2022,7,Rent,168283.82,1,168283.82,197135.07,152270.18666666668
00000000-0000-0000-0000-000000000002,b961632b-814f-4481-946b-17a792487aa7,2022,7,Rent,52592.72,1,52592.72,168283.82,183753.62
00000000-0000-0000-0000-000000000002,587616fd-ba60-493e-ba92-b68a61b5cdce,2022,8,Rent,196603.76,1,196603.76,52592.72,139337.20333333334
00000000-0000-0000-0000-000000000002,5f6c98b4-4360-41ee-83a3-efc700651a04,2022,8,Rent,78615.17,1,78615.17,196603.76,139160.1
00000000-0000-0000-0000-000000000002,b961632b-814f-4481-946b-17a792487aa7,2022,8,Rent,123634.27,1,123634.27,78615.17,109270.55
00000000-0000-0000-0000-000000000002,587616fd-ba60-493e-ba92-b68a61b5cdce,2022,9,Rent,56357.43,1,56357.43,123634.27,132951.06666666668
00000000-0000-0000-0000-000000000002,5f6c98b4-4360-41ee-83a3-efc700651a04,2022,9,Rent,157161.43,1,157161.43,56357.43,86202.29
00000000-0000-0000-0000-000000000002,b961632b-814f-4481-946b-17a792487aa7,2022,9,Rent,148625.73,1,148625.73,157161.43,112384.37666666666
00000000-0000-0000-0000-000000000002,587616fd-ba60-493e-ba92-b68a61b5cdce,2022,10,Rent,112601.44,1,112601.44,148625.73,120714.86333333333
00000000-0000-0000-0000-000000000002,5f6c98b4-4360-41ee-83a3-efc700651a04,2022,10,Rent,90077.7,1,90077.7,112601.44,139462.86666666667
00000000-0000-0000-0000-000000000002,b961632b-814f-4481-946b-17a792487aa7,2022,10,Rent,122592.57,1,122592.57,90077.7,117101.62333333334
00000000-0000-0000-0000-000000000002,587616fd-ba60-493e-ba92-b68a61b5cdce,2022,11,Rent,186340.94,1,186340.94,122592.57,108423.90333333334
00000000-0000-0000-0000-000000000002,5f6c98b4-4360-41ee-83a3-efc700651a04,2022,11,Rent,184246.37,1,184246.37,186340.94,133003.73666666666
00000000-0000-0000-0000-000000000002,b961632b-814f-4481-946b-17a792487aa7,2022,11,Rent,162102.91,1,162102.91,184246.37,164393.29333333333
00000000-0000-0000-0000-000000000002,587616fd-ba60-493e-ba92-b68a61b5cdce,2022,12,Rent,157418.93,1,157418.93,162102.91,177563.40666666665
00000000-0000-0000-0000-000000000002,5f6c98b4-4360-41ee-83a3-efc700651a04,2022,12,Rent,189868.4,1,189868.4,157418.93,167922.73666666666
00000000-0000-0000-0000-000000000002,b961632b-814f-4481-946b-17a792487aa7,2022,12,Rent,149220.47,1,149220.47,189868.4,169796.74666666667
00000000-0000-0000-0000-000000000002,587616fd-ba60-493e-ba92-b68a61b5cdce,2023,1,Rent,73137.89,1,73137.89,149220.47,165502.59999999998
00000000-0000-0000-0000-000000000002,5f6c98b4-4360-41ee-83a3-efc700651a04,2023,1,Rent,144910.68,1,144910.68,73137.89,137408.92
00000000-0000-0000-0000-000000000002,b961632b-814f-4481-946b-17a792487aa7,2023,1,Rent,124120.65,1,124120.65,144910.68,122423.01333333332
00000000-0000-0000-0000-000000000002,587616fd-ba60-493e-ba92-b68a61b5cdce,2023,2,Rent,105775.77,1,105775.77,124120.65,114056.40666666666
00000000-0000-0000-0000-000000000002,5f6c98b4-4360-41ee-83a3-efc700651a04,2023,2,Rent,92410.74,1,92410.74,105775.77,124935.7
00000000-0000-0000-0000-000000000002,b961632b-814f-4481-946b-17a792487aa7,2023,2,Rent,74268.86,1,74268.86,92410.74,107435.71999999999
00000000-0000-0000-0000-000000000002,587616fd-ba60-493e-ba92-b68a61b5cdce,2023,3,Rent,139454.27,1,139454.27,74268.86,90818.45666666667
00000000-0000-0000-0000-000000000002,5f6c98b4-4360-41ee-83a3-efc700651a04,2023,3,Rent,139777.63,1,139777.63,139454.27,102044.62333333331
00000000-0000-0000-0000-000000000002,b961632b-814f-4481-946b-17a792487aa7,2023,3,Rent,98742.45,1,98742.45,139777.63,117833.58666666666
00000000-0000-0000-0000-000000000002,587616fd-ba60-493e-ba92-b68a61b5cdce,2023,4,Rent,65343.79,1,65343.79,98742.45,125991.45
00000000-0000-0000-0000-000000000002,5f6c98b4-4360-41ee-83a3-efc700651a04,2023,4,Rent,189992.73,1,189992.73,65343.79,101287.95666666665
00000000-0000-0000-0000-000000000002,b961632b-814f-4481-946b-17a792487aa7,2023,4,Rent,120769.38,1,120769.38,189992.73,118026.32333333332
00000000-0000-0000-0000-000000000002,587616fd-ba60-493e-ba92-b68a61b5cdce,2023,5,Rent,105171.37,1,105171.37,120769.38,125368.6333333333
00000000-0000-0000-0000-000000000002,5f6c98b4-4360-41ee-83a3-efc700651a04,2023,5,Rent,135638.41,1,135638.41,105171.37,138644.49333333332
00000000-0000-0000-0000-000000000002,b961632b-814f-4481-946b-17a792487aa7,2023,5,Rent,169372.12,1,169372.12,135638.41,120526.38666666664
00000000-0000-0000-0000-000000000002,587616fd-ba60-493e-ba92-b68a61b5cdce,2023,6,Rent,106091.66,1,106091.66,169372.12,136727.29999999996
00000000-0000-0000-0000-000000000002,5f6c98b4-4360-41ee-83a3-efc700651a04,2023,6,Rent,161640.63,1,161640.63,106091.66,137034.06333333332
00000000-0000-0000-0000-000000000002,b961632b-814f-4481-946b-17a792487aa7,2023,6,Rent,120741.48,1,120741.48,161640.63,145701.46999999997
00000000-0000-0000-0000-000000000002,587616fd-ba60-493e-ba92-b68a61b5cdce,2023,7,Rent,100832.4,1,100832.4,120741.48,129491.25666666664
00000000-0000-0000-0000-000000000002,5f6c98b4-4360-41ee-83a3-efc700651a04,2023,7,Rent,100949.62,1,100949.62,100832.4,127738.16999999998
00000000-0000-0000-0000-000000000002,b961632b-814f-4481-946b-17a792487aa7,2023,7,Rent,113759.57,1,113759.57,100949.62,107507.83333333331
00000000-0000-0000-0000-000000000002,587616fd-ba60-493e-ba92-b68a61b5cdce,2023,8,Rent,166407.29,1,166407.29,113759.57,105180.52999999998
00000000-0000-0000-0000-000000000002,5f6c98b4-4360-41ee-83a3-efc700651a04,2023,8,Rent,157942.8,1,157942.8,166407.29,127038.82666666665
00000000-0000-0000-0000-000000000002,b961632b-814f-4481-946b-17a792487aa7,2023,8,Rent,122110.18,1,122110.18,157942.8,146036.55333333332
00000000-0000-0000-0000-000000000002,587616fd-ba60-493e-ba92-b68a61b5cdce,2023,9,Rent,106493.86,1,106493.86,122110.18,148820.08999999997
00000000-0000-0000-0000-000000000002,5f6c98b4-4360-41ee-83a3-efc700651a04,2023,9,Rent,107333.15,1,107333.15,106493.86,128848.94666666664
00000000-0000-0000-0000-000000000002,b961632b-814f-4481-946b-17a792487aa7,2023,9,Rent,190479.69,1,190479.69,107333.15,111979.06333333331
00000000-0000-0000-0000-000000000002,587616fd-ba60-493e-ba92-b68a61b5cdce,2023,10,Rent,72004.85,1,72004.85,190479.69,134768.9
00000000-0000-0000-0000-000000000002,5f6c98b4-4360-41ee-83a3-efc700651a04,2023,10,Rent,143292.99,1,143292.99,72004.85,123272.56333333331
00000000-0000-0000-0000-000000000002,b961632b-814f-4481-946b-17a792487aa7,2023,10,Rent,85473.79,1,85473.79,143292.99,135259.17666666664
00000000-0000-0000-0000-000000000002,587616fd-ba60-493e-ba92-b68a61b5cdce,2023,11,Rent,89502.14,1,89502.14,85473.79,100257.20999999998
00000000-0000-0000-0000-000000000002,5f6c98b4-4360-41ee-83a3-efc700651a04,2023,11,Rent,65400.68,1,65400.68,89502.14,106089.63999999997
00000000-0000-0000-0000-000000000002,b961632b-814f-4481-946b-17a792487aa7,2023,11,Rent,134293.88,1,134293.88,65400.68,80125.53666666664
00000000-0000-0000-0000-000000000002,587616fd-ba60-493e-ba92-b68a61b5cdce,2023,12,Rent,96362.11,1,96362.11,134293.88,96398.89999999998
00000000-0000-0000-0000-000000000002,5f6c98b4-4360-41ee-83a3-efc700651a04,2023,12,Rent,179934.7,1,179934.7,96362.11,98685.55666666664
00000000-0000-0000-0000-000000000002,b961632b-814f-4481-946b-17a792487aa7,2023,12,Rent,90134.9,1,90134.9,179934.7,136863.56333333332
00000000-0000-0000-0000-000000000002,587616fd-ba60-493e-ba92-b68a61b5cdce,2024,1,Rent,153147.8,1,153147.8,90134.9,122143.90333333332
00000000-0000-0000-0000-000000000002,5f6c98b4-4360-41ee-83a3-efc700651a04,2024,1,Rent,192249.11,1,192249.11,153147.8,141072.46666666665
00000000-0000-0000-0000-000000000002,b961632b-814f-4481-946b-17a792487aa7,2024,1,Rent,152212.73,1,152212.73,192249.11,145177.27
00000000-0000-0000-0000-000000000002,587616fd-ba60-493e-ba92-b68a61b5cdce,2024,2,Rent,132604.76,1,132604.76,152212.73,165869.87999999998
00000000-0000-0000-0000-000000000002,5f6c98b4-4360-41ee-83a3-efc700651a04,2024,2,Rent,75943.15,1,75943.15,132604.76,159022.19999999998
00000000-0000-0000-0000-000000000002,b961632b-814f-4481-946b-17a792487aa7,2024,2,Rent,80683.73,1,80683.73,75943.15,120253.54666666668
00000000-0000-0000-0000-000000000002,587616fd-ba60-493e-ba92-b68a61b5cdce,2024,3,Rent,86568.12,1,86568.12,80683.73,96410.54666666665
00000000-0000-0000-0000-000000000002,5f6c98b4-4360-41ee-83a3-efc700651a04,2024,3,Rent,131100.43,1,131100.43,86568.12,81064.99999999999
00000000-0000-0000-0000-000000000002,b961632b-814f-4481-946b-17a792487aa7,2024,3,Rent,113467.5,1,113467.5,131100.43,99450.75999999997
00000000-0000-0000-0000-000000000002,587616fd-ba60-493e-ba92-b68a61b5cdce,2024,4,Rent,198903.04,1,198903.04,113467.5,110378.6833333333
00000000-0000-0000-0000-000000000002,5f6c98b4-4360-41ee-83a3-efc700651a04,2024,4,Rent,124378.88,1,124378.88,198903.04,147823.65666666665
00000000-0000-0000-0000-000000000002,b961632b-814f-4481-946b-17a792487aa7,2024,4,Rent,165764.01,1,165764.01,124378.88,145583.13999999998
00000000-0000-0000-0000-000000000002,587616fd-ba60-493e-ba92-b68a61b5cdce,2024,5,Rent,107587.67,1,107587.67,165764.01,163015.31
00000000-0000-0000-0000-000000000002,5f6c98b4-4360-41ee-83a3-efc700651a04,2024,5,Rent,137666.45,1,137666.45,107587.67,132576.85333333333
00000000-0000-0000-0000-000000000002,b961632b-814f-4481-946b-17a792487aa7,2024,5,Rent,138661.92,1,138661.92,137666.45,137006.0433333333
00000000-0000-0000-0000-000000000002,587616fd-ba60-493e-ba92-b68a61b5cdce,2024,6,Rent,60668.28,1,60668.28,138661.92,127972.01333333332
00000000-0000-0000-0000-000000000002,5f6c98b4-4360-41ee-83a3-efc700651a04,2024,6,Rent,180664.55,1,180664.55,60668.28,112332.21666666667
00000000-0000-0000-0000-000000000002,b961632b-814f-4481-946b-17a792487aa7,2024,6,Rent,115686.4,1,115686.4,180664.55,126664.91666666667
00000000-0000-0000-0000-000000000002,587616fd-ba60-493e-ba92-b68a61b5cdce,2024,7,Rent,58991.55,1,58991.55,115686.4,119006.40999999999
00000000-0000-0000-0000-000000000002,5f6c98b4-4360-41ee-83a3-efc700651a04,2024,7,Rent,156671.0,1,156671.0,58991.55,118447.49999999999
00000000-0000-0000-0000-000000000002,b961632b-814f-4481-946b-17a792487aa7,2024,7,Rent,195215.59,1,195215.59,156671.0,110449.64999999998
00000000-0000-0000-0000-000000000002,587616fd-ba60-493e-ba92-b68a61b5cdce,2024,8,Rent,143087.99,1,143087.99,195215.59,136959.38
00000000-0000-0000-0000-000000000002,5f6c98b4-4360-41ee-83a3-efc700651a04,2024,8,Rent,69216.57,1,69216.57,143087.99,164991.52666666664
00000000-0000-0000-0000-000000000002,b961632b-814f-4481-946b-17a792487aa7,2024,8,Rent,133565.01,1,133565.01,69216.57,135840.05000000002
00000000-0000-0000-0000-000000000002,587616fd-ba60-493e-ba92-b68a61b5cdce,2024,9,Rent,67354.06,1,67354.06,133565.01,115289.85666666667
00000000-0000-0000-0000-000000000002,5f6c98b4-4360-41ee-83a3-efc700651a04,2024,9,Rent,176914.28,1,176914.28,67354.06,90045.21333333333
00000000-0000-0000-0000-000000000002,b961632b-814f-4481-946b-17a792487aa7,2024,9,Rent,147576.74,1,147576.74,176914.28,125944.45
00000000-0000-0000-0000-000000000002,587616fd-ba60-493e-ba92-b68a61b5cdce,2024,10,Rent,196432.26,1,196432.26,147576.74,130615.02666666666
00000000-0000-0000-0000-000000000002,5f6c98b4-4360-41ee-83a3-efc700651a04,2024,10,Rent,122777.1,1,122777.1,196432.26,173641.09333333335
00000000-0000-0000-0000-000000000002,b961632b-814f-4481-946b-17a792487aa7,2024,10,Rent,179955.77,1,179955.77,122777.1,155595.36666666667
00000000-0000-0000-0000-000000000002,587616fd-ba60-493e-ba92-b68a61b5cdce,2024,11,Rent,75652.93,1,75652.93,179955.77,166388.37666666668
00000000-0000-0000-0000-000000000002,5f6c98b4-4360-41ee-83a3-efc700651a04,2024,11,Rent,102480.06,1,102480.06,75652.93,126128.59999999998
00000000-0000-0000-0000-000000000002,b961632b-814f-4481-946b-17a792487aa7,2024,11,Rent,73335.82,1,73335.82,102480.06,119362.92
00000000-0000-0000-0000-000000000002,587616fd-ba60-493e-ba92-b68a61b5cdce,2024,12,Rent,197089.48,1,197089.48,73335.82,83822.93666666666
00000000-0000-0000-0000-000000000002,5f6c98b4-4360-41ee-83a3-efc700651a04,2024,12,Rent,185600.6,1,185600.6,197089.48,124301.78666666667
00000000-0000-0000-0000-000000000002,b961632b-814f-4481-946b-17a792487aa7,2024,12,Rent,186859.93,1,186859.93,185600.6,152008.63333333333
00000000-0000-0000-0000-000000000002,587616fd-ba60-493e-ba92-b68a61b5cdce,2022,1,Salaries,523569.7,1,523569.7,,
00000000-0000-0000-0000-000000000002,5f6c98b4-4360-41ee-83a3-efc700651a04,2022,1,Salaries,418683.79,1,418683.79,523569.7,523569.7
00000000-0000-0000-0000-000000000002,b961632b-814f-4481-946b-17a792487aa7,2022,1,Salaries,519865.77,1,519865.77,418683.79,471126.745
00000000-0000-0000-0000-000000000002,587616fd-ba60-493e-ba92-b68a61b5cdce,2022,2,Salaries,328033.59,1,328033.59,519865.77,487373.08666666667
00000000-0000-0000-0000-000000000002,5f6c98b4-4360-41ee-83a3-efc700651a04,2022,2,Salaries,202240.18,1,202240.18,328033.59,422194.38333333336
00000000-0000-0000-0000-000000000002,b961632b-814f-4481-946b-17a792487aa7,2022,2,Salaries,376082.13,1,376082.13,202240.18,350046.51333333337
00000000-0000-0000-0000-000000000002,587616fd-ba60-493e-ba92-b68a61b5cdce,2022,3,Salaries,647935.87,1,647935.87,376082.13,302118.63333333336
00000000-0000-0000-0000-000000000002,5f6c98b4-4360-41ee-83a3-efc700651a04,2022,3,Salaries,427355.4,1,427355.4,647935.87,408752.72666666674
00000000-0000-0000-0000-000000000002,b961632b-814f-4481-946b-17a792487aa7,2022,3,Salaries,454190.9,1,454190.9,427355.4,483791.1333333333
00000000-0000-0000-0000-000000000002,587616fd-ba60-493e-ba92-b68a61b5cdce,2022,4,Salaries,787815.0468500004,1,787815.0468500004,454190.9,509827.3900000001
00000000-0000-0000-0000-000000000002,5f6c98b4-4360-41ee-83a3-efc700651a04,2022,4,Salaries,219735.12,1,219735.12,787815.0468500004,556453.7822833335
00000000-0000-0000-0000-000000000002,b961632b-814f-4481-946b-17a792487aa7,2022,4,Salaries,548947.99,1,548947.99,219735.12,487247.0222833335
00000000-0000-0000-0000-000000000002,587616fd-ba60-493e-ba92-b68a61b5cdce,2022,5,Salaries,391479.09,1,391479.09,548947.99,518832.7189500001
00000000-0000-0000-0000-000000000002,5f6c98b4-4360-41ee-83a3-efc700651a04,2022,5,Salaries,238176.91,1,238176.91,391479.09,386720.73333333334
00000000-0000-0000-0000-000000000002,b961632b-814f-4481-946b-17a792487aa7,2022,5,Salaries,344633.35,1,344633.35,238176.91,392867.99666666664
00000000-0000-0000-0000-000000000002,587616fd-ba60-493e-ba92-b68a61b5cdce,2022,6,Salaries,287206.54,1,287206.54,344633.35,324763.11666666664
00000000-0000-0000-0000-000000000002,5f6c98b4-4360-41ee-83a3-efc700651a04,2022,6,Salaries,605247.44,1,605247.44,287206.54,290005.60000000003
00000000-0000-0000-0000-000000000002,b961632b-814f-4481-946b-17a792487aa7,2022,6,Salaries,684770.43,1,684770.43,605247.44,412362.44333333336
00000000-0000-0000-0000-000000000002,587616fd-ba60-493e-ba92-b68a61b5cdce,2022,7,Salaries,334301.48,1,334301.48,684770.43,525741.4700000001
00000000-0000-0000-0000-000000000002,5f6c98b4-4360-41ee-83a3-efc700651a04,2022,7,Salaries,322585.35,1,322585.35,334301.48,541439.7833333333
00000000-0000-0000-0000-000000000002,b961632b-814f-4481-946b-17a792487aa7,2022,7,Salaries,317013.84,1,317013.84,322585.35,447219.08666666667
00000000-0000-0000-0000-000000000002,587616fd-ba60-493e-ba92-b68a61b5cdce,2022,8,Salaries,350865.05,1,350865.05,317013.84,324633.55666666664
00000000-0000-0000-0000-000000000002,5f6c98b4-4360-41ee-83a3-efc700651a04,2022,8,Salaries,434868.02,1,434868.02,350865.05,330154.74666666664
00000000-0000-0000-0000-000000000002,b961632b-814f-4481-946b-17a792487aa7,2022,8,Salaries,678446.98,1,678446.98,434868.02,367582.3033333334
00000000-0000-0000-0000-000000000002,587616fd-ba60-493e-ba92-b68a61b5cdce,2022,9,Salaries,378347.93,1,378347.93,678446.98,488060.0166666666
00000000-0000-0000-0000-000000000002,5f6c98b4-4360-41ee-83a3-efc700651a04,2022,9,Salaries,661995.41,1,661995.41,378347.93,497220.97666666674
00000000-0000-0000-0000-000000000002,b961632b-814f-4481-946b-17a792487aa7,2022,9,Salaries,650098.44,1,650098.44,661995.41,572930.1066666667
00000000-0000-0000-0000-000000000002,587616fd-ba60-493e-ba92-b68a61b5cdce,2022,10,Salaries,223906.34,1,223906.34,650098.44,563480.5933333333
00000000-0000-0000-0000-000000000002,5f6c98b4-4360-41ee-83a3-efc700651a04,2022,10,Salaries,677341.19,1,677341.19,223906.34,512000.0633333333
00000000-0000-0000-0000-000000000002,b961632b-814f-4481-946b-17a792487aa7,2022,10,Salaries,682453.91,1,682453.91,677341.19,517115.32333333325
00000000-0000-0000-0000-000000000002,587616fd-ba60-493e-ba92-b68a61b5cdce,2022,11,Salaries,407028.54,1,407028.54,682453.91,527900.48
00000000-0000-0000-0000-000000000002,5f6c98b4-4360-41ee-83a3-efc700651a04,2022,11,Salaries,224268.06,1,224268.06,407028.54,588941.2133333333
00000000-0000-0000-0000-000000000002,b961632b-814f-4481-946b-17a792487aa7,2022,11,Salaries,601105.31,1,601105.31,224268.06,437916.8366666666
00000000-0000-0000-0000-000000000002,587616fd-ba60-493e-ba92-b68a61b5cdce,2022,12,Salaries,378248.76,1,378248.76,601105.31,410800.63666666666
00000000-0000-0000-0000-000000000002,5f6c98b4-4360-41ee-83a3-efc700651a04,2022,12,Salaries,552291.82,1,552291.82,378248.76,401207.37666666665
00000000-0000-0000-0000-000000000002,b961632b-814f-4481-946b-17a792487aa7,2022,12,Salaries,580596.0,1,580596.0,552291.82,510548.62999999995
00000000-0000-0000-0000-000000000002,587616fd-ba60-493e-ba92-b68a61b5cdce,2023,1,Salaries,260620.97,1,260620.97,580596.0,503712.1933333333
00000000-0000-0000-0000-000000000002,5f6c98b4-4360-41ee-83a3-efc700651a04,2023,1,Salaries,733806.8,1,733806.8,260620.97,464502.92999999993
00000000-0000-0000-0000-000000000002,b961632b-814f-4481-946b-17a792487aa7,2023,1,Salaries,588010.7,1,588010.7,733806.8,525007.9233333333
00000000-0000-0000-0000-000000000002,587616fd-ba60-493e-ba92-b68a61b5cdce,2023,2,Salaries,316383.96,1,316383.96,588010.7,527479.4899999999
00000000-0000-0000-0000-000000000002,5f6c98b4-4360-41ee-83a3-efc700651a04,2023,2,Salaries,371044.04,1,371044.04,316383.96,546067.1533333333
00000000-0000-0000-0000-000000000002,b961632b-814f-4481-946b-17a792487aa7,2023,2,Salaries,438119.08,1,438119.08,371044.04,425146.2333333332
00000000-0000-0000-0000-000000000002,587616fd-ba60-493e-ba92-b68a61b5cdce,2023,3,Salaries,222412.45,1,222412.45,438119.08,375182.3599999999
00000000-0000-0000-0000-000000000002,5f6c98b4-4360-41ee-83a3-efc700651a04,2023,3,Salaries,513666.46,1,513666.46,222412.45,343858.5233333333
00000000-0000-0000-0000-000000000002,b961632b-814f-4481-946b-17a792487aa7,2023,3,Salaries,282342.72,1,282342.72,513666.46,391399.33
00000000-0000-0000-0000-000000000002,587616fd-ba60-493e-ba92-b68a61b5cdce,2023,4,Salaries,443254.93,1,443254.93,282342.72,339473.87666666665
00000000-0000-0000-0000-000000000002,5f6c98b4-4360-41ee-83a3-efc700651a04,2023,4,Salaries,557057.07,1,557057.07,443254.93,413088.0366666666
00000000-0000-0000-0000-000000000002,b961632b-814f-4481-946b-17a792487aa7,2023,4,Salaries,618813.29,1,618813.29,557057.07,427551.57333333325
00000000-0000-0000-0000-000000000002,587616fd-ba60-493e-ba92-b68a61b5cdce,2023,5,Salaries,257163.44,1,257163.44,618813.29,539708.43
00000000-0000-0000-0000-000000000002,5f6c98b4-4360-41ee-83a3-efc700651a04,2023,5,Salaries,731924.68,1,731924.68,257163.44,477677.9333333333
00000000-0000-0000-0000-000000000002,b961632b-814f-4481-946b-17a792487aa7,2023,5,Salaries,442055.68,1,442055.68,731924.68,535967.1366666666
00000000-0000-0000-0000-000000000002,587616fd-ba60-493e-ba92-b68a61b5cdce,2023,6,Salaries,738559.05,1,738559.05,442055.68,477047.9333333333
00000000-0000-0000-0000-000000000002,5f6c98b4-4360-41ee-83a3-efc700651a04,2023,6,Salaries,470466.2,1,470466.2,738559.05,637513.1366666666
00000000-0000-0000-0000-000000000002,b961632b-814f-4481-946b-17a792487aa7,2023,6,Salaries,743898.32,1,743898.32,470466.2,550360.3099999999
00000000-0000-0000-0000-000000000002,587616fd-ba60-493e-ba92-b68a61b5cdce,2023,7,Salaries,787792.93,1,787792.93,743898.32,650974.5233333333
00000000-0000-0000-0000-000000000002,5f6c98b4-4360-41ee-83a3-efc700651a04,2023,7,Salaries,678488.89,1,678488.89,787792.93,667385.8166666665
00000000-0000-0000-0000-000000000002,b961632b-814f-4481-946b-17a792487aa7,2023,7,Salaries,377968.79,1,377968.79,678488.89,736726.7133333333
00000000-0000-0000-0000-000000000002,587616fd-ba60-493e-ba92-b68a61b5cdce,2023,8,Salaries,635438.77,1,635438.77,377968.79,614750.2033333333
00000000-0000-0000-0000-000000000002,5f6c98b4-4360-41ee-83a3-efc700651a04,2023,8,Salaries,651090.31,1,651090.31,635438.77,563965.4833333333
00000000-0000-0000-0000-000000000002,b961632b-814f-4481-946b-17a792487aa7,2023,8,Salaries,508093.16,1,508093.16,651090.31,554832.6233333333
00000000-0000-0000-0000-000000000002,587616fd-ba60-493e-ba92-b68a61b5cdce,2023,9,Salaries,498649.2,1,498649.2,508093.16,598207.4133333332
00000000-0000-0000-0000-000000000002,5f6c98b4-4360-41ee-83a3-efc700651a04,2023,9,Salaries,221204.22,1,221204.22,498649.2,552610.89
00000000-0000-0000-0000-000000000002,b961632b-814f-4481-946b-17a792487aa7,2023,9,Salaries,786766.21,1,786766.21,221204.22,409315.5266666666
00000000-0000-0000-0000-000000000002,587616fd-ba60-493e-ba92-b68a61b5cdce,2023,10,Salaries,711898.09,1,711898.09,786766.21,502206.5433333333
00000000-0000-0000-0000-000000000002,5f6c98b4-4360-41ee-83a3-efc700651a04,2023,10,Salaries,393762.94,1,393762.94,711898.09,573289.5066666665
00000000-0000-0000-0000-000000000002,b961632b-814f-4481-946b-17a792487aa7,2023,10,Salaries,307651.57,1,307651.57,393762.94,630809.08
00000000-0000-0000-0000-000000000002,587616fd-ba60-493e-ba92-b68a61b5cdce,2023,11,Salaries,360636.81,1,360636.81,307651.57,471104.1999999999
00000000-0000-0000-0000-000000000002,5f6c98b4-4360-41ee-83a3-efc700651a04,2023,11,Salaries,545362.14,1,545362.14,360636.81,354017.10666666663
00000000-0000-0000-0000-000000000002,b961632b-814f-4481-946b-17a792487aa7,2023,11,Salaries,317402.36,1,317402.36,545362.14,404550.1733333333
00000000-0000-0000-0000-000000000002,587616fd-ba60-493e-ba92-b68a61b5cdce,2023,12,Salaries,574774.94,1,574774.94,317402.36,407800.43666666653
00000000-0000-0000-0000-000000000002,5f6c98b4-4360-41ee-83a3-efc700651a04,2023,12,Salaries,383301.41,1,383301.41,574774.94,479179.8133333332
00000000-0000-0000-0000-000000000002,b961632b-814f-4481-946b-17a792487aa7,2023,12,Salaries,684951.11,1,684951.11,383301.41,425159.5699999999
00000000-0000-0000-0000-000000000002,587616fd-ba60-493e-ba92-b68a61b5cdce,2024,1,Salaries,785559.69,1,785559.69,684951.11,547675.8199999998
00000000-0000-0000-0000-000000000002,5f6c98b4-4360-41ee-83a3-efc700651a04,2024,1,Salaries,368405.31,1,368405.31,785559.69,617937.4033333332
00000000-0000-0000-0000-000000000002,b961632b-814f-4481-946b-17a792487aa7,2024,1,Salaries,204498.07,1,204498.07,368405.31,612972.0366666665
00000000-0000-0000-0000-000000000002,587616fd-ba60-493e-ba92-b68a61b5cdce,2024,2,Salaries,259934.55,1,259934.55,204498.07,452821.0233333332
00000000-0000-0000-0000-000000000002,5f6c98b4-4360-41ee-83a3-efc700651a04,2024,2,Salaries,687442.27,1,687442.27,259934.55,277612.64333333325
00000000-0000-0000-0000-000000000002,b961632b-814f-4481-946b-17a792487aa7,2024,2,Salaries,446499.54,1,446499.54,687442.27,383958.2966666666
00000000-0000-0000-0000-000000000002,587616fd-ba60-493e-ba92-b68a61b5cdce,2024,3,Salaries,511853.07,1,511853.07,446499.54,464625.4533333332
00000000-0000-0000-0000-000000000002,5f6c98b4-4360-41ee-83a3-efc700651a04,2024,3,Salaries,510501.12,1,510501.12,511853.07,548598.2933333331
00000000-0000-0000-0000-000000000002,b961632b-814f-4481-946b-17a792487aa7,2024,3,Salaries,325899.4,1,325899.4,510501.12,489617.90999999986
00000000-0000-0000-0000-000000000002,587616fd-ba60-493e-ba92-b68a61b5cdce,2024,4,Salaries,757487.16,1,757487.16,325899.4,449417.8633333332
00000000-0000-0000-0000-000000000002,5f6c98b4-4360-41ee-83a3-efc700651a04,2024,4,Salaries,574442.44,1,574442.44,757487.16,531295.8933333332
00000000-0000-0000-0000-000000000002,b961632b-814f-4481-946b-17a792487aa7,2024,4,Salaries,531823.43,1,531823.43,574442.44,552609.6666666665
00000000-0000-0000-0000-000000000002,587616fd-ba60-493e-ba92-b68a61b5cdce,2024,5,Salaries,731487.35,1,731487.35,531823.43,621251.0099999999
00000000-0000-0000-0000-000000000002,5f6c98b4-4360-41ee-83a3-efc700651a04,2024,5,Salaries,404646.24,1,404646.24,731487.35,612584.4066666665
00000000-0000-0000-0000-000000000002,b961632b-814f-4481-946b-17a792487aa7,2024,5,Salaries,519841.56,1,519841.56,404646.24,555985.6733333332
00000000-0000-0000-0000-000000000002,587616fd-ba60-493e-ba92-b68a61b5cdce,2024,6,Salaries,701307.81,1,701307.81,519841.56,551991.7166666666
00000000-0000-0000-0000-000000000002,5f6c98b4-4360-41ee-83a3-efc700651a04,2024,6,Salaries,334469.94,1,334469.94,701307.81,541931.87
00000000-0000-0000-0000-000000000002,b961632b-814f-4481-946b-17a792487aa7,2024,6,Salaries,448258.25,1,448258.25,334469.94,518539.76999999996
00000000-0000-0000-0000-000000000002,587616fd-ba60-493e-ba92-b68a61b5cdce,2024,7,Salaries,377645.95,1,377645.95,448258.25,494678.66666666657
00000000-0000-0000-0000-000000000002,5f6c98b4-4360-41ee-83a3-efc700651a04,2024,7,Salaries,508031.04,1,508031.04,377645.95,386791.3799999999
00000000-0000-0000-0000-000000000002,b961632b-814f-4481-946b-17a792487aa7,2024,7,Salaries,286793.89,1,286793.89,508031.04,444645.0799999999
00000000-0000-0000-0000-000000000002,587616fd-ba60-493e-ba92-b68a61b5cdce,2024,8,Salaries,379911.5,1,379911.5,286793.89,390823.62666666653
00000000-0000-0000-0000-000000000002,5f6c98b4-4360-41ee-83a3-efc700651a04,2024,8,Salaries,495291.59,1,495291.59,379911.5,391578.8099999999
00000000-0000-0000-0000-000000000002,b961632b-814f-4481-946b-17a792487aa7,2024,8,Salaries,593907.39,1,593907.39,495291.59,387332.3266666665
00000000-0000-0000-0000-000000000002,587616fd-ba60-493e-ba92-b68a61b5cdce,2024,9,Salaries,680380.29,1,680380.29,593907.39,489703.49333333323
00000000-0000-0000-0000-000000000002,5f6c98b4-4360-41ee-83a3-efc700651a04,2024,9,Salaries,547628.45,1,547628.45,680380.29,589859.7566666666
00000000-0000-0000-0000-000000000002,b961632b-814f-4481-946b-17a792487aa7,2024,9,Salaries,407805.62,1,407805.62,547628.45,607305.3766666666
00000000-0000-0000-0000-000000000002,587616fd-ba60-493e-ba92-b68a61b5cdce,2024,10,Salaries,616712.83,1,616712.83,407805.62,545271.4533333333
00000000-0000-0000-0000-000000000002,5f6c98b4-4360-41ee-83a3-efc700651a04,2024,10,Salaries,313045.24,1,313045.24,616712.83,524048.9666666665
00000000-0000-0000-0000-000000000002,b961632b-814f-4481-946b-17a792487aa7,2024,10,Salaries,204992.05,1,204992.05,313045.24,445854.5633333332
00000000-0000-0000-0000-000000000002,587616fd-ba60-493e-ba92-b68a61b5cdce,2024,11,Salaries,238378.58,1,238378.58,204992.05,378250.03999999986
00000000-0000-0000-0000-000000000002,5f6c98b4-4360-41ee-83a3-efc700651a04,2024,11,Salaries,765040.76,1,765040.76,238378.58,252138.6233333332
00000000-0000-0000-0000-000000000002,b961632b-814f-4481-946b-17a792487aa7,2024,11,Salaries,458325.58,1,458325.58,765040.76,402803.7966666666
00000000-0000-0000-0000-000000000002,587616fd-ba60-493e-ba92-b68a61b5cdce,2024,12,Salaries,647232.62,1,647232.62,458325.58,487248.3066666666
00000000-0000-0000-0000-000000000002,5f6c98b4-4360-41ee-83a3-efc700651a04,2024,12,Salaries,242850.42,1,242850.42,647232.62,623532.9866666666
00000000-0000-0000-0000-000000000002,b961632b-814f-4481-946b-17a792487aa7,2024,12,Salaries,217645.33,1,217645.33,242850.42,449469.53999999986
00000000-0000-0000-0000-000000000002,b961632b-814f-4481-946b-17a792487aa7,2022,1,Travel,27696.93,1,27696.93,,
00000000-0000-0000-0000-000000000002,587616fd-ba60-493e-ba92-b68a61b5cdce,2022,3,Travel,23261.59,1,23261.59,27696.93,27696.93
00000000-0000-0000-0000-000000000002,5f6c98b4-4360-41ee-83a3-efc700651a04,2022,3,Travel,25266.64,1,25266.64,23261.59,25479.260000000002
00000000-0000-0000-0000-000000000002,587616fd-ba60-493e-ba92-b68a61b5cdce,2022,4,Travel,70806.18000000001,3,23602.06,25266.64,25408.38666666667
00000000-0000-0000-0000-000000000002,587616fd-ba60-493e-ba92-b68a61b5cdce,2022,5,Travel,69608.94,2,34804.47,70806.18000000001,39778.136666666665
00000000-0000-0000-0000-000000000002,5f6c98b4-4360-41ee-83a3-efc700651a04,2022,6,Travel,37257.83,1,37257.83,69608.94,55227.253333333334
00000000-0000-0000-0000-000000000002,587616fd-ba60-493e-ba92-b68a61b5cdce,2022,8,Travel,44985.76,1,44985.76,37257.83,59224.31666666667
00000000-0000-0000-0000-000000000002,b961632b-814f-4481-946b-17a792487aa7,2022,8,Travel,18641.82,1,18641.82,44985.76,50617.51000000001
00000000-0000-0000-0000-000000000002,587616fd-ba60-493e-ba92-b68a61b5cdce,2022,9,Travel,37493.74,1,37493.74,18641.82,33628.47000000001
00000000-0000-0000-0000-000000000002,b961632b-814f-4481-946b-17a792487aa7,2022,9,Travel,35008.56,2,17504.28,37493.74,33707.10666666667
00000000-0000-0000-0000-000000000002,587616fd-ba60-493e-ba92-b68a61b5cdce,2022,10,Travel,24848.3,1,24848.3,35008.56,30381.373333333337
00000000-0000-0000-0000-000000000002,5f6c98b4-4360-41ee-83a3-efc700651a04,2022,10,Travel,25589.03,1,25589.03,24848.3,32450.200000000008
00000000-0000-0000-0000-000000000002,587616fd-ba60-493e-ba92-b68a61b5cdce,2022,11,Travel,549.78,1,549.78,25589.03,28481.963333333337
00000000-0000-0000-0000-000000000002,5f6c98b4-4360-41ee-83a3-efc700651a04,2022,11,Travel,60257.22,2,30128.61,549.78,16995.70333333334
00000000-0000-0000-0000-000000000002,b961632b-814f-4481-946b-17a792487aa7,2022,12,Travel,22675.39,1,22675.39,60257.22,28798.67666666667
00000000-0000-0000-0000-000000000002,587616fd-ba60-493e-ba92-b68a61b5cdce,2023,1,Travel,56944.98,3,18981.66,22675.39,27827.463333333337
00000000-0000-0000-0000-000000000002,5f6c98b4-4360-41ee-83a3-efc700651a04,2023,1,Travel,114261.72,3,38087.24,56944.98,46625.86333333334
00000000-0000-0000-0000-000000000002,b961632b-814f-4481-946b-17a792487aa7,2023,1,Travel,17430.88,1,17430.88,114261.72,64627.36333333334
00000000-0000-0000-0000-000000000002,587616fd-ba60-493e-ba92-b68a61b5cdce,2023,2,Travel,31550.15,1,31550.15,17430.88,62879.193333333336
00000000-0000-0000-0000-000000000002,587616fd-ba60-493e-ba92-b68a61b5cdce,2023,3,Travel,42670.24,2,21335.12,31550.15,54414.25000000001
00000000-0000-0000-0000-000000000002,587616fd-ba60-493e-ba92-b68a61b5cdce,2023,4,Travel,60556.990000000005,2,30278.495000000003,42670.24,30550.423333333343
00000000-0000-0000-0000-000000000002,5f6c98b4-4360-41ee-83a3-efc700651a04,2023,4,Travel,14046.93,1,14046.93,60556.990000000005,44925.79333333334
00000000-0000-0000-0000-000000000002,b961632b-814f-4481-946b-17a792487aa7,2023,4,Travel,45223.97,1,45223.97,14046.93,39091.38666666668
00000000-0000-0000-0000-000000000002,587616fd-ba60-493e-ba92-b68a61b5cdce,2023,5,Travel,38834.87,2,19417.435,45223.97,39942.63000000001
00000000-0000-0000-0000-000000000002,b961632b-814f-4481-946b-17a792487aa7,2023,5,Travel,16889.35,1,16889.35,38834.87,32701.923333333343
00000000-0000-0000-0000-000000000002,5f6c98b4-4360-41ee-83a3-efc700651a04,2023,6,Travel,12268.03,1,12268.03,16889.35,33649.396666666675
00000000-0000-0000-0000-000000000002,b961632b-814f-4481-946b-17a792487aa7,2023,6,Travel,63277.39,2,31638.695,12268.03,22664.083333333343
00000000-0000-0000-0000-000000000002,587616fd-ba60-493e-ba92-b68a61b5cdce,2023,7,Travel,16545.39,1,16545.39,63277.39,30811.590000000007
00000000-0000-0000-0000-000000000002,5f6c98b4-4360-41ee-83a3-efc700651a04,2023,7,Travel,29437.53,1,29437.53,16545.39,30696.936666666676
00000000-0000-0000-0000-000000000002,587616fd-ba60-493e-ba92-b68a61b5cdce,2023,8,Travel,29425.46,1,29425.46,29437.53,36420.10333333334
00000000-0000-0000-0000-000000000002,5f6c98b4-4360-41ee-83a3-efc700651a04,2023,8,Travel,78631.11,2,39315.555,29425.46,25136.126666666678
00000000-0000-0000-0000-000000000002,b961632b-814f-4481-946b-17a792487aa7,2023,8,Travel,31845.31,1,31845.31,78631.11,45831.366666666676
00000000-0000-0000-0000-000000000002,587616fd-ba60-493e-ba92-b68a61b5cdce,2023,9,Travel,48393.46,2,24196.73,31845.31,46633.960000000014
00000000-0000-0000-0000-000000000002,b961632b-814f-4481-946b-17a792487aa7,2023,9,Travel,22186.98,1,22186.98,48393.46,52956.62666666668
00000000-0000-0000-0000-000000000002,587616fd-ba60-493e-ba92-b68a61b5cdce,2023,10,Travel,18194.98,1,18194.98,22186.98,34141.91666666667
00000000-0000-0000-0000-000000000002,5f6c98b4-4360-41ee-83a3-efc700651a04,2023,10,Travel,8642.02,1,8642.02,18194.98,29591.80666666667
00000000-0000-0000-0000-000000000002,b961632b-814f-4481-946b-17a792487aa7,2023,10,Travel,49201.24,1,49201.24,8642.02,16341.32666666667
00000000-0000-0000-0000-000000000002,587616fd-ba60-493e-ba92-b68a61b5cdce,2023,11,Travel,32755.3,2,16377.65,49201.24,25346.080000000005
00000000-0000-0000-0000-000000000002,b961632b-814f-4481-946b-17a792487aa7,2023,11,Travel,70302.44,2,35151.22,32755.3,30199.520000000008
00000000-0000-0000-0000-000000000002,587616fd-ba60-493e-ba92-b68a61b5cdce,2023,12,Travel,18133.94,1,18133.94,70302.44,50752.99333333335
00000000-0000-0000-0000-000000000002,b961632b-814f-4481-946b-17a792487aa7,2023,12,Travel,54126.74,2,27063.37,18133.94,40397.22666666668
00000000-0000-0000-0000-000000000002,587616fd-ba60-493e-ba92-b68a61b5cdce,2024,1,Travel,29519.61,1,29519.61,54126.74,47521.04000000001
00000000-0000-0000-0000-000000000002,5f6c98b4-4360-41ee-83a3-efc700651a04,2024,1,Travel,64088.74,2,32044.37,29519.61,33926.76333333334
00000000-0000-0000-0000-000000000002,b961632b-814f-4481-946b-17a792487aa7,2024,1,Travel,30666.36,1,30666.36,64088.74,49245.030000000006
00000000-0000-0000-0000-000000000002,b961632b-814f-4481-946b-17a792487aa7,2024,2,Travel,41841.98,1,41841.98,30666.36,41424.90333333334
00000000-0000-0000-0000-000000000002,b961632b-814f-4481-946b-17a792487aa7,2024,3,Travel,4353.94,1,4353.94,41841.98,45532.36000000001
00000000-0000-0000-0000-000000000002,587616fd-ba60-493e-ba92-b68a61b5cdce,2024,4,Travel,40598.479999999996,2,20299.239999999998,4353.94,25620.760000000013
00000000-0000-0000-0000-000000000002,b961632b-814f-4481-946b-17a792487aa7,2024,4,Travel,36586.23,2,18293.115,40598.479999999996,28931.466666666674
00000000-0000-0000-0000-000000000002,5f6c98b4-4360-41ee-83a3-efc700651a04,2024,5,Travel,24971.08,2,12485.54,36586.23,27179.550000000007
00000000-0000-0000-0000-000000000002,587616fd-ba60-493e-ba92-b68a61b5cdce,2024,6,Travel,46358.32,1,46358.32,24971.08,34051.930000000015
00000000-0000-0000-0000-000000000002,5f6c98b4-4360-41ee-83a3-efc700651a04,2024,6,Travel,37055.12,1,37055.12,46358.32,35971.87666666668
00000000-0000-0000-0000-000000000002,b961632b-814f-4481-946b-17a792487aa7,2024,6,Travel,45224.61,1,45224.61,37055.12,36128.17333333334
00000000-0000-0000-0000-000000000002,5f6c98b4-4360-41ee-83a3-efc700651a04,2024,7,Travel,5294.49,1,5294.49,45224.61,42879.35000000001
00000000-0000-0000-0000-000000000002,b961632b-814f-4481-946b-17a792487aa7,2024,7,Travel,5718.79,1,5718.79,5294.49,29191.406666666677
00000000-0000-0000-0000-000000000002,5f6c98b4-4360-41ee-83a3-efc700651a04,2024,8,Travel,18034.51,1,18034.51,5718.79,18745.963333333344
00000000-0000-0000-0000-000000000002,b961632b-814f-4481-946b-17a792487aa7,2024,8,Travel,1827.96,1,1827.96,18034.51,9682.596666666675
00000000-0000-0000-0000-000000000002,5f6c98b4-4360-41ee-83a3-efc700651a04,2024,9,Travel,51493.19,2,25746.595,1827.96,8527.086666666675
00000000-0000-0000-0000-000000000002,b961632b-814f-4481-946b-17a792487aa7,2024,9,Travel,39496.57,1,39496.57,51493.19,23785.220000000012
00000000-0000-0000-0000-000000000002,b961632b-814f-4481-946b-17a792487aa7,2024,10,Travel,38308.21,1,38308.21,39496.57,30939.24000000001
00000000-0000-0000-0000-000000000002,587616fd-ba60-493e-ba92-b68a61b5cdce,2024,11,Travel,8767.08,1,8767.08,38308.21,43099.32333333334
00000000-0000-0000-0000-000000000002,5f6c98b4-4360-41ee-83a3-efc700651a04,2024,11,Travel,37803.58,1,37803.58,8767.08,28857.286666666678
00000000-0000-0000-0000-000000000002,b961632b-814f-4481-946b-17a792487aa7,2024,11,Travel,37325.35,1,37325.35,37803.58,28292.956666666676
00000000-0000-0000-0000-000000000002,587616fd-ba60-493e-ba92-b68a61b5cdce,2024,12,Travel,19268.36,1,19268.36,37325.35,27965.33666666668
00000000-0000-0000-0000-000000000002,b961632b-814f-4481-946b-17a792487aa7,2024,12,Travel,18589.67,1,18589.67,19268.36,31465.763333333347
00000000-0000-0000-0000-000000000002,587616fd-ba60-493e-ba92-b68a61b5cdce,2022,1,Utilities,10833.42,1,10833.42,,
00000000-0000-0000-0000-000000000002,5f6c98b4-4360-41ee-83a3-efc700651a04,2022,1,Utilities,28121.39,1,28121.39,10833.42,10833.42
00000000-0000-0000-0000-000000000002,b961632b-814f-4481-946b-17a792487aa7,2022,1,Utilities,24332.95,1,24332.95,28121.39,19477.405
00000000-0000-0000-0000-000000000002,587616fd-ba60-493e-ba92-b68a61b5cdce,2022,2,Utilities,13854.16,1,13854.16,24332.95,21095.92
00000000-0000-0000-0000-000000000002,5f6c98b4-4360-41ee-83a3-efc700651a04,2022,2,Utilities,15226.76,1,15226.76,13854.16,22102.833333333332
00000000-0000-0000-0000-000000000002,b961632b-814f-4481-946b-17a792487aa7,2022,2,Utilities,24548.19,1,24548.19,15226.76,17804.623333333333
00000000-0000-0000-0000-000000000002,587616fd-ba60-493e-ba92-b68a61b5cdce,2022,3,Utilities,7728.8,1,7728.8,24548.19,17876.37
00000000-0000-0000-0000-000000000002,5f6c98b4-4360-41ee-83a3-efc700651a04,2022,3,Utilities,7190.44,1,7190.44,7728.8,15834.58333333333
00000000-0000-0000-0000-000000000002,b961632b-814f-4481-946b-17a792487aa7,2022,3,Utilities,18036.99,1,18036.99,7190.44,13155.81
00000000-0000-0000-0000-000000000002,587616fd-ba60-493e-ba92-b68a61b5cdce,2022,4,Utilities,15285.03,1,15285.03,18036.99,10985.409999999998
00000000-0000-0000-0000-000000000002,5f6c98b4-4360-41ee-83a3-efc700651a04,2022,4,Utilities,9766.12,1,9766.12,15285.03,13504.153333333334
00000000-0000-0000-0000-000000000002,b961632b-814f-4481-946b-17a792487aa7,2022,4,Utilities,11618.4,1,11618.4,9766.12,14362.713333333333
00000000-0000-0000-0000-000000000002,587616fd-ba60-493e-ba92-b68a61b5cdce,2022,5,Utilities,7798.86,1,7798.86,11618.4,12223.183333333332
00000000-0000-0000-0000-000000000002,5f6c98b4-4360-41ee-83a3-efc700651a04,2022,5,Utilities,14524.78,1,14524.78,7798.86,9727.793333333333
00000000-0000-0000-0000-000000000002,b961632b-814f-4481-946b-17a792487aa7,2022,5,Utilities,5266.34,1,5266.34,14524.78,11314.01333333333
00000000-0000-0000-0000-000000000002,587616fd-ba60-493e-ba92-b68a61b5cdce,2022,6,Utilities,11510.83,1,11510.83,5266.34,9196.659999999998
00000000-0000-0000-0000-000000000002,5f6c98b4-4360-41ee-83a3-efc700651a04,2022,6,Utilities,27969.5,1,27969.5,11510.83,10433.983333333332
00000000-0000-0000-0000-000000000002,b961632b-814f-4481-946b-17a792487aa7,2022,6,Utilities,10299.13,1,10299.13,27969.5,14915.556666666665
00000000-0000-0000-0000-000000000002,587616fd-ba60-493e-ba92-b68a61b5cdce,2022,7,Utilities,15157.1,1,15157.1,10299.13,16593.153333333332
00000000-0000-0000-0000-000000000002,5f6c98b4-4360-41ee-83a3-efc700651a04,2022,7,Utilities,26417.33,1,26417.33,15157.1,17808.576666666664
00000000-0000-0000-0000-000000000002,b961632b-814f-4481-946b-17a792487aa7,2022,7,Utilities,24797.87,1,24797.87,26417.33,17291.186666666665
00000000-0000-0000-0000-000000000002,587616fd-ba60-493e-ba92-b68a61b5cdce,2022,8,Utilities,23905.44,1,23905.44,24797.87,22124.100000000002
00000000-0000-0000-0000-000000000002,5f6c98b4-4360-41ee-83a3-efc700651a04,2022,8,Utilities,17344.88,1,17344.88,23905.44,25040.21333333333
00000000-0000-0000-0000-000000000002,b961632b-814f-4481-946b-17a792487aa7,2022,8,Utilities,9881.65,1,9881.65,17344.88,22016.063333333328
00000000-0000-0000-0000-000000000002,587616fd-ba60-493e-ba92-b68a61b5cdce,2022,9,Utilities,7633.26,1,7633.26,9881.65,17043.989999999998
00000000-0000-0000-0000-000000000002,5f6c98b4-4360-41ee-83a3-efc700651a04,2022,9,Utilities,23203.18,1,23203.18,7633.26,11619.929999999998
00000000-0000-0000-0000-000000000002,b961632b-814f-4481-946b-17a792487aa7,2022,9,Utilities,10378.59,1,10378.59,23203.18,13572.696666666665
00000000-0000-0000-0000-000000000002,587616fd-ba60-493e-ba92-b68a61b5cdce,2022,10,Utilities,8166.63,1,8166.63,10378.59,13738.343333333332
00000000-0000-0000-0000-000000000002,5f6c98b4-4360-41ee-83a3-efc700651a04,2022,10,Utilities,8348.83,1,8348.83,8166.63,13916.133333333333
00000000-0000-0000-0000-000000000002,b961632b-814f-4481-946b-17a792487aa7,2022,10,Utilities,29636.49,1,29636.49,8348.83,8964.683333333332
00000000-0000-0000-0000-000000000002,587616fd-ba60-493e-ba92-b68a61b5cdce,2022,11,Utilities,6633.38,1,6633.38,29636.49,15383.983333333332
00000000-0000-0000-0000-000000000002,5f6c98b4-4360-41ee-83a3-efc700651a04,2022,11,Utilities,9296.35,1,9296.35,6633.38,14872.9
00000000-0000-0000-0000-000000000002,b961632b-814f-4481-946b-17a792487aa7,2022,11,Utilities,13514.16,1,13514.16,9296.35,15188.74
00000000-0000-0000-0000-000000000002,587616fd-ba60-493e-ba92-b68a61b5cdce,2022,12,Utilities,6535.12,1,6535.12,13514.16,9814.63
00000000-0000-0000-0000-000000000002,5f6c98b4-4360-41ee-83a3-efc700651a04,2022,12,Utilities,24934.12,1,24934.12,6535.12,9781.876666666665
00000000-0000-0000-0000-000000000002,b961632b-814f-4481-946b-17a792487aa7,2022,12,Utilities,14700.61,1,14700.61,24934.12,14994.466666666665
00000000-0000-0000-0000-000000000002,587616fd-ba60-493e-ba92-b68a61b5cdce,2023,1,Utilities,26137.27,1,26137.27,14700.61,15389.949999999997
00000000-0000-0000-0000-000000000002,5f6c98b4-4360-41ee-83a3-efc700651a04,2023,1,Utilities,6888.57,1,6888.57,26137.27,21924.0
00000000-0000-0000-0000-000000000002,b961632b-814f-4481-946b-17a792487aa7,2023,1,Utilities,20428.8,1,20428.8,6888.57,15908.816666666666
00000000-0000-0000-0000-000000000002,587616fd-ba60-493e-ba92-b68a61b5cdce,2023,2,Utilities,20655.94,1,20655.94,20428.8,17818.213333333333
00000000-0000-0000-0000-000000000002,5f6c98b4-4360-41ee-83a3-efc700651a04,2023,2,Utilities,5151.66,1,5151.66,20655.94,15991.103333333333
00000000-0000-0000-0000-000000000002,b961632b-814f-4481-946b-17a792487aa7,2023,2,Utilities,21856.73,1,21856.73,5151.66,15412.133333333331
00000000-0000-0000-0000-000000000002,587616fd-ba60-493e-ba92-b68a61b5cdce,2023,3,Utilities,20423.5,1,20423.5,21856.73,15888.109999999999
00000000-0000-0000-0000-000000000002,5f6c98b4-4360-41ee-83a3-efc700651a04,2023,3,Utilities,29417.02,1,29417.02,20423.5,15810.63
00000000-0000-0000-0000-000000000002,b961632b-814f-4481-946b-17a792487aa7,2023,3,Utilities,27512.69,1,27512.69,29417.02,23899.083333333332
00000000-0000-0000-0000-000000000002,587616fd-ba60-493e-ba92-b68a61b5cdce,2023,4,Utilities,14557.5,1,14557.5,27512.69,25784.403333333332
00000000-0000-0000-0000-000000000002,5f6c98b4-4360-41ee-83a3-efc700651a04,2023,4,Utilities,21162.28,1,21162.28,14557.5,23829.069999999996
00000000-0000-0000-0000-000000000002,b961632b-814f-4481-946b-17a792487aa7,2023,4,Utilities,12944.15,1,12944.15,21162.28,21077.489999999994
00000000-0000-0000-0000-000000000002,587616fd-ba60-493e-ba92-b68a61b5cdce,2023,5,Utilities,10734.66,1,10734.66,12944.15,16221.309999999998
00000000-0000-0000-0000-000000000002,5f6c98b4-4360-41ee-83a3-efc700651a04,2023,5,Utilities,24943.32,1,24943.32,10734.66,14947.029999999999
00000000-0000-0000-0000-000000000002,b961632b-814f-4481-946b-17a792487aa7,2023,5,Utilities,15108.69,1,15108.69,24943.32,16207.376666666665
00000000-0000-0000-0000-000000000002,587616fd-ba60-493e-ba92-b68a61b5cdce,2023,6,Utilities,23299.57,1,23299.57,15108.69,16928.89
00000000-0000-0000-0000-000000000002,5f6c98b4-4360-41ee-83a3-efc700651a04,2023,6,Utilities,9742.04,1,9742.04,23299.57,21117.193333333333
00000000-0000-0000-0000-000000000002,b961632b-814f-4481-946b-17a792487aa7,2023,6,Utilities,13872.44,1,13872.44,9742.04,16050.1
00000000-0000-0000-0000-000000000002,587616fd-ba60-493e-ba92-b68a61b5cdce,2023,7,Utilities,8535.02,1,8535.02,13872.44,15638.016666666668
00000000-0000-0000-0000-000000000002,5f6c98b4-4360-41ee-83a3-efc700651a04,2023,7,Utilities,7331.16,1,7331.16,8535.02,10716.5
00000000-0000-0000-0000-000000000002,b961632b-814f-4481-946b-17a792487aa7,2023,7,Utilities,15205.99,1,15205.99,7331.16,9912.873333333335
00000000-0000-0000-0000-000000000002,587616fd-ba60-493e-ba92-b68a61b5cdce,2023,8,Utilities,19909.79,1,19909.79,15205.99,10357.39
00000000-0000-0000-0000-000000000002,5f6c98b4-4360-41ee-83a3-efc700651a04,2023,8,Utilities,12350.53,1,12350.53,19909.79,14148.980000000001
00000000-0000-0000-0000-000000000002,b961632b-814f-4481-946b-17a792487aa7,2023,8,Utilities,21879.56,1,21879.56,12350.53,15822.103333333333
00000000-0000-0000-0000-000000000002,587616fd-ba60-493e-ba92-b68a61b5cdce,2023,9,Utilities,21708.94,1,21708.94,21879.56,18046.626666666667
00000000-0000-0000-0000-000000000002,5f6c98b4-4360-41ee-83a3-efc700651a04,2023,9,Utilities,17761.69,1,17761.69,21708.94,18646.343333333334
00000000-0000-0000-0000-000000000002,b961632b-814f-4481-946b-17a792487aa7,2023,9,Utilities,14191.69,1,14191.69,17761.69,20450.06333333333
00000000-0000-0000-0000-000000000002,587616fd-ba60-493e-ba92-b68a61b5cdce,2023,10,Utilities,15246.11,1,15246.11,14191.69,17887.44
00000000-0000-0000-0000-000000000002,5f6c98b4-4360-41ee-83a3-efc700651a04,2023,10,Utilities,23846.59,1,23846.59,15246.11,15733.16333333333
00000000-0000-0000-0000-000000000002,b961632b-814f-4481-946b-17a792487aa7,2023,10,Utilities,13683.68,1,13683.68,23846.59,17761.463333333333
00000000-0000-0000-0000-000000000002,587616fd-ba60-493e-ba92-b68a61b5cdce,2023,11,Utilities,19406.22,1,19406.22,13683.68,17592.126666666663
00000000-0000-0000-0000-000000000002,5f6c98b4-4360-41ee-83a3-efc700651a04,2023,11,Utilities,12368.38,1,12368.38,19406.22,18978.829999999998
00000000-0000-0000-0000-000000000002,b961632b-814f-4481-946b-17a792487aa7,2023,11,Utilities,20497.05,1,20497.05,12368.38,15152.76
00000000-0000-0000-0000-000000000002,587616fd-ba60-493e-ba92-b68a61b5cdce,2023,12,Utilities,25214.43,1,25214.43,20497.05,17423.88333333333
00000000-0000-0000-0000-000000000002,5f6c98b4-4360-41ee-83a3-efc700651a04,2023,12,Utilities,13224.78,1,13224.78,25214.43,19359.95333333333
00000000-0000-0000-0000-000000000002,b961632b-814f-4481-946b-17a792487aa7,2023,12,Utilities,20406.58,1,20406.58,13224.78,19645.42
00000000-0000-0000-0000-000000000002,587616fd-ba60-493e-ba92-b68a61b5cdce,2024,1,Utilities,25676.0,1,25676.0,20406.58,19615.263333333332
00000000-0000-0000-0000-000000000002,5f6c98b4-4360-41ee-83a3-efc700651a04,2024,1,Utilities,15698.36,1,15698.36,25676.0,19769.12
00000000-0000-0000-0000-000000000002,b961632b-814f-4481-946b-17a792487aa7,2024,1,Utilities,14185.61,1,14185.61,15698.36,20593.646666666664
00000000-0000-0000-0000-000000000002,587616fd-ba60-493e-ba92-b68a61b5cdce,2024,2,Utilities,6742.56,1,6742.56,14185.61,18519.989999999998
00000000-0000-0000-0000-000000000002,5f6c98b4-4360-41ee-83a3-efc700651a04,2024,2,Utilities,26652.2,1,26652.2,6742.56,12208.84333333333
00000000-0000-0000-0000-000000000002,b961632b-814f-4481-946b-17a792487aa7,2024,2,Utilities,14508.66,1,14508.66,26652.2,15860.123333333331
00000000-0000-0000-0000-000000000002,587616fd-ba60-493e-ba92-b68a61b5cdce,2024,3,Utilities,15857.83,1,15857.83,14508.66,15967.806666666665
00000000-0000-0000-0000-000000000002,5f6c98b4-4360-41ee-83a3-efc700651a04,2024,3,Utilities,25276.49,1,25276.49,15857.83,19006.23
00000000-0000-0000-0000-000000000002,b961632b-814f-4481-946b-17a792487aa7,2024,3,Utilities,15503.3,1,15503.3,25276.49,18547.66
00000000-0000-0000-0000-000000000002,587616fd-ba60-493e-ba92-b68a61b5cdce,2024,4,Utilities,26312.46,1,26312.46,15503.3,18879.206666666665
00000000-0000-0000-0000-000000000002,5f6c98b4-4360-41ee-83a3-efc700651a04,2024,4,Utilities,14840.89,1,14840.89,26312.46,22364.083333333332
00000000-0000-0000-0000-000000000002,b961632b-814f-4481-946b-17a792487aa7,2024,4,Utilities,29509.65,1,29509.65,14840.89,18885.55
00000000-0000-0000-0000-000000000002,587616fd-ba60-493e-ba92-b68a61b5cdce,2024,5,Utilities,18625.54,1,18625.54,29509.65,23554.33333333333
00000000-0000-0000-0000-000000000002,5f6c98b4-4360-41ee-83a3-efc700651a04,2024,5,Utilities,7101.83,1,7101.83,18625.54,20992.02666666667
00000000-0000-0000-0000-000000000002,b961632b-814f-4481-946b-17a792487aa7,2024,5,Utilities,17911.45,1,17911.45,7101.83,18412.34
00000000-0000-0000-0000-000000000002,587616fd-ba60-493e-ba92-b68a61b5cdce,2024,6,Utilities,12099.21,1,12099.21,17911.45,14546.27333333333
00000000-0000-0000-0000-000000000002,5f6c98b4-4360-41ee-83a3-efc700651a04,2024,6,Utilities,6818.68,1,6818.68,12099.21,12370.829999999996
00000000-0000-0000-0000-000000000002,b961632b-814f-4481-946b-17a792487aa7,2024,6,Utilities,17422.33,1,17422.33,6818.68,12276.446666666665
00000000-0000-0000-0000-000000000002,587616fd-ba60-493e-ba92-b68a61b5cdce,2024,7,Utilities,16039.09,1,16039.09,17422.33,12113.406666666668
00000000-0000-0000-0000-000000000002,5f6c98b4-4360-41ee-83a3-efc700651a04,2024,7,Utilities,25142.03,1,25142.03,16039.09,13426.699999999999
00000000-0000-0000-0000-000000000002,b961632b-814f-4481-946b-17a792487aa7,2024,7,Utilities,5161.44,1,5161.44,25142.03,19534.483333333334
00000000-0000-0000-0000-000000000002,587616fd-ba60-493e-ba92-b68a61b5cdce,2024,8,Utilities,23022.54,1,23022.54,5161.44,15447.519999999999
00000000-0000-0000-0000-000000000002,5f6c98b4-4360-41ee-83a3-efc700651a04,2024,8,Utilities,25064.13,1,25064.13,23022.54,17775.336666666666
00000000-0000-0000-0000-000000000002,b961632b-814f-4481-946b-17a792487aa7,2024,8,Utilities,10374.9,1,10374.9,25064.13,17749.37
00000000-0000-0000-0000-000000000002,587616fd-ba60-493e-ba92-b68a61b5cdce,2024,9,Utilities,10972.68,1,10972.68,10374.9,19487.19
00000000-0000-0000-0000-000000000002,5f6c98b4-4360-41ee-83a3-efc700651a04,2024,9,Utilities,11983.71,1,11983.71,10972.68,15470.57
00000000-0000-0000-0000-000000000002,b961632b-814f-4481-946b-17a792487aa7,2024,9,Utilities,19404.47,1,19404.47,11983.71,11110.429999999998
00000000-0000-0000-0000-000000000002,587616fd-ba60-493e-ba92-b68a61b5cdce,2024,10,Utilities,15052.22,1,15052.22,19404.47,14120.286666666665
00000000-0000-0000-0000-000000000002,5f6c98b4-4360-41ee-83a3-efc700651a04,2024,10,Utilities,8573.66,1,8573.66,15052.22,15480.133333333331
00000000-0000-0000-0000-000000000002,b961632b-814f-4481-946b-17a792487aa7,2024,10,Utilities,13639.08,1,13639.08,8573.66,14343.449999999997
00000000-0000-0000-0000-000000000002,587616fd-ba60-493e-ba92-b68a61b5cdce,2024,11,Utilities,27613.04,1,27613.04,13639.08,12421.65333333333
00000000-0000-0000-0000-000000000002,5f6c98b4-4360-41ee-83a3-efc700651a04,2024,11,Utilities,21940.08,1,21940.08,27613.04,16608.59333333333
00000000-0000-0000-0000-000000000002,b961632b-814f-4481-946b-17a792487aa7,2024,11,Utilities,10544.83,1,10544.83,21940.08,21064.066666666666
00000000-0000-0000-0000-000000000002,587616fd-ba60-493e-ba92-b68a61b5cdce,2024,12,Utilities,23192.36,1,23192.36,10544.83,20032.649999999998
00000000-0000-0000-0000-000000000002,5f6c98b4-4360-41ee-83a3-efc700651a04,2024,12,Utilities,12835.75,1,12835.75,23192.36,18559.09
00000000-0000-0000-0000-000000000002,b961632b-814f-4481-946b-17a792487aa7,2024,12,Utilities,27858.77,1,27858.77,12835.75,15524.313333333332
00000000-0000-0000-0000-000000000003,470852ed-b70b-4f24-879a-6edb4193d8b6,2022,1,IT & Software,97721.27,2,48860.635,,
00000000-0000-0000-0000-000000000003,9b1ac5ce-ad4f-40d1-8b7c-0005176b143d,2022,1,IT & Software,42142.12,1,42142.12,97721.27,97721.27
00000000-0000-0000-0000-000000000003,470852ed-b70b-4f24-879a-6edb4193d8b6,2022,2,IT & Software,49975.87,1,49975.87,42142.12,69931.695
00000000-0000-0000-0000-000000000003,7227b311-834f-4815-aa86-c5d464758be1,2022,2,IT & Software,62802.7,2,31401.35,49975.87,63279.753333333334
00000000-0000-0000-0000-000000000003,9b1ac5ce-ad4f-40d1-8b7c-0005176b143d,2022,2,IT & Software,35055.78,1,35055.78,62802.7,51640.23
00000000-0000-0000-0000-000000000003,9b1ac5ce-ad4f-40d1-8b7c-0005176b143d,2022,3,IT & Software,28315.18,2,14157.59,35055.78,49278.11666666667
00000000-0000-0000-0000-000000000003,470852ed-b70b-4f24-879a-6edb4193d8b6,2022,5,IT & Software,69926.23,3,23308.743333333332,28315.18,42057.886666666665
00000000-0000-0000-0000-000000000003,7227b311-834f-4815-aa86-c5d464758be1,2022,5,IT & Software,17435.6,1,17435.6,69926.23,44432.39666666667
00000000-0000-0000-0000-000000000003,470852ed-b70b-4f24-879a-6edb4193d8b6,2022,6,IT & Software,46152.92,3,15384.306666666665,17435.6,38559.00333333333
00000000-0000-0000-0000-000000000003,470852ed-b70b-4f24-879a-6edb4193d8b6,2022,7,IT & Software,38505.21,1,38505.21,46152.92,44504.916666666664
00000000-0000-0000-0000-000000000003,7227b311-834f-4815-aa86-c5d464758be1,2022,7,IT & Software,3881.31,1,3881.31,38505.21,34031.243333333325
00000000-0000-0000-0000-000000000003,470852ed-b70b-4f24-879a-6edb4193d8b6,2022,8,IT & Software,36579.59,2,18289.795,3881.31,29513.146666666657
00000000-0000-0000-0000-000000000003,9b1ac5ce-ad4f-40d1-8b7c-0005176b143d,2022,8,IT & Software,97703.51000000001,3,32567.83666666667,36579.59,26322.036666666663
00000000-0000-0000-0000-000000000003,470852ed-b70b-4f24-879a-6edb4193d8b6,2022,9,IT & Software,39416.32,1,39416.32,97703.51000000001,46054.80333333334
00000000-0000-0000-0000-000000000003,7227b311-834f-4815-aa86-c5d464758be1,2022,9,IT & Software,43683.85,1,43683.85,39416.32,57899.80666666667
00000000-0000-0000-0000-000000000003,9b1ac5ce-ad4f-40d1-8b7c-0005176b143d,2022,9,IT & Software,23345.08,1,23345.08,43683.85,60267.89333333333
00000000-0000-0000-0000-000000000003,470852ed-b70b-4f24-879a-6edb4193d8b6,2022,10,IT & Software,18924.87,2,9462.435,23345.08,35481.75
00000000-0000-0000-0000-000000000003,7227b311-834f-4815-aa86-c5d464758be1,2022,10,IT & Software,52538.9,2,26269.45,18924.87,28651.266666666663
00000000-0000-0000-0000-000000000003,470852ed-b70b-4f24-879a-6edb4193d8b6,2022,11,IT & Software,17280.84,1,17280.84,52538.9,31602.95
00000000-0000-0000-0000-000000000003,7227b311-834f-4815-aa86-c5d464758be1,2022,11,IT & Software,35162.14,1,35162.14,17280.84,29581.536666666667
00000000-0000-0000-0000-000000000003,470852ed-b70b-4f24-879a-6edb4193d8b6,2022,12,IT & Software,8751.56,1,8751.56,35162.14,34993.96
00000000-0000-0000-0000-000000000003,7227b311-834f-4815-aa86-c5d464758be1,2022,12,IT & Software,48872.87,1,48872.87,8751.56,20398.179999999997
00000000-0000-0000-0000-000000000003,470852ed-b70b-4f24-879a-6edb4193d8b6,2023,1,IT & Software,3766.07,1,3766.07,48872.87,30928.85666666667
00000000-0000-0000-0000-000000000003,9b1ac5ce-ad4f-40d1-8b7c-0005176b143d,2023,1,IT & Software,34556.22,3,11518.74,3766.07,20463.5
00000000-0000-0000-0000-000000000003,470852ed-b70b-4f24-879a-6edb4193d8b6,2023,2,IT & Software,12437.21,1,12437.21,34556.22,29065.053333333333
00000000-0000-0000-0000-000000000003,9b1ac5ce-ad4f-40d1-8b7c-0005176b143d,2023,2,IT & Software,67018.65,2,33509.325,12437.21,16919.833333333332
00000000-0000-0000-0000-000000000003,7227b311-834f-4815-aa86-c5d464758be1,2023,3,IT & Software,42767.020000000004,2,21383.510000000002,67018.65,38004.026666666665
00000000-0000-0000-0000-000000000003,9b1ac5ce-ad4f-40d1-8b7c-0005176b143d,2023,3,IT & Software,30162.6,1,30162.6,42767.020000000004,40740.96
00000000-0000-0000-0000-000000000003,7227b311-834f-4815-aa86-c5d464758be1,2023,4,IT & Software,34723.79,1,34723.79,30162.6,46649.42333333333
00000000-0000-0000-0000-000000000003,9b1ac5ce-ad4f-40d1-8b7c-0005176b143d,2023,4,IT & Software,29051.34,1,29051.34,34723.79,35884.469999999994
00000000-0000-0000-0000-000000000003,9b1ac5ce-ad4f-40d1-8b7c-0005176b143d,2023,5,IT & Software,13857.56,1,13857.56,29051.34,31312.57666666666
00000000-0000-0000-0000-000000000003,7227b311-834f-4815-aa86-c5d464758be1,2023,6,IT & Software,31299.83,2,15649.915,13857.56,25877.563333333328
00000000-0000-0000-0000-000000000003,9b1ac5ce-ad4f-40d1-8b7c-0005176b143d,2023,6,IT & Software,27254.97,2,13627.485,31299.83,24736.24333333333
00000000-0000-0000-0000-000000000003,7227b311-834f-4815-aa86-c5d464758be1,2023,7,IT & Software,43137.83,1,43137.83,27254.97,24137.453333333327
00000000-0000-0000-0000-000000000003,9b1ac5ce-ad4f-40d1-8b7c-0005176b143d,2023,7,IT & Software,50770.68,2,25385.34,43137.83,33897.54333333333
00000000-0000-0000-0000-000000000003,470852ed-b70b-4f24-879a-6edb4193d8b6,2023,8,IT & Software,6167.15,1,6167.15,50770.68,40387.82666666666
00000000-0000-0000-0000-000000000003,470852ed-b70b-4f24-879a-6edb4193d8b6,2023,9,IT & Software,46590.19,1,46590.19,6167.15,33358.55333333333
00000000-0000-0000-0000-000000000003,7227b311-834f-4815-aa86-c5d464758be1,2023,9,IT & Software,43759.93,1,43759.93,46590.19,34509.34
00000000-0000-0000-0000-000000000003,9b1ac5ce-ad4f-40d1-8b7c-0005176b143d,2023,9,IT & Software,48964.67,1,48964.67,43759.93,32172.42333333333
00000000-0000-0000-0000-000000000003,7227b311-834f-4815-aa86-c5d464758be1,2023,10,IT & Software,31112.78,2,15556.39,48964.67,46438.26333333333
00000000-0000-0000-0000-000000000003,470852ed-b70b-4f24-879a-6edb4193d8b6,2023,11,IT & Software,48232.45,1,48232.45,31112.78,41279.12666666666
00000000-0000-0000-0000-000000000003,7227b311-834f-4815-aa86-c5d464758be1,2023,11,IT & Software,78649.01999999999,2,39324.509999999995,48232.45,42769.96666666666
00000000-0000-0000-0000-000000000003,470852ed-b70b-4f24-879a-6edb4193d8b6,2023,12,IT & Software,38598.479999999996,2,19299.239999999998,78649.01999999999,52664.74999999999
00000000-0000-0000-0000-000000000003,9b1ac5ce-ad4f-40d1-8b7c-0005176b143d,2023,12,IT & Software,39163.84,1,39163.84,38598.479999999996,55159.983333333315
00000000-0000-0000-0000-000000000003,470852ed-b70b-4f24-879a-6edb4193d8b6,2024,1,IT & Software,65673.63,2,32836.815,39163.84,52137.11333333332
00000000-0000-0000-0000-000000000003,7227b311-834f-4815-aa86-c5d464758be1,2024,1,IT & Software,37254.42,2,18627.21,65673.63,47811.98333333333
00000000-0000-0000-0000-000000000003,9b1ac5ce-ad4f-40d1-8b7c-0005176b143d,2024,1,IT & Software,7264.08,1,7264.08,37254.42,47363.963333333326
00000000-0000-0000-0000-000000000003,470852ed-b70b-4f24-879a-6edb4193d8b6,2024,2,IT & Software,49212.24,2,24606.12,7264.08,36730.71
00000000-0000-0000-0000-000000000003,7227b311-834f-4815-aa86-c5d464758be1,2024,2,IT & Software,78962.33,3,26320.77666666667,49212.24,31243.579999999998
00000000-0000-0000-0000-000000000003,9b1ac5ce-ad4f-40d1-8b7c-0005176b143d,2024,2,IT & Software,19059.88,1,19059.88,78962.33,45146.21666666665
00000000-0000-0000-0000-000000000003,470852ed-b70b-4f24-879a-6edb4193d8b6,2024,3,IT & Software,16049.88,2,8024.94,19059.88,49078.149999999994
00000000-0000-0000-0000-000000000003,7227b311-834f-4815-aa86-c5d464758be1,2024,3,IT & Software,25538.199999999997,2,12769.099999999999,16049.88,38024.02999999999
00000000-0000-0000-0000-000000000003,9b1ac5ce-ad4f-40d1-8b7c-0005176b143d,2024,3,IT & Software,47531.95,1,47531.95,25538.199999999997,20215.986666666657
00000000-0000-0000-0000-000000000003,7227b311-834f-4815-aa86-c5d464758be1,2024,4,IT & Software,61973.369999999995,2,30986.684999999998,47531.95,29706.676666666655
00000000-0000-0000-0000-000000000003,9b1ac5ce-ad4f-40d1-8b7c-0005176b143d,2024,4,IT & Software,44951.63,1,44951.63,61973.369999999995,45014.50666666665
00000000-0000-0000-0000-000000000003,9b1ac5ce-ad4f-40d1-8b7c-0005176b143d,2024,5,IT & Software,56661.020000000004,2,28330.510000000002,44951.63,51485.64999999999
00000000-0000-0000-0000-000000000003,470852ed-b70b-4f24-879a-6edb4193d8b6,2024,6,IT & Software,23718.22,1,23718.22,56661.020000000004,54528.67333333332
00000000-0000-0000-0000-000000000003,9b1ac5ce-ad4f-40d1-8b7c-0005176b143d,2024,6,IT & Software,90664.1,3,30221.36666666667,23718.22,41776.95666666666
00000000-0000-0000-0000-000000000003,470852ed-b70b-4f24-879a-6edb4193d8b6,2024,7,IT & Software,34155.75,1,34155.75,90664.1,57014.446666666656
00000000-0000-0000-0000-000000000003,7227b311-834f-4815-aa86-c5d464758be1,2024,7,IT & Software,32481.85,1,32481.85,34155.75,49512.689999999995
00000000-0000-0000-0000-000000000003,9b1ac5ce-ad4f-40d1-8b7c-0005176b143d,2024,7,IT & Software,44818.77,1,44818.77,32481.85,52433.899999999994
00000000-0000-0000-0000-000000000003,470852ed-b70b-4f24-879a-6edb4193d8b6,2024,8,IT & Software,23600.05,1,23600.05,44818.77,37152.12333333332
00000000-0000-0000-0000-000000000003,7227b311-834f-4815-aa86-c5d464758be1,2024,8,IT & Software,21656.47,1,21656.47,23600.05,33633.55666666666
00000000-0000-0000-0000-000000000003,9b1ac5ce-ad4f-40d1-8b7c-0005176b143d,2024,8,IT & Software,46888.57,1,46888.57,21656.47,30025.09666666666
00000000-0000-0000-0000-000000000003,470852ed-b70b-4f24-879a-6edb4193d8b6,2024,9,IT & Software,8987.67,1,8987.67,46888.57,30715.029999999988
00000000-0000-0000-0000-000000000003,7227b311-834f-4815-aa86-c5d464758be1,2024,9,IT & Software,33930.630000000005,2,16965.315000000002,8987.67,25844.236666666653
00000000-0000-0000-0000-000000000003,9b1ac5ce-ad4f-40d1-8b7c-0005176b143d,2024,9,IT & Software,69689.8,3,23229.933333333334,33930.630000000005,29935.623333333322
00000000-0000-0000-0000-000000000003,470852ed-b70b-4f24-879a-6edb4193d8b6,2024,10,IT & Software,39251.619999999995,2,19625.809999999998,69689.8,37536.033333333326
00000000-0000-0000-0000-000000000003,7227b311-834f-4815-aa86-c5d464758be1,2024,10,IT & Software,7034.44,1,7034.44,39251.619999999995,47624.01666666666
00000000-0000-0000-0000-000000000003,9b1ac5ce-ad4f-40d1-8b7c-0005176b143d,2024,11,IT & Software,54969.84,2,27484.92,7034.44,38658.61999999999
00000000-0000-0000-0000-000000000003,7227b311-834f-4815-aa86-c5d464758be1,2024,12,IT & Software,91721.09,3,30573.696666666667,54969.84,33751.96666666665
00000000-0000-0000-0000-000000000003,470852ed-b70b-4f24-879a-6edb4193d8b6,2022,1,Insurance,45568.3,1,45568.3,,
00000000-0000-0000-0000-000000000003,7227b311-834f-4815-aa86-c5d464758be1,2022,1,Insurance,68494.25,3,22831.416666666668,45568.3,45568.3
00000000-0000-0000-0000-000000000003,9b1ac5ce-ad4f-40d1-8b7c-0005176b143d,2022,1,Insurance,28133.32,1,28133.32,68494.25,57031.275
00000000-0000-0000-0000-000000000003,7227b311-834f-4815-aa86-c5d464758be1,2022,2,Insurance,69738.37,2,34869.185,28133.32,47398.62333333333
00000000-0000-0000-0000-000000000003,470852ed-b70b-4f24-879a-6edb4193d8b6,2022,3,Insurance,12533.93,1,12533.93,69738.37,55455.31333333333
00000000-0000-0000-0000-000000000003,7227b311-834f-4815-aa86-c5d464758be1,2022,3,Insurance,47986.78,2,23993.39,12533.93,36801.87333333333
00000000-0000-0000-0000-000000000003,9b1ac5ce-ad4f-40d1-8b7c-0005176b143d,2022,3,Insurance,31828.08,1,31828.08,47986.78,43419.69333333333
00000000-0000-0000-0000-000000000003,470852ed-b70b-4f24-879a-6edb4193d8b6,2022,4,Insurance,34360.47,1,34360.47,31828.08,30782.929999999993
00000000-0000-0000-0000-000000000003,9b1ac5ce-ad4f-40d1-8b7c-0005176b143d,2022,4,Insurance,60403.509999999995,2,30201.754999999997,34360.47,38058.44333333333
00000000-0000-0000-0000-000000000003,470852ed-b70b-4f24-879a-6edb4193d8b6,2022,5,Insurance,37466.36,2,18733.18,60403.509999999995,42197.35333333333
00000000-0000-0000-0000-000000000003,7227b311-834f-4815-aa86-c5d464758be1,2022,5,Insurance,12902.34,1,12902.34,37466.36,44076.77999999999
00000000-0000-0000-0000-000000000003,9b1ac5ce-ad4f-40d1-8b7c-0005176b143d,2022,5,Insurance,20300.93,1,20300.93,12902.34,36924.06999999999
00000000-0000-0000-0000-000000000003,9b1ac5ce-ad4f-40d1-8b7c-0005176b143d,2022,6,Insurance,34541.17,2,17270.585,20300.93,23556.54333333333
00000000-0000-0000-0000-000000000003,470852ed-b70b-4f24-879a-6edb4193d8b6,2022,7,Insurance,29570.42,1,29570.42,34541.17,22581.479999999996
00000000-0000-0000-0000-000000000003,9b1ac5ce-ad4f-40d1-8b7c-0005176b143d,2022,7,Insurance,33370.02,1,33370.02,29570.42,28137.506666666664
00000000-0000-0000-0000-000000000003,470852ed-b70b-4f24-879a-6edb4193d8b6,2022,9,Insurance,29597.89,1,29597.89,33370.02,32493.869999999995
00000000-0000-0000-0000-000000000003,9b1ac5ce-ad4f-40d1-8b7c-0005176b143d,2022,10,Insurance,75460.18,3,25153.39333333333,29597.89,30846.109999999997
00000000-0000-0000-0000-000000000003,7227b311-834f-4815-aa86-c5d464758be1,2022,11,Insurance,35016.01,1,35016.01,75460.18,46142.696666666656
00000000-0000-0000-0000-000000000003,9b1ac5ce-ad4f-40d1-8b7c-0005176b143d,2022,11,Insurance,31643.93,1,31643.93,35016.01,46691.35999999999
00000000-0000-0000-0000-000000000003,470852ed-b70b-4f24-879a-6edb4193d8b6,2022,12,Insurance,13158.11,1,13158.11,31643.93,47373.37333333333
00000000-0000-0000-0000-000000000003,7227b311-834f-4815-aa86-c5d464758be1,2022,12,Insurance,31454.72,1,31454.72,13158.11,26606.016666666663
00000000-0000-0000-0000-000000000003,9b1ac5ce-ad4f-40d1-8b7c-0005176b143d,2022,12,Insurance,22205.69,1,22205.69,31454.72,25418.919999999995
00000000-0000-0000-0000-000000000003,470852ed-b70b-4f24-879a-6edb4193d8b6,2023,1,Insurance,4931.16,1,4931.16,22205.69,22272.839999999997
00000000-0000-0000-0000-000000000003,7227b311-834f-4815-aa86-c5d464758be1,2023,1,Insurance,20513.96,1,20513.96,4931.16,19530.523333333327
00000000-0000-0000-0000-000000000003,9b1ac5ce-ad4f-40d1-8b7c-0005176b143d,2023,1,Insurance,115628.84,4,28907.21,20513.96,15883.603333333327
00000000-0000-0000-0000-000000000003,9b1ac5ce-ad4f-40d1-8b7c-0005176b143d,2023,3,Insurance,39017.04,1,39017.04,115628.84,47024.65333333333
00000000-0000-0000-0000-000000000003,470852ed-b70b-4f24-879a-6edb4193d8b6,2023,4,Insurance,52063.619999999995,2,26031.809999999998,39017.04,58386.61333333332
00000000-0000-0000-0000-000000000003,7227b311-834f-4815-aa86-c5d464758be1,2023,4,Insurance,74614.37,2,37307.185,52063.619999999995,68903.16666666666
00000000-0000-0000-0000-000000000003,9b1ac5ce-ad4f-40d1-8b7c-0005176b143d,2023,4,Insurance,49599.72,1,49599.72,74614.37,55231.67666666666
00000000-0000-0000-0000-000000000003,470852ed-b70b-4f24-879a-6edb4193d8b6,2023,5,Insurance,23871.07,1,23871.07,49599.72,58759.23666666666
00000000-0000-0000-0000-000000000003,9b1ac5ce-ad4f-40d1-8b7c-0005176b143d,2023,5,Insurance,40758.2,1,40758.2,23871.07,49361.719999999994
00000000-0000-0000-0000-000000000003,7227b311-834f-4815-aa86-c5d464758be1,2023,6,Insurance,612.05,1,612.05,40758.2,38076.32999999999
00000000-0000-0000-0000-000000000003,470852ed-b70b-4f24-879a-6edb4193d8b6,2023,7,Insurance,115508.88,3,38502.96,612.05,21747.106666666656
00000000-0000-0000-0000-000000000003,7227b311-834f-4815-aa86-c5d464758be1,2023,7,Insurance,30693.84,1,30693.84,115508.88,52293.04333333333
00000000-0000-0000-0000-000000000003,9b1ac5ce-ad4f-40d1-8b7c-0005176b143d,2023,7,Insurance,15583.15,1,15583.15,30693.84,48938.25666666666
00000000-0000-0000-0000-000000000003,470852ed-b70b-4f24-879a-6edb4193d8b6,2023,8,Insurance,81038.35,2,40519.175,15583.15,53928.62333333333
00000000-0000-0000-0000-000000000003,9b1ac5ce-ad4f-40d1-8b7c-0005176b143d,2023,8,Insurance,7779.58,2,3889.79,81038.35,42438.44666666666
00000000-0000-0000-0000-000000000003,9b1ac5ce-ad4f-40d1-8b7c-0005176b143d,2023,9,Insurance,9533.91,1,9533.91,7779.58,34800.35999999999
00000000-0000-0000-0000-000000000003,7227b311-834f-4815-aa86-c5d464758be1,2023,10,Insurance,88039.12,2,44019.56,9533.91,32783.94666666666
00000000-0000-0000-0000-000000000003,9b1ac5ce-ad4f-40d1-8b7c-0005176b143d,2023,10,Insurance,11422.59,1,11422.59,88039.12,35117.53666666666
00000000-0000-0000-0000-000000000003,9b1ac5ce-ad4f-40d1-8b7c-0005176b143d,2023,11,Insurance,35893.88,1,35893.88,11422.59,36331.87333333332
00000000-0000-0000-0000-000000000003,470852ed-b70b-4f24-879a-6edb4193d8b6,2023,12,Insurance,8212.02,1,8212.02,35893.88,45118.52999999999
00000000-0000-0000-0000-000000000003,7227b311-834f-4815-aa86-c5d464758be1,2023,12,Insurance,74020.70999999999,2,37010.354999999996,8212.02,18509.49666666666
00000000-0000-0000-0000-000000000003,9b1ac5ce-ad4f-40d1-8b7c-0005176b143d,2023,12,Insurance,49504.1,2,24752.05,74020.70999999999,39375.53666666666
00000000-0000-0000-0000-000000000003,470852ed-b70b-4f24-879a-6edb4193d8b6,2024,1,Insurance,120028.54000000001,4,30007.135000000002,49504.1,43912.27666666665
00000000-0000-0000-0000-000000000003,470852ed-b70b-4f24-879a-6edb4193d8b6,2024,2,Insurance,118169.72,3,39389.90666666667,120028.54000000001,81184.45
00000000-0000-0000-0000-000000000003,7227b311-834f-4815-aa86-c5d464758be1,2024,2,Insurance,43242.17,1,43242.17,118169.72,95900.78666666667
00000000-0000-0000-0000-000000000003,9b1ac5ce-ad4f-40d1-8b7c-0005176b143d,2024,2,Insurance,7433.11,1,7433.11,43242.17,93813.47666666664
00000000-0000-0000-0000-000000000003,470852ed-b70b-4f24-879a-6edb4193d8b6,2024,3,Insurance,15925.63,1,15925.63,7433.11,56281.66666666665
00000000-0000-0000-0000-000000000003,7227b311-834f-4815-aa86-c5d464758be1,2024,4,Insurance,38880.91,1,38880.91,15925.63,22200.303333333315
00000000-0000-0000-0000-000000000003,9b1ac5ce-ad4f-40d1-8b7c-0005176b143d,2024,5,Insurance,84530.58,2,42265.29,38880.91,20746.549999999985
00000000-0000-0000-0000-000000000003,9b1ac5ce-ad4f-40d1-8b7c-0005176b143d,2024,7,Insurance,23103.51,1,23103.51,84530.58,46445.70666666666
00000000-0000-0000-0000-000000000003,470852ed-b70b-4f24-879a-6edb4193d8b6,2024,8,Insurance,65578.22,3,21859.406666666666,23103.51,48838.333333333314
00000000-0000-0000-0000-000000000003,9b1ac5ce-ad4f-40d1-8b7c-0005176b143d,2024,8,Insurance,66261.88,2,33130.94,65578.22,57737.43666666665
00000000-0000-0000-0000-000000000003,470852ed-b70b-4f24-879a-6edb4193d8b6,2024,9,Insurance,29750.26,1,29750.26,66261.88,51647.86999999999
00000000-0000-0000-0000-000000000003,7227b311-834f-4815-aa86-c5d464758be1,2024,9,Insurance,74458.94,4,18614.735,29750.26,53863.45333333332
00000000-0000-0000-0000-000000000003,9b1ac5ce-ad4f-40d1-8b7c-0005176b143d,2024,9,Insurance,18500.71,1,18500.71,74458.94,56823.69333333332
00000000-0000-0000-0000-000000000003,470852ed-b70b-4f24-879a-6edb4193d8b6,2024,10,Insurance,44626.979999999996,2,22313.489999999998,18500.71,40903.303333333315
00000000-0000-0000-0000-000000000003,9b1ac5ce-ad4f-40d1-8b7c-0005176b143d,2024,11,Insurance,82148.76999999999,3,27382.92333333333,44626.979999999996,45862.209999999985
00000000-0000-0000-0000-000000000003,470852ed-b70b-4f24-879a-6edb4193d8b6,2024,12,Insurance,56642.04,2,28321.02,82148.76999999999,48425.48666666664
00000000-0000-0000-0000-000000000003,9b1ac5ce-ad4f-40d1-8b7c-0005176b143d,2024,12,Insurance,49793.03,1,49793.03,56642.04,61139.263333333314
00000000-0000-0000-0000-000000000003,470852ed-b70b-4f24-879a-6edb4193d8b6,2022,1,Logistics,5506.71,1,5506.71,,
00000000-0000-0000-0000-000000000003,7227b311-834f-4815-aa86-c5d464758be1,2022,1,Logistics,3012.36,1,3012.36,5506.71,5506.71
00000000-0000-0000-0000-000000000003,9b1ac5ce-ad4f-40d1-8b7c-0005176b143d,2022,1,Logistics,44395.02,1,44395.02,3012.36,4259.535
00000000-0000-0000-0000-000000000003,470852ed-b70b-4f24-879a-6edb4193d8b6,2022,2,Logistics,46791.58,2,23395.79,44395.02,17638.03
00000000-0000-0000-0000-000000000003,7227b311-834f-4815-aa86-c5d464758be1,2022,2,Logistics,45507.64,1,45507.64,46791.58,31399.653333333332
00000000-0000-0000-0000-000000000003,9b1ac5ce-ad4f-40d1-8b7c-0005176b143d,2022,2,Logistics,28135.92,1,28135.92,45507.64,45564.746666666666
00000000-0000-0000-0000-000000000003,470852ed-b70b-4f24-879a-6edb4193d8b6,2022,4,Logistics,75388.64,3,25129.546666666665,28135.92,40145.04666666667
00000000-0000-0000-0000-000000000003,9b1ac5ce-ad4f-40d1-8b7c-0005176b143d,2022,4,Logistics,70868.43,2,35434.215,75388.64,49677.399999999994
00000000-0000-0000-0000-000000000003,470852ed-b70b-4f24-879a-6edb4193d8b6,2022,5,Logistics,33085.74,1,33085.74,70868.43,58130.996666666666
00000000-0000-0000-0000-000000000003,470852ed-b70b-4f24-879a-6edb4193d8b6,2022,6,Logistics,18534.88,1,18534.88,33085.74,59780.936666666654
00000000-0000-0000-0000-000000000003,7227b311-834f-4815-aa86-c5d464758be1,2022,6,Logistics,107423.48,3,35807.82666666667,18534.88,40829.68333333333
00000000-0000-0000-0000-000000000003,9b1ac5ce-ad4f-40d1-8b7c-0005176b143d,2022,6,Logistics,50336.75,2,25168.375,107423.48,53014.69999999999
00000000-0000-0000-0000-000000000003,7227b311-834f-4815-aa86-c5d464758be1,2022,7,Logistics,54806.3,3,18268.766666666666,50336.75,58765.03666666666
00000000-0000-0000-0000-000000000003,9b1ac5ce-ad4f-40d1-8b7c-0005176b143d,2022,7,Logistics,25459.52,1,25459.52,54806.3,70855.51
00000000-0000-0000-0000-000000000003,9b1ac5ce-ad4f-40d1-8b7c-0005176b143d,2022,8,Logistics,96261.73000000001,2,48130.865000000005,25459.52,43534.19
00000000-0000-0000-0000-000000000003,9b1ac5ce-ad4f-40d1-8b7c-0005176b143d,2022,9,Logistics,71503.43,2,35751.715,96261.73000000001,58842.51666666667
00000000-0000-0000-0000-000000000003,7227b311-834f-4815-aa86-c5d464758be1,2022,11,Logistics,60132.840000000004,2,30066.420000000002,71503.43,64408.22666666666
00000000-0000-0000-0000-000000000003,470852ed-b70b-4f24-879a-6edb4193d8b6,2022,12,Logistics,6011.48,1,6011.48,60132.840000000004,75966.00000000001
00000000-0000-0000-0000-000000000003,7227b311-834f-4815-aa86-c5d464758be1,2022,12,Logistics,77286.43,3,25762.14333333333,6011.48,45882.583333333336
00000000-0000-0000-0000-000000000003,9b1ac5ce-ad4f-40d1-8b7c-0005176b143d,2022,12,Logistics,94035.66,2,47017.83,77286.43,47810.25
00000000-0000-0000-0000-000000000003,470852ed-b70b-4f24-879a-6edb4193d8b6,2023,1,Logistics,18900.38,1,18900.38,94035.66,59111.19
00000000-0000-0000-0000-000000000003,7227b311-834f-4815-aa86-c5d464758be1,2023,1,Logistics,27494.85,1,27494.85,18900.38,63407.49
00000000-0000-0000-0000-000000000003,9b1ac5ce-ad4f-40d1-8b7c-0005176b143d,2023,1,Logistics,2360.3,1,2360.3,27494.85,46810.29666666667
00000000-0000-0000-0000-000000000003,7227b311-834f-4815-aa86-c5d464758be1,2023,2,Logistics,24145.01,1,24145.01,2360.3,16251.843333333332
00000000-0000-0000-0000-000000000003,9b1ac5ce-ad4f-40d1-8b7c-0005176b143d,2023,2,Logistics,50914.57,2,25457.285,24145.01,18000.053333333333
00000000-0000-0000-0000-000000000003,470852ed-b70b-4f24-879a-6edb4193d8b6,2023,3,Logistics,54083.0,2,27041.5,50914.57,25806.626666666667
00000000-0000-0000-0000-000000000003,7227b311-834f-4815-aa86-c5d464758be1,2023,3,Logistics,62742.47,2,31371.235,54083.0,43047.526666666665
00000000-0000-0000-0000-000000000003,9b1ac5ce-ad4f-40d1-8b7c-0005176b143d,2023,3,Logistics,20408.78,3,6802.926666666666,62742.47,55913.34666666667
00000000-0000-0000-0000-000000000003,9b1ac5ce-ad4f-40d1-8b7c-0005176b143d,2023,5,Logistics,44710.0,2,22355.0,20408.78,45744.75
00000000-0000-0000-0000-000000000003,470852ed-b70b-4f24-879a-6edb4193d8b6,2023,6,Logistics,17928.57,1,17928.57,44710.0,42620.416666666664
00000000-0000-0000-0000-000000000003,470852ed-b70b-4f24-879a-6edb4193d8b6,2023,7,Logistics,11180.05,1,11180.05,17928.57,27682.45
00000000-0000-0000-0000-000000000003,7227b311-834f-4815-aa86-c5d464758be1,2023,7,Logistics,7532.0,1,7532.0,11180.05,24606.206666666665
00000000-0000-0000-0000-000000000003,470852ed-b70b-4f24-879a-6edb4193d8b6,2023,9,Logistics,21052.129999999997,2,10526.064999999999,7532.0,12213.539999999999
00000000-0000-0000-0000-000000000003,7227b311-834f-4815-aa86-c5d464758be1,2023,10,Logistics,100063.94,3,33354.64666666667,21052.129999999997,13254.726666666664
00000000-0000-0000-0000-000000000003,7227b311-834f-4815-aa86-c5d464758be1,2023,11,Logistics,3617.2,1,3617.2,100063.94,42882.689999999995
00000000-0000-0000-0000-000000000003,7227b311-834f-4815-aa86-c5d464758be1,2023,12,Logistics,4635.14,1,4635.14,3617.2,41577.75666666666
00000000-0000-0000-0000-000000000003,470852ed-b70b-4f24-879a-6edb4193d8b6,2024,1,Logistics,15178.66,1,15178.66,4635.14,36105.42666666666
00000000-0000-0000-0000-000000000003,7227b311-834f-4815-aa86-c5d464758be1,2024,1,Logistics,13709.25,1,13709.25,15178.66,7810.3333333333285
00000000-0000-0000-0000-000000000003,470852ed-b70b-4f24-879a-6edb4193d8b6,2024,2,Logistics,17521.25,1,17521.25,13709.25,11174.349999999997
00000000-0000-0000-0000-000000000003,7227b311-834f-4815-aa86-c5d464758be1,2024,3,Logistics,36334.9,1,36334.9,17521.25,15469.719999999996
00000000-0000-0000-0000-000000000003,7227b311-834f-4815-aa86-c5d464758be1,2024,4,Logistics,81573.95999999999,3,27191.319999999996,36334.9,22521.799999999992
00000000-0000-0000-0000-000000000003,470852ed-b70b-4f24-879a-6edb4193d8b6,2024,5,Logistics,16574.42,1,16574.42,81573.95999999999,45143.369999999995
00000000-0000-0000-0000-000000000003,7227b311-834f-4815-aa86-c5d464758be1,2024,5,Logistics,14813.36,1,14813.36,16574.42,44827.75999999999
00000000-0000-0000-0000-000000000003,7227b311-834f-4815-aa86-c5d464758be1,2024,6,Logistics,2673.39,1,2673.39,14813.36,37653.91333333332
00000000-0000-0000-0000-000000000003,9b1ac5ce-ad4f-40d1-8b7c-0005176b143d,2024,6,Logistics,102865.4,3,34288.46666666667,2673.39,11353.723333333328
00000000-0000-0000-0000-000000000003,7227b311-834f-4815-aa86-c5d464758be1,2024,7,Logistics,50610.75,2,25305.375,102865.4,40117.383333333324
00000000-0000-0000-0000-000000000003,7227b311-834f-4815-aa86-c5d464758be1,2024,8,Logistics,43988.26,2,21994.13,50610.75,52049.84666666666
00000000-0000-0000-0000-000000000003,9b1ac5ce-ad4f-40d1-8b7c-0005176b143d,2024,8,Logistics,37994.28,1,37994.28,43988.26,65821.46999999999
00000000-0000-0000-0000-000000000003,7227b311-834f-4815-aa86-c5d464758be1,2024,9,Logistics,59475.4,2,29737.7,37994.28,44197.76333333333
00000000-0000-0000-0000-000000000003,9b1ac5ce-ad4f-40d1-8b7c-0005176b143d,2024,9,Logistics,37996.42,1,37996.42,59475.4,47152.64666666667
00000000-0000-0000-0000-000000000003,470852ed-b70b-4f24-879a-6edb4193d8b6,2024,10,Logistics,14207.29,1,14207.29,37996.42,45155.36666666666
00000000-0000-0000-0000-000000000003,7227b311-834f-4815-aa86-c5d464758be1,2024,10,Logistics,42222.21,1,42222.21,14207.29,37226.369999999995
00000000-0000-0000-0000-000000000003,470852ed-b70b-4f24-879a-6edb4193d8b6,2024,11,Logistics,8067.41,1,8067.41,42222.21,31475.30666666666
00000000-0000-0000-0000-000000000003,7227b311-834f-4815-aa86-c5d464758be1,2024,11,Logistics,44262.18,1,44262.18,8067.41,21498.969999999998
00000000-0000-0000-0000-000000000003,9b1ac5ce-ad4f-40d1-8b7c-0005176b143d,2022,1,Maintenance,20439.76,1,20439.76,,
00000000-0000-0000-0000-000000000003,7227b311-834f-4815-aa86-c5d464758be1,2022,2,Maintenance,31420.11,2,15710.055,20439.76,20439.76
00000000-0000-0000-0000-000000000003,7227b311-834f-4815-aa86-c5d464758be1,2022,3,Maintenance,44208.2,2,22104.1,31420.11,25929.934999999998
00000000-0000-0000-0000-000000000003,7227b311-834f-4815-aa86-c5d464758be1,2022,4,Maintenance,75983.33,2,37991.665,44208.2,32022.69
00000000-0000-0000-0000-000000000003,470852ed-b70b-4f24-879a-6edb4193d8b6,2022,5,Maintenance,32728.95,1,32728.95,75983.33,50537.21333333334
00000000-0000-0000-0000-000000000003,470852ed-b70b-4f24-879a-6edb4193d8b6,2022,6,Maintenance,36708.99,1,36708.99,32728.95,50973.49333333334
00000000-0000-0000-0000-000000000003,9b1ac5ce-ad4f-40d1-8b7c-0005176b143d,2022,6,Maintenance,28562.18,1,28562.18,36708.99,48473.756666666675
00000000-0000-0000-0000-000000000003,470852ed-b70b-4f24-879a-6edb4193d8b6,2022,8,Maintenance,34837.19,1,34837.19,28562.18,32666.706666666665
00000000-0000-0000-0000-000000000003,7227b311-834f-4815-aa86-c5d464758be1,2022,8,Maintenance,5646.74,1,5646.74,34837.19,33369.45333333334
00000000-0000-0000-0000-000000000003,9b1ac5ce-ad4f-40d1-8b7c-0005176b143d,2022,8,Maintenance,46887.47,2,23443.735,5646.74,23015.37
00000000-0000-0000-0000-000000000003,9b1ac5ce-ad4f-40d1-8b7c-0005176b143d,2022,9,Maintenance,45188.7,1,45188.7,46887.47,29123.8
00000000-0000-0000-0000-000000000003,7227b311-834f-4815-aa86-c5d464758be1,2022,10,Maintenance,14147.44,1,14147.44,45188.7,32574.303333333333
00000000-0000-0000-0000-000000000003,470852ed-b70b-4f24-879a-6edb4193d8b6,2022,11,Maintenance,9013.39,1,9013.39,14147.44,35407.869999999995
00000000-0000-0000-0000-000000000003,9b1ac5ce-ad4f-40d1-8b7c-0005176b143d,2022,11,Maintenance,1032.07,1,1032.07,9013.39,22783.176666666666
00000000-0000-0000-0000-000000000003,470852ed-b70b-4f24-879a-6edb4193d8b6,2022,12,Maintenance,18106.08,2,9053.04,1032.07,8064.3
00000000-0000-0000-0000-000000000003,7227b311-834f-4815-aa86-c5d464758be1,2022,12,Maintenance,54030.67,2,27015.335,18106.08,9383.846666666666
00000000-0000-0000-0000-000000000003,470852ed-b70b-4f24-879a-6edb4193d8b6,2023,1,Maintenance,25855.09,1,25855.09,54030.67,24389.60666666667
00000000-0000-0000-0000-000000000003,7227b311-834f-4815-aa86-c5d464758be1,2023,1,Maintenance,24986.18,1,24986.18,25855.09,32663.946666666667
00000000-0000-0000-0000-000000000003,9b1ac5ce-ad4f-40d1-8b7c-0005176b143d,2023,1,Maintenance,33867.44,1,33867.44,24986.18,34957.31333333333
00000000-0000-0000-0000-000000000003,7227b311-834f-4815-aa86-c5d464758be1,2023,2,Maintenance,38687.880000000005,2,19343.940000000002,33867.44,28236.236666666664
00000000-0000-0000-0000-000000000003,9b1ac5ce-ad4f-40d1-8b7c-0005176b143d,2023,2,Maintenance,85678.25,3,28559.416666666668,38687.880000000005,32513.833333333332
00000000-0000-0000-0000-000000000003,7227b311-834f-4815-aa86-c5d464758be1,2023,3,Maintenance,1363.93,1,1363.93,85678.25,52744.52333333334
00000000-0000-0000-0000-000000000003,470852ed-b70b-4f24-879a-6edb4193d8b6,2023,4,Maintenance,46795.85,1,46795.85,1363.93,41910.02
00000000-0000-0000-0000-000000000003,7227b311-834f-4815-aa86-c5d464758be1,2023,4,Maintenance,15990.58,1,15990.58,46795.85,44612.67666666666
00000000-0000-0000-0000-000000000003,470852ed-b70b-4f24-879a-6edb4193d8b6,2023,5,Maintenance,84435.17000000001,3,28145.05666666667,15990.58,21383.453333333327
00000000-0000-0000-0000-000000000003,9b1ac5ce-ad4f-40d1-8b7c-0005176b143d,2023,5,Maintenance,40639.06,2,20319.53,84435.17000000001,49073.86666666667
00000000-0000-0000-0000-000000000003,7227b311-834f-4815-aa86-c5d464758be1,2023,7,Maintenance,93785.2,3,31261.733333333334,40639.06,47021.60333333333
00000000-0000-0000-0000-000000000003,9b1ac5ce-ad4f-40d1-8b7c-0005176b143d,2023,7,Maintenance,33430.01,1,33430.01,93785.2,72953.14333333333
00000000-0000-0000-0000-000000000003,470852ed-b70b-4f24-879a-6edb4193d8b6,2023,8,Maintenance,40511.06,2,20255.53,33430.01,55951.42333333333
00000000-0000-0000-0000-000000000003,7227b311-834f-4815-aa86-c5d464758be1,2023,8,Maintenance,57941.490000000005,2,28970.745000000003,40511.06,55908.75666666666
00000000-0000-0000-0000-000000000003,470852ed-b70b-4f24-879a-6edb4193d8b6,2023,9,Maintenance,7212.34,1,7212.34,57941.490000000005,43960.85333333333
00000000-0000-0000-0000-000000000003,9b1ac5ce-ad4f-40d1-8b7c-0005176b143d,2023,9,Maintenance,34763.0,1,34763.0,7212.34,35221.63
00000000-0000-0000-0000-000000000003,470852ed-b70b-4f24-879a-6edb4193d8b6,2023,10,Maintenance,27074.38,1,27074.38,34763.0,33305.61000000001
00000000-0000-0000-0000-000000000003,7227b311-834f-4815-aa86-c5d464758be1,2023,11,Maintenance,69718.54,3,23239.513333333332,27074.38,23016.573333333334
00000000-0000-0000-0000-000000000003,470852ed-b70b-4f24-879a-6edb4193d8b6,2023,12,Maintenance,705.67,1,705.67,69718.54,43851.97333333333
00000000-0000-0000-0000-000000000003,9b1ac5ce-ad4f-40d1-8b7c-0005176b143d,2023,12,Maintenance,1216.44,1,1216.44,705.67,32499.53
00000000-0000-0000-0000-000000000003,9b1ac5ce-ad4f-40d1-8b7c-0005176b143d,2024,1,Maintenance,110944.42,3,36981.473333333335,1216.44,23880.216666666664
00000000-0000-0000-0000-000000000003,470852ed-b70b-4f24-879a-6edb4193d8b6,2024,2,Maintenance,57059.24,2,28529.62,110944.42,37622.176666666666
00000000-0000-0000-0000-000000000003,7227b311-834f-4815-aa86-c5d464758be1,2024,2,Maintenance,5189.72,1,5189.72,57059.24,56406.700000000004
00000000-0000-0000-0000-000000000003,9b1ac5ce-ad4f-40d1-8b7c-0005176b143d,2024,2,Maintenance,6152.79,1,6152.79,5189.72,57731.12666666667
00000000-0000-0000-0000-000000000003,7227b311-834f-4815-aa86-c5d464758be1,2024,3,Maintenance,13790.31,1,13790.31,6152.79,22800.583333333332
00000000-0000-0000-0000-000000000003,7227b311-834f-4815-aa86-c5d464758be1,2024,4,Maintenance,6800.46,1,6800.46,13790.31,8377.606666666667
00000000-0000-0000-0000-000000000003,7227b311-834f-4815-aa86-c5d464758be1,2024,5,Maintenance,48309.06,2,24154.53,6800.46,8914.519999999999
00000000-0000-0000-0000-000000000003,9b1ac5ce-ad4f-40d1-8b7c-0005176b143d,2024,5,Maintenance,18864.7,1,18864.7,48309.06,22966.609999999997
00000000-0000-0000-0000-000000000003,7227b311-834f-4815-aa86-c5d464758be1,2024,6,Maintenance,30103.56,1,30103.56,18864.7,24658.073333333334
00000000-0000-0000-0000-000000000003,470852ed-b70b-4f24-879a-6edb4193d8b6,2024,7,Maintenance,41428.83,1,41428.83,30103.56,32425.77333333333
00000000-0000-0000-0000-000000000003,7227b311-834f-4815-aa86-c5d464758be1,2024,7,Maintenance,48750.94,1,48750.94,41428.83,30132.36333333333
00000000-0000-0000-0000-000000000003,470852ed-b70b-4f24-879a-6edb4193d8b6,2024,8,Maintenance,29279.83,1,29279.83,48750.94,40094.443333333336
00000000-0000-0000-0000-000000000003,9b1ac5ce-ad4f-40d1-8b7c-0005176b143d,2024,8,Maintenance,11670.63,1,11670.63,29279.83,39819.86666666667
00000000-0000-0000-0000-000000000003,9b1ac5ce-ad4f-40d1-8b7c-0005176b143d,2024,9,Maintenance,39465.15,1,39465.15,11670.63,29900.466666666664
00000000-0000-0000-0000-000000000003,9b1ac5ce-ad4f-40d1-8b7c-0005176b143d,2024,10,Maintenance,15189.1,1,15189.1,39465.15,26805.203333333335
00000000-0000-0000-0000-000000000003,470852ed-b70b-4f24-879a-6edb4193d8b6,2024,11,Maintenance,48325.52,1,48325.52,15189.1,22108.293333333335
00000000-0000-0000-0000-000000000003,7227b311-834f-4815-aa86-c5d464758be1,2024,11,Maintenance,51724.48,2,25862.24,48325.52,34326.59
00000000-0000-0000-0000-000000000003,470852ed-b70b-4f24-879a-6edb4193d8b6,2024,12,Maintenance,42894.99,1,42894.99,51724.48,38413.03333333333
00000000-0000-0000-0000-000000000003,7227b311-834f-4815-aa86-c5d464758be1,2024,12,Maintenance,95924.16,3,31974.72,42894.99,47648.329999999994
00000000-0000-0000-0000-000000000003,9b1ac5ce-ad4f-40d1-8b7c-0005176b143d,2024,12,Maintenance,95418.76999999999,5,19083.753999999997,95924.16,63514.543333333335
00000000-0000-0000-0000-000000000003,7227b311-834f-4815-aa86-c5d464758be1,2022,1,Marketing,25611.48,2,12805.74,,
00000000-0000-0000-0000-000000000003,470852ed-b70b-4f24-879a-6edb4193d8b6,2022,2,Marketing,11640.63,1,11640.63,25611.48,25611.48
00000000-0000-0000-0000-000000000003,7227b311-834f-4815-aa86-c5d464758be1,2022,2,Marketing,41510.14,1,41510.14,11640.63,18626.055
00000000-0000-0000-0000-000000000003,9b1ac5ce-ad4f-40d1-8b7c-0005176b143d,2022,2,Marketing,43388.979999999996,2,21694.489999999998,41510.14,26254.083333333332
00000000-0000-0000-0000-000000000003,7227b311-834f-4815-aa86-c5d464758be1,2022,3,Marketing,48032.729999999996,2,24016.364999999998,43388.979999999996,32179.916666666668
00000000-0000-0000-0000-000000000003,470852ed-b70b-4f24-879a-6edb4193d8b6,2022,4,Marketing,24892.15,1,24892.15,48032.729999999996,44310.61666666666
00000000-0000-0000-0000-000000000003,7227b311-834f-4815-aa86-c5d464758be1,2022,4,Marketing,49799.18,1,49799.18,24892.15,38771.28666666666
00000000-0000-0000-0000-000000000003,9b1ac5ce-ad4f-40d1-8b7c-0005176b143d,2022,4,Marketing,1345.53,1,1345.53,49799.18,40908.02
00000000-0000-0000-0000-000000000003,470852ed-b70b-4f24-879a-6edb4193d8b6,2022,5,Marketing,54031.409999999996,3,18010.469999999998,1345.53,25345.62
00000000-0000-0000-0000-000000000003,7227b311-834f-4815-aa86-c5d464758be1,2022,5,Marketing,18446.18,1,18446.18,54031.409999999996,35058.706666666665
00000000-0000-0000-0000-000000000003,9b1ac5ce-ad4f-40d1-8b7c-0005176b143d,2022,5,Marketing,43070.02,2,21535.01,18446.18,24607.706666666665
00000000-0000-0000-0000-000000000003,9b1ac5ce-ad4f-40d1-8b7c-0005176b143d,2022,6,Marketing,48812.81,1,48812.81,43070.02,38515.869999999995
00000000-0000-0000-0000-000000000003,470852ed-b70b-4f24-879a-6edb4193d8b6,2022,7,Marketing,44646.170000000006,2,22323.085000000003,48812.81,36776.33666666666
00000000-0000-0000-0000-000000000003,7227b311-834f-4815-aa86-c5d464758be1,2022,7,Marketing,49899.3,1,49899.3,44646.170000000006,45509.666666666664
00000000-0000-0000-0000-000000000003,9b1ac5ce-ad4f-40d1-8b7c-0005176b143d,2022,7,Marketing,40710.7,1,40710.7,49899.3,47786.09333333333
00000000-0000-0000-0000-000000000003,7227b311-834f-4815-aa86-c5d464758be1,2022,8,Marketing,46569.01,1,46569.01,40710.7,45085.39000000001
00000000-0000-0000-0000-000000000003,470852ed-b70b-4f24-879a-6edb4193d8b6,2022,9,Marketing,36587.65,2,18293.825,46569.01,45726.33666666667
00000000-0000-0000-0000-000000000003,9b1ac5ce-ad4f-40d1-8b7c-0005176b143d,2022,9,Marketing,37829.229999999996,3,12609.743333333332,36587.65,41289.12
00000000-0000-0000-0000-000000000003,7227b311-834f-4815-aa86-c5d464758be1,2022,10,Marketing,42872.3,1,42872.3,37829.229999999996,40328.63
00000000-0000-0000-0000-000000000003,9b1ac5ce-ad4f-40d1-8b7c-0005176b143d,2022,10,Marketing,4345.44,1,4345.44,42872.3,39096.39333333333
00000000-0000-0000-0000-000000000003,470852ed-b70b-4f24-879a-6edb4193d8b6,2022,12,Marketing,22272.57,1,22272.57,4345.44,28348.99
00000000-0000-0000-0000-000000000003,7227b311-834f-4815-aa86-c5d464758be1,2022,12,Marketing,49690.8,1,49690.8,22272.57,23163.436666666665
00000000-0000-0000-0000-000000000003,9b1ac5ce-ad4f-40d1-8b7c-0005176b143d,2022,12,Marketing,131948.41999999998,3,43982.806666666664,49690.8,25436.27
00000000-0000-0000-0000-000000000003,7227b311-834f-4815-aa86-c5d464758be1,2023,1,Marketing,13011.49,1,13011.49,131948.41999999998,67970.59666666666
00000000-0000-0000-0000-000000000003,9b1ac5ce-ad4f-40d1-8b7c-0005176b143d,2023,1,Marketing,32243.4,1,32243.4,13011.49,64883.569999999985
00000000-0000-0000-0000-000000000003,470852ed-b70b-4f24-879a-6edb4193d8b6,2023,3,Marketing,22043.47,1,22043.47,32243.4,59067.77
00000000-0000-0000-0000-000000000003,7227b311-834f-4815-aa86-c5d464758be1,2023,3,Marketing,45863.71000000001,2,22931.855000000003,22043.47,22432.786666666667
00000000-0000-0000-0000-000000000003,9b1ac5ce-ad4f-40d1-8b7c-0005176b143d,2023,3,Marketing,78699.03,2,39349.515,45863.71000000001,33383.52666666667
00000000-0000-0000-0000-000000000003,470852ed-b70b-4f24-879a-6edb4193d8b6,2023,4,Marketing,23241.85,1,23241.85,78699.03,48868.73666666667
00000000-0000-0000-0000-000000000003,470852ed-b70b-4f24-879a-6edb4193d8b6,2023,5,Marketing,23524.33,1,23524.33,23241.85,49268.19666666668
00000000-0000-0000-0000-000000000003,7227b311-834f-4815-aa86-c5d464758be1,2023,5,Marketing,28502.64,1,28502.64,23524.33,41821.736666666664
00000000-0000-0000-0000-000000000003,9b1ac5ce-ad4f-40d1-8b7c-0005176b143d,2023,5,Marketing,49433.78,2,24716.89,28502.64,25089.60666666667
00000000-0000-0000-0000-000000000003,470852ed-b70b-4f24-879a-6edb4193d8b6,2023,6,Marketing,34624.91,2,17312.455,49433.78,33820.25
00000000-0000-0000-0000-000000000003,9b1ac5ce-ad4f-40d1-8b7c-0005176b143d,2023,6,Marketing,48627.35,2,24313.675,34624.91,37520.443333333336
00000000-0000-0000-0000-000000000003,7227b311-834f-4815-aa86-c5d464758be1,2023,7,Marketing,7444.07,1,7444.07,48627.35,44228.68
00000000-0000-0000-0000-000000000003,470852ed-b70b-4f24-879a-6edb4193d8b6,2023,8,Marketing,42187.600000000006,2,21093.800000000003,7444.07,30232.11
00000000-0000-0000-0000-000000000003,9b1ac5ce-ad4f-40d1-8b7c-0005176b143d,2023,8,Marketing,15665.12,1,15665.12,42187.600000000006,32753.006666666668
00000000-0000-0000-0000-000000000003,470852ed-b70b-4f24-879a-6edb4193d8b6,2023,9,Marketing,91813.42000000001,2,45906.71000000001,15665.12,21765.596666666668
00000000-0000-0000-0000-000000000003,7227b311-834f-4815-aa86-c5d464758be1,2023,9,Marketing,10481.34,2,5240.67,91813.42000000001,49888.71333333334
00000000-0000-0000-0000-000000000003,9b1ac5ce-ad4f-40d1-8b7c-0005176b143d,2023,9,Marketing,12226.77,2,6113.385,10481.34,39319.96
00000000-0000-0000-0000-000000000003,470852ed-b70b-4f24-879a-6edb4193d8b6,2023,10,Marketing,42257.78,1,42257.78,12226.77,38173.84333333334
00000000-0000-0000-0000-000000000003,7227b311-834f-4815-aa86-c5d464758be1,2023,10,Marketing,92689.66,2,46344.83,42257.78,21655.296666666665
00000000-0000-0000-0000-000000000003,9b1ac5ce-ad4f-40d1-8b7c-0005176b143d,2023,10,Marketing,24710.08,1,24710.08,92689.66,49058.07000000001
00000000-0000-0000-0000-000000000003,7227b311-834f-4815-aa86-c5d464758be1,2023,11,Marketing,1980.15,1,1980.15,24710.08,53219.17333333333
00000000-0000-0000-0000-000000000003,470852ed-b70b-4f24-879a-6edb4193d8b6,2023,12,Marketing,49889.14,1,49889.14,1980.15,39793.29666666667
00000000-0000-0000-0000-000000000003,470852ed-b70b-4f24-879a-6edb4193d8b6,2024,1,Marketing,1920.23,1,1920.23,49889.14,25526.456666666665
00000000-0000-0000-0000-000000000003,470852ed-b70b-4f24-879a-6edb4193d8b6,2024,2,Marketing,78422.59,2,39211.295,1920.23,17929.84
00000000-0000-0000-0000-000000000003,9b1ac5ce-ad4f-40d1-8b7c-0005176b143d,2024,2,Marketing,29736.43,1,29736.43,78422.59,43410.65333333333
00000000-0000-0000-0000-000000000003,470852ed-b70b-4f24-879a-6edb4193d8b6,2024,3,Marketing,76990.82999999999,2,38495.41499999999,29736.43,36693.083333333336
00000000-0000-0000-0000-000000000003,7227b311-834f-4815-aa86-c5d464758be1,2024,3,Marketing,48718.12,1,48718.12,76990.82999999999,61716.61666666666
00000000-0000-0000-0000-000000000003,9b1ac5ce-ad4f-40d1-8b7c-0005176b143d,2024,3,Marketing,26706.81,1,26706.81,48718.12,51815.12666666667
00000000-0000-0000-0000-000000000003,470852ed-b70b-4f24-879a-6edb4193d8b6,2024,4,Marketing,16966.46,1,16966.46,26706.81,50805.253333333334
00000000-0000-0000-0000-000000000003,7227b311-834f-4815-aa86-c5d464758be1,2024,4,Marketing,92941.66,3,30980.553333333333,16966.46,30797.130000000005
00000000-0000-0000-0000-000000000003,9b1ac5ce-ad4f-40d1-8b7c-0005176b143d,2024,6,Marketing,8445.93,1,8445.93,92941.66,45538.310000000005
00000000-0000-0000-0000-000000000003,470852ed-b70b-4f24-879a-6edb4193d8b6,2024,7,Marketing,49043.51,1,49043.51,8445.93,39451.350000000006
00000000-0000-0000-0000-000000000003,7227b311-834f-4815-aa86-c5d464758be1,2024,7,Marketing,77001.04,4,19250.26,49043.51,50143.70000000001
00000000-0000-0000-0000-000000000003,9b1ac5ce-ad4f-40d1-8b7c-0005176b143d,2024,7,Marketing,30449.38,1,30449.38,77001.04,44830.16
00000000-0000-0000-0000-000000000003,470852ed-b70b-4f24-879a-6edb4193d8b6,2024,8,Marketing,40938.06,2,20469.03,30449.38,52164.64333333334
00000000-0000-0000-0000-000000000003,7227b311-834f-4815-aa86-c5d464758be1,2024,8,Marketing,11773.98,1,11773.98,40938.06,49462.82666666667
00000000-0000-0000-0000-000000000003,9b1ac5ce-ad4f-40d1-8b7c-0005176b143d,2024,8,Marketing,138968.44,4,34742.11,11773.98,27720.47333333334
00000000-0000-0000-0000-000000000003,7227b311-834f-4815-aa86-c5d464758be1,2024,9,Marketing,39323.01,1,39323.01,138968.44,63893.49333333334
00000000-0000-0000-0000-000000000003,470852ed-b70b-4f24-879a-6edb4193d8b6,2024,10,Marketing,59925.97,2,29962.985,39323.01,63355.14333333334
00000000-0000-0000-0000-000000000003,7227b311-834f-4815-aa86-c5d464758be1,2024,10,Marketing,17340.17,1,17340.17,59925.97,79405.80666666667
00000000-0000-0000-0000-000000000003,9b1ac5ce-ad4f-40d1-8b7c-0005176b143d,2024,10,Marketing,50907.69,2,25453.845,17340.17,38863.049999999996
00000000-0000-0000-0000-000000000003,9b1ac5ce-ad4f-40d1-8b7c-0005176b143d,2024,12,Marketing,61688.89,2,30844.445,50907.69,42724.60999999999
00000000-0000-0000-0000-000000000003,9b1ac5ce-ad4f-40d1-8b7c-0005176b143d,2022,2,Office Supplies,55848.47,2,27924.235,,
00000000-0000-0000-0000-000000000003,470852ed-b70b-4f24-879a-6edb4193d8b6,2022,3,Office Supplies,48281.24,1,48281.24,55848.47,55848.47
00000000-0000-0000-0000-000000000003,9b1ac5ce-ad4f-40d1-8b7c-0005176b143d,2022,3,Office Supplies,6326.45,1,6326.45,48281.24,52064.854999999996
00000000-0000-0000-0000-000000000003,9b1ac5ce-ad4f-40d1-8b7c-0005176b143d,2022,4,Office Supplies,37491.72,1,37491.72,6326.45,36818.72
00000000-0000-0000-0000-000000000003,470852ed-b70b-4f24-879a-6edb4193d8b6,2022,5,Office Supplies,771.76,1,771.76,37491.72,30699.803333333333
00000000-0000-0000-0000-000000000003,9b1ac5ce-ad4f-40d1-8b7c-0005176b143d,2022,5,Office Supplies,14370.94,1,14370.94,771.76,14863.31
00000000-0000-0000-0000-000000000003,470852ed-b70b-4f24-879a-6edb4193d8b6,2022,6,Office Supplies,49765.18,1,49765.18,14370.94,17544.806666666667
00000000-0000-0000-0000-000000000003,7227b311-834f-4815-aa86-c5d464758be1,2022,6,Office Supplies,36398.29,1,36398.29,49765.18,21635.960000000003
00000000-0000-0000-0000-000000000003,9b1ac5ce-ad4f-40d1-8b7c-0005176b143d,2022,6,Office Supplies,91035.36,2,45517.68,36398.29,33511.47
00000000-0000-0000-0000-000000000003,7227b311-834f-4815-aa86-c5d464758be1,2022,7,Office Supplies,61311.73,3,20437.243333333336,91035.36,59066.27666666667
00000000-0000-0000-0000-000000000003,7227b311-834f-4815-aa86-c5d464758be1,2022,8,Office Supplies,51912.57,2,25956.285,61311.73,62915.12666666667
00000000-0000-0000-0000-000000000003,7227b311-834f-4815-aa86-c5d464758be1,2022,9,Office Supplies,11439.74,1,11439.74,51912.57,68086.55333333333
00000000-0000-0000-0000-000000000003,7227b311-834f-4815-aa86-c5d464758be1,2022,10,Office Supplies,40305.44,1,40305.44,11439.74,41554.68000000001
00000000-0000-0000-0000-000000000003,9b1ac5ce-ad4f-40d1-8b7c-0005176b143d,2022,10,Office Supplies,36958.52,1,36958.52,40305.44,34552.583333333336
00000000-0000-0000-0000-000000000003,470852ed-b70b-4f24-879a-6edb4193d8b6,2022,11,Office Supplies,28111.28,1,28111.28,36958.52,29567.900000000005
00000000-0000-0000-0000-000000000003,7227b311-834f-4815-aa86-c5d464758be1,2022,11,Office Supplies,34683.61,1,34683.61,28111.28,35125.08
00000000-0000-0000-0000-000000000003,470852ed-b70b-4f24-879a-6edb4193d8b6,2022,12,Office Supplies,41872.74,2,20936.37,34683.61,33251.136666666665
00000000-0000-0000-0000-000000000003,9b1ac5ce-ad4f-40d1-8b7c-0005176b143d,2022,12,Office Supplies,26691.05,1,26691.05,41872.74,34889.21
00000000-0000-0000-0000-000000000003,470852ed-b70b-4f24-879a-6edb4193d8b6,2023,1,Office Supplies,45306.58,3,15102.193333333335,26691.05,34415.8
00000000-0000-0000-0000-000000000003,7227b311-834f-4815-aa86-c5d464758be1,2023,1,Office Supplies,4607.9,1,4607.9,45306.58,37956.79
00000000-0000-0000-0000-000000000003,9b1ac5ce-ad4f-40d1-8b7c-0005176b143d,2023,1,Office Supplies,16818.05,1,16818.05,4607.9,25535.176666666666
00000000-0000-0000-0000-000000000003,470852ed-b70b-4f24-879a-6edb4193d8b6,2023,3,Office Supplies,13495.1,1,13495.1,16818.05,22244.17666666667
00000000-0000-0000-0000-000000000003,9b1ac5ce-ad4f-40d1-8b7c-0005176b143d,2023,3,Office Supplies,67564.45,3,22521.483333333334,13495.1,11640.350000000004
00000000-0000-0000-0000-000000000003,470852ed-b70b-4f24-879a-6edb4193d8b6,2023,4,Office Supplies,49438.26,1,49438.26,67564.45,32625.86666666667
00000000-0000-0000-0000-000000000003,7227b311-834f-4815-aa86-c5d464758be1,2023,4,Office Supplies,95953.12,3,31984.373333333333,49438.26,43499.27000000001
00000000-0000-0000-0000-000000000003,7227b311-834f-4815-aa86-c5d464758be1,2023,5,Office Supplies,45920.399999999994,2,22960.199999999997,95953.12,70985.27666666667
00000000-0000-0000-0000-000000000003,470852ed-b70b-4f24-879a-6edb4193d8b6,2023,6,Office Supplies,4929.41,1,4929.41,45920.399999999994,63770.59333333333
00000000-0000-0000-0000-000000000003,9b1ac5ce-ad4f-40d1-8b7c-0005176b143d,2023,6,Office Supplies,90047.74,3,30015.913333333334,4929.41,48934.310000000005
00000000-0000-0000-0000-000000000003,470852ed-b70b-4f24-879a-6edb4193d8b6,2023,7,Office Supplies,52188.25,2,26094.125,90047.74,46965.85000000001
00000000-0000-0000-0000-000000000003,9b1ac5ce-ad4f-40d1-8b7c-0005176b143d,2023,7,Office Supplies,51831.42,2,25915.71,52188.25,49055.13333333334
00000000-0000-0000-0000-000000000003,470852ed-b70b-4f24-879a-6edb4193d8b6,2023,8,Office Supplies,28999.7,1,28999.7,51831.42,64689.13666666668
00000000-0000-0000-0000-000000000003,7227b311-834f-4815-aa86-c5d464758be1,2023,8,Office Supplies,48002.41,2,24001.205,28999.7,44339.79000000001
00000000-0000-0000-0000-000000000003,470852ed-b70b-4f24-879a-6edb4193d8b6,2023,9,Office Supplies,66005.22,3,22001.74,48002.41,42944.51000000001
00000000-0000-0000-0000-000000000003,7227b311-834f-4815-aa86-c5d464758be1,2023,10,Office Supplies,5743.29,1,5743.29,66005.22,47669.11000000001
00000000-0000-0000-0000-000000000003,470852ed-b70b-4f24-879a-6edb4193d8b6,2023,11,Office Supplies,24029.46,2,12014.73,5743.29,39916.97333333334
00000000-0000-0000-0000-000000000003,7227b311-834f-4815-aa86-c5d464758be1,2023,11,Office Supplies,126747.48999999999,3,42249.16333333333,24029.46,31925.99000000001
00000000-0000-0000-0000-000000000003,9b1ac5ce-ad4f-40d1-8b7c-0005176b143d,2023,11,Office Supplies,45149.99,1,45149.99,126747.48999999999,52173.41333333334
00000000-0000-0000-0000-000000000003,7227b311-834f-4815-aa86-c5d464758be1,2023,12,Office Supplies,35172.3,1,35172.3,45149.99,65308.98
00000000-0000-0000-0000-000000000003,470852ed-b70b-4f24-879a-6edb4193d8b6,2024,1,Office Supplies,25549.61,1,25549.61,35172.3,69023.26000000001
00000000-0000-0000-0000-000000000003,9b1ac5ce-ad4f-40d1-8b7c-0005176b143d,2024,1,Office Supplies,39676.36,1,39676.36,25549.61,35290.63333333334
00000000-0000-0000-0000-000000000003,9b1ac5ce-ad4f-40d1-8b7c-0005176b143d,2024,2,Office Supplies,30668.94,1,30668.94,39676.36,33466.09000000001
00000000-0000-0000-0000-000000000003,7227b311-834f-4815-aa86-c5d464758be1,2024,4,Office Supplies,43335.09,1,43335.09,30668.94,31964.970000000012
00000000-0000-0000-0000-000000000003,9b1ac5ce-ad4f-40d1-8b7c-0005176b143d,2024,4,Office Supplies,48460.86,1,48460.86,43335.09,37893.46333333334
00000000-0000-0000-0000-000000000003,470852ed-b70b-4f24-879a-6edb4193d8b6,2024,5,Office Supplies,57470.44,2,28735.22,48460.86,40821.63000000001
00000000-0000-0000-0000-000000000003,470852ed-b70b-4f24-879a-6edb4193d8b6,2024,6,Office Supplies,54772.59,2,27386.295,57470.44,49755.46333333334
00000000-0000-0000-0000-000000000003,9b1ac5ce-ad4f-40d1-8b7c-0005176b143d,2024,6,Office Supplies,12403.52,1,12403.52,54772.59,53567.96333333334
00000000-0000-0000-0000-000000000003,7227b311-834f-4815-aa86-c5d464758be1,2024,7,Office Supplies,78125.54999999999,3,26041.849999999995,12403.52,41548.85000000001
00000000-0000-0000-0000-000000000003,470852ed-b70b-4f24-879a-6edb4193d8b6,2024,8,Office Supplies,1280.01,1,1280.01,78125.54999999999,48433.88666666668
00000000-0000-0000-0000-000000000003,7227b311-834f-4815-aa86-c5d464758be1,2024,8,Office Supplies,70247.59,2,35123.795,1280.01,30603.026666666672
00000000-0000-0000-0000-000000000003,9b1ac5ce-ad4f-40d1-8b7c-0005176b143d,2024,8,Office Supplies,2858.07,1,2858.07,70247.59,49884.38333333334
00000000-0000-0000-0000-000000000003,470852ed-b70b-4f24-879a-6edb4193d8b6,2024,9,Office Supplies,2083.76,1,2083.76,2858.07,24795.223333333342
00000000-0000-0000-0000-000000000003,7227b311-834f-4815-aa86-c5d464758be1,2024,9,Office Supplies,12209.48,1,12209.48,2083.76,25063.14000000001
00000000-0000-0000-0000-000000000003,9b1ac5ce-ad4f-40d1-8b7c-0005176b143d,2024,9,Office Supplies,5237.23,1,5237.23,12209.48,5717.103333333343
00000000-0000-0000-0000-000000000003,470852ed-b70b-4f24-879a-6edb4193d8b6,2024,10,Office Supplies,27639.36,2,13819.68,5237.23,6510.156666666677
00000000-0000-0000-0000-000000000003,9b1ac5ce-ad4f-40d1-8b7c-0005176b143d,2024,10,Office Supplies,23727.0,1,23727.0,27639.36,15028.69000000001
00000000-0000-0000-0000-000000000003,7227b311-834f-4815-aa86-c5d464758be1,2024,11,Office Supplies,65499.41,2,32749.705,23727.0,18867.863333333346
00000000-0000-0000-0000-000000000003,470852ed-b70b-4f24-879a-6edb4193d8b6,2024,12,Office Supplies,27010.47,1,27010.47,65499.41,38955.256666666675
00000000-0000-0000-0000-000000000003,7227b311-834f-4815-aa86-c5d464758be1,2024,12,Office Supplies,45343.92999999999,2,22671.964999999997,27010.47,38745.62666666668
00000000-0000-0000-0000-000000000003,470852ed-b70b-4f24-879a-6edb4193d8b6,2022,1,Rent,75943.31,1,75943.31,,
00000000-0000-0000-0000-000000000003,7227b311-834f-4815-aa86-c5d464758be1,2022,1,Rent,111448.2,1,111448.2,75943.31,75943.31
00000000-0000-0000-0000-000000000003,9b1ac5ce-ad4f-40d1-8b7c-0005176b143d,2022,1,Rent,151251.57,1,151251.57,111448.2,93695.755
00000000-0000-0000-0000-000000000003,470852ed-b70b-4f24-879a-6edb4193d8b6,2022,2,Rent,171340.79,1,171340.79,151251.57,112881.02666666667
00000000-0000-0000-0000-000000000003,7227b311-834f-4815-aa86-c5d464758be1,2022,2,Rent,88816.23,1,88816.23,171340.79,144680.18666666668
00000000-0000-0000-0000-000000000003,9b1ac5ce-ad4f-40d1-8b7c-0005176b143d,2022,2,Rent,172031.02,1,172031.02,88816.23,137136.19666666668
00000000-0000-0000-0000-000000000003,470852ed-b70b-4f24-879a-6edb4193d8b6,2022,3,Rent,95028.52,1,95028.52,172031.02,144062.68
00000000-0000-0000-0000-000000000003,7227b311-834f-4815-aa86-c5d464758be1,2022,3,Rent,147719.75,1,147719.75,95028.52,118625.25666666665
00000000-0000-0000-0000-000000000003,9b1ac5ce-ad4f-40d1-8b7c-0005176b143d,2022,3,Rent,129446.21,1,129446.21,147719.75,138259.76333333334
00000000-0000-0000-0000-000000000003,470852ed-b70b-4f24-879a-6edb4193d8b6,2022,4,Rent,106534.63,1,106534.63,129446.21,124064.82666666666
00000000-0000-0000-0000-000000000003,7227b311-834f-4815-aa86-c5d464758be1,2022,4,Rent,67532.62,1,67532.62,106534.63,127900.19666666666
00000000-0000-0000-0000-000000000003,9b1ac5ce-ad4f-40d1-8b7c-0005176b143d,2022,4,Rent,88278.94,1,88278.94,67532.62,101171.15333333332
00000000-0000-0000-0000-000000000003,470852ed-b70b-4f24-879a-6edb4193d8b6,2022,5,Rent,61604.05,1,61604.05,88278.94,87448.72999999998
00000000-0000-0000-0000-000000000003,7227b311-834f-4815-aa86-c5d464758be1,2022,5,Rent,130274.99,1,130274.99,61604.05,72471.86999999998
00000000-0000-0000-0000-000000000003,9b1ac5ce-ad4f-40d1-8b7c-0005176b143d,2022,5,Rent,74364.21,1,74364.21,130274.99,93385.9933333333
00000000-0000-0000-0000-000000000003,470852ed-b70b-4f24-879a-6edb4193d8b6,2022,6,Rent,112286.58,1,112286.58,74364.21,88747.74999999999
00000000-0000-0000-0000-000000000003,7227b311-834f-4815-aa86-c5d464758be1,2022,6,Rent,141637.96,1,141637.96,112286.58,105641.92666666665
00000000-0000-0000-0000-000000000003,9b1ac5ce-ad4f-40d1-8b7c-0005176b143d,2022,6,Rent,99942.22,1,99942.22,141637.96,109429.58333333331
00000000-0000-0000-0000-000000000003,470852ed-b70b-4f24-879a-6edb4193d8b6,2022,7,Rent,160636.97,1,160636.97,99942.22,117955.58666666663
00000000-0000-0000-0000-000000000003,7227b311-834f-4815-aa86-c5d464758be1,2022,7,Rent,68423.25,1,68423.25,160636.97,134072.3833333333
00000000-0000-0000-0000-000000000003,9b1ac5ce-ad4f-40d1-8b7c-0005176b143d,2022,7,Rent,53507.95,1,53507.95,68423.25,109667.47999999998
00000000-0000-0000-0000-000000000003,470852ed-b70b-4f24-879a-6edb4193d8b6,2022,8,Rent,185414.69,1,185414.69,53507.95,94189.38999999997
00000000-0000-0000-0000-000000000003,7227b311-834f-4815-aa86-c5d464758be1,2022,8,Rent,89390.5,1,89390.5,185414.69,102448.62999999996
00000000-0000-0000-0000-000000000003,9b1ac5ce-ad4f-40d1-8b7c-0005176b143d,2022,8,Rent,155362.42,1,155362.42,89390.5,109437.7133333333
00000000-0000-0000-0000-000000000003,470852ed-b70b-4f24-879a-6edb4193d8b6,2022,9,Rent,144429.62,1,144429.62,155362.42,143389.2033333333
00000000-0000-0000-0000-000000000003,7227b311-834f-4815-aa86-c5d464758be1,2022,9,Rent,55374.39,1,55374.39,144429.62,129727.5133333333
00000000-0000-0000-0000-000000000003,9b1ac5ce-ad4f-40d1-8b7c-0005176b143d,2022,9,Rent,111471.07,1,111471.07,55374.39,118388.80999999998
00000000-0000-0000-0000-000000000003,470852ed-b70b-4f24-879a-6edb4193d8b6,2022,10,Rent,159807.24,1,159807.24,111471.07,103758.35999999997
00000000-0000-0000-0000-000000000003,7227b311-834f-4815-aa86-c5d464758be1,2022,10,Rent,93720.72,1,93720.72,159807.24,108884.2333333333
00000000-0000-0000-0000-000000000003,9b1ac5ce-ad4f-40d1-8b7c-0005176b143d,2022,10,Rent,185762.64,1,185762.64,93720.72,121666.34333333331
00000000-0000-0000-0000-000000000003,470852ed-b70b-4f24-879a-6edb4193d8b6,2022,11,Rent,103979.37,1,103979.37,185762.64,146430.19999999995
00000000-0000-0000-0000-000000000003,7227b311-834f-4815-aa86-c5d464758be1,2022,11,Rent,169288.89,1,169288.89,103979.37,127820.90999999996
00000000-0000-0000-0000-000000000003,9b1ac5ce-ad4f-40d1-8b7c-0005176b143d,2022,11,Rent,188914.54,1,188914.54,169288.89,153010.29999999996
00000000-0000-0000-0000-000000000003,470852ed-b70b-4f24-879a-6edb4193d8b6,2022,12,Rent,116138.29,1,116138.29,188914.54,154060.93333333332
00000000-0000-0000-0000-000000000003,7227b311-834f-4815-aa86-c5d464758be1,2022,12,Rent,94643.27,1,94643.27,116138.29,158113.90666666665
00000000-0000-0000-0000-000000000003,9b1ac5ce-ad4f-40d1-8b7c-0005176b143d,2022,12,Rent,173531.48,1,173531.48,94643.27,133232.0333333333
00000000-0000-0000-0000-000000000003,470852ed-b70b-4f24-879a-6edb4193d8b6,2023,1,Rent,176712.14,1,176712.14,173531.48,128104.34666666664
00000000-0000-0000-0000-000000000003,7227b311-834f-4815-aa86-c5d464758be1,2023,1,Rent,153876.59,1,153876.59,176712.14,148295.62999999998
00000000-0000-0000-0000-000000000003,9b1ac5ce-ad4f-40d1-8b7c-0005176b143d,2023,1,Rent,108431.42,1,108431.42,153876.59,168040.06999999998
00000000-0000-0000-0000-000000000003,470852ed-b70b-4f24-879a-6edb4193d8b6,2023,2,Rent,184623.58,1,184623.58,108431.42,146340.04999999996
00000000-0000-0000-0000-000000000003,7227b311-834f-4815-aa86-c5d464758be1,2023,2,Rent,85041.43,1,85041.43,184623.58,148977.19666666663
00000000-0000-0000-0000-000000000003,9b1ac5ce-ad4f-40d1-8b7c-0005176b143d,2023,2,Rent,70607.19,1,70607.19,85041.43,126032.1433333333
00000000-0000-0000-0000-000000000003,470852ed-b70b-4f24-879a-6edb4193d8b6,2023,3,Rent,67318.04,1,67318.04,70607.19,113424.06666666664
00000000-0000-0000-0000-000000000003,7227b311-834f-4815-aa86-c5d464758be1,2023,3,Rent,103414.8,1,103414.8,67318.04,74322.21999999996
00000000-0000-0000-0000-000000000003,9b1ac5ce-ad4f-40d1-8b7c-0005176b143d,2023,3,Rent,188743.31,1,188743.31,103414.8,80446.67666666662
00000000-0000-0000-0000-000000000003,470852ed-b70b-4f24-879a-6edb4193d8b6,2023,4,Rent,137254.2,1,137254.2,188743.31,119825.3833333333
00000000-0000-0000-0000-000000000003,7227b311-834f-4815-aa86-c5d464758be1,2023,4,Rent,136877.62,1,136877.62,137254.2,143137.43666666665
00000000-0000-0000-0000-000000000003,9b1ac5ce-ad4f-40d1-8b7c-0005176b143d,2023,4,Rent,125411.6,1,125411.6,136877.62,154291.70999999996
00000000-0000-0000-0000-000000000003,470852ed-b70b-4f24-879a-6edb4193d8b6,2023,5,Rent,188031.04,1,188031.04,125411.6,133181.13999999998
00000000-0000-0000-0000-000000000003,7227b311-834f-4815-aa86-c5d464758be1,2023,5,Rent,78988.0,1,78988.0,188031.04,150106.7533333333
00000000-0000-0000-0000-000000000003,9b1ac5ce-ad4f-40d1-8b7c-0005176b143d,2023,5,Rent,72463.2,1,72463.2,78988.0,130810.2133333333
00000000-0000-0000-0000-000000000003,470852ed-b70b-4f24-879a-6edb4193d8b6,2023,6,Rent,64765.29,1,64765.29,72463.2,113160.74666666663
00000000-0000-0000-0000-000000000003,7227b311-834f-4815-aa86-c5d464758be1,2023,6,Rent,180771.99,1,180771.99,64765.29,72072.16333333329
00000000-0000-0000-0000-000000000003,9b1ac5ce-ad4f-40d1-8b7c-0005176b143d,2023,6,Rent,193607.42,1,193607.42,180771.99,106000.15999999996
00000000-0000-0000-0000-000000000003,470852ed-b70b-4f24-879a-6edb4193d8b6,2023,7,Rent,120225.19,1,120225.19,193607.42,146381.56666666662
00000000-0000-0000-0000-000000000003,7227b311-834f-4815-aa86-c5d464758be1,2023,7,Rent,135693.44,1,135693.44,120225.19,164868.19999999995
00000000-0000-0000-0000-000000000003,9b1ac5ce-ad4f-40d1-8b7c-0005176b143d,2023,7,Rent,104124.67,1,104124.67,135693.44,149842.01666666663
00000000-0000-0000-0000-000000000003,470852ed-b70b-4f24-879a-6edb4193d8b6,2023,8,Rent,89471.31,1,89471.31,104124.67,120014.43333333329
00000000-0000-0000-0000-000000000003,7227b311-834f-4815-aa86-c5d464758be1,2023,8,Rent,101956.02,1,101956.02,89471.31,109763.13999999996
00000000-0000-0000-0000-000000000003,9b1ac5ce-ad4f-40d1-8b7c-0005176b143d,2023,8,Rent,194355.82,1,194355.82,101956.02,98517.3333333333
00000000-0000-0000-0000-000000000003,470852ed-b70b-4f24-879a-6edb4193d8b6,2023,9,Rent,179824.32,1,179824.32,194355.82,128594.3833333333
00000000-0000-0000-0000-000000000003,7227b311-834f-4815-aa86-c5d464758be1,2023,9,Rent,176067.67,1,176067.67,179824.32,158712.05333333332
00000000-0000-0000-0000-000000000003,9b1ac5ce-ad4f-40d1-8b7c-0005176b143d,2023,9,Rent,171102.22,1,171102.22,176067.67,183415.93666666665
00000000-0000-0000-0000-000000000003,470852ed-b70b-4f24-879a-6edb4193d8b6,2023,10,Rent,121571.85,1,121571.85,171102.22,175664.73666666666
00000000-0000-0000-0000-000000000003,7227b311-834f-4815-aa86-c5d464758be1,2023,10,Rent,143814.24,1,143814.24,121571.85,156247.24666666662
00000000-0000-0000-0000-000000000003,9b1ac5ce-ad4f-40d1-8b7c-0005176b143d,2023,10,Rent,58354.03,1,58354.03,143814.24,145496.10333333327
00000000-0000-0000-0000-000000000003,470852ed-b70b-4f24-879a-6edb4193d8b6,2023,11,Rent,107107.11,1,107107.11,58354.03,107913.3733333333
00000000-0000-0000-0000-000000000003,7227b311-834f-4815-aa86-c5d464758be1,2023,11,Rent,155681.01,1,155681.01,107107.11,103091.79333333329
00000000-0000-0000-0000-000000000003,9b1ac5ce-ad4f-40d1-8b7c-0005176b143d,2023,11,Rent,141458.8,1,141458.8,155681.01,107047.3833333333
00000000-0000-0000-0000-000000000003,470852ed-b70b-4f24-879a-6edb4193d8b6,2023,12,Rent,130247.92,1,130247.92,141458.8,134748.9733333333
00000000-0000-0000-0000-000000000003,7227b311-834f-4815-aa86-c5d464758be1,2023,12,Rent,173623.92,1,173623.92,130247.92,142462.57666666663
00000000-0000-0000-0000-000000000003,9b1ac5ce-ad4f-40d1-8b7c-0005176b143d,2023,12,Rent,114157.94,1,114157.94,173623.92,148443.54666666663
00000000-0000-0000-0000-000000000003,470852ed-b70b-4f24-879a-6edb4193d8b6,2024,1,Rent,107424.39,1,107424.39,114157.94,139343.25999999998
00000000-0000-0000-0000-000000000003,7227b311-834f-4815-aa86-c5d464758be1,2024,1,Rent,126405.23,1,126405.23,107424.39,131735.41666666666
00000000-0000-0000-0000-000000000003,9b1ac5ce-ad4f-40d1-8b7c-0005176b143d,2024,1,Rent,104350.81,1,104350.81,126405.23,115995.85333333329
00000000-0000-0000-0000-000000000003,470852ed-b70b-4f24-879a-6edb4193d8b6,2024,2,Rent,191335.14,1,191335.14,104350.81,112726.80999999995
00000000-0000-0000-0000-000000000003,7227b311-834f-4815-aa86-c5d464758be1,2024,2,Rent,151836.57,1,151836.57,191335.14,140697.05999999997
00000000-0000-0000-0000-000000000003,9b1ac5ce-ad4f-40d1-8b7c-0005176b143d,2024,2,Rent,146868.44,1,146868.44,151836.57,149174.1733333333
00000000-0000-0000-0000-000000000003,470852ed-b70b-4f24-879a-6edb4193d8b6,2024,3,Rent,170953.38,1,170953.38,146868.44,163346.71666666665
00000000-0000-0000-0000-000000000003,7227b311-834f-4815-aa86-c5d464758be1,2024,3,Rent,95787.15,1,95787.15,170953.38,156552.79666666663
00000000-0000-0000-0000-000000000003,9b1ac5ce-ad4f-40d1-8b7c-0005176b143d,2024,3,Rent,108111.53,1,108111.53,95787.15,137869.65666666662
00000000-0000-0000-0000-000000000003,470852ed-b70b-4f24-879a-6edb4193d8b6,2024,4,Rent,99525.54,1,99525.54,108111.53,124950.68666666663
00000000-0000-0000-0000-000000000003,7227b311-834f-4815-aa86-c5d464758be1,2024,4,Rent,176988.04,1,176988.04,99525.54,101141.40666666662
00000000-0000-0000-0000-000000000003,9b1ac5ce-ad4f-40d1-8b7c-0005176b143d,2024,4,Rent,72034.3,1,72034.3,176988.04,128208.36999999995
00000000-0000-0000-0000-000000000003,470852ed-b70b-4f24-879a-6edb4193d8b6,2024,5,Rent,61267.6,1,61267.6,72034.3,116182.62666666663
00000000-0000-0000-0000-000000000003,7227b311-834f-4815-aa86-c5d464758be1,2024,5,Rent,126379.45,1,126379.45,61267.6,103429.97999999997
00000000-0000-0000-0000-000000000003,9b1ac5ce-ad4f-40d1-8b7c-0005176b143d,2024,5,Rent,162679.95,1,162679.95,126379.45,86560.44999999997
00000000-0000-0000-0000-000000000003,470852ed-b70b-4f24-879a-6edb4193d8b6,2024,6,Rent,56012.32,1,56012.32,162679.95,116775.66666666664
00000000-0000-0000-0000-000000000003,7227b311-834f-4815-aa86-c5d464758be1,2024,6,Rent,171806.94,1,171806.94,56012.32,115023.90666666663
00000000-0000-0000-0000-000000000003,9b1ac5ce-ad4f-40d1-8b7c-0005176b143d,2024,6,Rent,81195.9,1,81195.9,171806.94,130166.40333333332
00000000-0000-0000-0000-000000000003,470852ed-b70b-4f24-879a-6edb4193d8b6,2024,7,Rent,128909.66,1,128909.66,81195.9,103005.0533333333
00000000-0000-0000-0000-000000000003,7227b311-834f-4815-aa86-c5d464758be1,2024,7,Rent,74353.53,1,74353.53,128909.66,127304.16666666663
00000000-0000-0000-0000-000000000003,9b1ac5ce-ad4f-40d1-8b7c-0005176b143d,2024,7,Rent,82027.68,1,82027.68,74353.53,94819.69666666664
00000000-0000-0000-0000-000000000003,470852ed-b70b-4f24-879a-6edb4193d8b6,2024,8,Rent,143320.92,1,143320.92,82027.68,95096.95666666662
00000000-0000-0000-0000-000000000003,7227b311-834f-4815-aa86-c5d464758be1,2024,8,Rent,181827.38,1,181827.38,143320.92,99900.70999999996
00000000-0000-0000-0000-000000000003,9b1ac5ce-ad4f-40d1-8b7c-0005176b143d,2024,8,Rent,138872.04,1,138872.04,181827.38,135725.32666666663
00000000-0000-0000-0000-000000000003,470852ed-b70b-4f24-879a-6edb4193d8b6,2024,9,Rent,57588.32,1,57588.32,138872.04,154673.44666666666
00000000-0000-0000-0000-000000000003,7227b311-834f-4815-aa86-c5d464758be1,2024,9,Rent,122132.62,1,122132.62,57588.32,126095.91333333329
00000000-0000-0000-0000-000000000003,9b1ac5ce-ad4f-40d1-8b7c-0005176b143d,2024,9,Rent,125344.34,1,125344.34,122132.62,106197.65999999997
00000000-0000-0000-0000-000000000003,470852ed-b70b-4f24-879a-6edb4193d8b6,2024,10,Rent,188996.71,1,188996.71,125344.34,101688.42666666664
00000000-0000-0000-0000-000000000003,7227b311-834f-4815-aa86-c5d464758be1,2024,10,Rent,96080.11,1,96080.11,188996.71,145491.2233333333
00000000-0000-0000-0000-000000000003,9b1ac5ce-ad4f-40d1-8b7c-0005176b143d,2024,10,Rent,123563.68,1,123563.68,96080.11,136807.05333333332
00000000-0000-0000-0000-000000000003,470852ed-b70b-4f24-879a-6edb4193d8b6,2024,11,Rent,93022.98,1,93022.98,123563.68,136213.49999999997
00000000-0000-0000-0000-000000000003,7227b311-834f-4815-aa86-c5d464758be1,2024,11,Rent,136629.64,1,136629.64,93022.98,104222.25666666664
00000000-0000-0000-0000-000000000003,9b1ac5ce-ad4f-40d1-8b7c-0005176b143d,2024,11,Rent,175693.66,1,175693.66,136629.64,117738.76666666665
00000000-0000-0000-0000-000000000003,470852ed-b70b-4f24-879a-6edb4193d8b6,2024,12,Rent,166726.1,1,166726.1,175693.66,135115.42666666664
00000000-0000-0000-0000-000000000003,7227b311-834f-4815-aa86-c5d464758be1,2024,12,Rent,146272.46,1,146272.46,166726.1,159683.13333333333
00000000-0000-0000-0000-000000000003,9b1ac5ce-ad4f-40d1-8b7c-0005176b143d,2024,12,Rent,100262.85,1,100262.85,146272.46,162897.40666666662
00000000-0000-0000-0000-000000000003,470852ed-b70b-4f24-879a-6edb4193d8b6,2022,1,Salaries,413517.09,1,413517.09,,
00000000-0000-0000-0000-000000000003,7227b311-834f-4815-aa86-c5d464758be1,2022,1,Salaries,630279.2,1,630279.2,413517.09,413517.09
00000000-0000-0000-0000-000000000003,9b1ac5ce-ad4f-40d1-8b7c-0005176b143d,2022,1,Salaries,348169.93,1,348169.93,630279.2,521898.145
00000000-0000-0000-0000-000000000003,470852ed-b70b-4f24-879a-6edb4193d8b6,2022,2,Salaries,321513.7,1,321513.7,348169.93,463988.74
00000000-0000-0000-0000-000000000003,7227b311-834f-4815-aa86-c5d464758be1,2022,2,Salaries,576425.04,1,576425.04,321513.7,433320.94333333336
00000000-0000-0000-0000-000000000003,9b1ac5ce-ad4f-40d1-8b7c-0005176b143d,2022,2,Salaries,321060.26,1,321060.26,576425.04,415369.55666666664
00000000-0000-0000-0000-000000000003,470852ed-b70b-4f24-879a-6edb4193d8b6,2022,3,Salaries,255864.52,1,255864.52,321060.26,406333.0
00000000-0000-0000-0000-000000000003,7227b311-834f-4815-aa86-c5d464758be1,2022,3,Salaries,508170.65,1,508170.65,255864.52,384449.94
00000000-0000-0000-0000-000000000003,9b1ac5ce-ad4f-40d1-8b7c-0005176b143d,2022,3,Salaries,760675.12,1,760675.12,508170.65,361698.47666666674
00000000-0000-0000-0000-000000000003,470852ed-b70b-4f24-879a-6edb4193d8b6,2022,4,Salaries,785176.91,1,785176.91,760675.12,508236.76333333337
00000000-0000-0000-0000-000000000003,7227b311-834f-4815-aa86-c5d464758be1,2022,4,Salaries,409400.61,1,409400.61,785176.91,684674.2266666667
00000000-0000-0000-0000-000000000003,9b1ac5ce-ad4f-40d1-8b7c-0005176b143d,2022,4,Salaries,525507.68,1,525507.68,409400.61,651750.88
00000000-0000-0000-0000-000000000003,470852ed-b70b-4f24-879a-6edb4193d8b6,2022,5,Salaries,680571.77,1,680571.77,525507.68,573361.7333333334
00000000-0000-0000-0000-000000000003,7227b311-834f-4815-aa86-c5d464758be1,2022,5,Salaries,433576.51,1,433576.51,680571.77,538493.3533333334
00000000-0000-0000-0000-000000000003,9b1ac5ce-ad4f-40d1-8b7c-0005176b143d,2022,5,Salaries,341509.2,1,341509.2,433576.51,546551.9866666667
00000000-0000-0000-0000-000000000003,470852ed-b70b-4f24-879a-6edb4193d8b6,2022,6,Salaries,573783.27,1,573783.27,341509.2,485219.16
00000000-0000-0000-0000-000000000003,7227b311-834f-4815-aa86-c5d464758be1,2022,6,Salaries,279133.84,1,279133.84,573783.27,449622.99333333335
00000000-0000-0000-0000-000000000003,9b1ac5ce-ad4f-40d1-8b7c-0005176b143d,2022,6,Salaries,550661.23,1,550661.23,279133.84,398142.10333333333
00000000-0000-0000-0000-000000000003,470852ed-b70b-4f24-879a-6edb4193d8b6,2022,7,Salaries,452431.78,1,452431.78,550661.23,467859.4466666667
00000000-0000-0000-0000-000000000003,7227b311-834f-4815-aa86-c5d464758be1,2022,7,Salaries,336085.11,1,336085.11,452431.78,427408.95
00000000-0000-0000-0000-000000000003,9b1ac5ce-ad4f-40d1-8b7c-0005176b143d,2022,7,Salaries,675346.55,1,675346.55,336085.11,446392.7066666667
00000000-0000-0000-0000-000000000003,470852ed-b70b-4f24-879a-6edb4193d8b6,2022,8,Salaries,712845.32,1,712845.32,675346.55,487954.48
00000000-0000-0000-0000-000000000003,7227b311-834f-4815-aa86-c5d464758be1,2022,8,Salaries,740280.55,1,740280.55,712845.32,574758.9933333333
00000000-0000-0000-0000-000000000003,9b1ac5ce-ad4f-40d1-8b7c-0005176b143d,2022,8,Salaries,244724.16,1,244724.16,740280.55,709490.8066666666
00000000-0000-0000-0000-000000000003,470852ed-b70b-4f24-879a-6edb4193d8b6,2022,9,Salaries,545197.71,1,545197.71,244724.16,565950.0099999999
00000000-0000-0000-0000-000000000003,7227b311-834f-4815-aa86-c5d464758be1,2022,9,Salaries,339635.5,1,339635.5,545197.71,510067.4733333333
00000000-0000-0000-0000-000000000003,9b1ac5ce-ad4f-40d1-8b7c-0005176b143d,2022,9,Salaries,552472.82,1,552472.82,339635.5,376519.12333333335
00000000-0000-0000-0000-000000000003,470852ed-b70b-4f24-879a-6edb4193d8b6,2022,10,Salaries,590075.95,1,590075.95,552472.82,479102.00999999995
00000000-0000-0000-0000-000000000003,7227b311-834f-4815-aa86-c5d464758be1,2022,10,Salaries,412024.44,1,412024.44,590075.95,494061.42333333334
00000000-0000-0000-0000-000000000003,9b1ac5ce-ad4f-40d1-8b7c-0005176b143d,2022,10,Salaries,674254.21,1,674254.21,412024.44,518191.07
00000000-0000-0000-0000-000000000003,470852ed-b70b-4f24-879a-6edb4193d8b6,2022,11,Salaries,319626.06,1,319626.06,674254.21,558784.8666666667
00000000-0000-0000-0000-000000000003,7227b311-834f-4815-aa86-c5d464758be1,2022,11,Salaries,360396.53,1,360396.53,319626.06,468634.9033333333
00000000-0000-0000-0000-000000000003,9b1ac5ce-ad4f-40d1-8b7c-0005176b143d,2022,11,Salaries,441729.07,1,441729.07,360396.53,451425.60000000003
00000000-0000-0000-0000-000000000003,470852ed-b70b-4f24-879a-6edb4193d8b6,2022,12,Salaries,266555.36,1,266555.36,441729.07,373917.22000000003
00000000-0000-0000-0000-000000000003,7227b311-834f-4815-aa86-c5d464758be1,2022,12,Salaries,349193.08,1,349193.08,266555.36,356226.98666666663
00000000-0000-0000-0000-000000000003,9b1ac5ce-ad4f-40d1-8b7c-0005176b143d,2022,12,Salaries,532124.78,1,532124.78,349193.08,352492.50333333336
00000000-0000-0000-0000-000000000003,470852ed-b70b-4f24-879a-6edb4193d8b6,2023,1,Salaries,314688.59,1,314688.59,532124.78,382624.40666666673
00000000-0000-0000-0000-000000000003,7227b311-834f-4815-aa86-c5d464758be1,2023,1,Salaries,209130.27,1,209130.27,314688.59,398668.8166666667
00000000-0000-0000-0000-000000000003,9b1ac5ce-ad4f-40d1-8b7c-0005176b143d,2023,1,Salaries,476248.46,1,476248.46,209130.27,351981.2133333334
00000000-0000-0000-0000-000000000003,470852ed-b70b-4f24-879a-6edb4193d8b6,2023,2,Salaries,432568.7,1,432568.7,476248.46,333355.7733333334
00000000-0000-0000-0000-000000000003,7227b311-834f-4815-aa86-c5d464758be1,2023,2,Salaries,567774.57,1,567774.57,432568.7,372649.1433333333
00000000-0000-0000-0000-000000000003,9b1ac5ce-ad4f-40d1-8b7c-0005176b143d,2023,2,Salaries,305581.43,1,305581.43,567774.57,492197.24333333335
00000000-0000-0000-0000-000000000003,470852ed-b70b-4f24-879a-6edb4193d8b6,2023,3,Salaries,314595.02,1,314595.02,305581.43,435308.23333333334
00000000-0000-0000-0000-000000000003,7227b311-834f-4815-aa86-c5d464758be1,2023,3,Salaries,594425.8,1,594425.8,314595.02,395983.67333333334
00000000-0000-0000-0000-000000000003,9b1ac5ce-ad4f-40d1-8b7c-0005176b143d,2023,3,Salaries,640584.85,1,640584.85,594425.8,404867.4166666667
00000000-0000-0000-0000-000000000003,470852ed-b70b-4f24-879a-6edb4193d8b6,2023,4,Salaries,732448.48,1,732448.48,640584.85,516535.2233333333
00000000-0000-0000-0000-000000000003,7227b311-834f-4815-aa86-c5d464758be1,2023,4,Salaries,294234.61,1,294234.61,732448.48,655819.71
00000000-0000-0000-0000-000000000003,9b1ac5ce-ad4f-40d1-8b7c-0005176b143d,2023,4,Salaries,676322.13,1,676322.13,294234.61,555755.98
00000000-0000-0000-0000-000000000003,470852ed-b70b-4f24-879a-6edb4193d8b6,2023,5,Salaries,248679.35,1,248679.35,676322.13,567668.4066666666
00000000-0000-0000-0000-000000000003,7227b311-834f-4815-aa86-c5d464758be1,2023,5,Salaries,517804.4,1,517804.4,248679.35,406412.03
00000000-0000-0000-0000-000000000003,9b1ac5ce-ad4f-40d1-8b7c-0005176b143d,2023,5,Salaries,226014.85,1,226014.85,517804.4,480935.2933333333
00000000-0000-0000-0000-000000000003,470852ed-b70b-4f24-879a-6edb4193d8b6,2023,6,Salaries,386410.79,1,386410.79,226014.85,330832.86666666664
00000000-0000-0000-0000-000000000003,7227b311-834f-4815-aa86-c5d464758be1,2023,6,Salaries,632975.42,1,632975.42,386410.79,376743.3466666667
00000000-0000-0000-0000-000000000003,9b1ac5ce-ad4f-40d1-8b7c-0005176b143d,2023,6,Salaries,208856.37,1,208856.37,632975.42,415133.6866666667
00000000-0000-0000-0000-000000000003,470852ed-b70b-4f24-879a-6edb4193d8b6,2023,7,Salaries,389684.58,1,389684.58,208856.37,409414.19333333336
00000000-0000-0000-0000-000000000003,7227b311-834f-4815-aa86-c5d464758be1,2023,7,Salaries,267753.23,1,267753.23,389684.58,410505.4566666667
00000000-0000-0000-0000-000000000003,9b1ac5ce-ad4f-40d1-8b7c-0005176b143d,2023,7,Salaries,696516.96,1,696516.96,267753.23,288764.7266666666
00000000-0000-0000-0000-000000000003,470852ed-b70b-4f24-879a-6edb4193d8b6,2023,8,Salaries,461217.63,1,461217.63,696516.96,451318.25666666665
00000000-0000-0000-0000-000000000003,7227b311-834f-4815-aa86-c5d464758be1,2023,8,Salaries,374681.29,1,374681.29,461217.63,475162.60666666663
00000000-0000-0000-0000-000000000003,9b1ac5ce-ad4f-40d1-8b7c-0005176b143d,2023,8,Salaries,726394.88,1,726394.88,374681.29,510805.2933333333
00000000-0000-0000-0000-000000000003,470852ed-b70b-4f24-879a-6edb4193d8b6,2023,9,Salaries,351491.18,1,351491.18,726394.88,520764.5999999999
00000000-0000-0000-0000-000000000003,7227b311-834f-4815-aa86-c5d464758be1,2023,9,Salaries,272818.59,1,272818.59,351491.18,484189.11666666664
00000000-0000-0000-0000-000000000003,9b1ac5ce-ad4f-40d1-8b7c-0005176b143d,2023,9,Salaries,248050.88,1,248050.88,272818.59,450234.8833333333
00000000-0000-0000-0000-000000000003,470852ed-b70b-4f24-879a-6edb4193d8b6,2023,10,Salaries,725147.05,1,725147.05,248050.88,290786.88333333324
00000000-0000-0000-0000-000000000003,7227b311-834f-4815-aa86-c5d464758be1,2023,10,Salaries,714739.51,1,714739.51,725147.05,415338.8399999999
00000000-0000-0000-0000-000000000003,9b1ac5ce-ad4f-40d1-8b7c-0005176b143d,2023,10,Salaries,699998.42,1,699998.42,714739.51,562645.8133333332
00000000-0000-0000-0000-000000000003,470852ed-b70b-4f24-879a-6edb4193d8b6,2023,11,Salaries,273492.24,1,273492.24,699998.42,713294.9933333333
00000000-0000-0000-0000-000000000003,7227b311-834f-4815-aa86-c5d464758be1,2023,11,Salaries,646287.11,1,646287.11,273492.24,562743.39
00000000-0000-0000-0000-000000000003,9b1ac5ce-ad4f-40d1-8b7c-0005176b143d,2023,11,Salaries,339028.52,1,339028.52,646287.11,539925.9233333332
00000000-0000-0000-0000-000000000003,470852ed-b70b-4f24-879a-6edb4193d8b6,2023,12,Salaries,614723.96,1,614723.96,339028.52,419602.62333333323
00000000-0000-0000-0000-000000000003,7227b311-834f-4815-aa86-c5d464758be1,2023,12,Salaries,650612.71,1,650612.71,614723.96,533346.5299999999
00000000-0000-0000-0000-000000000003,9b1ac5ce-ad4f-40d1-8b7c-0005176b143d,2023,12,Salaries,276801.61,1,276801.61,650612.71,534788.3966666666
00000000-0000-0000-0000-000000000003,470852ed-b70b-4f24-879a-6edb4193d8b6,2024,1,Salaries,334504.95,1,334504.95,276801.61,514046.09333333327
00000000-0000-0000-0000-000000000003,7227b311-834f-4815-aa86-c5d464758be1,2024,1,Salaries,258973.87,1,258973.87,334504.95,420639.7566666666
00000000-0000-0000-0000-000000000003,9b1ac5ce-ad4f-40d1-8b7c-0005176b143d,2024,1,Salaries,700214.96,1,700214.96,258973.87,290093.47666666657
00000000-0000-0000-0000-000000000003,470852ed-b70b-4f24-879a-6edb4193d8b6,2024,2,Salaries,422719.31,1,422719.31,700214.96,431231.25999999995
00000000-0000-0000-0000-000000000003,7227b311-834f-4815-aa86-c5d464758be1,2024,2,Salaries,739158.59,1,739158.59,422719.31,460636.0466666666
00000000-0000-0000-0000-000000000003,9b1ac5ce-ad4f-40d1-8b7c-0005176b143d,2024,2,Salaries,418079.96,1,418079.96,739158.59,620697.6199999999
00000000-0000-0000-0000-000000000003,470852ed-b70b-4f24-879a-6edb4193d8b6,2024,3,Salaries,459463.6,1,459463.6,418079.96,526652.6199999999
00000000-0000-0000-0000-000000000003,7227b311-834f-4815-aa86-c5d464758be1,2024,3,Salaries,723540.37,1,723540.37,459463.6,538900.7166666666
00000000-0000-0000-0000-000000000003,9b1ac5ce-ad4f-40d1-8b7c-0005176b143d,2024,3,Salaries,414641.49,1,414641.49,723540.37,533694.6433333332
00000000-0000-0000-0000-000000000003,470852ed-b70b-4f24-879a-6edb4193d8b6,2024,4,Salaries,544349.83,1,544349.83,414641.49,532548.4866666666
00000000-0000-0000-0000-000000000003,7227b311-834f-4815-aa86-c5d464758be1,2024,4,Salaries,754546.14,1,754546.14,544349.83,560843.8966666665
00000000-0000-0000-0000-000000000003,9b1ac5ce-ad4f-40d1-8b7c-0005176b143d,2024,4,Salaries,303502.66,1,303502.66,754546.14,571179.1533333332
00000000-0000-0000-0000-000000000003,470852ed-b70b-4f24-879a-6edb4193d8b6,2024,5,Salaries,634798.68,1,634798.68,303502.66,534132.8766666666
00000000-0000-0000-0000-000000000003,7227b311-834f-4815-aa86-c5d464758be1,2024,5,Salaries,426228.07,1,426228.07,634798.68,564282.4933333333
00000000-0000-0000-0000-000000000003,9b1ac5ce-ad4f-40d1-8b7c-0005176b143d,2024,5,Salaries,748642.81,1,748642.81,426228.07,454843.13666666666
00000000-0000-0000-0000-000000000003,470852ed-b70b-4f24-879a-6edb4193d8b6,2024,6,Salaries,205643.09,1,205643.09,748642.81,603223.1866666666
00000000-0000-0000-0000-000000000003,7227b311-834f-4815-aa86-c5d464758be1,2024,6,Salaries,363224.09,1,363224.09,205643.09,460171.3233333333
00000000-0000-0000-0000-000000000003,9b1ac5ce-ad4f-40d1-8b7c-0005176b143d,2024,6,Salaries,479790.62,1,479790.62,363224.09,439169.9966666666
00000000-0000-0000-0000-000000000003,470852ed-b70b-4f24-879a-6edb4193d8b6,2024,7,Salaries,433099.85,1,433099.85,479790.62,349552.5999999999
00000000-0000-0000-0000-000000000003,7227b311-834f-4815-aa86-c5d464758be1,2024,7,Salaries,574202.37,1,574202.37,433099.85,425371.51999999996
00000000-0000-0000-0000-000000000003,9b1ac5ce-ad4f-40d1-8b7c-0005176b143d,2024,7,Salaries,200052.25,1,200052.25,574202.37,495697.6133333333
00000000-0000-0000-0000-000000000003,470852ed-b70b-4f24-879a-6edb4193d8b6,2024,8,Salaries,436749.89,1,436749.89,200052.25,402451.48999999993
00000000-0000-0000-0000-000000000003,7227b311-834f-4815-aa86-c5d464758be1,2024,8,Salaries,336787.04,1,336787.04,436749.89,403668.1699999999
00000000-0000-0000-0000-000000000003,9b1ac5ce-ad4f-40d1-8b7c-0005176b143d,2024,8,Salaries,255179.82,1,255179.82,336787.04,324529.72666666657
00000000-0000-0000-0000-000000000003,470852ed-b70b-4f24-879a-6edb4193d8b6,2024,9,Salaries,443377.25,1,443377.25,255179.82,342905.58333333326
00000000-0000-0000-0000-000000000003,7227b311-834f-4815-aa86-c5d464758be1,2024,9,Salaries,248798.07,1,248798.07,443377.25,345114.70333333325
00000000-0000-0000-0000-000000000003,9b1ac5ce-ad4f-40d1-8b7c-0005176b143d,2024,9,Salaries,589186.3,1,589186.3,248798.07,315785.04666666663
00000000-0000-0000-0000-000000000003,470852ed-b70b-4f24-879a-6edb4193d8b6,2024,10,Salaries,778909.41,1,778909.41,589186.3,427120.54
00000000-0000-0000-0000-000000000003,7227b311-834f-4815-aa86-c5d464758be1,2024,10,Salaries,281002.51,1,281002.51,778909.41,538964.5933333333
00000000-0000-0000-0000-000000000003,9b1ac5ce-ad4f-40d1-8b7c-0005176b143d,2024,10,Salaries,346237.25,1,346237.25,281002.51,549699.4066666666
00000000-0000-0000-0000-000000000003,470852ed-b70b-4f24-879a-6edb4193d8b6,2024,11,Salaries,439127.49,1,439127.49,346237.25,468716.38999999996
00000000-0000-0000-0000-000000000003,7227b311-834f-4815-aa86-c5d464758be1,2024,11,Salaries,386488.07,1,386488.07,439127.49,355455.74999999994
00000000-0000-0000-0000-000000000003,9b1ac5ce-ad4f-40d1-8b7c-0005176b143d,2024,11,Salaries,339534.49,1,339534.49,386488.07,390617.6033333333
00000000-0000-0000-0000-000000000003,470852ed-b70b-4f24-879a-6edb4193d8b6,2024,12,Salaries,511626.98,1,511626.98,339534.49,388383.3499999999
00000000-0000-0000-0000-000000000003,7227b311-834f-4815-aa86-c5d464758be1,2024,12,Salaries,241707.74,1,241707.74,511626.98,412549.8466666666
00000000-0000-0000-0000-000000000003,9b1ac5ce-ad4f-40d1-8b7c-0005176b143d,2024,12,Salaries,573843.47,1,573843.47,241707.74,364289.7366666666
00000000-0000-0000-0000-000000000003,7227b311-834f-4815-aa86-c5d464758be1,2022,1,Travel,54058.64,2,27029.32,,
00000000-0000-0000-0000-000000000003,9b1ac5ce-ad4f-40d1-8b7c-0005176b143d,2022,1,Travel,56785.47,2,28392.735,54058.64,54058.64
00000000-0000-0000-0000-000000000003,7227b311-834f-4815-aa86-c5d464758be1,2022,2,Travel,12327.31,1,12327.31,56785.47,55422.055
00000000-0000-0000-0000-000000000003,9b1ac5ce-ad4f-40d1-8b7c-0005176b143d,2022,2,Travel,48057.83,3,16019.276666666667,12327.31,41057.14
00000000-0000-0000-0000-000000000003,7227b311-834f-4815-aa86-c5d464758be1,2022,3,Travel,6811.21,1,6811.21,48057.83,39056.87
00000000-0000-0000-0000-000000000003,9b1ac5ce-ad4f-40d1-8b7c-0005176b143d,2022,3,Travel,40249.96,1,40249.96,6811.21,22398.783333333336
00000000-0000-0000-0000-000000000003,470852ed-b70b-4f24-879a-6edb4193d8b6,2022,4,Travel,149162.31,5,29832.462,40249.96,31706.333333333332
00000000-0000-0000-0000-000000000003,470852ed-b70b-4f24-879a-6edb4193d8b6,2022,5,Travel,32079.03,1,32079.03,149162.31,65407.82666666666
00000000-0000-0000-0000-000000000003,7227b311-834f-4815-aa86-c5d464758be1,2022,5,Travel,29515.25,1,29515.25,32079.03,73830.43333333333
00000000-0000-0000-0000-000000000003,9b1ac5ce-ad4f-40d1-8b7c-0005176b143d,2022,5,Travel,28652.86,1,28652.86,29515.25,70252.19666666666
00000000-0000-0000-0000-000000000003,7227b311-834f-4815-aa86-c5d464758be1,2022,6,Travel,68823.6,3,22941.2,28652.86,30082.37999999999
00000000-0000-0000-0000-000000000003,9b1ac5ce-ad4f-40d1-8b7c-0005176b143d,2022,6,Travel,42853.81,2,21426.905,68823.6,42330.56999999999
00000000-0000-0000-0000-000000000003,9b1ac5ce-ad4f-40d1-8b7c-0005176b143d,2022,7,Travel,31699.09,1,31699.09,42853.81,46776.75666666665
00000000-0000-0000-0000-000000000003,470852ed-b70b-4f24-879a-6edb4193d8b6,2022,8,Travel,41975.2,1,41975.2,31699.09,47792.16666666666
00000000-0000-0000-0000-000000000003,9b1ac5ce-ad4f-40d1-8b7c-0005176b143d,2022,8,Travel,30775.09,1,30775.09,41975.2,38842.69999999999
00000000-0000-0000-0000-000000000003,470852ed-b70b-4f24-879a-6edb4193d8b6,2022,9,Travel,29371.14,1,29371.14,30775.09,34816.459999999985
00000000-0000-0000-0000-000000000003,7227b311-834f-4815-aa86-c5d464758be1,2022,9,Travel,79505.2,3,26501.733333333334,29371.14,34040.476666666655
00000000-0000-0000-0000-000000000003,9b1ac5ce-ad4f-40d1-8b7c-0005176b143d,2022,9,Travel,57968.25,2,28984.125,79505.2,46550.476666666655
00000000-0000-0000-0000-000000000003,470852ed-b70b-4f24-879a-6edb4193d8b6,2022,10,Travel,54833.46,2,27416.73,57968.25,55614.86333333332
00000000-0000-0000-0000-000000000003,9b1ac5ce-ad4f-40d1-8b7c-0005176b143d,2022,10,Travel,81867.25,2,40933.625,54833.46,64102.303333333315
00000000-0000-0000-0000-000000000003,470852ed-b70b-4f24-879a-6edb4193d8b6,2022,11,Travel,40678.16,1,40678.16,81867.25,64889.65333333332
00000000-0000-0000-0000-000000000003,470852ed-b70b-4f24-879a-6edb4193d8b6,2022,12,Travel,13845.18,1,13845.18,40678.16,59126.289999999986
00000000-0000-0000-0000-000000000003,7227b311-834f-4815-aa86-c5d464758be1,2022,12,Travel,39083.68,1,39083.68,13845.18,45463.52999999999
00000000-0000-0000-0000-000000000003,9b1ac5ce-ad4f-40d1-8b7c-0005176b143d,2022,12,Travel,96157.24,3,32052.413333333334,39083.68,31202.339999999993
00000000-0000-0000-0000-000000000003,470852ed-b70b-4f24-879a-6edb4193d8b6,2023,1,Travel,14009.79,1,14009.79,96157.24,49695.36666666666
00000000-0000-0000-0000-000000000003,7227b311-834f-4815-aa86-c5d464758be1,2023,1,Travel,65174.11,2,32587.055,14009.79,49750.236666666664
00000000-0000-0000-0000-000000000003,9b1ac5ce-ad4f-40d1-8b7c-0005176b143d,2023,1,Travel,39202.13,1,39202.13,65174.11,58447.04666666666
00000000-0000-0000-0000-000000000003,470852ed-b70b-4f24-879a-6edb4193d8b6,2023,2,Travel,83452.9,3,27817.63333333333,39202.13,39462.00999999999
00000000-0000-0000-0000-000000000003,9b1ac5ce-ad4f-40d1-8b7c-0005176b143d,2023,2,Travel,40661.31,1,40661.31,83452.9,62609.71333333332
00000000-0000-0000-0000-000000000003,7227b311-834f-4815-aa86-c5d464758be1,2023,3,Travel,12441.1,2,6220.55,40661.31,54438.77999999999
00000000-0000-0000-0000-000000000003,470852ed-b70b-4f24-879a-6edb4193d8b6,2023,4,Travel,27406.1,2,13703.05,12441.1,45518.436666666654
00000000-0000-0000-0000-000000000003,7227b311-834f-4815-aa86-c5d464758be1,2023,4,Travel,22243.91,1,22243.91,27406.1,26836.169999999987
00000000-0000-0000-0000-000000000003,7227b311-834f-4815-aa86-c5d464758be1,2023,5,Travel,7390.42,1,7390.42,22243.91,20697.036666666656
00000000-0000-0000-0000-000000000003,9b1ac5ce-ad4f-40d1-8b7c-0005176b143d,2023,5,Travel,25801.92,1,25801.92,7390.42,19013.47666666666
00000000-0000-0000-0000-000000000003,7227b311-834f-4815-aa86-c5d464758be1,2023,6,Travel,66397.42,2,33198.71,25801.92,18478.74999999999
00000000-0000-0000-0000-000000000003,7227b311-834f-4815-aa86-c5d464758be1,2023,7,Travel,71459.25,2,35729.625,66397.42,33196.586666666655
00000000-0000-0000-0000-000000000003,9b1ac5ce-ad4f-40d1-8b7c-0005176b143d,2023,7,Travel,42479.41,1,42479.41,71459.25,54552.86333333332
00000000-0000-0000-0000-000000000003,7227b311-834f-4815-aa86-c5d464758be1,2023,8,Travel,70477.52,3,23492.506666666668,42479.41,60112.026666666665
00000000-0000-0000-0000-000000000003,9b1ac5ce-ad4f-40d1-8b7c-0005176b143d,2023,8,Travel,24146.99,1,24146.99,70477.52,61472.06
00000000-0000-0000-0000-000000000003,470852ed-b70b-4f24-879a-6edb4193d8b6,2023,9,Travel,13549.53,1,13549.53,24146.99,45701.306666666664
00000000-0000-0000-0000-000000000003,470852ed-b70b-4f24-879a-6edb4193d8b6,2023,10,Travel,48878.61,1,48878.61,13549.53,36058.01333333333
00000000-0000-0000-0000-000000000003,7227b311-834f-4815-aa86-c5d464758be1,2023,10,Travel,78785.18000000001,3,26261.72666666667,48878.61,28858.37666666666
00000000-0000-0000-0000-000000000003,9b1ac5ce-ad4f-40d1-8b7c-0005176b143d,2023,10,Travel,36028.82,1,36028.82,78785.18000000001,47071.10666666666
00000000-0000-0000-0000-000000000003,470852ed-b70b-4f24-879a-6edb4193d8b6,2023,11,Travel,5230.44,1,5230.44,36028.82,54564.20333333333
00000000-0000-0000-0000-000000000003,9b1ac5ce-ad4f-40d1-8b7c-0005176b143d,2023,11,Travel,18580.92,1,18580.92,5230.44,40014.813333333324
00000000-0000-0000-0000-000000000003,470852ed-b70b-4f24-879a-6edb4193d8b6,2024,1,Travel,21493.04,1,21493.04,18580.92,19946.726666666655
00000000-0000-0000-0000-000000000003,7227b311-834f-4815-aa86-c5d464758be1,2024,1,Travel,32290.739999999998,2,16145.369999999999,21493.04,15101.466666666654
00000000-0000-0000-0000-000000000003,470852ed-b70b-4f24-879a-6edb4193d8b6,2024,2,Travel,21591.95,1,21591.95,32290.739999999998,24121.566666666655
00000000-0000-0000-0000-000000000003,7227b311-834f-4815-aa86-c5d464758be1,2024,2,Travel,13244.56,1,13244.56,21591.95,25125.24333333332
00000000-0000-0000-0000-000000000003,7227b311-834f-4815-aa86-c5d464758be1,2024,3,Travel,49824.18,1,49824.18,13244.56,22375.74999999999
00000000-0000-0000-0000-000000000003,9b1ac5ce-ad4f-40d1-8b7c-0005176b143d,2024,3,Travel,8531.99,1,8531.99,49824.18,28220.229999999992
00000000-0000-0000-0000-000000000003,9b1ac5ce-ad4f-40d1-8b7c-0005176b143d,2024,5,Travel,11574.12,1,11574.12,8531.99,23866.90999999999
00000000-0000-0000-0000-000000000003,470852ed-b70b-4f24-879a-6edb4193d8b6,2024,6,Travel,45612.78,2,22806.39,11574.12,23310.09666666666
00000000-0000-0000-0000-000000000003,7227b311-834f-4815-aa86-c5d464758be1,2024,6,Travel,55305.45,2,27652.725,45612.78,21906.296666666658
00000000-0000-0000-0000-000000000003,9b1ac5ce-ad4f-40d1-8b7c-0005176b143d,2024,6,Travel,32434.48,1,32434.48,55305.45,37497.44999999999
00000000-0000-0000-0000-000000000003,470852ed-b70b-4f24-879a-6edb4193d8b6,2024,7,Travel,36958.11,1,36958.11,32434.48,44450.90333333332
00000000-0000-0000-0000-000000000003,7227b311-834f-4815-aa86-c5d464758be1,2024,7,Travel,68232.48,2,34116.24,36958.11,41566.01333333333
00000000-0000-0000-0000-000000000003,9b1ac5ce-ad4f-40d1-8b7c-0005176b143d,2024,7,Travel,46110.64,2,23055.32,68232.48,45875.023333333316
00000000-0000-0000-0000-000000000003,470852ed-b70b-4f24-879a-6edb4193d8b6,2024,8,Travel,46685.08,1,46685.08,46110.64,50433.743333333325
00000000-0000-0000-0000-000000000003,7227b311-834f-4815-aa86-c5d464758be1,2024,8,Travel,59646.100000000006,2,29823.050000000003,46685.08,53676.06666666665
00000000-0000-0000-0000-000000000003,9b1ac5ce-ad4f-40d1-8b7c-0005176b143d,2024,8,Travel,59029.31,3,19676.436666666665,59646.100000000006,50813.939999999995
00000000-0000-0000-0000-000000000003,470852ed-b70b-4f24-879a-6edb4193d8b6,2024,9,Travel,56207.04,2,28103.52,59029.31,55120.16333333333
00000000-0000-0000-0000-000000000003,9b1ac5ce-ad4f-40d1-8b7c-0005176b143d,2024,9,Travel,38370.03,2,19185.015,56207.04,58294.149999999994
00000000-0000-0000-0000-000000000003,7227b311-834f-4815-aa86-c5d464758be1,2024,11,Travel,31343.57,2,15671.785,38370.03,51202.126666666656
00000000-0000-0000-0000-000000000003,470852ed-b70b-4f24-879a-6edb4193d8b6,2024,12,Travel,12272.0,1,12272.0,31343.57,41973.546666666654
00000000-0000-0000-0000-000000000003,7227b311-834f-4815-aa86-c5d464758be1,2024,12,Travel,26353.04,1,26353.04,12272.0,27328.533333333326
00000000-0000-0000-0000-000000000003,470852ed-b70b-4f24-879a-6edb4193d8b6,2022,1,Utilities,13245.45,1,13245.45,,
00000000-0000-0000-0000-000000000003,7227b311-834f-4815-aa86-c5d464758be1,2022,1,Utilities,29528.95,1,29528.95,13245.45,13245.45
00000000-0000-0000-0000-000000000003,9b1ac5ce-ad4f-40d1-8b7c-0005176b143d,2022,1,Utilities,7870.33,1,7870.33,29528.95,21387.2
00000000-0000-0000-0000-000000000003,470852ed-b70b-4f24-879a-6edb4193d8b6,2022,2,Utilities,16736.45,1,16736.45,7870.33,16881.576666666668
00000000-0000-0000-0000-000000000003,7227b311-834f-4815-aa86-c5d464758be1,2022,2,Utilities,12002.6,1,12002.6,16736.45,18045.243333333332
00000000-0000-0000-0000-000000000003,9b1ac5ce-ad4f-40d1-8b7c-0005176b143d,2022,2,Utilities,15319.66,1,15319.66,12002.6,12203.126666666665
00000000-0000-0000-0000-000000000003,470852ed-b70b-4f24-879a-6edb4193d8b6,2022,3,Utilities,12060.41,1,12060.41,15319.66,14686.236666666666
00000000-0000-0000-0000-000000000003,7227b311-834f-4815-aa86-c5d464758be1,2022,3,Utilities,24860.16,1,24860.16,12060.41,13127.556666666665
00000000-0000-0000-0000-000000000003,9b1ac5ce-ad4f-40d1-8b7c-0005176b143d,2022,3,Utilities,24052.5,1,24052.5,24860.16,17413.41
00000000-0000-0000-0000-000000000003,470852ed-b70b-4f24-879a-6edb4193d8b6,2022,4,Utilities,6349.52,1,6349.52,24052.5,20324.356666666667
00000000-0000-0000-0000-000000000003,7227b311-834f-4815-aa86-c5d464758be1,2022,4,Utilities,13813.47,1,13813.47,6349.52,18420.72666666667
00000000-0000-0000-0000-000000000003,9b1ac5ce-ad4f-40d1-8b7c-0005176b143d,2022,4,Utilities,25344.18,1,25344.18,13813.47,14738.496666666666
00000000-0000-0000-0000-000000000003,470852ed-b70b-4f24-879a-6edb4193d8b6,2022,5,Utilities,10205.82,1,10205.82,25344.18,15169.056666666665
00000000-0000-0000-0000-000000000003,7227b311-834f-4815-aa86-c5d464758be1,2022,5,Utilities,28728.46,1,28728.46,10205.82,16454.489999999998
00000000-0000-0000-0000-000000000003,9b1ac5ce-ad4f-40d1-8b7c-0005176b143d,2022,5,Utilities,21162.57,1,21162.57,28728.46,21426.153333333332
00000000-0000-0000-0000-000000000003,470852ed-b70b-4f24-879a-6edb4193d8b6,2022,6,Utilities,22311.67,1,22311.67,21162.57,20032.283333333333
00000000-0000-0000-0000-000000000003,7227b311-834f-4815-aa86-c5d464758be1,2022,6,Utilities,21131.3,1,21131.3,22311.67,24067.566666666666
00000000-0000-0000-0000-000000000003,9b1ac5ce-ad4f-40d1-8b7c-0005176b143d,2022,6,Utilities,15373.98,1,15373.98,21131.3,21535.179999999997
00000000-0000-0000-0000-000000000003,470852ed-b70b-4f24-879a-6edb4193d8b6,2022,7,Utilities,8482.67,1,8482.67,15373.98,19605.649999999998
00000000-0000-0000-0000-000000000003,7227b311-834f-4815-aa86-c5d464758be1,2022,7,Utilities,6844.15,1,6844.15,8482.67,14995.983333333332
00000000-0000-0000-0000-000000000003,9b1ac5ce-ad4f-40d1-8b7c-0005176b143d,2022,7,Utilities,6733.91,1,6733.91,6844.15,10233.6
00000000-0000-0000-0000-000000000003,470852ed-b70b-4f24-879a-6edb4193d8b6,2022,8,Utilities,29517.45,1,29517.45,6733.91,7353.576666666667
00000000-0000-0000-0000-000000000003,7227b311-834f-4815-aa86-c5d464758be1,2022,8,Utilities,16251.75,1,16251.75,29517.45,14365.17
00000000-0000-0000-0000-000000000003,9b1ac5ce-ad4f-40d1-8b7c-0005176b143d,2022,8,Utilities,5877.31,1,5877.31,16251.75,17501.036666666667
00000000-0000-0000-0000-000000000003,470852ed-b70b-4f24-879a-6edb4193d8b6,2022,9,Utilities,20430.55,1,20430.55,5877.31,17215.503333333334
00000000-0000-0000-0000-000000000003,7227b311-834f-4815-aa86-c5d464758be1,2022,9,Utilities,12479.22,1,12479.22,20430.55,14186.536666666667
00000000-0000-0000-0000-000000000003,9b1ac5ce-ad4f-40d1-8b7c-0005176b143d,2022,9,Utilities,20391.84,1,20391.84,12479.22,12929.026666666665
00000000-0000-0000-0000-000000000003,470852ed-b70b-4f24-879a-6edb4193d8b6,2022,10,Utilities,27596.87,1,27596.87,20391.84,17767.203333333335
00000000-0000-0000-0000-000000000003,7227b311-834f-4815-aa86-c5d464758be1,2022,10,Utilities,9614.85,1,9614.85,27596.87,20155.976666666666
00000000-0000-0000-0000-000000000003,9b1ac5ce-ad4f-40d1-8b7c-0005176b143d,2022,10,Utilities,20652.95,1,20652.95,9614.85,19201.186666666665
00000000-0000-0000-0000-000000000003,470852ed-b70b-4f24-879a-6edb4193d8b6,2022,11,Utilities,18264.42,1,18264.42,20652.95,19288.22333333333
00000000-0000-0000-0000-000000000003,7227b311-834f-4815-aa86-c5d464758be1,2022,11,Utilities,9118.92,1,9118.92,18264.42,16177.406666666668
00000000-0000-0000-0000-000000000003,9b1ac5ce-ad4f-40d1-8b7c-0005176b143d,2022,11,Utilities,11487.99,1,11487.99,9118.92,16012.096666666666
00000000-0000-0000-0000-000000000003,470852ed-b70b-4f24-879a-6edb4193d8b6,2022,12,Utilities,20137.21,1,20137.21,11487.99,12957.109999999999
00000000-0000-0000-0000-000000000003,7227b311-834f-4815-aa86-c5d464758be1,2022,12,Utilities,21045.32,1,21045.32,20137.21,13581.373333333331
00000000-0000-0000-0000-000000000003,9b1ac5ce-ad4f-40d1-8b7c-0005176b143d,2022,12,Utilities,22841.52,1,22841.52,21045.32,17556.84
00000000-0000-0000-0000-000000000003,470852ed-b70b-4f24-879a-6edb4193d8b6,2023,1,Utilities,15118.41,1,15118.41,22841.52,21341.350000000002
00000000-0000-0000-0000-000000000003,7227b311-834f-4815-aa86-c5d464758be1,2023,1,Utilities,18675.03,1,18675.03,15118.41,19668.416666666664
00000000-0000-0000-0000-000000000003,9b1ac5ce-ad4f-40d1-8b7c-0005176b143d,2023,1,Utilities,8685.51,1,8685.51,18675.03,18878.319999999996
00000000-0000-0000-0000-000000000003,470852ed-b70b-4f24-879a-6edb4193d8b6,2023,2,Utilities,27744.89,1,27744.89,8685.51,14159.65
00000000-0000-0000-0000-000000000003,7227b311-834f-4815-aa86-c5d464758be1,2023,2,Utilities,23546.97,1,23546.97,27744.89,18368.476666666666
00000000-0000-0000-0000-000000000003,9b1ac5ce-ad4f-40d1-8b7c-0005176b143d,2023,2,Utilities,21981.22,1,21981.22,23546.97,19992.456666666665
00000000-0000-0000-0000-000000000003,470852ed-b70b-4f24-879a-6edb4193d8b6,2023,3,Utilities,10811.15,1,10811.15,21981.22,24424.36
00000000-0000-0000-0000-000000000003,7227b311-834f-4815-aa86-c5d464758be1,2023,3,Utilities,15453.57,1,15453.57,10811.15,18779.78
00000000-0000-0000-0000-000000000003,9b1ac5ce-ad4f-40d1-8b7c-0005176b143d,2023,3,Utilities,20389.53,1,20389.53,15453.57,16081.979999999998
00000000-0000-0000-0000-000000000003,470852ed-b70b-4f24-879a-6edb4193d8b6,2023,4,Utilities,25620.38,1,25620.38,20389.53,15551.416666666664
00000000-0000-0000-0000-000000000003,7227b311-834f-4815-aa86-c5d464758be1,2023,4,Utilities,11256.5,1,11256.5,25620.38,20487.826666666664
00000000-0000-0000-0000-000000000003,9b1ac5ce-ad4f-40d1-8b7c-0005176b143d,2023,4,Utilities,6988.19,1,6988.19,11256.5,19088.80333333333
00000000-0000-0000-0000-000000000003,470852ed-b70b-4f24-879a-6edb4193d8b6,2023,5,Utilities,28047.21,1,28047.21,6988.19,14621.689999999997
00000000-0000-0000-0000-000000000003,7227b311-834f-4815-aa86-c5d464758be1,2023,5,Utilities,11283.34,1,11283.34,28047.21,15430.633333333331
00000000-0000-0000-0000-000000000003,9b1ac5ce-ad4f-40d1-8b7c-0005176b143d,2023,5,Utilities,20844.13,1,20844.13,11283.34,15439.579999999996
00000000-0000-0000-0000-000000000003,470852ed-b70b-4f24-879a-6edb4193d8b6,2023,6,Utilities,8609.89,1,8609.89,20844.13,20058.226666666666
00000000-0000-0000-0000-000000000003,7227b311-834f-4815-aa86-c5d464758be1,2023,6,Utilities,21996.81,1,21996.81,8609.89,13579.119999999997
00000000-0000-0000-0000-000000000003,9b1ac5ce-ad4f-40d1-8b7c-0005176b143d,2023,6,Utilities,13175.91,1,13175.91,21996.81,17150.276666666665
00000000-0000-0000-0000-000000000003,470852ed-b70b-4f24-879a-6edb4193d8b6,2023,7,Utilities,14144.86,1,14144.86,13175.91,14594.203333333331
00000000-0000-0000-0000-000000000003,7227b311-834f-4815-aa86-c5d464758be1,2023,7,Utilities,18771.9,1,18771.9,14144.86,16439.193333333333
00000000-0000-0000-0000-000000000003,9b1ac5ce-ad4f-40d1-8b7c-0005176b143d,2023,7,Utilities,16581.57,1,16581.57,18771.9,15364.223333333333
00000000-0000-0000-0000-000000000003,470852ed-b70b-4f24-879a-6edb4193d8b6,2023,8,Utilities,21562.33,1,21562.33,16581.57,16499.44333333333
00000000-0000-0000-0000-000000000003,7227b311-834f-4815-aa86-c5d464758be1,2023,8,Utilities,24903.21,1,24903.21,21562.33,18971.93333333333
00000000-0000-0000-0000-000000000003,9b1ac5ce-ad4f-40d1-8b7c-0005176b143d,2023,8,Utilities,11523.69,1,11523.69,24903.21,21015.703333333335
00000000-0000-0000-0000-000000000003,470852ed-b70b-4f24-879a-6edb4193d8b6,2023,9,Utilities,7269.48,1,7269.48,11523.69,19329.74333333333
00000000-0000-0000-0000-000000000003,7227b311-834f-4815-aa86-c5d464758be1,2023,9,Utilities,18215.73,1,18215.73,7269.48,14565.46
00000000-0000-0000-0000-000000000003,9b1ac5ce-ad4f-40d1-8b7c-0005176b143d,2023,9,Utilities,13766.52,1,13766.52,18215.73,12336.299999999997
00000000-0000-0000-0000-000000000003,470852ed-b70b-4f24-879a-6edb4193d8b6,2023,10,Utilities,13231.68,1,13231.68,13766.52,13083.909999999996
00000000-0000-0000-0000-000000000003,7227b311-834f-4815-aa86-c5d464758be1,2023,10,Utilities,8587.17,1,8587.17,13231.68,15071.309999999998
00000000-0000-0000-0000-000000000003,9b1ac5ce-ad4f-40d1-8b7c-0005176b143d,2023,10,Utilities,11302.02,1,11302.02,8587.17,11861.789999999995
00000000-0000-0000-0000-000000000003,470852ed-b70b-4f24-879a-6edb4193d8b6,2023,11,Utilities,20597.81,1,20597.81,11302.02,11040.289999999995
00000000-0000-0000-0000-000000000003,7227b311-834f-4815-aa86-c5d464758be1,2023,11,Utilities,13383.65,1,13383.65,20597.81,13495.666666666664
00000000-0000-0000-0000-000000000003,9b1ac5ce-ad4f-40d1-8b7c-0005176b143d,2023,11,Utilities,25620.54,1,25620.54,13383.65,15094.493333333332
00000000-0000-0000-0000-000000000003,470852ed-b70b-4f24-879a-6edb4193d8b6,2023,12,Utilities,11560.93,1,11560.93,25620.54,19867.333333333332
00000000-0000-0000-0000-000000000003,7227b311-834f-4815-aa86-c5d464758be1,2023,12,Utilities,8250.78,1,8250.78,11560.93,16855.039999999997
00000000-0000-0000-0000-000000000003,9b1ac5ce-ad4f-40d1-8b7c-0005176b143d,2023,12,Utilities,22237.56,1,22237.56,8250.78,15144.08333333333
00000000-0000-0000-0000-000000000003,470852ed-b70b-4f24-879a-6edb4193d8b6,2024,1,Utilities,9511.57,1,9511.57,22237.56,14016.423333333332
00000000-0000-0000-0000-000000000003,7227b311-834f-4815-aa86-c5d464758be1,2024,1,Utilities,14064.54,1,14064.54,9511.57,13333.303333333331
00000000-0000-0000-0000-000000000003,9b1ac5ce-ad4f-40d1-8b7c-0005176b143d,2024,1,Utilities,20872.16,1,20872.16,14064.54,15271.223333333333
00000000-0000-0000-0000-000000000003,470852ed-b70b-4f24-879a-6edb4193d8b6,2024,2,Utilities,22548.95,1,22548.95,20872.16,14816.089999999997
00000000-0000-0000-0000-000000000003,7227b311-834f-4815-aa86-c5d464758be1,2024,2,Utilities,16751.28,1,16751.28,22548.95,19161.88333333333
00000000-0000-0000-0000-000000000003,9b1ac5ce-ad4f-40d1-8b7c-0005176b143d,2024,2,Utilities,14791.3,1,14791.3,16751.28,20057.46333333333
00000000-0000-0000-0000-000000000003,470852ed-b70b-4f24-879a-6edb4193d8b6,2024,3,Utilities,25604.93,1,25604.93,14791.3,18030.51
00000000-0000-0000-0000-000000000003,7227b311-834f-4815-aa86-c5d464758be1,2024,3,Utilities,22147.85,1,22147.85,25604.93,19049.17
00000000-0000-0000-0000-000000000003,9b1ac5ce-ad4f-40d1-8b7c-0005176b143d,2024,3,Utilities,21949.5,1,21949.5,22147.85,20848.02666666666
00000000-0000-0000-0000-000000000003,470852ed-b70b-4f24-879a-6edb4193d8b6,2024,4,Utilities,16468.29,1,16468.29,21949.5,23234.093333333327
00000000-0000-0000-0000-000000000003,7227b311-834f-4815-aa86-c5d464758be1,2024,4,Utilities,22741.7,1,22741.7,16468.29,20188.546666666665
00000000-0000-0000-0000-000000000003,9b1ac5ce-ad4f-40d1-8b7c-0005176b143d,2024,4,Utilities,15980.19,1,15980.19,22741.7,20386.496666666662
00000000-0000-0000-0000-000000000003,470852ed-b70b-4f24-879a-6edb4193d8b6,2024,5,Utilities,9071.59,1,9071.59,15980.19,18396.726666666666
00000000-0000-0000-0000-000000000003,7227b311-834f-4815-aa86-c5d464758be1,2024,5,Utilities,18315.63,1,18315.63,9071.59,15931.159999999998
00000000-0000-0000-0000-000000000003,9b1ac5ce-ad4f-40d1-8b7c-0005176b143d,2024,5,Utilities,14602.7,1,14602.7,18315.63,14455.803333333331
00000000-0000-0000-0000-000000000003,470852ed-b70b-4f24-879a-6edb4193d8b6,2024,6,Utilities,15609.38,1,15609.38,14602.7,13996.64
00000000-0000-0000-0000-000000000003,7227b311-834f-4815-aa86-c5d464758be1,2024,6,Utilities,22520.43,1,22520.43,15609.38,16175.903333333334
00000000-0000-0000-0000-000000000003,9b1ac5ce-ad4f-40d1-8b7c-0005176b143d,2024,6,Utilities,17741.34,1,17741.34,22520.43,17577.50333333333
00000000-0000-0000-0000-000000000003,470852ed-b70b-4f24-879a-6edb4193d8b6,2024,7,Utilities,27555.25,1,27555.25,17741.34,18623.716666666664
00000000-0000-0000-0000-000000000003,7227b311-834f-4815-aa86-c5d464758be1,2024,7,Utilities,27010.6,1,27010.6,27555.25,22605.67333333333
00000000-0000-0000-0000-000000000003,9b1ac5ce-ad4f-40d1-8b7c-0005176b143d,2024,7,Utilities,13581.76,1,13581.76,27010.6,24102.396666666664
00000000-0000-0000-0000-000000000003,470852ed-b70b-4f24-879a-6edb4193d8b6,2024,8,Utilities,11232.96,1,11232.96,13581.76,22715.87
00000000-0000-0000-0000-000000000003,7227b311-834f-4815-aa86-c5d464758be1,2024,8,Utilities,7861.28,1,7861.28,11232.96,17275.106666666663
00000000-0000-0000-0000-000000000003,9b1ac5ce-ad4f-40d1-8b7c-0005176b143d,2024,8,Utilities,8353.36,1,8353.36,7861.28,10891.999999999998
00000000-0000-0000-0000-000000000003,470852ed-b70b-4f24-879a-6edb4193d8b6,2024,9,Utilities,11725.62,1,11725.62,8353.36,9149.199999999997
00000000-0000-0000-0000-000000000003,7227b311-834f-4815-aa86-c5d464758be1,2024,9,Utilities,24528.36,1,24528.36,11725.62,9313.419999999998
00000000-0000-0000-0000-000000000003,9b1ac5ce-ad4f-40d1-8b7c-0005176b143d,2024,9,Utilities,24681.68,1,24681.68,24528.36,14869.113333333333
00000000-0000-0000-0000-000000000003,470852ed-b70b-4f24-879a-6edb4193d8b6,2024,10,Utilities,24874.32,1,24874.32,24681.68,20311.886666666665
00000000-0000-0000-0000-000000000003,7227b311-834f-4815-aa86-c5d464758be1,2024,10,Utilities,13416.04,1,13416.04,24874.32,24694.786666666663
00000000-0000-0000-0000-000000000003,9b1ac5ce-ad4f-40d1-8b7c-0005176b143d,2024,10,Utilities,26830.04,1,26830.04,13416.04,20990.679999999997
00000000-0000-0000-0000-000000000003,470852ed-b70b-4f24-879a-6edb4193d8b6,2024,11,Utilities,17947.9,1,17947.9,26830.04,21706.8
00000000-0000-0000-0000-000000000003,7227b311-834f-4815-aa86-c5d464758be1,2024,11,Utilities,21150.53,1,21150.53,17947.9,19397.993333333332
00000000-0000-0000-0000-000000000003,9b1ac5ce-ad4f-40d1-8b7c-0005176b143d,2024,11,Utilities,29592.29,1,29592.29,21150.53,21976.156666666666
00000000-0000-0000-0000-000000000003,470852ed-b70b-4f24-879a-6edb4193d8b6,2024,12,Utilities,10990.15,1,10990.15,29592.29,22896.906666666666
00000000-0000-0000-0000-000000000003,7227b311-834f-4815-aa86-c5d464758be1,2024,12,Utilities,15656.61,1,15656.61,10990.15,20577.656666666666
00000000-0000-0000-0000-000000000003,9b1ac5ce-ad4f-40d1-8b7c-0005176b143d,2024,12,Utilities,28307.18,1,28307.18,15656.61,18746.35
